0.4292443096637726,0.1390851140022278,-0.3165758252143860,0.4352463185787201,0.1219665929675102,-0.3030955493450165,0.4390781819820404,0.1220755279064178,-0.3031482100486755,0.4425659179687500,0.1223501265048981,-0.3031652271747589,0.4224713742733002,0.1226722821593285,-0.2992480099201202,0.4186312854290009,0.1231243237853050,-0.2992984354496002,0.4149045348167419,0.1240955665707588,-0.2992915213108063,0.4490360617637634,0.1297581791877747,-0.1866553872823715,0.4117603003978729,0.1347180604934692,-0.1672951877117157,0.4377928078174591,0.1587066948413849,-0.2699122428894043,0.4229947030544281,0.1622504889965057,-0.2647503912448883,0.4803915619850159,0.2314040958881378,-0.1214963719248772,0.3872327506542206,0.2426113039255142,-0.0345429927110672,0.5024503469467163,0.3597541749477386,-0.1894214004278183,0.3729293942451477,0.3595684468746185,-0.0591284371912479,0.4583547711372375,0.3642936348915100,-0.4023342728614807,0.3577498793601990,0.3814446926116943,-0.3031527101993561,0.4447004497051239,0.3710962533950806,-0.4540401101112366,0.3501788079738617,0.3886649310588837,-0.3487289249897003,0.4396174252033234,0.3512328565120697,-0.4640631377696991,0.3523262143135071,0.3706192374229431,-0.3776773810386658,0.4420696198940277,0.3458408713340759,-0.4090662896633148,0.3570639491081238,0.3665929436683655,-0.3203099071979523,0.4603747129440308,0.4807316958904266,-0.0374288558959961,0.4078064858913422,0.4810413420200348,0.0374249219894409,0.4753578603267670,0.6663485169410706,-0.0290434043854475,0.3964108824729919,0.6640132665634155,0.0577977560460567,0.4816164374351501,0.8427693247795105,0.0968830883502960,0.3864907026290894,0.8307911753654480,0.1909978389739990,0.4788191616535187,0.8626557588577271,0.0996351987123489,0.3941772282123566,0.8584646582603455,0.1954701542854309,0.4738246500492096,0.9141722321510315,-0.0434074252843857,0.3562579452991486,0.8774373531341553,0.0725319311022758
0.4290857911109924,0.1409168392419815,-0.3148907721042633,0.4351700246334076,0.1233791485428810,-0.3018276393413544,0.4390533566474915,0.1234765052795410,-0.3018745183944702,0.4425063133239746,0.1237479448318481,-0.3018881976604462,0.4224441349506378,0.1241713911294937,-0.2977809906005859,0.4186034500598907,0.1247176155447960,-0.2978296875953674,0.4148994684219360,0.1255075931549072,-0.2978098094463348,0.4488851130008698,0.1313731670379639,-0.1856767088174820,0.4118505418300629,0.1351739913225174,-0.1657411903142929,0.4377044439315796,0.1600635349750519,-0.2681443095207214,0.4226910769939423,0.1627628207206726,-0.2627529501914978,0.4803749918937683,0.2303511798381805,-0.1210396289825439,0.3872540891170502,0.2426231652498245,-0.0314128287136555,0.5021916031837463,0.3593560159206390,-0.1871367841959000,0.3728004395961761,0.3589842915534973,-0.0548417046666145,0.4545833468437195,0.3641410470008850,-0.3945966958999634,0.3577001392841339,0.3800856769084930,-0.2981330752372742,0.4441345632076263,0.3709146678447723,-0.4457916915416718,0.3501871824264526,0.3883701562881470,-0.3427797555923462,0.4373651444911957,0.3512670397758484,-0.4531270861625671,0.3523164391517639,0.3708206117153168,-0.3714062571525574,0.4400140643119812,0.3461403548717499,-0.3999770283699036,0.3568507134914398,0.3666706085205078,-0.3149531185626984,0.4603962302207947,0.4805957973003387,-0.0378690548241138,0.4078690111637115,0.4802243411540985,0.0378666780889034,0.4755032360553741,0.6652680635452271,-0.0583301782608032,0.3964474499225616,0.6631187200546265,0.0695243626832962,0.4815162420272827,0.8465512394905090,0.0342999100685120,0.3865272104740143,0.8308492302894592,0.2041622847318649,0.4792796373367310,0.8658685684204102,0.0337780676782131,0.3941446840763092,0.8576624393463135,0.2092933356761932,0.4738664031028748,0.9146085381507874,-0.1114163845777512,0.3558050990104675,0.8777588605880737,0.0935039743781090
0.4289690256118774,0.1412233263254166,-0.3061834871768951,0.4350320994853973,0.1236589476466179,-0.2932088673114777,0.4389808475971222,0.1237500756978989,-0.2932444810867310,0.4424432814121246,0.1240159496665001,-0.2932495474815369,0.4223974943161011,0.1245621442794800,-0.2891132235527039,0.4185603559017181,0.1251280903816223,-0.2891578078269958,0.4148946702480316,0.1258697807788849,-0.2891275286674500,0.4487509429454803,0.1317456811666489,-0.1788280159235001,0.4119076132774353,0.1353896558284760,-0.1589841544628143,0.4376792609691620,0.1602064818143845,-0.2601390480995178,0.4225727021694183,0.1627907007932663,-0.2547542750835419,0.4803804457187653,0.2301190495491028,-0.1161549538373947,0.3874422907829285,0.2425773888826370,-0.0280619990080595,0.5020986795425415,0.3593534231185913,-0.1774570792913437,0.3728143274784088,0.3575141429901123,-0.0488091483712196,0.4537878632545471,0.3642013072967529,-0.3734155595302582,0.3576545119285583,0.3796426951885223,-0.2838589549064636,0.4439851045608521,0.3709966540336609,-0.4228692948818207,0.3500429689884186,0.3883550167083740,-0.3272971808910370,0.4367925226688385,0.3515011966228485,-0.4288053214550018,0.3521599471569061,0.3714899122714996,-0.3560717403888702,0.4395770728588104,0.3466805517673492,-0.3779519200325012,0.3567599654197693,0.3670862019062042,-0.3005650937557220,0.4604073166847229,0.4805432856082916,-0.0378763042390347,0.4079495668411255,0.4795877635478973,0.0378739982843399,0.4755897521972656,0.6650929450988770,-0.0613844394683838,0.3964461386203766,0.6627375483512878,0.0685536190867424,0.4813939630985260,0.8470943570137024,0.0269392188638449,0.3864911198616028,0.8311790823936462,0.2013892382383347,0.4793030619621277,0.8661813735961914,0.0261251311749220,0.3936587870121002,0.8575807213783264,0.2060363888740540,0.4738666415214539,0.9146199822425842,-0.1161878332495689,0.3542956113815308,0.8780398368835449,0.0903837829828262
0.4290167987346649,0.1417616605758667,-0.3071468770503998,0.4350509643554688,0.1240028366446495,-0.2940796315670013,0.4390222728252411,0.1240932047367096,-0.2941170930862427,0.4424671232700348,0.1243501454591751,-0.2941235303878784,0.4224362373352051,0.1249778643250465,-0.2900480628013611,0.4185810983181000,0.1255804747343063,-0.2900936007499695,0.4149556457996368,0.1263038963079453,-0.2900663018226624,0.4487418234348297,0.1322284936904907,-0.1791795939207077,0.4120323061943054,0.1357323378324509,-0.1596172600984573,0.4377542734146118,0.1606331914663315,-0.2609309852123260,0.4225741326808929,0.1631422191858292,-0.2556318938732147,0.4804039001464844,0.2300518900156021,-0.1160677447915077,0.3875918984413147,0.2425922304391861,-0.0282457452267408,0.5018681287765503,0.3593626022338867,-0.1780203878879547,0.3727868795394897,0.3569656312465668,-0.0494940467178822,0.4535989165306091,0.3642066121101379,-0.3785928487777710,0.3574090898036957,0.3794079422950745,-0.2860551774501801,0.4439706206321716,0.3710168600082397,-0.4287738800048828,0.3499111831188202,0.3883959352970123,-0.3297565579414368,0.4366093575954437,0.3515391945838928,-0.4356860220432281,0.3521226346492767,0.3715333640575409,-0.3582156896591187,0.4394614994525909,0.3467833101749420,-0.3836569190025330,0.3567225337028503,0.3671135902404785,-0.3026470541954041,0.4604109525680542,0.4804775714874268,-0.0379335135221481,0.4079733788967133,0.4792781174182892,0.0379301309585571,0.4755888581275940,0.6647881865501404,-0.0628656297922134,0.3964715600013733,0.6627231240272522,0.0688401907682419,0.4812708497047424,0.8473464846611023,0.0252588875591755,0.3864371180534363,0.8317043185234070,0.2006096839904785,0.4793445765972137,0.8666031360626221,0.0244140308350325,0.3931787610054016,0.8576371073722839,0.2052924931049347,0.4737023711204529,0.9146147966384888,-0.1187443435192108,0.3531942069530487,0.8781117200851440,0.0883259847760201
0.4289230108261108,0.1422291696071625,-0.3057649731636047,0.4349260330200195,0.1243290528655052,-0.2926622927188873,0.4389485716819763,0.1244073063135147,-0.2927001416683197,0.4424179494380951,0.1246541887521744,-0.2927064597606659,0.4223754703998566,0.1253892183303833,-0.2885562777519226,0.4185187220573425,0.1259972006082535,-0.2885984778404236,0.4149492084980011,0.1266879290342331,-0.2885667085647583,0.4486072659492493,0.1326358467340469,-0.1774309128522873,0.4120633900165558,0.1360120177268982,-0.1575666964054108,0.4377109110355377,0.1610384136438370,-0.2594082653522491,0.4224735796451569,0.1633556336164474,-0.2540279328823090,0.4803862869739532,0.2298302650451660,-0.1145913153886795,0.3876637816429138,0.2426041811704636,-0.0245447792112827,0.5018637180328369,0.3593840003013611,-0.1766820251941681,0.3727866709232330,0.3559174537658691,-0.0460716262459755,0.4533881545066833,0.3641683161258698,-0.3779326975345612,0.3573525249958038,0.3789175152778625,-0.2851391434669495,0.4439584612846375,0.3710181713104248,-0.4283807575702667,0.3496690690517426,0.3883959650993347,-0.3290346264839172,0.4361701011657715,0.3516621291637421,-0.4351302087306976,0.3519978821277618,0.3718627691268921,-0.3575946688652039,0.4389947652816772,0.3469813764095306,-0.3828261494636536,0.3566669821739197,0.3673166036605835,-0.3018222451210022,0.4603609144687653,0.4804853796958923,-0.0380303636193275,0.4079697430133820,0.4792361259460449,0.0380279868841171,0.4755896329879761,0.6647753715515137,-0.0615320727229118,0.3964356184005737,0.6628949642181396,0.0706256255507469,0.4811315536499023,0.8477455377578735,0.0281610265374184,0.3863211274147034,0.8320937156677246,0.2016851156949997,0.4793915152549744,0.8672324419021606,0.0273980833590031,0.3926701545715332,0.8576470613479614,0.2063612043857574,0.4734522104263306,0.9146347045898438,-0.1161126419901848,0.3524431586265564,0.8782509565353394,0.0907644107937813
0.4288464486598969,0.1427128463983536,-0.3104238212108612,0.4348679184913635,0.1247609481215477,-0.2973581254482269,0.4389137625694275,0.1248558461666107,-0.2973936498165131,0.4423773884773254,0.1251157075166702,-0.2974001765251160,0.4223511815071106,0.1258023828268051,-0.2933764755725861,0.4184849560260773,0.1264047324657440,-0.2934173345565796,0.4149366915225983,0.1270642429590225,-0.2933806478977203,0.4485064148902893,0.1332157999277115,-0.1814777702093124,0.4120720028877258,0.1362725645303726,-0.1623136699199677,0.4376515150070190,0.1615026593208313,-0.2637096643447876,0.4223528206348419,0.1636067330837250,-0.2585258781909943,0.4803714156150818,0.2297570854425430,-0.1175283864140511,0.3876552879810333,0.2427099496126175,-0.0281352605670691,0.5018900036811829,0.3593773841857910,-0.1771661341190338,0.3727727830410004,0.3559475839138031,-0.0468407385051250,0.4531639516353607,0.3641586899757385,-0.3811668753623962,0.3573445975780487,0.3788893818855286,-0.2870803773403168,0.4439297616481781,0.3709704577922821,-0.4319157600402832,0.3495779037475586,0.3883955776691437,-0.3311029374599457,0.4359859824180603,0.3516625165939331,-0.4392368197441101,0.3518370687961578,0.3721448481082916,-0.3599119186401367,0.4388424754142761,0.3470115065574646,-0.3864852786064148,0.3565884828567505,0.3676479160785675,-0.3038471937179565,0.4604012072086334,0.4805692434310913,-0.0379088036715984,0.4079890549182892,0.4792201220989227,0.0379026420414448,0.4757601022720337,0.6648453474044800,-0.0572271533310413,0.3962641954421997,0.6628576517105103,0.0665135979652405,0.4809458553791046,0.8480605483055115,0.0419791191816330,0.3862411379814148,0.8328112959861755,0.1928936690092087,0.4793916642665863,0.8671546578407288,0.0420767255127430,0.3926071524620056,0.8576812148094177,0.1972592771053314,0.4734533429145813,0.9146971702575684,-0.1031485870480537,0.3519049286842346,0.8788795471191406,0.0822921097278595
0.4288419187068939,0.1434312313795090,-0.3103619217872620,0.4348669052124023,0.1254151761531830,-0.2973617911338806,0.4389107823371887,0.1254731565713882,-0.2973978221416473,0.4423587024211884,0.1256853044033051,-0.2974055707454681,0.4223510622978210,0.1264853030443192,-0.2933976948261261,0.4184847474098206,0.1270594298839569,-0.2934405505657196,0.4149362742900848,0.1276471614837646,-0.2934049963951111,0.4484753608703613,0.1335556209087372,-0.1813893765211105,0.4120858013629913,0.1364662945270538,-0.1622487753629684,0.4376447796821594,0.1620245873928070,-0.2635283172130585,0.4223311543464661,0.1640410274267197,-0.2583609819412231,0.4803654253482819,0.2294175773859024,-0.1168152317404747,0.3876553177833557,0.2427196055650711,-0.0280544646084309,0.5019130706787109,0.3594186305999756,-0.1781452596187592,0.3727856278419495,0.3556532263755798,-0.0477568544447422,0.4530004262924194,0.3640900552272797,-0.3826084434986115,0.3573524057865143,0.3788209557533264,-0.2883729338645935,0.4439277648925781,0.3709200024604797,-0.4332960546016693,0.3495115339756012,0.3883740603923798,-0.3325752317905426,0.4358212053775787,0.3516591787338257,-0.4416924715042114,0.3517012298107147,0.3722385764122009,-0.3614323437213898,0.4386777877807617,0.3470154702663422,-0.3884106874465942,0.3565281629562378,0.3676725327968597,-0.3052055239677429,0.4603963494300842,0.4803077280521393,-0.0380409099161625,0.4080361425876617,0.4786452054977417,0.0380380041897297,0.4757080376148224,0.6635993123054504,-0.0614365898072720,0.3963257074356079,0.6625134944915771,0.0679810196161270,0.4809513986110687,0.8481565117835999,0.0302763395011425,0.3862184286117554,0.8328116536140442,0.1964885145425797,0.4796495437622070,0.8673414587974548,0.0297016240656376,0.3923470079898834,0.8575161695480347,0.2011203020811081,0.4735228419303894,0.9149910807609558,-0.1150732040405273,0.3517959713935852,0.8790673613548279,0.0864656046032906
0.4288439154624939,0.1438599526882172,-0.3125478029251099,0.4348668158054352,0.1256819516420364,-0.2996620833873749,0.4389131665229797,0.1256973445415497,-0.2996919751167297,0.4423581659793854,0.1258985847234726,-0.2996968030929565,0.4223528504371643,0.1268639564514160,-0.2957937121391296,0.4184865057468414,0.1274068653583527,-0.2958360612392426,0.4149383306503296,0.1279850453138351,-0.2957966923713684,0.4484725892543793,0.1336642503738403,-0.1835948973894119,0.4120931625366211,0.1366153210401535,-0.1649477630853653,0.4376684725284576,0.1624193638563156,-0.2655714750289917,0.4223308861255646,0.1643884927034378,-0.2605544626712799,0.4804566502571106,0.2294217348098755,-0.1177085116505623,0.3877005279064178,0.2427133023738861,-0.0299406778067350,0.5019001364707947,0.3599746823310852,-0.1785985678434372,0.3728092908859253,0.3554217517375946,-0.0483036227524281,0.4526330232620239,0.3646357357501984,-0.3804384171962738,0.3573527038097382,0.3786386847496033,-0.2875837981700897,0.4436937868595123,0.3713033199310303,-0.4302623569965363,0.3495327234268188,0.3881708979606628,-0.3310191035270691,0.4356495738029480,0.3520348966121674,-0.4368666708469391,0.3517510592937469,0.3722072839736938,-0.3603298068046570,0.4385916590690613,0.3474909663200378,-0.3853364884853363,0.3565275967121124,0.3676379919052124,-0.3044781386852264,0.4604094326496124,0.4807542562484741,-0.0378312245011330,0.4081217646598816,0.4786570370197296,0.0378237552940845,0.4757293164730072,0.6638910770416260,-0.0582635253667831,0.3961835503578186,0.6628749370574951,0.0674004778265953,0.4808856248855591,0.8481263518333435,0.0407208092510700,0.3860528171062469,0.8328639268875122,0.1951110512018204,0.4796683192253113,0.8667101263999939,0.0409843921661377,0.3919323086738586,0.8574882149696350,0.1996675878763199,0.4734646975994110,0.9149901866912842,-0.1032553911209106,0.3517383038997650,0.8791564106941223,0.0853029265999794
0.4287703335285187,0.1442940682172775,-0.3086040616035461,0.4347960352897644,0.1260277032852173,-0.2959069013595581,0.4388741552829742,0.1260584443807602,-0.2959426939487457,0.4423354566097260,0.1262745857238770,-0.2959506809711456,0.4223131239414215,0.1271920055150986,-0.2918490171432495,0.4184378683567047,0.1277195513248444,-0.2918919622898102,0.4149267375469208,0.1282743513584137,-0.2918540835380554,0.4484300017356873,0.1341093331575394,-0.1803777962923050,0.4121058285236359,0.1368721127510071,-0.1608089655637741,0.4376253783702850,0.1629253029823303,-0.2618900537490845,0.4222470521926880,0.1647776514291763,-0.2565900385379791,0.4804628789424896,0.2294100224971771,-0.1146818324923515,0.3877063095569611,0.2427025735378265,-0.0275118295103312,0.5018813014030457,0.3599739372730255,-0.1766854226589203,0.3728537559509277,0.3554213643074036,-0.0473304390907288,0.4526695013046265,0.3646472692489624,-0.3807236552238464,0.3574000597000122,0.3785861432552338,-0.2874606251716614,0.4437370896339417,0.3713391721248627,-0.4312395453453064,0.3495292365550995,0.3879550993442535,-0.3314597308635712,0.4356798529624939,0.3521518409252167,-0.4380812048912048,0.3516792953014374,0.3722242116928101,-0.3607873618602753,0.4386111199855804,0.3477180898189545,-0.3858193755149841,0.3565018475055695,0.3676531910896301,-0.3044588863849640,0.4603516459465027,0.4807456135749817,-0.0378345660865307,0.4081192016601562,0.4786320924758911,0.0378279164433479,0.4757314026355743,0.6637821793556213,-0.0614663511514664,0.3962166905403137,0.6628754138946533,0.0704069212079048,0.4808779954910278,0.8493179678916931,0.0280537046492100,0.3860655426979065,0.8329943418502808,0.2026923298835754,0.4797264933586121,0.8686012625694275,0.0272269323468208,0.3919385373592377,0.8574823141098022,0.2078042030334473,0.4735625386238098,0.9154627323150635,-0.1177103742957115,0.3518052697181702,0.8792487978935242,0.0935065671801567
0.4287644624710083,0.1442885696887970,-0.3087145388126373,0.4347967207431793,0.1260364502668381,-0.2960028946399689,0.4388783276081085,0.1260724961757660,-0.2960408031940460,0.4423380494117737,0.1262935847043991,-0.2960505187511444,0.4223129153251648,0.1272298395633698,-0.2919161915779114,0.4184376299381256,0.1277653574943542,-0.2919605672359467,0.4149316251277924,0.1283201277256012,-0.2919264435768127,0.4484294354915619,0.1341203004121780,-0.1804652810096741,0.4121513366699219,0.1368914246559143,-0.1609766036272049,0.4376391172409058,0.1629198491573334,-0.2620250582695007,0.4222208261489868,0.1647870987653732,-0.2566630244255066,0.4804806709289551,0.2293253988027573,-0.1149288564920425,0.3877414762973785,0.2427146285772324,-0.0275695696473122,0.5019174814224243,0.3599732220172882,-0.1758487224578857,0.3729670345783234,0.3553609549999237,-0.0472917743027210,0.4524255990982056,0.3649670481681824,-0.3763141334056854,0.3579097688198090,0.3784356713294983,-0.2867202460765839,0.4435686767101288,0.3715841472148895,-0.4262056350708008,0.3498855531215668,0.3879223167896271,-0.3305309712886810,0.4354586899280548,0.3523992896080017,-0.4322256445884705,0.3520035445690155,0.3722250759601593,-0.3600941300392151,0.4384191632270813,0.3480314612388611,-0.3808701634407043,0.3566193878650665,0.3676509857177734,-0.3037662804126740,0.4603911042213440,0.4807495176792145,-0.0377164296805859,0.4081405997276306,0.4785418510437012,0.0377055406570435,0.4757860898971558,0.6638064980506897,-0.0598124489188194,0.3959912359714508,0.6628761291503906,0.0672796815633774,0.4808144271373749,0.8494607806205750,0.0288998782634735,0.3860673308372498,0.8330297470092773,0.1957911849021912,0.4797277152538300,0.8684706091880798,0.0275362990796566,0.3919443190097809,0.8574907183647156,0.2004609107971191,0.4735601246356964,0.9154726266860962,-0.1142748296260834,0.3518463373184204,0.8795661330223083,0.0855444818735123
0.4287104606628418,0.1442817598581314,-0.3044714629650116,0.4347453117370605,0.1260651051998138,-0.2915845215320587,0.4388486444950104,0.1261026859283447,-0.2916203737258911,0.4423136413097382,0.1263235062360764,-0.2916281819343567,0.4222907125949860,0.1273111552000046,-0.2873767316341400,0.4184260964393616,0.1278625130653381,-0.2874178886413574,0.4149311184883118,0.1284250468015671,-0.2873810529708862,0.4484069645404816,0.1341564208269119,-0.1767340153455734,0.4122037887573242,0.1369903385639191,-0.1566688418388367,0.4376358687877655,0.1629095077514648,-0.2581842243671417,0.4221836328506470,0.1647871285676956,-0.2526992261409760,0.4804951250553131,0.2292951494455338,-0.1131913438439369,0.3878489732742310,0.2427064627408981,-0.0238939486443996,0.5019387602806091,0.3600320816040039,-0.1739571392536163,0.3729964792728424,0.3547915816307068,-0.0434058308601379,0.4524720311164856,0.3652510046958923,-0.3718406260013580,0.3579396605491638,0.3782674074172974,-0.2811062037944794,0.4435599744319916,0.3721553981304169,-0.4217063486576080,0.3498852550983429,0.3878372609615326,-0.3246869444847107,0.4354506731033325,0.3537886738777161,-0.4276365935802460,0.3520273566246033,0.3723397254943848,-0.3540495932102203,0.4383905529975891,0.3493143022060394,-0.3762811422348022,0.3566188514232635,0.3677983283996582,-0.2981268465518951,0.4603848457336426,0.4807340800762177,-0.0377991199493408,0.4081511497497559,0.4783976674079895,0.0377900786697865,0.4758451581001282,0.6638648509979248,-0.0619533285498619,0.3960019052028656,0.6627359390258789,0.0670538097620010,0.4807843863964081,0.8497638702392578,0.0262432713061571,0.3860693573951721,0.8330771327018738,0.1940851956605911,0.4797496199607849,0.8687192201614380,0.0252634026110172,0.3919365704059601,0.8574783205986023,0.1984362751245499,0.4735880494117737,0.9154596328735352,-0.1167532503604889,0.3516727387905121,0.8798623085021973,0.0848667770624161
0.4286990463733673,0.1443389803171158,-0.3048765957355499,0.4347448348999023,0.1261450052261353,-0.2920562326908112,0.4388538897037506,0.1261914074420929,-0.2920958697795868,0.4423217475414276,0.1264208406209946,-0.2921067178249359,0.4222889542579651,0.1274004429578781,-0.2878392040729523,0.4184247851371765,0.1279449164867401,-0.2878826856613159,0.4149402081966400,0.1285016238689423,-0.2878511250019073,0.4484098255634308,0.1342450827360153,-0.1772131323814392,0.4122596383094788,0.1370552778244019,-0.1570596694946289,0.4376385509967804,0.1630126237869263,-0.2586070299148560,0.4221455752849579,0.1648737192153931,-0.2530716061592102,0.4805222451686859,0.2292965054512024,-0.1135118305683136,0.3878771364688873,0.2427638918161392,-0.0241048075258732,0.5019586086273193,0.3602119982242584,-0.1736638844013214,0.3729966282844543,0.3547376096248627,-0.0440485998988152,0.4523249864578247,0.3656433820724487,-0.3718341290950775,0.3579449057579041,0.3782244324684143,-0.2821570336818695,0.4434291422367096,0.3727167844772339,-0.4216828644275665,0.3499488234519958,0.3878354132175446,-0.3259540200233459,0.4352082014083862,0.3547371923923492,-0.4276123940944672,0.3521167039871216,0.3723543286323547,-0.3553009629249573,0.4378730356693268,0.3501631319522858,-0.3762450516223907,0.3566395044326782,0.3677993714809418,-0.2992565333843231,0.4603898823261261,0.4808460474014282,-0.0373889841139317,0.4081520438194275,0.4784108400344849,0.0373710542917252,0.4758493304252625,0.6640143394470215,-0.0602048523724079,0.3957986831665039,0.6630268692970276,0.0645993500947952,0.4807383120059967,0.8498445153236389,0.0299206953495741,0.3860690891742706,0.8334099650382996,0.1931567043066025,0.4797511398792267,0.8685209155082703,0.0301813408732414,0.3919629752635956,0.8575277328491211,0.1976561099290848,0.4735703468322754,0.9154993295669556,-0.1128076165914536,0.3517472445964813,0.8802426457405090,0.0829141512513161
0.4286980926990509,0.1446049213409424,-0.3054998815059662,0.4347397089004517,0.1263668984174728,-0.2926836311817169,0.4388535618782043,0.1264206022024155,-0.2927236557006836,0.4423214793205261,0.1266477853059769,-0.2927342653274536,0.4222864508628845,0.1276281028985977,-0.2884828448295593,0.4184229969978333,0.1281817704439163,-0.2885264456272125,0.4149451553821564,0.1287466287612915,-0.2884963452816010,0.4484075009822845,0.1345210522413254,-0.1773032844066620,0.4123062193393707,0.1373884975910187,-0.1576348394155502,0.4376441538333893,0.1632833331823349,-0.2592259347438812,0.4221423864364624,0.1652036905288696,-0.2536968886852264,0.4805610477924347,0.2293119877576828,-0.1145076304674149,0.3880189061164856,0.2427667975425720,-0.0246613919734955,0.5019574165344238,0.3604840636253357,-0.1744088530540466,0.3730653226375580,0.3545405566692352,-0.0437859892845154,0.4521492123603821,0.3657109141349792,-0.3720532059669495,0.3579457700252533,0.3781652450561523,-0.2812015414237976,0.4433039426803589,0.3728210031986237,-0.4213976562023163,0.3499757349491119,0.3877618908882141,-0.3246798217296600,0.4349956214427948,0.3547314107418060,-0.4277290105819702,0.3521663844585419,0.3723526597023010,-0.3542804121971130,0.4374793171882629,0.3501897752285004,-0.3765431940555573,0.3566481173038483,0.3677996695041656,-0.2983897328376770,0.4603860974311829,0.4811250567436218,-0.0374366566538811,0.4081527590751648,0.4784537553787231,0.0374202094972134,0.4759131371974945,0.6640985608100891,-0.0586003661155701,0.3957928717136383,0.6630132198333740,0.0654366239905357,0.4807043075561523,0.8500409126281738,0.0353200063109398,0.3860070407390594,0.8338671922683716,0.1931853145360947,0.4797554314136505,0.8684805035591125,0.0353658683598042,0.3918913006782532,0.8576810359954834,0.1976619213819504,0.4735559225082397,0.9157316684722900,-0.1077457964420319,0.3516152799129486,0.8806908726692200,0.0829244554042816
0.4287734031677246,0.1449356675148010,-0.2998003363609314,0.4347926080226898,0.1267079710960388,-0.2874249219894409,0.4389118254184723,0.1267594695091248,-0.2874640822410583,0.4423697590827942,0.1269686818122864,-0.2874734699726105,0.4223530590534210,0.1279102265834808,-0.2833005189895630,0.4184835553169250,0.1284364610910416,-0.2833450734615326,0.4150391817092896,0.1289804726839066,-0.2833129167556763,0.4484069943428040,0.1346930265426636,-0.1738200187683105,0.4124344587326050,0.1375461518764496,-0.1540285795927048,0.4377071261405945,0.1635963320732117,-0.2539626657962799,0.4221960902214050,0.1654778271913528,-0.2485190927982330,0.4806099832057953,0.2291163504123688,-0.1130216494202614,0.3880508542060852,0.2427621930837631,-0.0225462019443512,0.5019610524177551,0.3604237735271454,-0.1743448525667191,0.3730547726154327,0.3544754683971405,-0.0444551594555378,0.4520927071571350,0.3651347160339355,-0.3729440569877625,0.3579449653625488,0.3779884874820709,-0.2812966108322144,0.4432629942893982,0.3725814223289490,-0.4229658842086792,0.3500527739524841,0.3873285949230194,-0.3256854116916656,0.4347304999828339,0.3547227978706360,-0.4295844137668610,0.3523058891296387,0.3719811141490936,-0.3543787896633148,0.4372205138206482,0.3501746356487274,-0.3776663541793823,0.3566818237304688,0.3674850463867188,-0.2986950576305389,0.4603852033615112,0.4808375537395477,-0.0379690304398537,0.4081529676914215,0.4781723022460938,0.0379584543406963,0.4758996665477753,0.6636777520179749,-0.0584166310727596,0.3957911133766174,0.6626395583152771,0.0639731362462044,0.4806695282459259,0.8496125936508179,0.0376908928155899,0.3861263692378998,0.8337928652763367,0.1858113855123520,0.4797185361385345,0.8676171898841858,0.0378498025238514,0.3925485014915466,0.8576779365539551,0.1895806491374969,0.4735459685325623,0.9156940579414368,-0.1047646477818489,0.3517322838306427,0.8807646632194519,0.0745017528533936
0.4287834465503693,0.1449211835861206,-0.3079584836959839,0.4348171055316925,0.1267038732767105,-0.2958051562309265,0.4389425814151764,0.1267548650503159,-0.2958426773548126,0.4423962831497192,0.1269633919000626,-0.2958555221557617,0.4223709702491760,0.1279022544622421,-0.2911502420902252,0.4184989035129547,0.1284285336732864,-0.2911885082721710,0.4150591194629669,0.1289751231670380,-0.2911488413810730,0.4484218657016754,0.1346866041421890,-0.1817110478878021,0.4124521315097809,0.1375408172607422,-0.1593763083219528,0.4377449750900269,0.1635930836200714,-0.2616485059261322,0.4221956431865692,0.1654801815748215,-0.2554886937141418,0.4806544184684753,0.2290803045034409,-0.1190243288874626,0.3881435096263885,0.2427619993686676,-0.0232836883515120,0.5019692778587341,0.3604232668876648,-0.1764085888862610,0.3733843863010406,0.3544716835021973,-0.0437020510435104,0.4517931044101715,0.3652314841747284,-0.3738881945610046,0.3590264022350311,0.3773106038570404,-0.2819270491600037,0.4430225789546967,0.3729278445243835,-0.4236817657947540,0.3505322039127350,0.3864850699901581,-0.3258935511112213,0.4345896542072296,0.3551385998725891,-0.4302374124526978,0.3525626063346863,0.3715380430221558,-0.3553419709205627,0.4369258582592010,0.3505079448223114,-0.3785018026828766,0.3568944633007050,0.3671519458293915,-0.2994181513786316,0.4604428708553314,0.4806178808212280,-0.0380037948489189,0.4081623256206512,0.4777472615242004,0.0379934273660183,0.4759019911289215,0.6636129021644592,-0.0582174509763718,0.3957895636558533,0.6625711917877197,0.0639555901288986,0.4806177914142609,0.8491756916046143,0.0390693582594395,0.3862878382205963,0.8335680961608887,0.1865371167659760,0.4796820580959320,0.8658100366592407,0.0392696782946587,0.3932119607925415,0.8574936389923096,0.1904282122850418,0.4735558629035950,0.9154686331748962,-0.1037893369793892,0.3517968952655792,0.8806905746459961,0.0748250037431717
0.4287891983985901,0.1449104100465775,-0.3100265860557556,0.4348498582839966,0.1266979426145554,-0.2976977229118347,0.4389880895614624,0.1267492622137070,-0.2977319359779358,0.4424377977848053,0.1269594132900238,-0.2977393567562103,0.4223917424678802,0.1279010325670242,-0.2930557131767273,0.4185198247432709,0.1284297853708267,-0.2930946350097656,0.4150916039943695,0.1289806365966797,-0.2930561006069183,0.4484667181968689,0.1346843838691711,-0.1830725818872452,0.4125113785266876,0.1375435888767242,-0.1608050614595413,0.4377788901329041,0.1635928303003311,-0.2635520696640015,0.4221953451633453,0.1654869467020035,-0.2574355006217957,0.4807380437850952,0.2290845513343811,-0.1191508769989014,0.3883586525917053,0.2427339404821396,-0.0247767493128777,0.5019080638885498,0.3606366813182831,-0.1763155609369278,0.3734541237354279,0.3538840711116791,-0.0439246185123920,0.4516335427761078,0.3661977052688599,-0.3722276091575623,0.3590122163295746,0.3768430054187775,-0.2830730974674225,0.4427253603935242,0.3734271228313446,-0.4214473664760590,0.3505785763263702,0.3860375881195068,-0.3267492353916168,0.4345489144325256,0.3556531071662903,-0.4278036355972290,0.3526429235935211,0.3712372779846191,-0.3564760982990265,0.4368337094783783,0.3513217568397522,-0.3767151534557343,0.3569340407848358,0.3669131696224213,-0.3006151020526886,0.4604664444923401,0.4809295535087585,-0.0377525724470615,0.4082444012165070,0.4778184592723846,0.0377368777990341,0.4759933650493622,0.6641598939895630,-0.0565244816243649,0.3957727551460266,0.6627187132835388,0.0639489367604256,0.4805993735790253,0.8491587638854980,0.0441896095871925,0.3862845003604889,0.8336098194122314,0.1880866140127182,0.4796828329563141,0.8656066060066223,0.0446563400328159,0.3931893706321716,0.8574813008308411,0.1922607570886612,0.4735675454139709,0.9155060648918152,-0.0987070724368095,0.3518347740173340,0.8806909322738647,0.0764490291476250
0.4289463162422180,0.1455069482326508,-0.3097236752510071,0.4349741041660309,0.1271586418151855,-0.2975087165832520,0.4391078054904938,0.1271740794181824,-0.2975416183471680,0.4425327181816101,0.1273545920848846,-0.2975478172302246,0.4225225746631622,0.1283621042966843,-0.2929363250732422,0.4186319708824158,0.1288653910160065,-0.2929772734642029,0.4152134358882904,0.1294095367193222,-0.2929399311542511,0.4484930336475372,0.1349197775125504,-0.1830823719501495,0.4126342236995697,0.1379113346338272,-0.1608837395906448,0.4378919899463654,0.1640338003635406,-0.2633779942989349,0.4223127365112305,0.1660328060388565,-0.2573514878749847,0.4808283150196075,0.2290595173835754,-0.1191443875432014,0.3884964585304260,0.2426700443029404,-0.0270196981728077,0.5018020868301392,0.3606123030185699,-0.1751179695129395,0.3735227882862091,0.3538926541805267,-0.0477890037000179,0.4514146447181702,0.3673058152198792,-0.3667883574962616,0.3590883314609528,0.3768343031406403,-0.2846647500991821,0.4425152540206909,0.3744505941867828,-0.4154248833656311,0.3507724404335022,0.3859130144119263,-0.3286205232143402,0.4345341324806213,0.3564359545707703,-0.4223846495151520,0.3528267741203308,0.3710179328918457,-0.3578290045261383,0.4367705583572388,0.3518438637256622,-0.3715999722480774,0.3570489883422852,0.3667092919349670,-0.3019296228885651,0.4604816138744354,0.4808815419673920,-0.0377600118517876,0.4083002209663391,0.4776094257831573,0.0377443470060825,0.4760018587112427,0.6639764308929443,-0.0574835725128651,0.3959120213985443,0.6626235246658325,0.0636498481035233,0.4805987477302551,0.8491514325141907,0.0385917983949184,0.3862843513488770,0.8339948654174805,0.1848881393671036,0.4796925783157349,0.8656371831893921,0.0384370461106300,0.3931468427181244,0.8578022122383118,0.1886791586875916,0.4735654592514038,0.9155561327934265,-0.1044995337724686,0.3518610596656799,0.8808969855308533,0.0729033276438713
0.4289560616016388,0.1455359756946564,-0.3078197240829468,0.4349863827228546,0.1272183656692505,-0.2957089841365814,0.4391344189643860,0.1272313445806503,-0.2957430779933929,0.4425679743289948,0.1274110078811646,-0.2957485318183899,0.4225338101387024,0.1284245550632477,-0.2908596992492676,0.4186435043811798,0.1289195120334625,-0.2908982932567596,0.4152608513832092,0.1294572949409485,-0.2908629179000854,0.4485133886337280,0.1349545717239380,-0.1817564964294434,0.4127116203308105,0.1379630118608475,-0.1583969891071320,0.4379068017005920,0.1640795916318893,-0.2615942060947418,0.4223124086856842,0.1660669147968292,-0.2552417516708374,0.4808917641639709,0.2289569079875946,-0.1177498400211334,0.3888831436634064,0.2425655275583267,-0.0244009550660849,0.5017570853233337,0.3605986833572388,-0.1737435311079025,0.3735360801219940,0.3527115583419800,-0.0436509102582932,0.4511648118495941,0.3672548234462738,-0.3656951189041138,0.3590811491012573,0.3763575255870819,-0.2823758423328400,0.4419509768486023,0.3743485212326050,-0.4146351516246796,0.3508354723453522,0.3855022192001343,-0.3261349797248840,0.4342773854732513,0.3564219176769257,-0.4211152493953705,0.3530540168285370,0.3705270290374756,-0.3551071286201477,0.4363880157470703,0.3518227934837341,-0.3702402114868164,0.3572090864181519,0.3662687242031097,-0.2994321584701538,0.4604890644550323,0.4809384942054749,-0.0376826152205467,0.4083760678768158,0.4776399433612823,0.0376661755144596,0.4760746359825134,0.6641964316368103,-0.0547351650893688,0.3959135115146637,0.6628295183181763,0.0615223869681358,0.4805979132652283,0.8491395711898804,0.0508076958358288,0.3863059580326080,0.8341363072395325,0.1846061646938324,0.4797292649745941,0.8653805255889893,0.0519025363028049,0.3931546807289124,0.8578196167945862,0.1886168271303177,0.4736177325248718,0.9155645370483398,-0.0899656042456627,0.3518812358379364,0.8808965682983398,0.0721403583884239
0.4289698004722595,0.1458530724048615,-0.3078970015048981,0.4349860846996307,0.1275291293859482,-0.2957592010498047,0.4391358494758606,0.1274979561567307,-0.2957936227321625,0.4425862431526184,0.1276651173830032,-0.2957992851734161,0.4225418269634247,0.1287762820720673,-0.2909571230411530,0.4186526536941528,0.1292734742164612,-0.2909962832927704,0.4153302907943726,0.1298049390316010,-0.2909616827964783,0.4485183656215668,0.1351464688777924,-0.1820590645074844,0.4127679467201233,0.1382723450660706,-0.1585066467523575,0.4379250109195709,0.1643715798854828,-0.2616742551326752,0.4223262369632721,0.1664180159568787,-0.2553867101669312,0.4809772372245789,0.2288821935653687,-0.1177896037697792,0.3892000317573547,0.2423757761716843,-0.0259229894727468,0.5015069842338562,0.3607267141342163,-0.1740608662366867,0.3735882341861725,0.3525921404361725,-0.0456320680677891,0.4506352841854095,0.3672331869602203,-0.3652381896972656,0.3590767681598663,0.3761135935783386,-0.2830223739147186,0.4410687685012817,0.3741235733032227,-0.4136591255664825,0.3509405851364136,0.3850062489509583,-0.3269981443881989,0.4338229298591614,0.3560650646686554,-0.4195872545242310,0.3533233404159546,0.3697944879531860,-0.3559924364089966,0.4359189867973328,0.3516514599323273,-0.3695536851882935,0.3574047684669495,0.3655884563922882,-0.3001762032508850,0.4605401158332825,0.4809497892856598,-0.0376463308930397,0.4085349440574646,0.4776422083377838,0.0376286730170250,0.4760832488536835,0.6638233661651611,-0.0544453114271164,0.3958967328071594,0.6627345085144043,0.0604876801371574,0.4805970489978790,0.8490419387817383,0.0494045130908489,0.3863534033298492,0.8341330289840698,0.1793871223926544,0.4797309935092926,0.8651615381240845,0.0502484962344170,0.3934639990329742,0.8578521013259888,0.1830161362886429,0.4737035632133484,0.9155057072639465,-0.0905278399586678,0.3520342409610748,0.8809173107147217,0.0673246085643768
0.4289978444576263,0.1459592580795288,-0.3063347041606903,0.4350003004074097,0.1276772171258926,-0.2944830954074860,0.4391619563102722,0.1276301592588425,-0.2945170998573303,0.4426245689392090,0.1277848035097122,-0.2945216000080109,0.4225648641586304,0.1289179176092148,-0.2896143198013306,0.4186834990978241,0.1294037252664566,-0.2896552681922913,0.4153988063335419,0.1299284696578979,-0.2896234691143036,0.4485430717468262,0.1352299749851227,-0.1814425587654114,0.4128893315792084,0.1383590102195740,-0.1577529311180115,0.4379630684852600,0.1644520014524460,-0.2602921426296234,0.4223399758338928,0.1665002256631851,-0.2539229989051819,0.4810618162155151,0.2288363575935364,-0.1170472055673599,0.3893951177597046,0.2423093765974045,-0.0254746451973915,0.5013982653617859,0.3607407808303833,-0.1727249771356583,0.3736311793327332,0.3522644937038422,-0.0458487458527088,0.4504356980323792,0.3674338459968567,-0.3622790873050690,0.3590845465660095,0.3757350742816925,-0.2835862040519714,0.4404315948486328,0.3741107881069183,-0.4103761911392212,0.3511122763156891,0.3844943642616272,-0.3276071846485138,0.4336113035678864,0.3560504913330078,-0.4164354205131531,0.3536807298660278,0.3691563010215759,-0.3565413355827332,0.4357353150844574,0.3516429662704468,-0.3665633797645569,0.3576854169368744,0.3649342954158783,-0.3007418811321259,0.4605417251586914,0.4811289906501770,-0.0376759618520737,0.4085634350776672,0.4777074754238129,0.0376593023538589,0.4762875139713287,0.6638858318328857,-0.0559598393738270,0.3958965539932251,0.6628299951553345,0.0616208836436272,0.4806208610534668,0.8493680953979492,0.0407556146383286,0.3863541483879089,0.8343958258628845,0.1796086579561234,0.4798471033573151,0.8660111427307129,0.0406580939888954,0.3934587836265564,0.8579167723655701,0.1833936572074890,0.4737313985824585,0.9155070185661316,-0.1012167856097221,0.3520231246948242,0.8809447884559631,0.0686077997088432
0.4290494322776794,0.1463160514831543,-0.3036777377128601,0.4350195229053497,0.1279941052198410,-0.2923818230628967,0.4391863048076630,0.1279222518205643,-0.2924164831638336,0.4426722824573517,0.1280658841133118,-0.2924220263957977,0.4226002395153046,0.1292205005884171,-0.2873907387256622,0.4187123477458954,0.1296990513801575,-0.2874359190464020,0.4154758155345917,0.1302170008420944,-0.2874093651771545,0.4485606253147125,0.1354580521583557,-0.1811742782592773,0.4129413068294525,0.1386286318302155,-0.1571025401353836,0.4379960000514984,0.1648022234439850,-0.2583645582199097,0.4223694503307343,0.1668775081634521,-0.2517919242382050,0.4811874628067017,0.2287878841161728,-0.1170930638909340,0.3894546926021576,0.2422654032707214,-0.0256170444190502,0.5012761950492859,0.3607615828514099,-0.1730304062366486,0.3736892342567444,0.3522842526435852,-0.0463387444615364,0.4501971006393433,0.3675056099891663,-0.3585545420646667,0.3592185974121094,0.3755653798580170,-0.2840722203254700,0.4398106038570404,0.3740987777709961,-0.4057237505912781,0.3515672385692596,0.3843038678169250,-0.3280868232250214,0.4335124194622040,0.3558771908283234,-0.4120186269283295,0.3543575704097748,0.3684519827365875,-0.3565305471420288,0.4356448948383331,0.3515872061252594,-0.3628609776496887,0.3581568002700806,0.3640921413898468,-0.3010745346546173,0.4605890810489655,0.4810419678688049,-0.0379328578710556,0.4086042642593384,0.4776550233364105,0.0379204861819744,0.4763221740722656,0.6638993024826050,-0.0567756220698357,0.3959456980228424,0.6623250246047974,0.0606776550412178,0.4806164503097534,0.8493549227714539,0.0400104559957981,0.3865208327770233,0.8343462944030762,0.1761688143014908,0.4798427820205688,0.8659511208534241,0.0399823598563671,0.3939407467842102,0.8580552935600281,0.1794732660055161,0.4737319350242615,0.9154987335205078,-0.1015216931700706,0.3520408272743225,0.8809485435485840,0.0643867701292038
0.4291054606437683,0.1463067084550858,-0.3036803305149078,0.4350857138633728,0.1279954612255096,-0.2920837998390198,0.4392718076705933,0.1279276162385941,-0.2921172678470612,0.4427749216556549,0.1280774623155594,-0.2921206355094910,0.4226732254028320,0.1292189359664917,-0.2872574925422668,0.4187833368778229,0.1296971440315247,-0.2873019278049469,0.4155904352664948,0.1302148401737213,-0.2872745096683502,0.4486605226993561,0.1354782879352570,-0.1804491430521011,0.4130352437496185,0.1386284083127975,-0.1570576727390289,0.4380527138710022,0.1648310571908951,-0.2582235038280487,0.4224053919315338,0.1668814420700073,-0.2518733739852905,0.4812771081924438,0.2287973314523697,-0.1167287304997444,0.3895705640316010,0.2422318011522293,-0.0257394649088383,0.5011025071144104,0.3607712388038635,-0.1730233281850815,0.3736906051635742,0.3519277870655060,-0.0471506230533123,0.4500871598720551,0.3674543201923370,-0.3610435128211975,0.3593895733356476,0.3748254776000977,-0.2845560312271118,0.4395703971385956,0.3739250600337982,-0.4090260863304138,0.3519496619701385,0.3832935690879822,-0.3285339772701263,0.4333514869213104,0.3558610081672668,-0.4154553711414337,0.3548037707805634,0.3674572408199310,-0.3566317856311798,0.4354811012744904,0.3515693247318268,-0.3655010759830475,0.3585276603698730,0.3631725311279297,-0.3012973666191101,0.4606523513793945,0.4810335636138916,-0.0378812663257122,0.4086974859237671,0.4776644706726074,0.0378681570291519,0.4763464927673340,0.6638896465301514,-0.0568283908069134,0.3959656655788422,0.6622431874275208,0.0609955377876759,0.4806157648563385,0.8493624329566956,0.0384288504719734,0.3866829872131348,0.8341665863990784,0.1764629632234573,0.4798566699028015,0.8659416437149048,0.0382109619677067,0.3942945599555969,0.8579803109169006,0.1798788458108902,0.4738062918186188,0.9154426455497742,-0.1040789335966110,0.3522535562515259,0.8809056282043457,0.0652564987540245
0.4291639328002930,0.1463844925165176,-0.3053253591060638,0.4351387023925781,0.1280911266803741,-0.2936834096908569,0.4393400549888611,0.1280184537172318,-0.2937140464782715,0.4428425431251526,0.1281625628471375,-0.2937139868736267,0.4227291941642761,0.1293150633573532,-0.2889571487903595,0.4188416898250580,0.1297852993011475,-0.2890020608901978,0.4156687855720520,0.1303031146526337,-0.2889761626720428,0.4487065076828003,0.1355327516794205,-0.1813604831695557,0.4131383299827576,0.1387136131525040,-0.1583858430385590,0.4381241798400879,0.1648988276720047,-0.2595210969448090,0.4224545061588287,0.1669407039880753,-0.2532869577407837,0.4813459813594818,0.2287849932909012,-0.1167332008481026,0.3896917998790741,0.2421841025352478,-0.0274091362953186,0.5010138154029846,0.3608015179634094,-0.1730692386627197,0.3736548423767090,0.3519913256168365,-0.0515224374830723,0.4498885571956635,0.3671531677246094,-0.3626484274864197,0.3594426512718201,0.3742572665214539,-0.2916530668735504,0.4390091896057129,0.3732234835624695,-0.4102243781089783,0.3522489964962006,0.3827310204505920,-0.3356588482856750,0.4329707026481628,0.3550949394702911,-0.4157193303108215,0.3552784621715546,0.3665354549884796,-0.3624840974807739,0.4351852834224701,0.3509817421436310,-0.3665352463722229,0.3589044213294983,0.3620932102203369,-0.3076246380805969,0.4606890976428986,0.4813723564147949,-0.0375210158526897,0.4087677299976349,0.4780344665050507,0.0374976433813572,0.4764863550662994,0.6641150116920471,-0.0565436556935310,0.3959483802318573,0.6628853082656860,0.0604250282049179,0.4806470870971680,0.8494281172752380,0.0442754738032818,0.3866897225379944,0.8342770934104919,0.1767104268074036,0.4799642562866211,0.8659347295761108,0.0452120043337345,0.3942899107933044,0.8579742908477783,0.1803270727396011,0.4738069772720337,0.9154508113861084,-0.0974482446908951,0.3525571525096893,0.8809272050857544,0.0654740184545517
0.4293709695339203,0.1468336135149002,-0.3108340203762054,0.4353331029415131,0.1284172385931015,-0.2994870245456696,0.4395300745964050,0.1283171623945236,-0.2995182573795319,0.4429961144924164,0.1284401714801788,-0.2995236515998840,0.4229162335395813,0.1296516954898834,-0.2949194908142090,0.4190118610858917,0.1300990879535675,-0.2949711680412292,0.4158089756965637,0.1306189596652985,-0.2949467599391937,0.4488094151020050,0.1357262432575226,-0.1879776865243912,0.4132739007472992,0.1389956325292587,-0.1655996590852737,0.4382791519165039,0.1652719527482986,-0.2651461362838745,0.4226416647434235,0.1674051731824875,-0.2590720355510712,0.4814300239086151,0.2287850975990295,-0.1247547641396523,0.3896906673908234,0.2422159016132355,-0.0325837582349777,0.5008324384689331,0.3609082400798798,-0.1814344823360443,0.3734314739704132,0.3542017042636871,-0.0576543062925339,0.4494749307632446,0.3676950931549072,-0.3667802512645721,0.3596267700195312,0.3742676973342896,-0.2965988814830780,0.4381990432739258,0.3732385337352753,-0.4131627678871155,0.3526098132133484,0.3825331628322601,-0.3403069674968719,0.4328041374683380,0.3550808727741241,-0.4186938703060150,0.3553770184516907,0.3664750158786774,-0.3663575351238251,0.4351092278957367,0.3509708940982819,-0.3706814050674438,0.3589748740196228,0.3620842993259430,-0.3122711777687073,0.4607707560062408,0.4812259376049042,-0.0378017351031303,0.4087660908699036,0.4780243933200836,0.0377762131392956,0.4765118956565857,0.6638693809509277,-0.0564232952892780,0.3961063921451569,0.6628138422966003,0.0603303201496601,0.4807987511157990,0.8492709994316101,0.0446284003555775,0.3869402110576630,0.8342697024345398,0.1776819229125977,0.4801931679248810,0.8657864332199097,0.0454824455082417,0.3945731222629547,0.8580312728881836,0.1813454478979111,0.4738177657127380,0.9155134558677673,-0.0972111299633980,0.3527465462684631,0.8811683654785156,0.0656784549355507
0.4293711483478546,0.1468262523412704,-0.3109536468982697,0.4353462457656860,0.1284148097038269,-0.2994766533374786,0.4395542740821838,0.1283154338598251,-0.2995088398456573,0.4430203437805176,0.1284395754337311,-0.2995145022869110,0.4229176342487335,0.1296554803848267,-0.2948764562606812,0.4190149009227753,0.1301006823778152,-0.2949269413948059,0.4158150255680084,0.1306194514036179,-0.2949021160602570,0.4488623738288879,0.1357251256704330,-0.1875717341899872,0.4133100211620331,0.1389957070350647,-0.1655749380588531,0.4383016824722290,0.1652708947658539,-0.2651413977146149,0.4226429164409637,0.1674063354730606,-0.2590453624725342,0.4814613461494446,0.2287962287664413,-0.1242261007428169,0.3897282779216766,0.2422148287296295,-0.0315020941197872,0.5006401538848877,0.3609949648380280,-0.1815470904111862,0.3734461367130280,0.3542884886264801,-0.0570586062967777,0.4491197466850281,0.3672902584075928,-0.3696740865707397,0.3606099486351013,0.3739109039306641,-0.2987484931945801,0.4376822710037231,0.3728019297122955,-0.4171335995197296,0.3533710241317749,0.3822650015354156,-0.3430698812007904,0.4325076639652252,0.3544746339321136,-0.4224327802658081,0.3558984994888306,0.3661665022373199,-0.3689152002334595,0.4349010288715363,0.3505280315876007,-0.3735542893409729,0.3599036633968353,0.3616183102130890,-0.3144084811210632,0.4608405232429504,0.4811102449893951,-0.0377973131835461,0.4088099598884583,0.4779610037803650,0.0377720221877098,0.4765653908252716,0.6639775037765503,-0.0563833266496658,0.3961486220359802,0.6629054546356201,0.0602935068309307,0.4808015525341034,0.8492647409439087,0.0487891919910908,0.3870729207992554,0.8342676162719727,0.1795966476202011,0.4802034497261047,0.8656308054924011,0.0499987117946148,0.3948716521263123,0.8580319881439209,0.1836502104997635,0.4738679528236389,0.9155008196830750,-0.0937221199274063,0.3531050086021423,0.8812211155891418,0.0667024105787277
0.4294025599956512,0.1468418687582016,-0.3088635504245758,0.4354027509689331,0.1284488886594772,-0.2973198592662811,0.4396222531795502,0.1283464729785919,-0.2973552048206329,0.4430831968784332,0.1284692436456680,-0.2973629236221313,0.4229666590690613,0.1297011822462082,-0.2925855517387390,0.4190717339515686,0.1301391869783401,-0.2926306426525116,0.4158774912357330,0.1306539624929428,-0.2926034331321716,0.4489261507987976,0.1357348710298538,-0.1850518286228180,0.4134079813957214,0.1390203386545181,-0.1623364388942719,0.4383647143840790,0.1652916967868805,-0.2629401087760925,0.4226693511009216,0.1674282401800156,-0.2567004859447479,0.4814983308315277,0.2287818193435669,-0.1225714758038521,0.3898239433765411,0.2421855181455612,-0.0280070267617702,0.5004460215568542,0.3610194027423859,-0.1815116703510284,0.3734526932239532,0.3542851805686951,-0.0550591759383678,0.4487446844577789,0.3659765720367432,-0.3702127635478973,0.3613041043281555,0.3732420802116394,-0.2982698678970337,0.4374485313892365,0.3716686367988586,-0.4184029698371887,0.3538541197776794,0.3817600011825562,-0.3424811661243439,0.4320850074291229,0.3535718917846680,-0.4236864447593689,0.3563550412654877,0.3658096790313721,-0.3686780631542206,0.4344718158245087,0.3497507870197296,-0.3741305470466614,0.3607088923454285,0.3611373901367188,-0.3140627145767212,0.4609366059303284,0.4810076057910919,-0.0377766825258732,0.4088672399520874,0.4779534339904785,0.0377525091171265,0.4765771925449371,0.6639749407768250,-0.0562280230224133,0.3961901962757111,0.6629102230072021,0.0587756559252739,0.4808216094970703,0.8492568135261536,0.0490310937166214,0.3871121406555176,0.8343046307563782,0.1796824932098389,0.4803281426429749,0.8654735684394836,0.0502871870994568,0.3949399292469025,0.8580524921417236,0.1837356984615326,0.4739371836185455,0.9155005812644958,-0.0933925583958626,0.3531151413917542,0.8812595009803772,0.0664196833968163
0.4294366240501404,0.1468566358089447,-0.3140719234943390,0.4354368448257446,0.1284689307212830,-0.3023100495338440,0.4396641850471497,0.1283619105815887,-0.3023456633090973,0.4431189596652985,0.1284787356853485,-0.3023532330989838,0.4229964315891266,0.1297379732131958,-0.2974681258201599,0.4191058576107025,0.1301712393760681,-0.2975139021873474,0.4159162342548370,0.1306843310594559,-0.2974907159805298,0.4489558339118958,0.1357344537973404,-0.1884742528200150,0.4134865701198578,0.1390465945005417,-0.1653028279542923,0.4384246468544006,0.1652945727109909,-0.2675854563713074,0.4227204620838165,0.1674457192420959,-0.2612356841564178,0.4815315604209900,0.2288260608911514,-0.1239662244915962,0.3898868858814240,0.2421852350234985,-0.0296408645808697,0.5003497600555420,0.3612803220748901,-0.1853193938732147,0.3734511435031891,0.3544301390647888,-0.0576341003179550,0.4486198425292969,0.3656726777553558,-0.3808225095272064,0.3619812428951263,0.3727298080921173,-0.3046783208847046,0.4372320175170898,0.3708236515522003,-0.4299632608890533,0.3543502688407898,0.3810880780220032,-0.3490396738052368,0.4319814443588257,0.3523450493812561,-0.4352094233036041,0.3567826151847839,0.3652656376361847,-0.3754189312458038,0.4344363212585449,0.3488301932811737,-0.3849026858806610,0.3613991141319275,0.3605009317398071,-0.3205610215663910,0.4610334932804108,0.4810318052768707,-0.0377455130219460,0.4089785516262054,0.4780359268188477,0.0377196148037910,0.4767068624496460,0.6640583276748657,-0.0542838089168072,0.3962080180644989,0.6633024215698242,0.0578086152672768,0.4808455705642700,0.8492220044136047,0.0622007995843887,0.3871290385723114,0.8344200253486633,0.1804150193929672,0.4803586602210999,0.8650488853454590,0.0644887238740921,0.3949350416660309,0.8580924868583679,0.1844828873872757,0.4740948379039764,0.9155229330062866,-0.0780737251043320,0.3531213998794556,0.8813220858573914,0.0670736879110336
0.4294637739658356,0.1469942182302475,-0.3224516510963440,0.4354667663574219,0.1285505294799805,-0.3106216490268707,0.4397095143795013,0.1284445524215698,-0.3106516003608704,0.4431732892990112,0.1285624951124191,-0.3106550276279449,0.4230290949344635,0.1298328638076782,-0.3057887852191925,0.4191432893276215,0.1302769929170609,-0.3058387339115143,0.4159659743309021,0.1308047473430634,-0.3058216273784637,0.4490451514720917,0.1358524262905121,-0.1970925480127335,0.4135667085647583,0.1392192691564560,-0.1735867559909821,0.4384614229202271,0.1654652506113052,-0.2761187553405762,0.4227707982063293,0.1676446348428726,-0.2697478532791138,0.4816365838050842,0.2291555553674698,-0.1302676498889923,0.3899130523204803,0.2422004938125610,-0.0390982590615749,0.5003500580787659,0.3614295125007629,-0.1872832924127579,0.3733562827110291,0.3548454642295837,-0.0656815394759178,0.4485021233558655,0.3677393794059753,-0.3805197179317474,0.3625435233116150,0.3727362155914307,-0.3090116381645203,0.4366048872470856,0.3717643618583679,-0.4291701316833496,0.3549872338771820,0.3810352385044098,-0.3529474437236786,0.4319834709167480,0.3525950610637665,-0.4343892335891724,0.3573776483535767,0.3652235269546509,-0.3791934251785278,0.4344558119773865,0.3490361273288727,-0.3847781419754028,0.3621715307235718,0.3603906333446503,-0.3247196376323700,0.4610563218593597,0.4817061722278595,-0.0377833582460880,0.4089937806129456,0.4786395132541656,0.0377547368407249,0.4770981669425964,0.6644238233566284,-0.0546661205589771,0.3963009715080261,0.6635212302207947,0.0702379941940308,0.4809008240699768,0.8498474359512329,0.0507729090750217,0.3871219754219055,0.8346497416496277,0.2027014642953873,0.4804762005805969,0.8669877052307129,0.0512817427515984,0.3947702348232269,0.8582271337509155,0.2078757584095001,0.4741362333297729,0.9156001210212708,-0.0940971672534943,0.3531247675418854,0.8813421130180359,0.0923238024115562
0.4295475780963898,0.1469905376434326,-0.3210024535655975,0.4355837404727936,0.1285523772239685,-0.3089913725852966,0.4398503303527832,0.1284509748220444,-0.3090230822563171,0.4433158934116364,0.1285728365182877,-0.3090273737907410,0.4231157302856445,0.1298315823078156,-0.3043073117733002,0.4192182421684265,0.1302759945392609,-0.3043555617332458,0.4160564541816711,0.1308068484067917,-0.3043363690376282,0.4491606950759888,0.1359031945466995,-0.1955540031194687,0.4136790335178375,0.1392895132303238,-0.1722544133663177,0.4385816156864166,0.1654789298772812,-0.2745898663997650,0.4228641390800476,0.1676537394523621,-0.2683663964271545,0.4817495048046112,0.2293170690536499,-0.1318875551223755,0.3900761008262634,0.2422392070293427,-0.0384027697145939,0.5002783536911011,0.3616866469383240,-0.1907104700803757,0.3733508288860321,0.3555034995079041,-0.0642129704356194,0.4478496015071869,0.3678995072841644,-0.3807665705680847,0.3633814156055450,0.3727515041828156,-0.3071359694004059,0.4355718791484833,0.3717619478702545,-0.4291657507419586,0.3556083738803864,0.3809069693088531,-0.3511029481887817,0.4315707087516785,0.3525638580322266,-0.4345410168170929,0.3577030301094055,0.3651711344718933,-0.3773398399353027,0.4341570138931274,0.3490355908870697,-0.3849597275257111,0.3626482784748077,0.3601939678192139,-0.3228314220905304,0.4612312018871307,0.4816835224628448,-0.0387756712734699,0.4091747105121613,0.4786395728588104,0.0387442894279957,0.4772588908672333,0.6644378304481506,-0.0546269826591015,0.3965171277523041,0.6634556055068970,0.0699123516678810,0.4809264838695526,0.8500461578369141,0.0502468422055244,0.3874711990356445,0.8345768451690674,0.2004478871822357,0.4805037081241608,0.8671090602874756,0.0506966374814510,0.3951510190963745,0.8582873940467834,0.2055215686559677,0.4741360843181610,0.9156123995780945,-0.0943205580115318,0.3532801270484924,0.8814070820808411,0.0893249958753586
0.4296995699405670,0.1470986306667328,-0.3198329806327820,0.4357200860977173,0.1286291331052780,-0.3077926039695740,0.4399932324886322,0.1285303384065628,-0.3078252375125885,0.4434432089328766,0.1286519020795822,-0.3078297674655914,0.4232262372970581,0.1299008429050446,-0.3031367659568787,0.4193117022514343,0.1303541809320450,-0.3031845688819885,0.4161568582057953,0.1308941692113876,-0.3031640648841858,0.4492789208889008,0.1359954178333282,-0.1944849938154221,0.4137564599514008,0.1394072175025940,-0.1714222729206085,0.4387158751487732,0.1656009852886200,-0.2735169529914856,0.4229678809642792,0.1678221374750137,-0.2673457264900208,0.4818808734416962,0.2293276637792587,-0.1307576447725296,0.3901702463626862,0.2422189712524414,-0.0376648269593716,0.5002815723419189,0.3616969585418701,-0.1895109266042709,0.3733438849449158,0.3552974164485931,-0.0634356290102005,0.4478429555892944,0.3679041862487793,-0.3802248239517212,0.3633950352668762,0.3727169632911682,-0.3060211241245270,0.4354852735996246,0.3718010485172272,-0.4279520809650421,0.3557709753513336,0.3808224201202393,-0.3499347865581512,0.4314913451671600,0.3524926900863647,-0.4332440197467804,0.3580760061740875,0.3650380074977875,-0.3762113451957703,0.4341167807579041,0.3489722311496735,-0.3841955959796906,0.3630348443984985,0.3600520491600037,-0.3217317163944244,0.4612498879432678,0.4818003773689270,-0.0387924127280712,0.4091876745223999,0.4787106513977051,0.0387602671980858,0.4774138629436493,0.6646764874458313,-0.0546273142099380,0.3967388868331909,0.6635142564773560,0.0723590925335884,0.4809745252132416,0.8500571250915527,0.0488622225821018,0.3874703645706177,0.8345232009887695,0.2047680467367172,0.4806394875049591,0.8672747611999512,0.0491815060377121,0.3949788510799408,0.8582328557968140,0.2099789679050446,0.4742124676704407,0.9156636595726013,-0.0954920873045921,0.3532882034778595,0.8813697695732117,0.0949755087494850
0.4297986328601837,0.1471289694309235,-0.3214541375637054,0.4358221590518951,0.1286669224500656,-0.3096737265586853,0.4401073455810547,0.1285810917615891,-0.3097052872180939,0.4435690045356750,0.1287082284688950,-0.3097100555896759,0.4232924878597260,0.1299283802509308,-0.3049090206623077,0.4193610250949860,0.1303891986608505,-0.3049603402614594,0.4162325859069824,0.1309401541948318,-0.3049420118331909,0.4493430852890015,0.1360889971256256,-0.1977420002222061,0.4137844145298004,0.1394989043474197,-0.1740936338901520,0.4388120770454407,0.1656691431999207,-0.2756386995315552,0.4230180680751801,0.1678694337606430,-0.2693089842796326,0.4819464385509491,0.2293281108140945,-0.1348691433668137,0.3901698887348175,0.2424632608890533,-0.0397487282752991,0.5002885460853577,0.3617409467697144,-0.1912445425987244,0.3732891678810120,0.3558333516120911,-0.0638786926865578,0.4477516710758209,0.3685441613197327,-0.3796371221542358,0.3640064895153046,0.3727319240570068,-0.3048902451992035,0.4350437819957733,0.3719730377197266,-0.4262460172176361,0.3562374413013458,0.3807914555072784,-0.3490779995918274,0.4314984083175659,0.3525160551071167,-0.4316354095935822,0.3583965599536896,0.3650558888912201,-0.3761486113071442,0.4341312944889069,0.3490085005760193,-0.3834475874900818,0.3634422421455383,0.3600817024707794,-0.3208328187465668,0.4613931775093079,0.4817886948585510,-0.0391869321465492,0.4092434644699097,0.4786930084228516,0.0391509048640728,0.4775212109088898,0.6647601127624512,-0.0535689480602741,0.3968734741210938,0.6634029746055603,0.0716934204101562,0.4812181591987610,0.8499594926834106,0.0502683036029339,0.3876685500144958,0.8343700766563416,0.2025634944438934,0.4808526337146759,0.8670432567596436,0.0506771653890610,0.3953960537910461,0.8582416176795959,0.2077002823352814,0.4742704927921295,0.9156862497329712,-0.0935867726802826,0.3534616231918335,0.8813780546188354,0.0920030325651169
0.4297994971275330,0.1471745818853378,-0.3240598738193512,0.4358228147029877,0.1286993920803070,-0.3122786581516266,0.4401081800460815,0.1286096572875977,-0.3123115301132202,0.4435704350471497,0.1287319064140320,-0.3123186230659485,0.4232963919639587,0.1299907267093658,-0.3071695566177368,0.4193684756755829,0.1304651796817780,-0.3072191476821899,0.4162405729293823,0.1310344487428665,-0.3071979582309723,0.4493536055088043,0.1361327767372131,-0.1997448652982712,0.4138165712356567,0.1396418362855911,-0.1749515384435654,0.4388198852539062,0.1657237410545349,-0.2781125307083130,0.4230386316776276,0.1679591983556747,-0.2713909745216370,0.4819631874561310,0.2293882220983505,-0.1372015923261642,0.3902559280395508,0.2425392121076584,-0.0389623530209064,0.5002849102020264,0.3618153631687164,-0.1952383220195770,0.3732146024703979,0.3567034006118774,-0.0632784962654114,0.4475056529045105,0.3685362339019775,-0.3828075826168060,0.3642975389957428,0.3726304173469543,-0.3060969114303589,0.4346064627170563,0.3719856441020966,-0.4296451807022095,0.3564505875110626,0.3803502917289734,-0.3498335778713226,0.4308745563030243,0.3525182604789734,-0.4347569048404694,0.3584982454776764,0.3648399412631989,-0.3763029873371124,0.4339047968387604,0.3490021228790283,-0.3864197134971619,0.3636025488376617,0.3599425852298737,-0.3218616247177124,0.4614258706569672,0.4818922877311707,-0.0397310145199299,0.4093275368213654,0.4788779914379120,0.0396899469196796,0.4777109920978546,0.6650037169456482,-0.0541220717132092,0.3969747424125671,0.6635019779205322,0.0728822052478790,0.4813164770603180,0.8499230146408081,0.0520561560988426,0.3876672685146332,0.8343685269355774,0.2060877233743668,0.4810117483139038,0.8666625022888184,0.0530146993696690,0.3951688110828400,0.8582181930541992,0.2113587707281113,0.4742810130119324,0.9157065749168396,-0.0907579362392426,0.3535208106040955,0.8813502788543701,0.0962310135364532
0.4298288226127625,0.1471949368715286,-0.3296489715576172,0.4359089434146881,0.1287058144807816,-0.3179909884929657,0.4402160644531250,0.1286203563213348,-0.3180172145366669,0.4436748325824738,0.1287485063076019,-0.3180231451988220,0.4233409762382507,0.1299974620342255,-0.3132432997226715,0.4194023311138153,0.1304799318313599,-0.3133008778095245,0.4162818789482117,0.1310551911592484,-0.3132836520671844,0.4495405256748199,0.1361949145793915,-0.2058220952749252,0.4138836264610291,0.1396810859441757,-0.1826796382665634,0.4388773739337921,0.1657923460006714,-0.2838470637798309,0.4230655729770660,0.1680276393890381,-0.2775940299034119,0.4820400178432465,0.2295150011777878,-0.1407490372657776,0.3902637064456940,0.2426549345254898,-0.0485338717699051,0.5002821087837219,0.3622097671031952,-0.1987721920013428,0.3728630840778351,0.3584377169609070,-0.0773796290159225,0.4472928941249847,0.3689070940017700,-0.3858565390110016,0.3645455241203308,0.3727144300937653,-0.3176909387111664,0.4340148866176605,0.3720014095306396,-0.4326727986335754,0.3567928969860077,0.3803413808345795,-0.3614378571510315,0.4307925105094910,0.3524283766746521,-0.4375291466712952,0.3587569594383240,0.3646035790443420,-0.3856801092624664,0.4338747560977936,0.3489932417869568,-0.3894143402576447,0.3638747334480286,0.3594672381877899,-0.3323573768138885,0.4615123867988586,0.4818888306617737,-0.0397122018039227,0.4093623161315918,0.4788776636123657,0.0396722368896008,0.4777644276618958,0.6650536060333252,-0.0572552718222141,0.3970562815666199,0.6634988784790039,0.0752495452761650,0.4813753962516785,0.8499683141708374,0.0458474382758141,0.3877891302108765,0.8343458175659180,0.2112400978803635,0.4810887873172760,0.8666446805000305,0.0465210489928722,0.3953614234924316,0.8582016825675964,0.2168193310499191,0.4746150076389313,0.9157326817512512,-0.0977175980806351,0.3539177477359772,0.8813585638999939,0.1018206775188446
0.4298664629459381,0.1474118530750275,-0.3349104523658752,0.4359392821788788,0.1288557648658752,-0.3232953846454620,0.4402528703212738,0.1287610679864883,-0.3233238458633423,0.4437103569507599,0.1288819760084152,-0.3233346939086914,0.4233753085136414,0.1301640123128891,-0.3185048997402191,0.4194435775279999,0.1306462734937668,-0.3185591697692871,0.4163250923156738,0.1312336176633835,-0.3185376524925232,0.4495821297168732,0.1363195627927780,-0.2101673483848572,0.4139415919780731,0.1398978978395462,-0.1869402378797531,0.4389179944992065,0.1660223454236984,-0.2886560261249542,0.4231265485286713,0.1683266460895538,-0.2823847532272339,0.4820789992809296,0.2296263873577118,-0.1437270939350128,0.3903070688247681,0.2426937222480774,-0.0506788678467274,0.5002655982971191,0.3625089526176453,-0.2010622620582581,0.3727024793624878,0.3590308725833893,-0.0786175206303596,0.4470956921577454,0.3689310252666473,-0.3874593973159790,0.3650161027908325,0.3725108206272125,-0.3198246061801910,0.4337806999683380,0.3719902336597443,-0.4343180060386658,0.3570688366889954,0.3799010813236237,-0.3630160093307495,0.4304336905479431,0.3523654341697693,-0.4390511214733124,0.3589585125446320,0.3642562627792358,-0.3875580728054047,0.4337638616561890,0.3489280045032501,-0.3909105360507965,0.3642309904098511,0.3587899208068848,-0.3346489965915680,0.4616047739982605,0.4820383191108704,-0.0394771359860897,0.4094483554363251,0.4790673851966858,0.0394293926656246,0.4780631959438324,0.6652868986129761,-0.0573054812848568,0.3970757722854614,0.6636779904365540,0.0719593465328217,0.4814442098140717,0.8499743342399597,0.0554333403706551,0.3878090977668762,0.8344198465347290,0.2093608826398849,0.4811749756336212,0.8665163516998291,0.0578055717051029,0.3953567445278168,0.8581768274307251,0.2142009437084198,0.4747996628284454,0.9157415032386780,-0.0843279063701630,0.3542037308216095,0.8814001679420471,0.0991040766239166
0.4298987984657288,0.1476449817419052,-0.3317156434059143,0.4359855055809021,0.1290159821510315,-0.3199804723262787,0.4402973055839539,0.1289210766553879,-0.3200102448463440,0.4437498450279236,0.1290423274040222,-0.3200194239616394,0.4234198629856110,0.1303571015596390,-0.3152469694614410,0.4194885790348053,0.1308462172746658,-0.3153001368045807,0.4163587689399719,0.1314418762922287,-0.3152781128883362,0.4496396780014038,0.1364698559045792,-0.2068749070167542,0.4139940142631531,0.1400905549526215,-0.1839609444141388,0.4389506876468658,0.1662648320198059,-0.2855293452739716,0.4231861531734467,0.1686407327651978,-0.2793257832527161,0.4821340143680573,0.2297127246856689,-0.1411322057247162,0.3903852999210358,0.2428248077630997,-0.0482948571443558,0.5002666711807251,0.3627909421920776,-0.1995912194252014,0.3725103735923767,0.3600850105285645,-0.0779078453779221,0.4469868540763855,0.3692540526390076,-0.3872765004634857,0.3653839826583862,0.3726133704185486,-0.3207655251026154,0.4334677755832672,0.3720504939556122,-0.4344178140163422,0.3575051724910736,0.3798151612281799,-0.3647163212299347,0.4303949177265167,0.3523640632629395,-0.4391944706439972,0.3591886460781097,0.3640655875205994,-0.3883175551891327,0.4337414503097534,0.3489368855953217,-0.3908386826515198,0.3644379973411560,0.3586131632328033,-0.3352895975112915,0.4616644680500031,0.4820192158222198,-0.0395740978419781,0.4095519781112671,0.4790478050708771,0.0395246893167496,0.4780625700950623,0.6650219559669495,-0.0570403970777988,0.3972925245761871,0.6637278795242310,0.0713418200612068,0.4815424382686615,0.8499686717987061,0.0550631769001484,0.3878553807735443,0.8349198698997498,0.1995783895254135,0.4813086688518524,0.8665031790733337,0.0572729855775833,0.3954164385795593,0.8584597706794739,0.2034738212823868,0.4749208092689514,0.9159026741981506,-0.0848649740219116,0.3542609512805939,0.8817760348320007,0.0863605812191963
0.4299329221248627,0.1478415429592133,-0.3298482298851013,0.4360021054744720,0.1291955858469009,-0.3182021975517273,0.4403203725814819,0.1290807127952576,-0.3182316422462463,0.4437749087810516,0.1291867643594742,-0.3182399570941925,0.4234438538551331,0.1305311620235443,-0.3133603334426880,0.4195209443569183,0.1310081034898758,-0.3134132027626038,0.4164017736911774,0.1316041499376297,-0.3133904635906219,0.4496687352657318,0.1365654617547989,-0.2052920907735825,0.4140605628490448,0.1402286291122437,-0.1819346845149994,0.4389934539794922,0.1664359122514725,-0.2837084829807281,0.4232457876205444,0.1688192486763000,-0.2774082124233246,0.4821547865867615,0.2297154366970062,-0.1400365829467773,0.3905181884765625,0.2428256869316101,-0.0467318743467331,0.5002526640892029,0.3628806173801422,-0.1992665231227875,0.3725091516971588,0.3600605726242065,-0.0754415094852448,0.4467965364456177,0.3692046999931335,-0.3872280716896057,0.3654094338417053,0.3723855614662170,-0.3197172880172729,0.4332191050052643,0.3721104264259338,-0.4347245395183563,0.3576021790504456,0.3794007003307343,-0.3637045621871948,0.4297649264335632,0.3524941205978394,-0.4396150410175323,0.3593771159648895,0.3632166385650635,-0.3876435160636902,0.4333277940750122,0.3489650785923004,-0.3908427059650421,0.3645724356174469,0.3575222194194794,-0.3344460427761078,0.4617127180099487,0.4820605814456940,-0.0396359413862228,0.4096477925777435,0.4791672229766846,0.0395851805806160,0.4781008362770081,0.6650637388229370,-0.0569002479314804,0.3972935974597931,0.6640386581420898,0.0700761005282402,0.4815680682659149,0.8499333262443542,0.0577965416014194,0.3879015743732452,0.8350201249122620,0.1970816403627396,0.4813446700572968,0.8659204840660095,0.0600679107010365,0.3954058885574341,0.8584770560264587,0.2010960429906845,0.4749387800693512,0.9159159064292908,-0.0813576877117157,0.3542490601539612,0.8818376064300537,0.0841100066900253
0.4301022291183472,0.1481677144765854,-0.3293931782245636,0.4361735284328461,0.1294601559638977,-0.3178536295890808,0.4404706060886383,0.1293435692787170,-0.3178808391094208,0.4438947737216949,0.1294472068548203,-0.3178878724575043,0.4235830605030060,0.1307859271764755,-0.3130265474319458,0.4196454584598541,0.1312528103590012,-0.3130812048912048,0.4164978563785553,0.1318520605564117,-0.3130588531494141,0.4497636258602142,0.1367457807064056,-0.2055833637714386,0.4141395688056946,0.1404459029436111,-0.1822264492511749,0.4391371011734009,0.1666887551546097,-0.2834641337394714,0.4233902990818024,0.1691487878561020,-0.2771639525890350,0.4822511970996857,0.2297791838645935,-0.1405631452798843,0.3905663490295410,0.2429491728544235,-0.0478209294378757,0.5002816915512085,0.3630414605140686,-0.2000733464956284,0.3721824288368225,0.3607117235660553,-0.0807867273688316,0.4468173682689667,0.3694189190864563,-0.3867887258529663,0.3656611740589142,0.3724171817302704,-0.3238005936145782,0.4332552254199982,0.3722021579742432,-0.4342189729213715,0.3579236865043640,0.3793537914752960,-0.3678188323974609,0.4297944903373718,0.3525196015834808,-0.4392004907131195,0.3600049316883087,0.3627992272377014,-0.3905221819877625,0.4333321452140808,0.3489684164524078,-0.3904307782649994,0.3648127317428589,0.3573984205722809,-0.3379521667957306,0.4618355631828308,0.4820468425750732,-0.0396337099373341,0.4096938669681549,0.4791651964187622,0.0395830459892750,0.4781816899776459,0.6650672554969788,-0.0599739775061607,0.3973814547061920,0.6640356183052063,0.0713446810841560,0.4816765189170837,0.8501129150390625,0.0455660372972488,0.3879857361316681,0.8350484371185303,0.2008754611015320,0.4815053939819336,0.8660960793495178,0.0465546920895576,0.3955331444740295,0.8585031628608704,0.2054839730262756,0.4750118553638458,0.9160180687904358,-0.0972765907645226,0.3545309901237488,0.8818867206573486,0.0893004983663559
0.4301802217960358,0.1482446491718292,-0.3284342586994171,0.4362460970878601,0.1295917034149170,-0.3168276846408844,0.4405415654182434,0.1294610798358917,-0.3168554008007050,0.4439579546451569,0.1295512616634369,-0.3168621361255646,0.4236447215080261,0.1309281736612320,-0.3120498955249786,0.4197100400924683,0.1313797682523727,-0.3121037483215332,0.4165643453598022,0.1319747716188431,-0.3120807409286499,0.4498041868209839,0.1367906630039215,-0.2043237686157227,0.4142232239246368,0.1405270993709564,-0.1811686456203461,0.4392434358596802,0.1667363196611404,-0.2824449539184570,0.4234685003757477,0.1691879630088806,-0.2762000262737274,0.4822737574577332,0.2297802418470383,-0.1394663155078888,0.3907332718372345,0.2430377602577209,-0.0466815605759621,0.5002912878990173,0.3630562722682953,-0.1993103325366974,0.3721331357955933,0.3607579171657562,-0.0790045559406281,0.4467935264110565,0.3694062232971191,-0.3861431777477264,0.3659608960151672,0.3722653388977051,-0.3227248489856720,0.4332096278667450,0.3723852932453156,-0.4333145916461945,0.3581568002700806,0.3790040016174316,-0.3667417168617249,0.4294575154781342,0.3528763651847839,-0.4379549622535706,0.3601977527141571,0.3625464141368866,-0.3900113999843597,0.4331389367580414,0.3492141962051392,-0.3895607590675354,0.3651557862758636,0.3569834828376770,-0.3371236920356750,0.4619002938270569,0.4823086261749268,-0.0394699312746525,0.4098049998283386,0.4793469607830048,0.0394157096743584,0.4783889949321747,0.6654002070426941,-0.0596142373979092,0.3973821997642517,0.6643217206001282,0.0704957693815231,0.4817466139793396,0.8502407073974609,0.0474939234554768,0.3879987597465515,0.8351742029190063,0.2007538378238678,0.4815852940082550,0.8661370873451233,0.0489033348858356,0.3955255746841431,0.8585031628608704,0.2052213251590729,0.4751339554786682,0.9160852432250977,-0.0943700820207596,0.3547111451625824,0.8819280266761780,0.0889787003397942
0.4302492141723633,0.1484237164258957,-0.3194238841533661,0.4363361597061157,0.1297843158245087,-0.3079229593276978,0.4406275451183319,0.1296685338020325,-0.3079477548599243,0.4440384507179260,0.1297672390937805,-0.3079494237899780,0.4237141013145447,0.1310926675796509,-0.3032534718513489,0.4197775125503540,0.1315482407808304,-0.3033075630664825,0.4166282415390015,0.1321463733911514,-0.3032827675342560,0.4498614072799683,0.1369856148958206,-0.1974756419658661,0.4142870008945465,0.1407019793987274,-0.1748434454202652,0.4393105208873749,0.1669482886791229,-0.2743815779685974,0.4235248863697052,0.1693719774484634,-0.2682804167270660,0.4823357760906219,0.2298764139413834,-0.1344583034515381,0.3908595740795135,0.2431048005819321,-0.0434991233050823,0.5003233551979065,0.3631908893585205,-0.1923823356628418,0.3721340894699097,0.3612539768218994,-0.0785902589559555,0.4467906951904297,0.3697389960289001,-0.3751125633716583,0.3668159246444702,0.3724204599857330,-0.3213190734386444,0.4332057833671570,0.3725755512714386,-0.4216222167015076,0.3591608703136444,0.3788698315620422,-0.3656954169273376,0.4294702410697937,0.3529612123966217,-0.4262327849864960,0.3607611060142517,0.3623125851154327,-0.3869966864585876,0.4331501722335815,0.3493824601173401,-0.3786107897758484,0.3654645681381226,0.3570056557655334,-0.3348765373229980,0.4619459807872772,0.4822619259357452,-0.0394592843949795,0.4098524749279022,0.4793252348899841,0.0394046939909458,0.4783946275711060,0.6651155352592468,-0.0578954629600048,0.3974879384040833,0.6643158197402954,0.0673982128500938,0.4818785786628723,0.8500717282295227,0.0478311218321323,0.3881028294563293,0.8352765440940857,0.1896684914827347,0.4817471504211426,0.8661038279533386,0.0491261593997478,0.3956840336322784,0.8585562705993652,0.1934547126293182,0.4752955734729767,0.9161268472671509,-0.0938209295272827,0.3549321889877319,0.8820897936820984,0.0767948701977730
0.4302502572536469,0.1485729217529297,-0.3217928111553192,0.4363365471363068,0.1299843788146973,-0.3107391297817230,0.4406285285949707,0.1298500299453735,-0.3107635378837585,0.4440451860427856,0.1299541592597961,-0.3107679188251495,0.4237192869186401,0.1313184052705765,-0.3056094348430634,0.4197852909564972,0.1317807137966156,-0.3056646287441254,0.4166720807552338,0.1323769092559814,-0.3056406676769257,0.4498651623725891,0.1371592134237289,-0.2007995694875717,0.4143476784229279,0.1408708393573761,-0.1762244254350662,0.4393121302127838,0.1670866012573242,-0.2768506109714508,0.4235261380672455,0.1694628447294235,-0.2701922655105591,0.4823511242866516,0.2298843711614609,-0.1377881467342377,0.3909540176391602,0.2432036548852921,-0.0432992689311504,0.5003403425216675,0.3631960451602936,-0.1956806778907776,0.3720856010913849,0.3612197935581207,-0.0776285007596016,0.4467400014400482,0.3697577416896820,-0.3767371773719788,0.3667707741260529,0.3722225129604340,-0.3217351138591766,0.4331218898296356,0.3730171620845795,-0.4231038987636566,0.3591383695602417,0.3785083591938019,-0.3660720586776733,0.4291851818561554,0.3536014556884766,-0.4282827079296112,0.3608056306838989,0.3618232607841492,-0.3882305026054382,0.4330090880393982,0.3498660922050476,-0.3802645802497864,0.3655852973461151,0.3563516736030579,-0.3357715606689453,0.4620142579078674,0.4823111593723297,-0.0395417399704456,0.4098948538303375,0.4794262945652008,0.0394877754151821,0.4784795343875885,0.6655575633049011,-0.0579827949404716,0.3975240290164948,0.6643078327178955,0.0709643065929413,0.4818879365921021,0.8501619696617126,0.0449911914765835,0.3883681893348694,0.8351740837097168,0.1972974240779877,0.4817639589309692,0.8662747740745544,0.0457289442420006,0.3959121406078339,0.8585317134857178,0.2016153186559677,0.4753625690937042,0.9160330891609192,-0.0976026207208633,0.3549419939517975,0.8819929957389832,0.0861271694302559
0.4302917718887329,0.1485780179500580,-0.3239121735095978,0.4364101588726044,0.1299913078546524,-0.3126302957534790,0.4407129287719727,0.1298666894435883,-0.3126554191112518,0.4441263973712921,0.1299818456172943,-0.3126589357852936,0.4237691760063171,0.1313243359327316,-0.3074361383914948,0.4198321402072906,0.1317966431379318,-0.3074911832809448,0.4167254567146301,0.1324005424976349,-0.3074703216552734,0.4499507546424866,0.1372634470462799,-0.2019036710262299,0.4144176244735718,0.1409364938735962,-0.1771372258663177,0.4393755793571472,0.1671259105205536,-0.2787701785564423,0.4235586822032928,0.1695031970739365,-0.2720287740230560,0.4824530482292175,0.2302407175302505,-0.1376858502626419,0.3910430669784546,0.2432141900062561,-0.0438366159796715,0.5004298686981201,0.3635715544223785,-0.1956493854522705,0.3720836937427521,0.3612480461597443,-0.0768945738673210,0.4467455446720123,0.3708590269088745,-0.3757929205894470,0.3670778274536133,0.3724256753921509,-0.3204887509346008,0.4331310093402863,0.3734166324138641,-0.4220751821994781,0.3597049117088318,0.3785172700881958,-0.3646419346332550,0.4293573200702667,0.3537777662277222,-0.4275260269641876,0.3612399995326996,0.3618443608283997,-0.3874844014644623,0.4331531226634979,0.3501076996326447,-0.3794157207012177,0.3657971322536469,0.3563811480998993,-0.3347898125648499,0.4620946049690247,0.4823919832706451,-0.0394548885524273,0.4099467694759369,0.4794723093509674,0.0393988601863384,0.4786648452281952,0.6656939387321472,-0.0568617992103100,0.3976459801197052,0.6643605828285217,0.0721538588404655,0.4819389283657074,0.8503456115722656,0.0455172546207905,0.3884368538856506,0.8352131843566895,0.2031552940607071,0.4818134903907776,0.8664256930351257,0.0461168959736824,0.3959937989711761,0.8585778474807739,0.2081173807382584,0.4754373133182526,0.9160537123680115,-0.0972303152084351,0.3551400899887085,0.8819913864135742,0.0918836817145348
0.4303105175495148,0.1485960036516190,-0.3207200169563293,0.4364130198955536,0.1300222724676132,-0.3093877434730530,0.4407176971435547,0.1299062669277191,-0.3094150722026825,0.4441484212875366,0.1300278156995773,-0.3094183206558228,0.4237794578075409,0.1313608139753342,-0.3040212690830231,0.4198435842990875,0.1318432837724686,-0.3040726780891418,0.4167659580707550,0.1324589997529984,-0.3040512800216675,0.4499588906764984,0.1373343765735626,-0.1990043222904205,0.4144403636455536,0.1410295963287354,-0.1733268946409225,0.4393887519836426,0.1671522110700607,-0.2757069468498230,0.4235623180866241,0.1695322394371033,-0.2687440216541290,0.4825313389301300,0.2302779555320740,-0.1356291472911835,0.3910903930664062,0.2432391345500946,-0.0396227203309536,0.5006164312362671,0.3635727465152740,-0.1910316795110703,0.3720848262310028,0.3609838485717773,-0.0710548907518387,0.4467545747756958,0.3712055683135986,-0.3699390292167664,0.3670363128185272,0.3724304437637329,-0.3146812617778778,0.4331750869750977,0.3742487728595734,-0.4162744283676147,0.3596229553222656,0.3784641325473785,-0.3587424159049988,0.4294156432151794,0.3543635010719299,-0.4219700098037720,0.3612383306026459,0.3618456423282623,-0.3819547593593597,0.4332153201103210,0.3505032062530518,-0.3736102283000946,0.3659009933471680,0.3563444614410400,-0.3292556405067444,0.4621712267398834,0.4825491309165955,-0.0394593700766563,0.4099944829940796,0.4795596003532410,0.0394040308892727,0.4788613617420197,0.6663407683372498,-0.0530612207949162,0.3976842463016510,0.6643642187118530,0.0718524828553200,0.4819832146167755,0.8503729104995728,0.0516226701438427,0.3886296451091766,0.8351863622665405,0.2023389488458633,0.4818248748779297,0.8664250969886780,0.0523708648979664,0.3963862061500549,0.8585957884788513,0.2072388529777527,0.4755042493343353,0.9160357117652893,-0.0906088128685951,0.3554285168647766,0.8820176720619202,0.0909541025757790
0.4304724633693695,0.1487242728471756,-0.3209069669246674,0.4365535676479340,0.1301737874746323,-0.3096254169940948,0.4408464431762695,0.1300726085901260,-0.3096513748168945,0.4442637264728546,0.1301991790533066,-0.3096542954444885,0.4239250123500824,0.1314830183982849,-0.3043458759784698,0.4199838638305664,0.1319625824689865,-0.3043985366821289,0.4168897867202759,0.1325772553682327,-0.3043776750564575,0.4500385522842407,0.1374872326850891,-0.1995430439710617,0.4145449399948120,0.1411792039871216,-0.1745236814022064,0.4395222663879395,0.1672734320163727,-0.2759854495525360,0.4236901700496674,0.1696636676788330,-0.2691414654254913,0.4826297760009766,0.2303554862737656,-0.1361280232667923,0.3911328613758087,0.2433671951293945,-0.0418818108737469,0.5007426142692566,0.3636156320571899,-0.1912813633680344,0.3720644414424896,0.3612962365150452,-0.0751975104212761,0.4467612206935883,0.3719502687454224,-0.3707381188869476,0.3674155771732330,0.3724810779094696,-0.3166832923889160,0.4332110285758972,0.3748970329761505,-0.4171673953533173,0.3603392243385315,0.3784197568893433,-0.3607235848903656,0.4296399652957916,0.3546178638935089,-0.4228485822677612,0.3618451654911041,0.3612734675407410,-0.3832010030746460,0.4334239661693573,0.3507778048515320,-0.3744679391384125,0.3662211000919342,0.3560587763786316,-0.3308447599411011,0.4622580111026764,0.4825288653373718,-0.0394897647202015,0.4100531637668610,0.4795541763305664,0.0394349545240402,0.4788668453693390,0.6662052273750305,-0.0535269565880299,0.3977746367454529,0.6642723083496094,0.0722892209887505,0.4820730984210968,0.8503369092941284,0.0468863770365715,0.3887600898742676,0.8351707458496094,0.2017739266157150,0.4819328188896179,0.8663717508316040,0.0471154972910881,0.3965199589729309,0.8586507439613342,0.2066002637147903,0.4756362140178680,0.9162160158157349,-0.0961620658636093,0.3557008802890778,0.8820707201957703,0.0904034450650215
0.4305055439472198,0.1488810777664185,-0.3203708231449127,0.4365878701210022,0.1303361654281616,-0.3092238306999207,0.4408914446830750,0.1302171647548676,-0.3092499971389771,0.4443125724792480,0.1303311288356781,-0.3092535436153412,0.4239598214626312,0.1316512376070023,-0.3037522733211517,0.4200318157672882,0.1321143358945847,-0.3038039803504944,0.4169544875621796,0.1327222883701324,-0.3037800490856171,0.4500980973243713,0.1375913619995117,-0.1992230862379074,0.4146352708339691,0.1413152217864990,-0.1730029135942459,0.4395587146282196,0.1673945039510727,-0.2754077613353729,0.4237294197082520,0.1697678864002228,-0.2682729363441467,0.4826593101024628,0.2303804159164429,-0.1360559165477753,0.3914591073989868,0.2433726489543915,-0.0392428562045097,0.5007632374763489,0.3635995388031006,-0.1914096325635910,0.3721684813499451,0.3612837493419647,-0.0751236602663994,0.4467432200908661,0.3718303143978119,-0.3710463345050812,0.3676340878009796,0.3717272281646729,-0.3170511424541473,0.4332281053066254,0.3748989105224609,-0.4175328314304352,0.3602866828441620,0.3773708045482635,-0.3613358139991760,0.4294522106647491,0.3548278212547302,-0.4233598113059998,0.3618559241294861,0.3605392575263977,-0.3840115368366241,0.4332909584045410,0.3509137928485870,-0.3749021589756012,0.3664113581180573,0.3553771078586578,-0.3313992619514465,0.4623322486877441,0.4826155602931976,-0.0394412018358707,0.4101324975490570,0.4795770049095154,0.0393859706819057,0.4789801537990570,0.6664642691612244,-0.0534899570047855,0.3978082537651062,0.6644120216369629,0.0691687837243080,0.4821154773235321,0.8502936959266663,0.0538849830627441,0.3888493478298187,0.8352600932121277,0.1991094201803207,0.4819878041744232,0.8659217357635498,0.0552775710821152,0.3966282308101654,0.8587446212768555,0.2039768397808075,0.4756892919540405,0.9162060022354126,-0.0873849391937256,0.3557075560092926,0.8820787072181702,0.0870787352323532
0.4305226504802704,0.1489309072494507,-0.3184128999710083,0.4365935921669006,0.1303958445787430,-0.3072966039180756,0.4408996999263763,0.1302791833877563,-0.3073263466358185,0.4443486034870148,0.1303982883691788,-0.3073312938213348,0.4239755570888519,0.1317312270402908,-0.3016738891601562,0.4200502336025238,0.1321999579668045,-0.3017226457595825,0.4170232713222504,0.1328075528144836,-0.3016988039016724,0.4501151442527771,0.1376492381095886,-0.1972491294145584,0.4146723449230194,0.1413796097040176,-0.1702092289924622,0.4395727217197418,0.1674317121505737,-0.2733719944953918,0.4237395823001862,0.1698199361562729,-0.2660327255725861,0.4827412068843842,0.2303817868232727,-0.1348162293434143,0.3915636241436005,0.2433812171220779,-0.0357291549444199,0.5008827447891235,0.3635847568511963,-0.1900188773870468,0.3721862435340881,0.3611288368701935,-0.0714118778705597,0.4467934966087341,0.3719049096107483,-0.3693775832653046,0.3676908612251282,0.3716590106487274,-0.3159436285495758,0.4332423508167267,0.3753009736537933,-0.4159997105598450,0.3602255582809448,0.3771871924400330,-0.3603399991989136,0.4296050071716309,0.3551520109176636,-0.4220444262027740,0.3618562817573547,0.3604944944381714,-0.3830751478672028,0.4333768784999847,0.3511294126510620,-0.3732850849628448,0.3665616214275360,0.3552989959716797,-0.3304546177387238,0.4624567627906799,0.4828223884105682,-0.0395439080893993,0.4103345870971680,0.4797235429286957,0.0394926145672798,0.4792560636997223,0.6673911213874817,-0.0528183206915855,0.3978782296180725,0.6644127368927002,0.0696403756737709,0.4821955263614655,0.8504741787910461,0.0542707853019238,0.3891879618167877,0.8352544307708740,0.1989945918321609,0.4820426106452942,0.8661348819732666,0.0555263683199883,0.3972002863883972,0.8587786555290222,0.2038081139326096,0.4757339060306549,0.9162073731422424,-0.0871538594365120,0.3558296859264374,0.8820788264274597,0.0870452895760536
0.4306846261024475,0.1492036581039429,-0.3186959624290466,0.4367515444755554,0.1306495070457458,-0.3075647950172424,0.4410524070262909,0.1305155605077744,-0.3075918555259705,0.4444745779037476,0.1306209117174149,-0.3075954020023346,0.4241346120834351,0.1319889724254608,-0.3021071255207062,0.4202111363410950,0.1324401795864105,-0.3021597564220428,0.4171422719955444,0.1330473870038986,-0.3021371662616730,0.4502595961093903,0.1377924680709839,-0.1972660124301910,0.4147960245609283,0.1416001766920090,-0.1710025221109390,0.4397138357162476,0.1676461100578308,-0.2735430002212524,0.4239068031311035,0.1700953096151352,-0.2664087116718292,0.4828500747680664,0.2304875850677490,-0.1345284134149551,0.3916465044021606,0.2433829158544540,-0.0372299067676067,0.5010063052177429,0.3637773394584656,-0.1900165826082230,0.3721646070480347,0.3611584305763245,-0.0752569958567619,0.4468984603881836,0.3724732100963593,-0.3695646524429321,0.3686155080795288,0.3716543316841125,-0.3207081854343414,0.4332948029041290,0.3755197525024414,-0.4162795841693878,0.3614685833454132,0.3768883645534515,-0.3658412694931030,0.4301546514034271,0.3551963269710541,-0.4221647381782532,0.3629505336284637,0.3599352836608887,-0.3877291083335876,0.4338238537311554,0.3512358367443085,-0.3735065162181854,0.3673543632030487,0.3549640178680420,-0.3347022235393524,0.4624976515769958,0.4828364551067352,-0.0396223999559879,0.4104747772216797,0.4797232747077942,0.0395708158612251,0.4792927503585815,0.6673330068588257,-0.0529531016945839,0.3981899619102478,0.6644105911254883,0.0699850097298622,0.4823891222476959,0.8507685065269470,0.0504518710076809,0.3892193436622620,0.8356688618659973,0.1989739537239075,0.4822776615619659,0.8669394254684448,0.0511106699705124,0.3972124755382538,0.8591074347496033,0.2037209421396255,0.4758607149124146,0.9165672063827515,-0.0921114310622215,0.3558517098426819,0.8823487162590027,0.0868805721402168
0.4307387769222260,0.1493230015039444,-0.3162458539009094,0.4367755353450775,0.1307968050241470,-0.3049666583538055,0.4410772323608398,0.1306580752134323,-0.3049961030483246,0.4445188641548157,0.1307589709758759,-0.3050001561641693,0.4241829216480255,0.1321341991424561,-0.2996872663497925,0.4202589988708496,0.1325934231281281,-0.2997380495071411,0.4172268807888031,0.1332016587257385,-0.2997145950794220,0.4502860307693481,0.1379021853208542,-0.1941036880016327,0.4148582816123962,0.1417654752731323,-0.1687933355569839,0.4397573769092560,0.1677611172199249,-0.2709951698780060,0.4239553809165955,0.1701849102973938,-0.2641244828701019,0.4829265177249908,0.2304946333169937,-0.1302465647459030,0.3917216956615448,0.2435341775417328,-0.0365337133407593,0.5010083913803101,0.3637388944625854,-0.1856938302516937,0.3721862137317657,0.3611447811126709,-0.0747292041778564,0.4469179511070251,0.3724614679813385,-0.3676709830760956,0.3688365221023560,0.3711843192577362,-0.3214700520038605,0.4333577752113342,0.3758256137371063,-0.4148070216178894,0.3614216148853302,0.3761290013790131,-0.3669013977050781,0.4301448166370392,0.3557459115982056,-0.4208832681179047,0.3632816374301910,0.3594846129417419,-0.3895346522331238,0.4338264167308807,0.3516425788402557,-0.3717101216316223,0.3676651716232300,0.3547140955924988,-0.3358549475669861,0.4626008272171021,0.4834423959255219,-0.0390181355178356,0.4105996191501617,0.4801467955112457,0.0389683358371258,0.4796228706836700,0.6685217022895813,-0.0528280995786190,0.3982045948505402,0.6648974418640137,0.0702265575528145,0.4824137091636658,0.8508638143539429,0.0521210432052612,0.3893379271030426,0.8356677889823914,0.2034267783164978,0.4822792708873749,0.8669942617416382,0.0529833473265171,0.3973197937011719,0.8591257333755493,0.2087636888027191,0.4760548472404480,0.9165432453155518,-0.0905232354998589,0.3558718264102936,0.8823506236076355,0.0919874906539917
0.4308951795101166,0.1493204832077026,-0.3162079751491547,0.4369392693042755,0.1308002471923828,-0.3048917353153229,0.4412308931350708,0.1306712180376053,-0.3049214184284210,0.4446582794189453,0.1307796090841293,-0.3049256205558777,0.4243358969688416,0.1321347504854202,-0.2997417747974396,0.4203990697860718,0.1325954347848892,-0.2997929453849792,0.4173457920551300,0.1332058310508728,-0.2997705042362213,0.4503833949565887,0.1379664838314056,-0.1941430717706680,0.4150003790855408,0.1418044567108154,-0.1688362658023834,0.4399061799049377,0.1677658855915070,-0.2710257470607758,0.4241086840629578,0.1701859980821609,-0.2642793953418732,0.4830265939235687,0.2306058704853058,-0.1304688006639481,0.3918251097202301,0.2435824871063232,-0.0372381024062634,0.5011638402938843,0.3638132512569427,-0.1859056651592255,0.3725826144218445,0.3611947894096375,-0.0743925422430038,0.4470489323139191,0.3726382851600647,-0.3669911921024323,0.3702719807624817,0.3711746633052826,-0.3213854730129242,0.4333752989768982,0.3758028447628021,-0.4134920239448547,0.3626820147037506,0.3758680224418640,-0.3664794862270355,0.4307767152786255,0.3556066155433655,-0.4191969931125641,0.3642182052135468,0.3592467606067657,-0.3883241713047028,0.4343190193176270,0.3516408205032349,-0.3708653748035431,0.3693099915981293,0.3545484542846680,-0.3354125320911407,0.4628138542175293,0.4834662675857544,-0.0390366725623608,0.4107523262500763,0.4801659584045410,0.0389872044324875,0.4797302484512329,0.6683965325355530,-0.0516700632870197,0.3983327448368073,0.6648971438407898,0.0707177668809891,0.4827684760093689,0.8508621454238892,0.0550164952874184,0.3895958065986633,0.8356472849845886,0.2035911977291107,0.4826654791831970,0.8669891953468323,0.0560295172035694,0.3975411653518677,0.8591648936271667,0.2088240087032318,0.4761148393154144,0.9168355464935303,-0.0871053189039230,0.3561260402202606,0.8824951052665710,0.0926894620060921
0.4308988153934479,0.1493507772684097,-0.3133714497089386,0.4369393289089203,0.1308646500110626,-0.3017868101596832,0.4412317574024200,0.1307275742292404,-0.3018160164356232,0.4446693956851959,0.1308359950780869,-0.3018141090869904,0.4243394732475281,0.1322123557329178,-0.2965072393417358,0.4204063117504120,0.1326808780431747,-0.2965528666973114,0.4173832535743713,0.1332888454198837,-0.2965283393859863,0.4503957927227020,0.1380410343408585,-0.1907041072845459,0.4150422513484955,0.1419149935245514,-0.1650030165910721,0.4399104118347168,0.1678012013435364,-0.2682062685489655,0.4241140186786652,0.1702188104391098,-0.2612925171852112,0.4831237792968750,0.2306102961301804,-0.1263720244169235,0.3919818699359894,0.2436539530754089,-0.0341719575226307,0.5012964010238647,0.3637692928314209,-0.1817624270915985,0.3726218640804291,0.3608930706977844,-0.0698058456182480,0.4474175572395325,0.3726193606853485,-0.3664083182811737,0.3701354265213013,0.3711407184600830,-0.3189413845539093,0.4337987601757050,0.3760596215724945,-0.4134027361869812,0.3625229597091675,0.3758877515792847,-0.3644756972789764,0.4310633540153503,0.3557685911655426,-0.4194137752056122,0.3643808960914612,0.3592622578144073,-0.3869470953941345,0.4345159232616425,0.3516904413700104,-0.3704050183296204,0.3692913055419922,0.3544836640357971,-0.3333237469196320,0.4628255069255829,0.4838558137416840,-0.0388645529747009,0.4108023643493652,0.4804107248783112,0.0388183817267418,0.4798782169818878,0.6685352325439453,-0.0517327189445496,0.3985336720943451,0.6650120615959167,0.0758020505309105,0.4828802347183228,0.8514579534530640,0.0476825349032879,0.3896000981330872,0.8359336853027344,0.2127751260995865,0.4827981293201447,0.8690378069877625,0.0474015437066555,0.3975371718406677,0.8592627048492432,0.2183701097965240,0.4763016700744629,0.9169226884841919,-0.0986297875642776,0.3561951816082001,0.8825814127922058,0.1026390269398689
0.4309580922126770,0.1493278890848160,-0.3136869370937347,0.4369763135910034,0.1308618783950806,-0.3021006286144257,0.4412767291069031,0.1307287663221359,-0.3021291196346283,0.4447514712810516,0.1308383345603943,-0.3021278977394104,0.4243813157081604,0.1322106570005417,-0.2969083786010742,0.4204513430595398,0.1326818466186523,-0.2969553172588348,0.4174633920192719,0.1332903355360031,-0.2969312369823456,0.4504397511482239,0.1380620449781418,-0.1909405738115311,0.4150941967964172,0.1419474780559540,-0.1654504835605621,0.4399846196174622,0.1677960306406021,-0.2684688866138458,0.4241721034049988,0.1702157109975815,-0.2616636157035828,0.4831649363040924,0.2306364178657532,-0.1266716122627258,0.3920151889324188,0.2437416613101959,-0.0343373492360115,0.5014242529869080,0.3639099299907684,-0.1823274344205856,0.3728241920471191,0.3610388040542603,-0.0708706080913544,0.4474791288375854,0.3727808594703674,-0.3661417961120605,0.3713213503360748,0.3711250722408295,-0.3188115954399109,0.4338434636592865,0.3759669065475464,-0.4128704369068146,0.3638792932033539,0.3756127655506134,-0.3642517626285553,0.4316625893115997,0.3554111719131470,-0.4187235236167908,0.3654324114322662,0.3587871491909027,-0.3859885931015015,0.4350043833255768,0.3516147136688232,-0.3701318800449371,0.3708821535110474,0.3540626466274261,-0.3329627215862274,0.4631071388721466,0.4836351275444031,-0.0390221923589706,0.4112778306007385,0.4801630675792694,0.0389776714146137,0.4799017310142517,0.6681049466133118,-0.0508641637861729,0.3988974392414093,0.6645113825798035,0.0733581408858299,0.4831095635890961,0.8514493703842163,0.0501421019434929,0.3898584246635437,0.8359332680702209,0.2006302624940872,0.4830947816371918,0.8690277338027954,0.0500724762678146,0.3978431820869446,0.8593327403068542,0.2048262059688568,0.4762572050094604,0.9170583486557007,-0.0952502936124802,0.3563186526298523,0.8828173875808716,0.0878253281116486
0.4309721291065216,0.1492825746536255,-0.3077002465724945,0.4369889795780182,0.1308374404907227,-0.2960845232009888,0.4412921965122223,0.1307015419006348,-0.2961157858371735,0.4447646439075470,0.1308057606220245,-0.2961216866970062,0.4244125783443451,0.1322085559368134,-0.2899880409240723,0.4205009639263153,0.1326826363801956,-0.2900270223617554,0.4175047576427460,0.1332921087741852,-0.2899918258190155,0.4504733383655548,0.1380437314510345,-0.1850049048662186,0.4152139425277710,0.1419533044099808,-0.1556609272956848,0.4400346875190735,0.1677599549293518,-0.2626246511936188,0.4242381453514099,0.1701832562685013,-0.2546711564064026,0.4832333326339722,0.2306385636329651,-0.1247949302196503,0.3925817310810089,0.2437426298856735,-0.0197116117924452,0.5015558600425720,0.3639011383056641,-0.1825875788927078,0.3730037808418274,0.3582637608051300,-0.0603080652654171,0.4475707411766052,0.3714334070682526,-0.3664061129093170,0.3711487352848053,0.3700730204582214,-0.3155013024806976,0.4341236948966980,0.3759278059005737,-0.4140003621578217,0.3636805117130280,0.3749631643295288,-0.3613929152488708,0.4315138161182404,0.3558053076267242,-0.4195429384708405,0.3655811250209808,0.3584542870521545,-0.3829919993877411,0.4349008798599243,0.3517684638500214,-0.3702103495597839,0.3707987666130066,0.3537662625312805,-0.3299389183521271,0.4631760418415070,0.4834680557250977,-0.0401171781122684,0.4116195738315582,0.4800898134708405,0.0400869213044643,0.4798914194107056,0.6680366992950439,-0.0529323257505894,0.3991690874099731,0.6645328402519226,0.0784855037927628,0.4833921194076538,0.8515989780426025,0.0438209772109985,0.3899417221546173,0.8359904885292053,0.2108162343502045,0.4836737513542175,0.8701165318489075,0.0434380844235420,0.3978111147880554,0.8593353629112244,0.2156664431095123,0.4762901663780212,0.9170175194740295,-0.1028736904263496,0.3561474084854126,0.8828279376029968,0.1006041318178177
0.4310429990291595,0.1492838710546494,-0.3080704808235168,0.4370248913764954,0.1308604329824448,-0.2965453267097473,0.4413461089134216,0.1307210922241211,-0.2965750396251678,0.4448558092117310,0.1308285146951675,-0.2965795099735260,0.4245079755783081,0.1322528570890427,-0.2906772196292877,0.4206153154373169,0.1327466219663620,-0.2907186150550842,0.4177162945270538,0.1333595365285873,-0.2906859517097473,0.4505603909492493,0.1380679756402969,-0.1858902275562286,0.4153510928153992,0.1420388668775558,-0.1577723473310471,0.4401150047779083,0.1677836328744888,-0.2631848454475403,0.4243165850639343,0.1702076643705368,-0.2555107474327087,0.4833514392375946,0.2308831661939621,-0.1251209378242493,0.3929975926876068,0.2437582165002823,-0.0226042438298464,0.5016674399375916,0.3638761341571808,-0.1829150766134262,0.3730563223361969,0.3582503497600555,-0.0606114119291306,0.4478866457939148,0.3707748055458069,-0.3664382398128510,0.3712283968925476,0.3694722652435303,-0.3151382505893707,0.4344775974750519,0.3759219050407410,-0.4137491881847382,0.3640337884426117,0.3746734857559204,-0.3608197271823883,0.4315395057201385,0.3559543490409851,-0.4194827675819397,0.3660241961479187,0.3580582439899445,-0.3822861313819885,0.4349135458469391,0.3517984151840210,-0.3702413737773895,0.3709001839160919,0.3532048165798187,-0.3295194506645203,0.4632089734077454,0.4835379123687744,-0.0401986129581928,0.4116648435592651,0.4802105426788330,0.0401699915528297,0.4799143671989441,0.6680273413658142,-0.0586125403642654,0.3991741538047791,0.6645332574844360,0.0814529135823250,0.4834162592887878,0.8515964746475220,0.0288339350372553,0.3902616798877716,0.8357718586921692,0.2140102088451385,0.4836775660514832,0.8700798153877258,0.0276954993605614,0.3982258439064026,0.8592523336410522,0.2189431190490723,0.4765538275241852,0.9167512655258179,-0.1165454238653183,0.3561735749244690,0.8826409578323364,0.1060040071606636
0.4310492873191833,0.1492747217416763,-0.3052047491073608,0.4370396733283997,0.1308441907167435,-0.2940126955509186,0.4413706958293915,0.1307080239057541,-0.2940436005592346,0.4449461698532104,0.1308244317770004,-0.2940459549427032,0.4245202243328094,0.1322389692068100,-0.2882887423038483,0.4206548929214478,0.1327406615018845,-0.2883327901363373,0.4178223311901093,0.1333601474761963,-0.2883067429065704,0.4506290555000305,0.1380951255559921,-0.1847408264875412,0.4154453575611115,0.1420540660619736,-0.1572318226099014,0.4401330649852753,0.1677879989147186,-0.2607189714908600,0.4243377149105072,0.1702086627483368,-0.2532282471656799,0.4835300445556641,0.2309615015983582,-0.1238596737384796,0.3931451141834259,0.2437611371278763,-0.0239616092294455,0.5020377039909363,0.3638763129711151,-0.1786340773105621,0.3740563094615936,0.3574919104576111,-0.0582674592733383,0.4480491578578949,0.3712365925312042,-0.3559788763523102,0.3714608848094940,0.3693415820598602,-0.3059418499469757,0.4346236288547516,0.3762452304363251,-0.4020620286464691,0.3641888797283173,0.3746423423290253,-0.3506081700325012,0.4321280121803284,0.3562490940093994,-0.4076172113418579,0.3661163151264191,0.3579387664794922,-0.3736398816108704,0.4353868365287781,0.3520465493202209,-0.3595405220985413,0.3708721101284027,0.3529438078403473,-0.3207443952560425,0.4633105993270874,0.4835963547229767,-0.0402088239789009,0.4118083715438843,0.4801913201808929,0.0401808209717274,0.4799577593803406,0.6682004928588867,-0.0542870722711086,0.3991975784301758,0.6645181179046631,0.0804423913359642,0.4834798276424408,0.8517566323280334,0.0403165929019451,0.3905369639396667,0.8357598781585693,0.2103237211704254,0.4837090671062469,0.8700444102287292,0.0399542227387428,0.3986357152462006,0.8592143654823303,0.2149724662303925,0.4765080809593201,0.9169121980667114,-0.1026992723345757,0.3566352725028992,0.8825232386589050,0.1016381010413170
0.4311917126178741,0.1493543535470963,-0.3063619732856750,0.4371348917484283,0.1309500932693481,-0.2951481938362122,0.4414764940738678,0.1308048814535141,-0.2951790392398834,0.4450715780258179,0.1309227049350739,-0.2951820790767670,0.4246371686458588,0.1323785334825516,-0.2894869744777679,0.4207709133625031,0.1328849494457245,-0.2895325720310211,0.4179763495922089,0.1334937512874603,-0.2895082235336304,0.4507400691509247,0.1381848156452179,-0.1854985058307648,0.4155631363391876,0.1421885639429092,-0.1583344340324402,0.4402967393398285,0.1678667515516281,-0.2617481350898743,0.4244849979877472,0.1703158468008041,-0.2543340027332306,0.4836274981498718,0.2309795618057251,-0.1239808723330498,0.3933326900005341,0.2438694387674332,-0.0247558839619160,0.5020873546600342,0.3637600839138031,-0.1793393641710281,0.3743175566196442,0.3574941754341125,-0.0607581324875355,0.4483280777931213,0.3711966574192047,-0.3583312034606934,0.3714823424816132,0.3692094087600708,-0.3073599636554718,0.4351834952831268,0.3762409389019012,-0.4046086966991425,0.3642610013484955,0.3745386898517609,-0.3519315719604492,0.4323346912860870,0.3562527000904083,-0.4103244543075562,0.3661570549011230,0.3575437664985657,-0.3749249577522278,0.4355185925960541,0.3520457148551941,-0.3619990646839142,0.3708069622516632,0.3527383506298065,-0.3220453262329102,0.4634202122688293,0.4836924374103546,-0.0397377461194992,0.4118891060352325,0.4804101586341858,0.0397039279341698,0.4802140891551971,0.6682612895965576,-0.0542873106896877,0.3991964459419250,0.6649786829948425,0.0784590765833855,0.4835102260112762,0.8517614603042603,0.0412967875599861,0.3906117677688599,0.8357529640197754,0.2094001471996307,0.4837053418159485,0.8699564337730408,0.0412534847855568,0.3987289965152740,0.8592176437377930,0.2142881006002426,0.4766894280910492,0.9168877601623535,-0.1008284091949463,0.3570306003093719,0.8825863599777222,0.1015716046094894
0.4312857091426849,0.1493816226720810,-0.3072300255298615,0.4372296631336212,0.1309620440006256,-0.2959201633930206,0.4415816962718964,0.1308214813470840,-0.2959508001804352,0.4452082812786102,0.1309462785720825,-0.2959541082382202,0.4247044622898102,0.1323981285095215,-0.2904063463211060,0.4208328127861023,0.1329097449779510,-0.2904524207115173,0.4180745482444763,0.1335256248712540,-0.2904278934001923,0.4508225321769714,0.1382434368133545,-0.1859230399131775,0.4156127274036407,0.1422560214996338,-0.1593437641859055,0.4403941035270691,0.1679002493619919,-0.2624688446521759,0.4245568513870239,0.1703834682703018,-0.2552288770675659,0.4837174117565155,0.2311048209667206,-0.1241220757365227,0.3933384716510773,0.2439544647932053,-0.0255959909409285,0.5023069977760315,0.3637498617172241,-0.1792329102754593,0.3745359778404236,0.3573646843433380,-0.0613696984946728,0.4485566914081573,0.3719521164894104,-0.3588329255580902,0.3719384372234344,0.3692231476306915,-0.3067080080509186,0.4353727102279663,0.3765919208526611,-0.4051531851291656,0.3646979331970215,0.3745518028736115,-0.3510495424270630,0.4330937564373016,0.3565158545970917,-0.4109757840633392,0.3664420247077942,0.3575531840324402,-0.3744450211524963,0.4361640214920044,0.3523297905921936,-0.3626233041286469,0.3710114657878876,0.3527546823024750,-0.3215130567550659,0.4635245203971863,0.4837654829025269,-0.0397354252636433,0.4119499921798706,0.4805097281932831,0.0397016592323780,0.4802630543708801,0.6682935357093811,-0.0524844974279404,0.3992046415805817,0.6651372313499451,0.0778684243559837,0.4836579263210297,0.8517773151397705,0.0439477488398552,0.3907291293144226,0.8357527852058411,0.2086601406335831,0.4838293194770813,0.8699226379394531,0.0438006110489368,0.3988717794418335,0.8593130111694336,0.2135963588953018,0.4767353236675262,0.9169384241104126,-0.0987856164574623,0.3572396039962769,0.8826289772987366,0.1004605144262314
0.4313431382179260,0.1495097577571869,-0.3134895563125610,0.4372551143169403,0.1310983896255493,-0.3020734488964081,0.4416019022464752,0.1309612542390823,-0.3021014928817749,0.4452348947525024,0.1310817897319794,-0.3021046817302704,0.4247418642044067,0.1325272321701050,-0.2969708442687988,0.4208636581897736,0.1330447793006897,-0.2970197498798370,0.4181141853332520,0.1336677521467209,-0.2969992756843567,0.4508377909660339,0.1383603811264038,-0.1913282126188278,0.4156355261802673,0.1424397081136703,-0.1665977090597153,0.4404350221157074,0.1680124104022980,-0.2684347033500671,0.4245969951152802,0.1705017089843750,-0.2617427110671997,0.4837775230407715,0.2312309443950653,-0.1272950917482376,0.3933356404304504,0.2442185580730438,-0.0334740541875362,0.5024306178092957,0.3638089895248413,-0.1817409992218018,0.3746115565299988,0.3583224415779114,-0.0694421529769897,0.4486699998378754,0.3724521994590759,-0.3618618845939636,0.3726173341274261,0.3692362010478973,-0.3147130608558655,0.4354987144470215,0.3766660988330841,-0.4080859720706940,0.3654330074787140,0.3742169737815857,-0.3590461313724518,0.4335577785968781,0.3565282523632050,-0.4133615195751190,0.3669729232788086,0.3572138845920563,-0.3824396729469299,0.4365893900394440,0.3523698449134827,-0.3654924333095551,0.3713707625865936,0.3526979088783264,-0.3293518424034119,0.4636611342430115,0.4840545058250427,-0.0397347435355186,0.4120842814445496,0.4808108806610107,0.0397006720304489,0.4804314076900482,0.6682842969894409,-0.0524377748370171,0.3992829620838165,0.6653212308883667,0.0790967941284180,0.4838271141052246,0.8519147038459778,0.0448362492024899,0.3907612562179565,0.8360636234283447,0.2127110809087753,0.4840698838233948,0.8698940873146057,0.0447873435914516,0.3989003002643585,0.8594655394554138,0.2180310934782028,0.4767741560935974,0.9170415997505188,-0.0982982218265533,0.3574522733688354,0.8826816678047180,0.1037583649158478
0.4313594102859497,0.1495176255702972,-0.3432776629924774,0.4373050928115845,0.1310996562242508,-0.3321464657783508,0.4416581094264984,0.1309630423784256,-0.3321714103221893,0.4452807605266571,0.1310840100049973,-0.3321839869022369,0.4247730076313019,0.1325285434722900,-0.3273997008800507,0.4208863377571106,0.1330474466085434,-0.3274641633033752,0.4181317985057831,0.1336737275123596,-0.3274548351764679,0.4509137570858002,0.1383879184722900,-0.2202829718589783,0.4156934022903442,0.1424622237682343,-0.1969826817512512,0.4404616653919220,0.1680394858121872,-0.2975538372993469,0.4246264994144440,0.1705592274665833,-0.2913058102130890,0.4838981926441193,0.2315938621759415,-0.1516078859567642,0.3933431208133698,0.2443646192550659,-0.0607076659798622,0.5024570226669312,0.3642145395278931,-0.2086472213268280,0.3746318817138672,0.3624804615974426,-0.0972765311598778,0.4487145245075226,0.3727964758872986,-0.3915752470493317,0.3746754229068756,0.3699572384357452,-0.3375038802623749,0.4355083107948303,0.3765224516391754,-0.4373614490032196,0.3684177100658417,0.3740759789943695,-0.3811363875865936,0.4337895512580872,0.3556845486164093,-0.4420731365680695,0.3688980638980865,0.3567327857017517,-0.4016714692115784,0.4369208216667175,0.3520935773849487,-0.3950373530387878,0.3730289041996002,0.3526109755039215,-0.3505056202411652,0.4638175368309021,0.4842065870761871,-0.0398354902863503,0.4121513962745667,0.4808750152587891,0.0397955067455769,0.4805402457714081,0.6682303547859192,-0.0523011721670628,0.3996721804141998,0.6652565598487854,0.0814896896481514,0.4840558767318726,0.8518658876419067,0.0511155612766743,0.3908123373985291,0.8360630869865417,0.2191332280635834,0.4843089878559113,0.8696335554122925,0.0520318746566772,0.3988909423351288,0.8594709038734436,0.2249551713466644,0.4769840538501740,0.9173880219459534,-0.0922043994069099,0.3576045036315918,0.8829317092895508,0.1095149591565132
0.4314665794372559,0.1495453268289566,-0.3368218243122101,0.4373872578144073,0.1311443001031876,-0.3255330920219421,0.4417285025119781,0.1310220211744308,-0.3255594372749329,0.4453453719615936,0.1311436593532562,-0.3255685865879059,0.4248687624931335,0.1325612068176270,-0.3206803202629089,0.4209667742252350,0.1330860257148743,-0.3207388222217560,0.4181993603706360,0.1337208449840546,-0.3207238018512726,0.4509569704532623,0.1384450048208237,-0.2139193862676620,0.4157525002956390,0.1425528377294540,-0.1904731392860413,0.4405546784400940,0.1680611073970795,-0.2912515401840210,0.4247152209281921,0.1705821454524994,-0.2848871648311615,0.4839594662189484,0.2316707968711853,-0.1473154127597809,0.3933412134647369,0.2444945126771927,-0.0558111779391766,0.5025421977043152,0.3642286360263824,-0.2063578069210052,0.3746962845325470,0.3635217547416687,-0.0910575315356255,0.4489777386188507,0.3734205961227417,-0.3909996747970581,0.3755162358283997,0.3699980974197388,-0.3321943581104279,0.4356835484504700,0.3765421211719513,-0.4360197782516479,0.3690077066421509,0.3735212385654449,-0.3760733902454376,0.4342357218265533,0.3556906282901764,-0.4405217170715332,0.3693560063838959,0.3558207750320435,-0.3977867662906647,0.4374234378337860,0.3521453142166138,-0.3945778608322144,0.3738435208797455,0.3521322011947632,-0.3458294868469238,0.4639678299427032,0.4842444658279419,-0.0397931858897209,0.4122159183025360,0.4808824956417084,0.0397526845335960,0.4806276261806488,0.6682258844375610,-0.0520217679440975,0.3997838795185089,0.6652747392654419,0.0807432606816292,0.4842574298381805,0.8519217967987061,0.0508681461215019,0.3908286988735199,0.8364699482917786,0.2167538702487946,0.4845847189426422,0.8696328401565552,0.0516150929033756,0.3988797068595886,0.8596705794334412,0.2223221212625504,0.4771755337715149,0.9175158143043518,-0.0931790098547935,0.3578272759914398,0.8830223083496094,0.1069813296198845
0.4316071867942810,0.1496173590421677,-0.3341270089149475,0.4375138580799103,0.1312088221311569,-0.3230039775371552,0.4418454170227051,0.1310946941375732,-0.3230292499065399,0.4454324841499329,0.1312155872583389,-0.3230358958244324,0.4250046312808990,0.1326256692409515,-0.3180046379566193,0.4210966527462006,0.1331629157066345,-0.3180620968341827,0.4182853400707245,0.1338092088699341,-0.3180455565452576,0.4510544538497925,0.1385361850261688,-0.2120282351970673,0.4158354699611664,0.1427066773176193,-0.1877738088369370,0.4407000839710236,0.1681227684020996,-0.2887237668037415,0.4248609840869904,0.1706719547510147,-0.2821731865406036,0.4840697646141052,0.2317614555358887,-0.1452719271183014,0.3933773934841156,0.2444968074560165,-0.0539580807089806,0.5026226043701172,0.3642822206020355,-0.2031696885824203,0.3748525679111481,0.3635978698730469,-0.0901545807719231,0.4490449726581573,0.3739331066608429,-0.3870947062969208,0.3754551112651825,0.3697198331356049,-0.3343394994735718,0.4357143044471741,0.3769093453884125,-0.4327076375484467,0.3694176971912384,0.3719886839389801,-0.3785633742809296,0.4343055188655853,0.3560407459735870,-0.4376392066478729,0.3696729838848114,0.3525457382202148,-0.3999925553798676,0.4375105202198029,0.3524129092693329,-0.3907585740089417,0.3740864992141724,0.3492934703826904,-0.3479423522949219,0.4640464782714844,0.4844195246696472,-0.0396990701556206,0.4122564494609833,0.4810400009155273,0.0396556816995144,0.4808710217475891,0.6684018969535828,-0.0521689504384995,0.3999974131584167,0.6651872396469116,0.0805535390973091,0.4843691587448120,0.8519272804260254,0.0518523566424847,0.3908688426017761,0.8364546298980713,0.2195008099079132,0.4846864938735962,0.8696196675300598,0.0528077855706215,0.3987296223640442,0.8596463799476624,0.2255330234766006,0.4775166511535645,0.9176918864250183,-0.0921839326620102,0.3579240143299103,0.8830192685127258,0.1099761202931404
0.4316229522228241,0.1496187746524811,-0.3326058387756348,0.4375344812870026,0.1312091499567032,-0.3222895860671997,0.4418749511241913,0.1310957521200180,-0.3223129212856293,0.4455081820487976,0.1312184482812881,-0.3223186135292053,0.4250247180461884,0.1326273530721664,-0.3171182870864868,0.4211317002773285,0.1331653296947479,-0.3171764910221100,0.4183586537837982,0.1338130831718445,-0.3171637952327728,0.4511082470417023,0.1385689377784729,-0.2107560485601425,0.4158965349197388,0.1427364051342010,-0.1873254925012589,0.4407241940498352,0.1681325584650040,-0.2876836955547333,0.4248932301998138,0.1706969588994980,-0.2808798849582672,0.4841457903385162,0.2318741381168365,-0.1443701833486557,0.3934276998043060,0.2444990724325180,-0.0534465312957764,0.5028039216995239,0.3643147349357605,-0.2030984014272690,0.3750144541263580,0.3635398745536804,-0.0874387696385384,0.4493095278739929,0.3742629587650299,-0.3818520903587341,0.3753877878189087,0.3690896332263947,-0.3313669860363007,0.4357492029666901,0.3769257366657257,-0.4260687232017517,0.3694809079170227,0.3707121908664703,-0.3755453228950500,0.4345575571060181,0.3560633659362793,-0.4312441647052765,0.3698107302188873,0.3501644730567932,-0.3983236253261566,0.4378526806831360,0.3524544537067413,-0.3854494690895081,0.3742320835590363,0.3470015823841095,-0.3454497158527374,0.4640945494174957,0.4844132661819458,-0.0397938080132008,0.4122920334339142,0.4810427725315094,0.0397508591413498,0.4809211492538452,0.6684547662734985,-0.0488268360495567,0.3999971449375153,0.6651987433433533,0.0793679878115654,0.4846314489841461,0.8519028425216675,0.0570045001804829,0.3910860121250153,0.8364536762237549,0.2107229232788086,0.4848223626613617,0.8693823218345642,0.0579140037298203,0.3990358710289001,0.8597536087036133,0.2154996842145920,0.4775318503379822,0.9178285598754883,-0.0867274776101112,0.3579900860786438,0.8831429481506348,0.0987523049116135
0.4316271841526031,0.1497557908296585,-0.3184779286384583,0.4375361204147339,0.1313161849975586,-0.3088820278644562,0.4418748319149017,0.1311812996864319,-0.3089062273502350,0.4455097317695618,0.1313018351793289,-0.3089066743850708,0.4250290691852570,0.1327552199363708,-0.3033675253391266,0.4211392998695374,0.1332899630069733,-0.3034209311008453,0.4183814823627472,0.1339242309331894,-0.3034002482891083,0.4511098861694336,0.1386697292327881,-0.2008075416088104,0.4159290492534637,0.1428808867931366,-0.1752882748842239,0.4407256841659546,0.1682416945695877,-0.2741732597351074,0.4249025285243988,0.1708081215620041,-0.2670007944107056,0.4841729402542114,0.2318716645240784,-0.1356412470340729,0.3936188519001007,0.2444921433925629,-0.0453837849199772,0.5028044581413269,0.3642537891864777,-0.1945308148860931,0.3751395046710968,0.3630194365978241,-0.0854237228631973,0.4493322372436523,0.3742038011550903,-0.3708696961402893,0.3752018809318542,0.3640379607677460,-0.3332133889198303,0.4357681274414062,0.3769499063491821,-0.4152779281139374,0.3693010210990906,0.3660875260829926,-0.3782030344009399,0.4345346987247467,0.3562329113483429,-0.4201801419258118,0.3699199259281158,0.3452953696250916,-0.3991041779518127,0.4378288984298706,0.3524934649467468,-0.3741948902606964,0.3742470741271973,0.3418692946434021,-0.3468394577503204,0.4642364680767059,0.4845550954341888,-0.0395389124751091,0.4124373495578766,0.4810776412487030,0.0394956842064857,0.4810603857040405,0.6685751676559448,-0.0493034981191158,0.3999960720539093,0.6653329730033875,0.0757773816585541,0.4846310615539551,0.8518711328506470,0.0567524544894695,0.3912256062030792,0.8364123702049255,0.2066251635551453,0.4847791790962219,0.8691851496696472,0.0577540136873722,0.3991974592208862,0.8597308397293091,0.2115473747253418,0.4777637124061584,0.9177147150039673,-0.0858993008732796,0.3580791056156158,0.8831552863121033,0.0958300679922104
0.4316664636135101,0.1499520093202591,-0.3146334886550903,0.4375613033771515,0.1314597874879837,-0.3050363361835480,0.4419047534465790,0.1313025206327438,-0.3050595819950104,0.4455547928810120,0.1314150393009186,-0.3050594925880432,0.4250826835632324,0.1329362541437149,-0.2994968295097351,0.4212111234664917,0.1334743648767471,-0.2995515167713165,0.4184665381908417,0.1340981423854828,-0.2995272278785706,0.4511561691761017,0.1387470513582230,-0.1979690194129944,0.4160026013851166,0.1430232822895050,-0.1717956066131592,0.4407640695571899,0.1683849841356277,-0.2704930007457733,0.4249611794948578,0.1710092425346375,-0.2632514834403992,0.4843259751796722,0.2318819463253021,-0.1328117996454239,0.3937894999980927,0.2445144057273865,-0.0416210256516933,0.5029565095901489,0.3641755878925323,-0.1916705220937729,0.3752021491527557,0.3636052906513214,-0.0846736058592796,0.4496707320213318,0.3743343055248260,-0.3676366508007050,0.3751156628131866,0.3606312572956085,-0.3347294032573700,0.4360587894916534,0.3771650791168213,-0.4117336869239807,0.3695229291915894,0.3608060479164124,-0.3797697126865387,0.4349062740802765,0.3566613495349884,-0.4161915481090546,0.3701056838035583,0.3401578664779663,-0.3988961577415466,0.4382227361202240,0.3528531193733215,-0.3707707524299622,0.3743503987789154,0.3373459279537201,-0.3476685881614685,0.4643444716930389,0.4845651090145111,-0.0395269542932510,0.4125127494335175,0.4810664355754852,0.0394841991364956,0.4810670912265778,0.6684769988059998,-0.0509816743433475,0.4000903964042664,0.6654978990554810,0.0723647400736809,0.4847062826156616,0.8518628478050232,0.0558532662689686,0.3912557959556580,0.8366003632545471,0.2012260705232620,0.4847956001758575,0.8691509962081909,0.0569162443280220,0.3992360830307007,0.8598030805587769,0.2059644609689713,0.4779301583766937,0.9177947640419006,-0.0867832899093628,0.3582781851291656,0.8834114074707031,0.0895113497972488
0.4316788613796234,0.1499544084072113,-0.3308318853378296,0.4375699460506439,0.1314588338136673,-0.3208053708076477,0.4419140815734863,0.1312992572784424,-0.3208269774913788,0.4455944597721100,0.1314150393009186,-0.3208370506763458,0.4250970780849457,0.1329381316900253,-0.3156819939613342,0.4212519526481628,0.1334779113531113,-0.3157455623149872,0.4185288548469543,0.1341081112623215,-0.3157274127006531,0.4511852562427521,0.1387725621461868,-0.2119095474481583,0.4160566329956055,0.1430635005235672,-0.1870475262403488,0.4407680630683899,0.1684001386165619,-0.2858778238296509,0.4250087738037109,0.1710192859172821,-0.2791200280189514,0.4843829572200775,0.2319682240486145,-0.1451961398124695,0.3938705325126648,0.2446275502443314,-0.0522043183445930,0.5029612779617310,0.3641687929630280,-0.2022474259138107,0.3752380013465881,0.3658195734024048,-0.1038069799542427,0.4498308598995209,0.3744395375251770,-0.3754046857357025,0.3770826756954193,0.3586853742599487,-0.3538538813591003,0.4362994432449341,0.3776819705963135,-0.4186560213565826,0.3727481663227081,0.3576013743877411,-0.3983385860919952,0.4350022971630096,0.3572191596031189,-0.4230941236019135,0.3730036020278931,0.3376274108886719,-0.4140143394470215,0.4383108913898468,0.3535123467445374,-0.3783028423786163,0.3764258325099945,0.3353054225444794,-0.3651960194110870,0.4646114706993103,0.4847731292247772,-0.0400120764970779,0.4126374423503876,0.4811663627624512,0.0399687960743904,0.4813534319400787,0.6695244312286377,-0.0538824982941151,0.4001228511333466,0.6655144691467285,0.0842336490750313,0.4847500622272491,0.8519142866134644,0.0483758896589279,0.3914747238159180,0.8364946246147156,0.2213939577341080,0.4847918450832367,0.8692520260810852,0.0488583408296108,0.3994742333889008,0.8597858548164368,0.2270787805318832,0.4783135354518890,0.9177168011665344,-0.0951866135001183,0.3582749366760254,0.8834004998207092,0.1136050671339035
0.4317260086536407,0.1501055359840393,-0.3239183425903320,0.4375829398632050,0.1315566897392273,-0.3146269619464874,0.4419203400611877,0.1313792914152145,-0.3146464228630066,0.4456067383289337,0.1314792037010193,-0.3146489560604095,0.4251250922679901,0.1331105977296829,-0.3091185688972473,0.4212745428085327,0.1336791217327118,-0.3091898858547211,0.4185540080070496,0.1343454718589783,-0.3091669976711273,0.4511924386024475,0.1387928277254105,-0.2075846940279007,0.4160744547843933,0.1432361155748367,-0.1806391030550003,0.4408155381679535,0.1684565097093582,-0.2792928814888000,0.4250519871711731,0.1711383908987045,-0.2719883024692535,0.4844574332237244,0.2319521903991699,-0.1387763023376465,0.3939214050769806,0.2445621043443680,-0.0438530482351780,0.5030921697616577,0.3641563057899475,-0.1975522786378860,0.3758491277694702,0.3671522736549377,-0.1012194007635117,0.4499846696853638,0.3747191727161407,-0.3737536072731018,0.3769147098064423,0.3571358323097229,-0.3460975885391235,0.4363229572772980,0.3777770996093750,-0.4170269072055817,0.3726035952568054,0.3559421300888062,-0.3907327055931091,0.4351444244384766,0.3573616147041321,-0.4207504987716675,0.3727182149887085,0.3337112963199615,-0.4084078669548035,0.4384820163249969,0.3536293804645538,-0.3764020502567291,0.3762230575084686,0.3316781222820282,-0.3583267033100128,0.4646254479885101,0.4847684502601624,-0.0403506010770798,0.4126884341239929,0.4811228513717651,0.0403107069432735,0.4813637733459473,0.6694388985633850,-0.0562376305460930,0.4003482758998871,0.6654713749885559,0.0840732604265213,0.4849964380264282,0.8519603013992310,0.0445432141423225,0.3915145993232727,0.8365153670310974,0.2205312252044678,0.4850894808769226,0.8693420290946960,0.0448574982583523,0.3994644880294800,0.8598246574401855,0.2262188047170639,0.4786390066146851,0.9178891777992249,-0.0996226593852043,0.3582842051982880,0.8836228847503662,0.1120944842696190
0.4317498505115509,0.1501441448926926,-0.3237406909465790,0.4376074671745300,0.1315963864326477,-0.3142123520374298,0.4419506192207336,0.1314126104116440,-0.3142325282096863,0.4456538856029510,0.1315132975578308,-0.3142356276512146,0.4251579940319061,0.1331619322299957,-0.3088943064212799,0.4213199317455292,0.1337270587682724,-0.3089623749256134,0.4186081588268280,0.1343832761049271,-0.3089386224746704,0.4512444436550140,0.1388244032859802,-0.2063173800706863,0.4161260426044464,0.1432699710130692,-0.1800144165754318,0.4408412575721741,0.1684917360544205,-0.2791680395603180,0.4250810444355011,0.1711839586496353,-0.2717801332473755,0.4844799339771271,0.2319354563951492,-0.1386658102273941,0.3942459821701050,0.2445637732744217,-0.0437086969614029,0.5030952095985413,0.3641431629657745,-0.1978338360786438,0.3761281669139862,0.3671505749225616,-0.0968478769063950,0.4500638246536255,0.3747134208679199,-0.3747400343418121,0.3770565390586853,0.3550349473953247,-0.3485238850116730,0.4363637566566467,0.3777824044227600,-0.4180848002433777,0.3726229369640350,0.3533623218536377,-0.3936317563056946,0.4351269602775574,0.3574079871177673,-0.4220724701881409,0.3727334737777710,0.3308706879615784,-0.4106389880180359,0.4384616315364838,0.3536324799060822,-0.3775058090686798,0.3763198554515839,0.3295590281486511,-0.3606778085231781,0.4648832380771637,0.4848717153072357,-0.0405889302492142,0.4128874242305756,0.4811714887619019,0.0405513904988766,0.4816285371780396,0.6700586080551147,-0.0579509548842907,0.4003686606884003,0.6654701232910156,0.0839674621820450,0.4850100278854370,0.8520659208297729,0.0399357005953789,0.3917748630046844,0.8364084362983704,0.2189179211854935,0.4850839078426361,0.8695569634437561,0.0399135611951351,0.3997992873191833,0.8597902655601501,0.2243725806474686,0.4789231717586517,0.9177806973457336,-0.1041536629199982,0.3583046197891235,0.8835666775703430,0.1103950589895248
0.4317525625228882,0.1504455655813217,-0.3138374686241150,0.4376097619533539,0.1317689269781113,-0.3049415349960327,0.4419516921043396,0.1315370202064514,-0.3049630820751190,0.4456566274166107,0.1316103190183640,-0.3049611449241638,0.4251687824726105,0.1334066092967987,-0.2990288138389587,0.4213289916515350,0.1339711397886276,-0.2990971207618713,0.4186282157897949,0.1346064656972885,-0.2990682423114777,0.4512473344802856,0.1388334780931473,-0.1988448351621628,0.4161602556705475,0.1433204859495163,-0.1697987616062164,0.4408431947231293,0.1686013787984848,-0.2695783972740173,0.4250828027725220,0.1713580787181854,-0.2615672051906586,0.4845449030399323,0.2319032698869705,-0.1318079382181168,0.3942973911762238,0.2443747371435165,-0.0318590477108955,0.5032504200935364,0.3641375303268433,-0.1936453878879547,0.3763626515865326,0.3683376312255859,-0.0899949148297310,0.4503105580806732,0.3747286498546600,-0.3733995258808136,0.3768775165081024,0.3532624542713165,-0.3440781533718109,0.4366086721420288,0.3778310120105743,-0.4169109761714935,0.3723996877670288,0.3517097234725952,-0.3888598382472992,0.4353874325752258,0.3574669659137726,-0.4206000864505768,0.3725238740444183,0.3282822370529175,-0.4082712829113007,0.4387040436267853,0.3536520600318909,-0.3760786652565002,0.3761554658412933,0.3271422982215881,-0.3571030795574188,0.4648832380771637,0.4848707914352417,-0.0412545911967754,0.4129105210304260,0.4811526834964752,0.0412263125181198,0.4816299378871918,0.6697693467140198,-0.0595374889671803,0.4004836380481720,0.6654630303382874,0.0808006897568703,0.4852496683597565,0.8520714044570923,0.0387891083955765,0.3918126225471497,0.8366196751594543,0.2088907361030579,0.4853998124599457,0.8695455193519592,0.0388443097472191,0.3997929990291595,0.8600412607192993,0.2135030180215836,0.4791415333747864,0.9179829359054565,-0.1054094880819321,0.3582888841629028,0.8837228417396545,0.0977579578757286
0.4317911267280579,0.1503995209932327,-0.3140491247177124,0.4376501739025116,0.1317233741283417,-0.3050700426101685,0.4420144259929657,0.1314917951822281,-0.3050920069217682,0.4457584917545319,0.1315754801034927,-0.3050887882709503,0.4252011179924011,0.1333901286125183,-0.2990599870681763,0.4213774502277374,0.1339649260044098,-0.2991268932819366,0.4186860322952271,0.1346063315868378,-0.2990964055061340,0.4513917267322540,0.1388390362262726,-0.1992380172014236,0.4162238538265228,0.1433258801698685,-0.1698157489299774,0.4409365355968475,0.1685976386070251,-0.2696948647499084,0.4251374900341034,0.1713606417179108,-0.2618765830993652,0.4846434593200684,0.2319032102823257,-0.1323449760675430,0.3947206437587738,0.2442753762006760,-0.0324617922306061,0.5032516717910767,0.3641314208507538,-0.1938694417476654,0.3767242431640625,0.3682846724987030,-0.0900100767612457,0.4503547847270966,0.3747887611389160,-0.3733630776405334,0.3767679035663605,0.3503812551498413,-0.3500246703624725,0.4366134107112885,0.3779508471488953,-0.4169049561023712,0.3722743988037109,0.3480039238929749,-0.3954070508480072,0.4353701472282410,0.3576231896877289,-0.4206464588642120,0.3724736273288727,0.3257798850536346,-0.4132739901542664,0.4386858940124512,0.3536948561668396,-0.3760685324668884,0.3761066198348999,0.3243748843669891,-0.3626528978347778,0.4650933444499969,0.4850755035877228,-0.0413862057030201,0.4131245017051697,0.4812618792057037,0.0413564257323742,0.4818883836269379,0.6705442070960999,-0.0547384135425091,0.4004864692687988,0.6655882596969604,0.0804509669542313,0.4853019416332245,0.8520598411560059,0.0555218197405338,0.3921431601047516,0.8365615010261536,0.2089232653379440,0.4854221343994141,0.8687005639076233,0.0568893067538738,0.4002856910228729,0.8598800897598267,0.2136069238185883,0.4790648818016052,0.9179770946502686,-0.0856766551733017,0.3585833609104156,0.8836196064949036,0.0979413613677025
0.4318762421607971,0.1504844129085541,-0.3202013671398163,0.4377093017101288,0.1317656785249710,-0.3110051453113556,0.4420682489871979,0.1315271705389023,-0.3110228776931763,0.4458234608173370,0.1316083967685699,-0.3110187947750092,0.4253002405166626,0.1334543228149414,-0.3053081929683685,0.4214709103107452,0.1340307742357254,-0.3053798079490662,0.4187785983085632,0.1346686780452728,-0.3053471446037292,0.4514558911323547,0.1388523876667023,-0.2033436298370361,0.4163041412830353,0.1433427333831787,-0.1755023598670959,0.4410180449485779,0.1686705499887466,-0.2751716971397400,0.4252380728721619,0.1714814603328705,-0.2676777839660645,0.4848875403404236,0.2320081740617752,-0.1344540268182755,0.3947772979736328,0.2442600429058075,-0.0359491519629955,0.5034242868423462,0.3643034100532532,-0.1967660933732986,0.3772323727607727,0.3720370829105377,-0.0941524878144264,0.4504420161247253,0.3749659657478333,-0.3828120827674866,0.3767589330673218,0.3505992591381073,-0.3560525774955750,0.4366280734539032,0.3779373466968536,-0.4272157549858093,0.3722526133060455,0.3463003635406494,-0.4018306136131287,0.4355153739452362,0.3576018214225769,-0.4302598237991333,0.3723615407943726,0.3244292140007019,-0.4176070094108582,0.4388880431652069,0.3536920845508575,-0.3854369521141052,0.3760389685630798,0.3236228823661804,-0.3676361441612244,0.4651846587657928,0.4850137829780579,-0.0413711033761501,0.4131607115268707,0.4812113344669342,0.0413410328328609,0.4819685220718384,0.6705295443534851,-0.0572680123150349,0.4007382690906525,0.6654750108718872,0.0752665325999260,0.4854629635810852,0.8522514700889587,0.0549134947359562,0.3922429978847504,0.8368135094642639,0.2069011479616165,0.4856510460376740,0.8690223693847656,0.0561059340834618,0.4002919793128967,0.8600233197212219,0.2119299322366714,0.4791865646839142,0.9182219505310059,-0.0866114646196365,0.3588627874851227,0.8841650485992432,0.0952890291810036
0.4318991303443909,0.1504821926355362,-0.3201902210712433,0.4377296864986420,0.1317627280950546,-0.3109039664268494,0.4420947134494781,0.1315193027257919,-0.3109225928783417,0.4458748698234558,0.1316014826297760,-0.3109190762042999,0.4253281652927399,0.1334561556577682,-0.3052332103252411,0.4215165674686432,0.1340349763631821,-0.3053035736083984,0.4188340902328491,0.1346739530563354,-0.3052721619606018,0.4515221416950226,0.1388579457998276,-0.2030775547027588,0.4163762032985687,0.1433521062135696,-0.1754279285669327,0.4410556554794312,0.1686740815639496,-0.2751819789409637,0.4252943098545074,0.1714895367622375,-0.2676927447319031,0.4849167168140411,0.2319945693016052,-0.1346134841442108,0.3951308429241180,0.2442150264978409,-0.0364443846046925,0.5034295916557312,0.3642557859420776,-0.1969059854745865,0.3777132928371429,0.3715996742248535,-0.0945905521512032,0.4504705667495728,0.3746470808982849,-0.3820041716098785,0.3770516216754913,0.3496629595756531,-0.3548183739185333,0.4367195367813110,0.3779010176658630,-0.4266184270381927,0.3723987340927124,0.3448453843593597,-0.4004702270030975,0.4355001747608185,0.3576290309429169,-0.4300929009914398,0.3725004196166992,0.3240441679954529,-0.4168187677860260,0.4388715326786041,0.3536806702613831,-0.3848029971122742,0.3762547671794891,0.3230906128883362,-0.3667079508304596,0.4653923809528351,0.4851700365543365,-0.0413227006793022,0.4133194386959076,0.4812305569648743,0.0412921346724033,0.4820622503757477,0.6706453561782837,-0.0591480806469917,0.4007367491722107,0.6654863357543945,0.0764940232038498,0.4854722321033478,0.8522533178329468,0.0473955236375332,0.3924242258071899,0.8367112874984741,0.2111010253429413,0.4856348335742950,0.8690736293792725,0.0480067916214466,0.4004416167736053,0.8599810004234314,0.2165002673864365,0.4794219732284546,0.9179881215095520,-0.0957753434777260,0.3589057028293610,0.8841263651847839,0.1011271029710770
0.4319338500499725,0.1505263298749924,-0.3197075128555298,0.4377585947513580,0.1317711472511292,-0.3104371428489685,0.4421162903308868,0.1315255463123322,-0.3104552328586578,0.4459148943424225,0.1316082775592804,-0.3104508221149445,0.4253689944744110,0.1334748417139053,-0.3048451244831085,0.4215518832206726,0.1340588927268982,-0.3049161136150360,0.4188831150531769,0.1347065120935440,-0.3048842847347260,0.4515495896339417,0.1388657093048096,-0.2029080241918564,0.4164147078990936,0.1433856189250946,-0.1754086315631866,0.4410745799541473,0.1687042117118835,-0.2747776806354523,0.4253252446651459,0.1715615093708038,-0.2673812210559845,0.4849966168403625,0.2319921702146530,-0.1343804448843002,0.3951317965984344,0.2441490441560745,-0.0365765243768692,0.5035384297370911,0.3642777800559998,-0.1966102868318558,0.3779361844062805,0.3726989030838013,-0.0937086641788483,0.4505422711372375,0.3747974634170532,-0.3811420202255249,0.3772845566272736,0.3493924736976624,-0.3527663946151733,0.4367588758468628,0.3778945207595825,-0.4259825050830841,0.3724847733974457,0.3438870906829834,-0.3982851803302765,0.4356654286384583,0.3576301038265228,-0.4300042092800140,0.3725396096706390,0.3236194252967834,-0.4143543839454651,0.4390344917774200,0.3536975979804993,-0.3840957581996918,0.3763484954833984,0.3229252994060516,-0.3644283711910248,0.4654418826103210,0.4851292371749878,-0.0414280630648136,0.4134104549884796,0.4811169207096100,0.0413968004286289,0.4821110665798187,0.6705217361450195,-0.0599624291062355,0.4009820818901062,0.6654064655303955,0.0753904506564140,0.4856968522071838,0.8522625565528870,0.0432365760207176,0.3924485146999359,0.8370286822319031,0.2050669342279434,0.4859790503978729,0.8690703511238098,0.0435763262212276,0.4004434645175934,0.8601877093315125,0.2099007964134216,0.4795820116996765,0.9180648326873779,-0.1001869291067123,0.3591005206108093,0.8842657804489136,0.0942834690213203
0.4319475889205933,0.1507632881402969,-0.3196880519390106,0.4377852976322174,0.1319498419761658,-0.3103635907173157,0.4421432614326477,0.1316657662391663,-0.3103821873664856,0.4459417462348938,0.1317209750413895,-0.3103782236576080,0.4254123866558075,0.1336868405342102,-0.3048045337200165,0.4215992987155914,0.1342479288578033,-0.3048751652240753,0.4189337193965912,0.1348640024662018,-0.3048421442508698,0.4516047835350037,0.1388954967260361,-0.2026948332786560,0.4165469706058502,0.1434193104505539,-0.1738568693399429,0.4410966634750366,0.1688195765018463,-0.2747084200382233,0.4253438711166382,0.1716932356357574,-0.2669984400272369,0.4850098490715027,0.2319839447736740,-0.1341750025749207,0.3955157101154327,0.2438884824514389,-0.0326256714761257,0.5035583972930908,0.3642779886722565,-0.1963451653718948,0.3787129223346710,0.3726323544979095,-0.0912212207913399,0.4505457580089569,0.3745726048946381,-0.3810897469520569,0.3774755597114563,0.3463027775287628,-0.3515842854976654,0.4367594718933105,0.3778792023658752,-0.4261578917503357,0.3724163174629211,0.3408995568752289,-0.3973942995071411,0.4356592893600464,0.3576163351535797,-0.4301032423973083,0.3725289404392242,0.3218623399734497,-0.4140848815441132,0.4390291571617126,0.3536848425865173,-0.3840102255344391,0.3764402270317078,0.3213554024696350,-0.3637042343616486,0.4654714465141296,0.4851202964782715,-0.0414464846253395,0.4135622978210449,0.4810787737369537,0.0414144992828369,0.4822593033313751,0.6705077886581421,-0.0585525184869766,0.4010295271873474,0.6656082868576050,0.0738262310624123,0.4857640266418457,0.8522586226463318,0.0566260032355785,0.3925450146198273,0.8370760083198547,0.2050449699163437,0.4860787093639374,0.8687940239906311,0.0584786199033260,0.4005200564861298,0.8601908087730408,0.2099543064832687,0.4797584712505341,0.9180420637130737,-0.0850717350840569,0.3590980172157288,0.8842648863792419,0.0940594896674156
0.4320375323295593,0.1507328152656555,-0.3201127648353577,0.4378560781478882,0.1319077461957932,-0.3106822967529297,0.4422143697738647,0.1316206306219101,-0.3107018470764160,0.4460573494434357,0.1316822469234467,-0.3106983602046967,0.4254745543003082,0.1336661130189896,-0.3051690459251404,0.4216879904270172,0.1342377960681915,-0.3052382469177246,0.4190335869789124,0.1348630040884018,-0.3052063286304474,0.4517170190811157,0.1388973891735077,-0.2030307650566101,0.4166025221347809,0.1434259861707687,-0.1749735921621323,0.4411814808845520,0.1688127815723419,-0.2752474844455719,0.4254652261734009,0.1716915965080261,-0.2676876783370972,0.4850946962833405,0.2319950312376022,-0.1360422521829605,0.3956308662891388,0.2438160926103592,-0.0347510948777199,0.5035959482192993,0.3642474114894867,-0.1977377682924271,0.3788089156150818,0.3722600936889648,-0.0946430265903473,0.4505715668201447,0.3745580613613129,-0.3805452287197113,0.3777187764644623,0.3457268178462982,-0.3553765118122101,0.4367814362049103,0.3779615461826324,-0.4256790280342102,0.3726585805416107,0.3404757380485535,-0.4009363949298859,0.4356469511985779,0.3578151464462280,-0.4297299683094025,0.3727397322654724,0.3211553692817688,-0.4165729880332947,0.4390152096748352,0.3537439405918121,-0.3835004270076752,0.3766759932041168,0.3206616938114166,-0.3670513033866882,0.4655804038047791,0.4851188361644745,-0.0414475202560425,0.4136545360088348,0.4810738563537598,0.0414144620299339,0.4823062717914581,0.6703343391418457,-0.0585889965295792,0.4010336995124817,0.6655658483505249,0.0737966522574425,0.4858341217041016,0.8518800139427185,0.0542749278247356,0.3928478062152863,0.8368381857872009,0.2039338201284409,0.4860811531543732,0.8678725957870483,0.0558155626058578,0.4008280932903290,0.8601261973381042,0.2086986601352692,0.4798156917095184,0.9177781343460083,-0.0869498774409294,0.3592495620250702,0.8841293454170227,0.0933453887701035
0.4320778846740723,0.1507568210363388,-0.3200998902320862,0.4378905594348907,0.1319129914045334,-0.3106241822242737,0.4422414898872375,0.1316240429878235,-0.3106440901756287,0.4460963308811188,0.1316846162080765,-0.3106409907341003,0.4255219101905823,0.1336759477853775,-0.3051197826862335,0.4217309951782227,0.1342498064041138,-0.3051882982254028,0.4190903902053833,0.1348774880170822,-0.3051567375659943,0.4517434835433960,0.1389015913009644,-0.2028615474700928,0.4166496992111206,0.1434296667575836,-0.1749367266893387,0.4412103891372681,0.1688162386417389,-0.2752325236797333,0.4254958033561707,0.1716990321874619,-0.2676834464073181,0.4851797819137573,0.2319951206445694,-0.1359450668096542,0.3956566751003265,0.2436236292123795,-0.0351058579981327,0.5036641359329224,0.3642449676990509,-0.1974294185638428,0.3788578808307648,0.3721914589405060,-0.0946397557854652,0.4506036937236786,0.3745846152305603,-0.3801397085189819,0.3776473104953766,0.3444561660289764,-0.3564510941505432,0.4368420541286469,0.3780912756919861,-0.4253500699996948,0.3726103603839874,0.3398596644401550,-0.4023159742355347,0.4356961548328400,0.3581034839153290,-0.4295964539051056,0.3727208971977234,0.3206350803375244,-0.4181708693504333,0.4390420913696289,0.3538770377635956,-0.3831471800804138,0.3766659200191498,0.3200643956661224,-0.3682207167148590,0.4656222760677338,0.4851290583610535,-0.0414266996085644,0.4137087464332581,0.4810865521430969,0.0413918495178223,0.4823375046253204,0.6699504852294922,-0.0584966726601124,0.4010723829269409,0.6655669808387756,0.0732327997684479,0.4858497679233551,0.8518226146697998,0.0538411848247051,0.3930523693561554,0.8368303179740906,0.2035349905490875,0.4860756993293762,0.8678018450737000,0.0552520230412483,0.4010561704635620,0.8601281642913818,0.2083818465471268,0.4798144698143005,0.9176287651062012,-0.0875984877347946,0.3596619367599487,0.8841421008110046,0.0927949622273445
0.4320927858352661,0.1507689505815506,-0.3219985365867615,0.4379196166992188,0.1319173872470856,-0.3128551840782166,0.4422615170478821,0.1316267251968384,-0.3128773272037506,0.4461320936679840,0.1316869258880615,-0.3128758072853088,0.4255603253841400,0.1336812525987625,-0.3069681227207184,0.4217678606510162,0.1342532932758331,-0.3070351779460907,0.4191469848155975,0.1348798722028732,-0.3070074915885925,0.4517995715141296,0.1389053165912628,-0.2058724611997604,0.4167679846286774,0.1434357017278671,-0.1765346527099609,0.4412301778793335,0.1688193231821060,-0.2773568034172058,0.4255140423774719,0.1717018038034439,-0.2694075405597687,0.4852689802646637,0.2319957464933395,-0.1399859488010406,0.3957046866416931,0.2435784786939621,-0.0357898026704788,0.5037194490432739,0.3642470538616180,-0.2032503634691238,0.3788664042949677,0.3718963265419006,-0.0938852131366730,0.4506329298019409,0.3745885491371155,-0.3865947425365448,0.3777717053890228,0.3437131643295288,-0.3564892113208771,0.4369021058082581,0.3780905008316040,-0.4315900504589081,0.3726106286048889,0.3392904996871948,-0.4020813703536987,0.4357706904411316,0.3581035137176514,-0.4354516863822937,0.3728144764900208,0.3205409049987793,-0.4185878336429596,0.4390841126441956,0.3538884520530701,-0.3894086778163910,0.3767979741096497,0.3199244439601898,-0.3685802221298218,0.4656670987606049,0.4851359724998474,-0.0419764257967472,0.4137983620166779,0.4811949431896210,0.0419384464621544,0.4823808073997498,0.6696326136589050,-0.0585427097976208,0.4010714888572693,0.6656093597412109,0.0778791159391403,0.4859274327754974,0.8517011404037476,0.0537593625485897,0.3932310044765472,0.8367397189140320,0.2128003686666489,0.4860890805721283,0.8676876425743103,0.0550711713731289,0.4012603461742401,0.8601276278495789,0.2182234078645706,0.4798445999622345,0.9175665378570557,-0.0876756012439728,0.3598103821277618,0.8841544985771179,0.1035107374191284
0.4321922957897186,0.1508180797100067,-0.3219135999679565,0.4380327761173248,0.1319716572761536,-0.3126745820045471,0.4423714876174927,0.1316775679588318,-0.3126970231533051,0.4462383091449738,0.1317324489355087,-0.3126958012580872,0.4256563484668732,0.1337276101112366,-0.3068328499794006,0.4218493700027466,0.1342889219522476,-0.3068993687629700,0.4192278087139130,0.1349097043275833,-0.3068720400333405,0.4519078433513641,0.1389231830835342,-0.2055385559797287,0.4168751537799835,0.1434393674135208,-0.1765072792768478,0.4413279891014099,0.1688337326049805,-0.2772414982318878,0.4255855679512024,0.1717169731855392,-0.2693837583065033,0.4853546023368835,0.2319991290569305,-0.1399778574705124,0.3957368731498718,0.2435111999511719,-0.0353499539196491,0.5037392377853394,0.3642700016498566,-0.2027679234743118,0.3788958787918091,0.3716642856597900,-0.0930107831954956,0.4507208168506622,0.3747226595878601,-0.3855996131896973,0.3780041933059692,0.3435219228267670,-0.3542236089706421,0.4369663298130035,0.3780864179134369,-0.4306385219097137,0.3726407289505005,0.3392874300479889,-0.3997376561164856,0.4360203146934509,0.3580816090106964,-0.4347082674503326,0.3729344010353088,0.3208116888999939,-0.4166709780693054,0.4392895996570587,0.3538988232612610,-0.3885231316089630,0.3769840002059937,0.3201364278793335,-0.3664662539958954,0.4656929969787598,0.4851068556308746,-0.0427343919873238,0.4138613641262054,0.4812093079090118,0.0427013374865055,0.4823855161666870,0.6690961718559265,-0.0588393434882164,0.4010781049728394,0.6656103730201721,0.0812157467007637,0.4860270619392395,0.8516004681587219,0.0492209270596504,0.3934232890605927,0.8367092013359070,0.2158263027667999,0.4861127436161041,0.8676154017448425,0.0499505214393139,0.4014663100242615,0.8602223992347717,0.2211208194494247,0.4799932539463043,0.9175655841827393,-0.0940259173512459,0.3598328828811646,0.8841533064842224,0.1064189374446869
0.4322505295276642,0.1508363038301468,-0.3225392997264862,0.4381042122840881,0.1319959163665771,-0.3135395646095276,0.4424408674240112,0.1317013949155807,-0.3135668635368347,0.4463153183460236,0.1317553520202637,-0.3135703206062317,0.4257479608058929,0.1337442249059677,-0.3074275553226471,0.4219416379928589,0.1342990845441818,-0.3074911236763000,0.4193316996097565,0.1349146068096161,-0.3074668347835541,0.4520067572593689,0.1389370411634445,-0.2070058137178421,0.4170552194118500,0.1434440314769745,-0.1769060194492340,0.4413854181766510,0.1688438951969147,-0.2779876291751862,0.4256451725959778,0.1717200130224228,-0.2698703706264496,0.4854451715946198,0.2319844812154770,-0.1424744427204132,0.3958515226840973,0.2434178441762924,-0.0354863144457340,0.5038023591041565,0.3642694950103760,-0.2046556770801544,0.3790054023265839,0.3709290921688080,-0.0920310392975807,0.4507420361042023,0.3746407330036163,-0.3849560916423798,0.3781121969223022,0.3422363400459290,-0.3532256484031677,0.4370221197605133,0.3780880570411682,-0.4298591315746307,0.3726288080215454,0.3383488357067108,-0.3986007869243622,0.4360261857509613,0.3580809235572815,-0.4339607059955597,0.3730366826057434,0.3203895092010498,-0.4161099195480347,0.4392847418785095,0.3538949191570282,-0.3878323435783386,0.3771496117115021,0.3196684122085571,-0.3657989799976349,0.4658822417259216,0.4851557910442352,-0.0430668555200100,0.4140987694263458,0.4813667535781860,0.0430342815816402,0.4826456606388092,0.6694039106369019,-0.0510217584669590,0.4010988175868988,0.6656205654144287,0.0827097371220589,0.4861977398395538,0.8514967560768127,0.0678429678082466,0.3936935961246490,0.8366898298263550,0.2196265161037445,0.4862019121646881,0.8671248555183411,0.0700009316205978,0.4018295109272003,0.8601931333541870,0.2253000736236572,0.4801218807697296,0.9174546599388123,-0.0719525143504143,0.3599977791309357,0.8840394616127014,0.1108307167887688
0.4323681294918060,0.1509185284376144,-0.3213497698307037,0.4382163882255554,0.1320590674877167,-0.3125057518482208,0.4425522089004517,0.1317508965730667,-0.3125316500663757,0.4464281499385834,0.1317948997020721,-0.3125333786010742,0.4258526563644409,0.1338377743959427,-0.3063960671424866,0.4220243990421295,0.1343961209058762,-0.3064616322517395,0.4194133877754211,0.1350128650665283,-0.3064371347427368,0.4521555602550507,0.1389509737491608,-0.2065508961677551,0.4171443283557892,0.1434829682111740,-0.1764395385980606,0.4415321946144104,0.1688813716173172,-0.2769340574741364,0.4257431924343109,0.1717656403779984,-0.2688669860363007,0.4856282174587250,0.2319833189249039,-0.1414418965578079,0.3959420323371887,0.2433502525091171,-0.0355692841112614,0.5039606690406799,0.3642692863941193,-0.2032778859138489,0.3790211379528046,0.3707844316959381,-0.0916946902871132,0.4508295357227325,0.3747481703758240,-0.3824223577976227,0.3781434893608093,0.3422768712043762,-0.3532282412052155,0.4370340406894684,0.3780792653560638,-0.4263670146465302,0.3726680874824524,0.3386682868003845,-0.3987233340740204,0.4361401796340942,0.3580948710441589,-0.4298328459262848,0.3731486201286316,0.3208107054233551,-0.4154948294162750,0.4393985569477081,0.3539052307605743,-0.3850075304508209,0.3772540390491486,0.3200216889381409,-0.3654351532459259,0.4660485386848450,0.4851310551166534,-0.0429558604955673,0.4142338633537292,0.4813397526741028,0.0429208390414715,0.4827960133552551,0.6694011688232422,-0.0512088015675545,0.4014738798141479,0.6656199097633362,0.0756306201219559,0.4865450263023376,0.8514043092727661,0.0657212957739830,0.3938888311386108,0.8367545008659363,0.2102546393871307,0.4865919649600983,0.8670663237571716,0.0677758455276489,0.4019007682800293,0.8602544665336609,0.2157729119062424,0.4805124700069427,0.9175038933753967,-0.0747783631086349,0.3602747023105621,0.8842965960502625,0.0994989871978760
0.4326182007789612,0.1510053724050522,-0.3167006075382233,0.4384128451347351,0.1321519315242767,-0.3073697090148926,0.4427393376827240,0.1318310350179672,-0.3073951005935669,0.4465890526771545,0.1318623423576355,-0.3073911368846893,0.4260980784893036,0.1339395046234131,-0.3016439378261566,0.4222653806209564,0.1344839781522751,-0.3017067313194275,0.4196220636367798,0.1350801289081573,-0.3016811907291412,0.4523273706436157,0.1389701217412949,-0.2003842294216156,0.4173575043678284,0.1434942036867142,-0.1723422557115555,0.4417602419853210,0.1689186394214630,-0.2720978558063507,0.4259758591651917,0.1718103587627411,-0.2645501196384430,0.4857341945171356,0.2319300323724747,-0.1342466473579407,0.3961314558982849,0.2432945221662521,-0.0349494628608227,0.5040364861488342,0.3642322421073914,-0.1980887204408646,0.3790562748908997,0.3706987500190735,-0.0915701761841774,0.4509322047233582,0.3743373155593872,-0.3805899918079376,0.3781911134719849,0.3422890007495880,-0.3539233207702637,0.4371293783187866,0.3779278695583344,-0.4246506094932556,0.3727186322212219,0.3388042449951172,-0.3997784554958344,0.4361484944820404,0.3578649759292603,-0.4275992214679718,0.3731647431850433,0.3203367888927460,-0.4160267114639282,0.4394034445285797,0.3537124991416931,-0.3830003440380096,0.3772752583026886,0.3195618689060211,-0.3659119904041290,0.4660730659961700,0.4851838350296021,-0.0422711111605167,0.4142919182777405,0.4813558459281921,0.0422329641878605,0.4828497767448425,0.6692600250244141,-0.0528439246118069,0.4015774726867676,0.6656464934349060,0.0725081712007523,0.4866350293159485,0.8513788580894470,0.0604784972965717,0.3939866721630096,0.8367522358894348,0.2053559422492981,0.4866973161697388,0.8670518398284912,0.0620965994894505,0.4019961357116699,0.8602111339569092,0.2106927931308746,0.4805377423763275,0.9174352884292603,-0.0814724341034889,0.3607706427574158,0.8843227028846741,0.0941794961690903
0.4327177107334137,0.1509981006383896,-0.3114710748195648,0.4385206997394562,0.1321437060832977,-0.3020454943180084,0.4428738057613373,0.1318272799253464,-0.3020809292793274,0.4467586874961853,0.1318625509738922,-0.3020863831043243,0.4262021183967590,0.1339272260665894,-0.2961544394493103,0.4223864674568176,0.1344747692346573,-0.2962104082107544,0.4197676777839661,0.1350748836994171,-0.2961842417716980,0.4524975419044495,0.1389749348163605,-0.1947198361158371,0.4174881875514984,0.1434967517852783,-0.1659483015537262,0.4418500065803528,0.1689215898513794,-0.2667058408260345,0.4260702431201935,0.1718123704195023,-0.2589514553546906,0.4858615994453430,0.2319286912679672,-0.1301124691963196,0.3961951434612274,0.2431512027978897,-0.0265158805996180,0.5043500065803528,0.3642340004444122,-0.1895668804645538,0.3791579306125641,0.3701196312904358,-0.0759856924414635,0.4511739015579224,0.3743381202220917,-0.3638738989830017,0.3783138990402222,0.3427522480487823,-0.3377613723278046,0.4373126924037933,0.3779122233390808,-0.4074634909629822,0.3728066086769104,0.3391703367233276,-0.3831729292869568,0.4364431798458099,0.3578651249408722,-0.4119834005832672,0.3733086884021759,0.3205775320529938,-0.4014893770217896,0.4397178888320923,0.3536963760852814,-0.3667811453342438,0.3774358630180359,0.3197033703327179,-0.3508996665477753,0.4662290811538696,0.4851491153240204,-0.0424856692552567,0.4144397974014282,0.4813405275344849,0.0424599573016167,0.4829744696617126,0.6693783998489380,-0.0505921393632889,0.4016497731208801,0.6655807495117188,0.0715732425451279,0.4867525994777679,0.8516591191291809,0.0620339997112751,0.3941244781017303,0.8367910981178284,0.1988939195871353,0.4867874979972839,0.8671787977218628,0.0634566247463226,0.4021793603897095,0.8603712916374207,0.2032597362995148,0.4804713428020477,0.9176102280616760,-0.0797670856118202,0.3607891798019409,0.8843253850936890,0.0858627334237099
0.4328973889350891,0.1509559601545334,-0.3115168213844299,0.4386845827102661,0.1321268826723099,-0.3021713197231293,0.4430257081985474,0.1318131089210510,-0.3022077679634094,0.4468888044357300,0.1318511217832565,-0.3022141754627228,0.4264188408851624,0.1339203864336014,-0.2963019609451294,0.4225956797599792,0.1344710439443588,-0.2963608801364899,0.4199471771717072,0.1350723206996918,-0.2963355779647827,0.4526896476745605,0.1389727890491486,-0.1948527842760086,0.4177241623401642,0.1434991508722305,-0.1661759465932846,0.4420313239097595,0.1689086556434631,-0.2667900919914246,0.4262440800666809,0.1718074232339859,-0.2590218782424927,0.4860668182373047,0.2319351881742477,-0.1304428875446320,0.3963774442672729,0.2431184202432632,-0.0267352722585201,0.5045157074928284,0.3642225861549377,-0.1924479007720947,0.3792260587215424,0.3699452579021454,-0.0800234749913216,0.4512566030025482,0.3736561536788940,-0.3726141154766083,0.3785350918769836,0.3431296646595001,-0.3456777632236481,0.4374249577522278,0.3776901662349701,-0.4177120327949524,0.3729773759841919,0.3396410346031189,-0.3917842209339142,0.4364375174045563,0.3577362000942230,-0.4210469126701355,0.3735638260841370,0.3209698796272278,-0.4095296561717987,0.4397108852863312,0.3535715639591217,-0.3751842379570007,0.3777278959751129,0.3199644386768341,-0.3585082888603210,0.4662658572196960,0.4851425290107727,-0.0424719788134098,0.4145546555519104,0.4813605844974518,0.0424459539353848,0.4830531775951385,0.6691754460334778,-0.0513528659939766,0.4017854332923889,0.6655821204185486,0.0732463151216507,0.4870949089527130,0.8516428470611572,0.0608652569353580,0.3942602276802063,0.8367772102355957,0.2059438675642014,0.4871361553668976,0.8670683503150940,0.0621777065098286,0.4022570550441742,0.8603699207305908,0.2111409604549408,0.4807854592800140,0.9176440834999084,-0.0822234451770782,0.3610005974769592,0.8843277096748352,0.0944932252168655
0.4330621659755707,0.1509709954261780,-0.3121652305126190,0.4388487040996552,0.1321374326944351,-0.3027366101741791,0.4432213604450226,0.1318257451057434,-0.3027712404727936,0.4470999836921692,0.1318652927875519,-0.3027767539024353,0.4265663027763367,0.1339291334152222,-0.2968897521495819,0.4227522015571594,0.1344839483499527,-0.2969482839107513,0.4201248586177826,0.1350865662097931,-0.2969235181808472,0.4528976976871490,0.1389853060245514,-0.1951594054698944,0.4178445041179657,0.1435264497995377,-0.1667405068874359,0.4421806633472443,0.1689408570528030,-0.2674295604228973,0.4263916313648224,0.1718459278345108,-0.2596902549266815,0.4862599670886993,0.2319469749927521,-0.1313449889421463,0.3964546322822571,0.2430714964866638,-0.0273420698940754,0.5047136545181274,0.3642167150974274,-0.1925271153450012,0.3792333304882050,0.3690737187862396,-0.0780764147639275,0.4514361619949341,0.3737795948982239,-0.3708546757698059,0.3786751329898834,0.3434158861637115,-0.3420303761959076,0.4376749396324158,0.3779706358909607,-0.4152540266513824,0.3731560707092285,0.3397094309329987,-0.3873796463012695,0.4366823136806488,0.3580858111381531,-0.4191799163818359,0.3737702071666718,0.3213215470314026,-0.4056800901889801,0.4399323165416718,0.3537575602531433,-0.3735168874263763,0.3779658973217010,0.3202374875545502,-0.3551217019557953,0.4664749205112457,0.4852504730224609,-0.0434722490608692,0.4148001372814178,0.4815349578857422,0.0434636399149895,0.4832357466220856,0.6701257824897766,-0.0516235195100307,0.4017893075942993,0.6655863523483276,0.0789478197693825,0.4872180223464966,0.8520531654357910,0.0595718957483768,0.3945449888706207,0.8367753028869629,0.2107542902231216,0.4872618019580841,0.8674361705780029,0.0605024620890617,0.4025472104549408,0.8603693246841431,0.2157529294490814,0.4807752072811127,0.9178659319877625,-0.0835506543517113,0.3611301183700562,0.8842549920082092,0.1001998037099838
0.4332350194454193,0.1511617898941040,-0.3125443160533905,0.4390260577201843,0.1323079466819763,-0.3031338453292847,0.4433860778808594,0.1319670379161835,-0.3031665980815887,0.4472505152225494,0.1319842338562012,-0.3031713068485260,0.4267552196979523,0.1341085135936737,-0.2972822487354279,0.4229149222373962,0.1346498429775238,-0.2973412573337555,0.4202776253223419,0.1352318972349167,-0.2973166704177856,0.4530478417873383,0.1390189230442047,-0.1952290236949921,0.4179880917072296,0.1435891687870026,-0.1671415865421295,0.4423397183418274,0.1690439581871033,-0.2678696513175964,0.4265183806419373,0.1719499230384827,-0.2601333856582642,0.4864540100097656,0.2319458425045013,-0.1320822536945343,0.3965188264846802,0.2430163323879242,-0.0279496349394321,0.5050283670425415,0.3642176985740662,-0.1936405301094055,0.3792878687381744,0.3690589666366577,-0.0782045796513557,0.4515885412693024,0.3739167153835297,-0.3711500167846680,0.3787570595741272,0.3434851765632629,-0.3409082293510437,0.4377347528934479,0.3779776990413666,-0.4156621992588043,0.3732175230979919,0.3400189876556396,-0.3857792913913727,0.4367977380752563,0.3581322133541107,-0.4195023179054260,0.3739206492900848,0.3215383887290955,-0.4027806222438812,0.4400616288185120,0.3538054525852203,-0.3739027082920074,0.3781290650367737,0.3204327821731567,-0.3533663749694824,0.4666897058486938,0.4851158559322357,-0.0437332205474377,0.4149224162101746,0.4814592599868774,0.0437167286872864,0.4832476675510406,0.6691544055938721,-0.0559250935912132,0.4020070135593414,0.6655595898628235,0.0789221376180649,0.4875699877738953,0.8516065478324890,0.0495793111622334,0.3949728906154633,0.8365689516067505,0.2089594751596451,0.4875449240207672,0.8671989440917969,0.0502609610557556,0.4030205309391022,0.8603729009628296,0.2137882709503174,0.4810208082199097,0.9178633093833923,-0.0923170521855354,0.3612776100635529,0.8842639923095703,0.0994514599442482
0.4333578348159790,0.1511649489402771,-0.3114145696163177,0.4391440451145172,0.1323196589946747,-0.3020011484622955,0.4435079991817474,0.1319796442985535,-0.3020297586917877,0.4473795890808105,0.1320005059242249,-0.3020297288894653,0.4269272983074188,0.1341134756803513,-0.2960754930973053,0.4231227338314056,0.1346537768840790,-0.2961339652538300,0.4204816818237305,0.1352346986532211,-0.2961087524890900,0.4531981050968170,0.1390501707792282,-0.1946148425340652,0.4182235002517700,0.1435922831296921,-0.1662456691265106,0.4424482882022858,0.1690819114446640,-0.2669630646705627,0.4266842603683472,0.1719713956117630,-0.2591654658317566,0.4865815937519073,0.2319463491439819,-0.1314512044191360,0.3969407677650452,0.2429975122213364,-0.0286199543625116,0.5050529241561890,0.3641963303089142,-0.1935948729515076,0.3795083165168762,0.3688914775848389,-0.0783517509698868,0.4516547322273254,0.3728435635566711,-0.3715121448040009,0.3787503540515900,0.3436322212219238,-0.3410533666610718,0.4378004670143127,0.3773618638515472,-0.4162760078907013,0.3733221292495728,0.3402498364448547,-0.3860659897327423,0.4365869164466858,0.3579417169094086,-0.4202109575271606,0.3739370405673981,0.3217899799346924,-0.4028738737106323,0.4400301873683929,0.3535088896751404,-0.3742724359035492,0.3781031668186188,0.3206019699573517,-0.3533840477466583,0.4667018353939056,0.4851208627223969,-0.0434902347624302,0.4149641990661621,0.4814750254154205,0.0434721596539021,0.4832949340343475,0.6687823534011841,-0.0593856163322926,0.4020723402500153,0.6655429601669312,0.0788436457514763,0.4876119792461395,0.8515665531158447,0.0342039242386818,0.3951666653156281,0.8363961577415466,0.2079878151416779,0.4875370860099792,0.8672036528587341,0.0336267948150635,0.4031212627887726,0.8602567911148071,0.2126774638891220,0.4813095331192017,0.9175419807434082,-0.1101124808192253,0.3613950908184052,0.8840776681900024,0.0986265316605568
0.4334730803966522,0.1511390209197998,-0.3116823136806488,0.4393068253993988,0.1322870105504990,-0.3021518886089325,0.4436871409416199,0.1319477856159210,-0.3021809458732605,0.4476158916950226,0.1319768130779266,-0.3021830022335052,0.4270344078540802,0.1340840756893158,-0.2962560653686523,0.4232720434665680,0.1346314847469330,-0.2963134050369263,0.4206539392471313,0.1352218240499496,-0.2962893843650818,0.4534102678298950,0.1390550136566162,-0.1946163475513458,0.4183449149131775,0.1435969322919846,-0.1663188785314560,0.4425602555274963,0.1690776050090790,-0.2671360671520233,0.4268181622028351,0.1719702035188675,-0.2593900859355927,0.4867834448814392,0.2320070862770081,-0.1315427720546722,0.3970368504524231,0.2429755032062531,-0.0289634577929974,0.5053664445877075,0.3642775118350983,-0.1933722496032715,0.3794208467006683,0.3673396706581116,-0.0787717252969742,0.4517636895179749,0.3728904128074646,-0.3702583909034729,0.3787447810173035,0.3441908359527588,-0.3391514122486115,0.4378621280193329,0.3773203194141388,-0.4149543642997742,0.3733840584754944,0.3418474793434143,-0.3841125071048737,0.4367077946662903,0.3578247427940369,-0.4188021421432495,0.3741278648376465,0.3224103748798370,-0.4011774063110352,0.4401402473449707,0.3534863293170929,-0.3729745447635651,0.3782466650009155,0.3210776150226593,-0.3515581190586090,0.4667639732360840,0.4851762652397156,-0.0437052957713604,0.4150258898735046,0.4814895093441010,0.0436938963830471,0.4833823144435883,0.6688014268875122,-0.0592661090195179,0.4022492170333862,0.6655395030975342,0.0795657262206078,0.4881338477134705,0.8516842126846313,0.0370844639837742,0.3953728973865509,0.8364219665527344,0.2093157917261124,0.4877206683158875,0.8682883977890015,0.0369649045169353,0.4033139944076538,0.8603172898292542,0.2140422016382217,0.4813853502273560,0.9178137779235840,-0.1067426204681396,0.3613915741443634,0.8840053081512451,0.0997189283370972
0.4337267279624939,0.1511245071887970,-0.3116846680641174,0.4395459592342377,0.1322878450155258,-0.3021371066570282,0.4439251124858856,0.1319492757320404,-0.3021665215492249,0.4478248059749603,0.1319785118103027,-0.3021689355373383,0.4273058474063873,0.1340848058462143,-0.2963217496871948,0.4235033988952637,0.1346330046653748,-0.2963781356811523,0.4208722412586212,0.1352239102125168,-0.2963546812534332,0.4536179602146149,0.1390592902898788,-0.1947161406278610,0.4185599684715271,0.1436024010181427,-0.1666205078363419,0.4428153932094574,0.1690780222415924,-0.2671633958816528,0.4270051419734955,0.1719730198383331,-0.2595275342464447,0.4869370162487030,0.2320010215044022,-0.1315688490867615,0.3971310853958130,0.2429736107587814,-0.0293819718062878,0.5054634809494019,0.3642537593841553,-0.1922952085733414,0.3791751861572266,0.3665825724601746,-0.0791785269975662,0.4518038928508759,0.3729019463062286,-0.3687704503536224,0.3786797821521759,0.3451912403106689,-0.3393991291522980,0.4378989338874817,0.3773542642593384,-0.4132747054100037,0.3733859062194824,0.3432663679122925,-0.3844435513019562,0.4367460012435913,0.3578395545482635,-0.4177552163600922,0.3741799890995026,0.3234075605869293,-0.4015690088272095,0.4401709139347076,0.3534855544567108,-0.3717052638530731,0.3782826960086823,0.3219331204891205,-0.3518447279930115,0.4669710099697113,0.4850938022136688,-0.0434330962598324,0.4151424765586853,0.4814735651016235,0.0434196479618549,0.4836401045322418,0.6689627766609192,-0.0479096844792366,0.4024162292480469,0.6655392050743103,0.0755154341459274,0.4883331358432770,0.8516181707382202,0.0677140727639198,0.3955059945583344,0.8364154100418091,0.2038978487253189,0.4878703951835632,0.8678632974624634,0.0695199519395828,0.4034976959228516,0.8603172302246094,0.2084579765796661,0.4813778102397919,0.9178170561790466,-0.0743800252676010,0.3616799712181091,0.8840533494949341,0.0912302508950233
0.4339073002338409,0.1511045694351196,-0.3188806176185608,0.4397078156471252,0.1322864741086960,-0.3095622658729553,0.4441118836402893,0.1319503039121628,-0.3095903992652893,0.4480041563510895,0.1319806426763535,-0.3095988035202026,0.4275048673152924,0.1340791881084442,-0.3035840392112732,0.4237230420112610,0.1346289962530136,-0.3036396205425262,0.4210871160030365,0.1352196335792542,-0.3036194741725922,0.4538088440895081,0.1390627473592758,-0.2017236053943634,0.4188073575496674,0.1436057388782501,-0.1730352044105530,0.4430150687694550,0.1690803319215775,-0.2740749120712280,0.4272177517414093,0.1719749271869659,-0.2662881910800934,0.4871103167533875,0.2320074737071991,-0.1375577747821808,0.3973320424556732,0.2429851144552231,-0.0338273793458939,0.5055480003356934,0.3642532825469971,-0.1986555904150009,0.3793451488018036,0.3665164709091187,-0.0845929458737373,0.4518428146839142,0.3728542625904083,-0.3773301839828491,0.3788405358791351,0.3461246192455292,-0.3461136221885681,0.4379130005836487,0.3773545026779175,-0.4227223694324493,0.3736094236373901,0.3449382185935974,-0.3916544616222382,0.4366011023521423,0.3578395545482635,-0.4273298680782318,0.3743732273578644,0.3244805335998535,-0.4089670479297638,0.4401685297489166,0.3534693419933319,-0.3803033232688904,0.3784153759479523,0.3225423991680145,-0.3586147427558899,0.4670740664005280,0.4850653111934662,-0.0434131063520908,0.4152578413486481,0.4815146028995514,0.0433994308114052,0.4837998151779175,0.6689262986183167,-0.0484121106564999,0.4024544358253479,0.6656717658042908,0.0759424418210983,0.4884871244430542,0.8514180779457092,0.0647068917751312,0.3957311213016510,0.8364158272743225,0.2072709649801254,0.4880285561084747,0.8672677874565125,0.0663338825106621,0.4037879109382629,0.8603052496910095,0.2123264521360397,0.4815427064895630,0.9176355004310608,-0.0774700343608856,0.3619843423366547,0.8839538693428040,0.0950553640723228
0.4339890182018280,0.1510925889015198,-0.3188311755657196,0.4398263692855835,0.1322714984416962,-0.3095094859600067,0.4442499279975891,0.1319397687911987,-0.3095370531082153,0.4481758177280426,0.1319756656885147,-0.3095447719097137,0.4276031851768494,0.1340627223253250,-0.3035491108894348,0.4238366782665253,0.1346157491207123,-0.3036051094532013,0.4212295413017273,0.1352096796035767,-0.3035840988159180,0.4539896845817566,0.1390668153762817,-0.2016269564628601,0.4189721047878265,0.1436061859130859,-0.1730018407106400,0.4431004226207733,0.1690792292356491,-0.2740125060081482,0.4272940754890442,0.1719768494367599,-0.2662430405616760,0.4872686564922333,0.2320149242877960,-0.1375024169683456,0.3973515927791595,0.2429983913898468,-0.0338256843388081,0.5057199597358704,0.3642496466636658,-0.1984603554010391,0.3793774247169495,0.3662511706352234,-0.0836174190044403,0.4520268738269806,0.3730781674385071,-0.3768669366836548,0.3787202239036560,0.3475988507270813,-0.3435587882995605,0.4380111992359161,0.3774791657924652,-0.4220255613327026,0.3735958635807037,0.3469858467578888,-0.3885503411293030,0.4367980659008026,0.3578647971153259,-0.4266814589500427,0.3743771612644196,0.3259109258651733,-0.4064679741859436,0.4403379261493683,0.3534766137599945,-0.3798147439956665,0.3784000575542450,0.3235793411731720,-0.3562616407871246,0.4672976136207581,0.4850876927375793,-0.0434790477156639,0.4154294431209564,0.4815464019775391,0.0434663668274879,0.4840022027492523,0.6698395609855652,-0.0488198660314083,0.4025874733924866,0.6656712889671326,0.0801220610737801,0.4885835945606232,0.8524910211563110,0.0600859597325325,0.3960148394107819,0.8364105224609375,0.2141291946172714,0.4882228672504425,0.8684829473495483,0.0608394518494606,0.4040126204490662,0.8603004217147827,0.2193796485662460,0.4815355539321899,0.9178712368011475,-0.0838942080736160,0.3623402416706085,0.8839051127433777,0.1030740663409233
0.4341350197792053,0.1510901004076004,-0.3086334168910980,0.4400026202201843,0.1322738379240036,-0.2990361154079437,0.4444121420383453,0.1319441199302673,-0.2990624010562897,0.4483070373535156,0.1319799423217773,-0.2990644872188568,0.4278040826320648,0.1340633183717728,-0.2931531369686127,0.4239989817142487,0.1346164047718048,-0.2932038605213165,0.4213610887527466,0.1352097094058990,-0.2931804358959198,0.4541909396648407,0.1390699297189713,-0.1920040249824524,0.4191587269306183,0.1436042040586472,-0.1638975441455841,0.4432651698589325,0.1690779328346252,-0.2642837166786194,0.4274187684059143,0.1719766110181808,-0.2566574811935425,0.4874172210693359,0.2320005148649216,-0.1302337944507599,0.3974441289901733,0.2429691106081009,-0.0284804757684469,0.5058751106262207,0.3642275631427765,-0.1912319660186768,0.3795689940452576,0.3655240237712860,-0.0767070800065994,0.4521694481372833,0.3731030225753784,-0.3700928986072540,0.3786742091178894,0.3490217626094818,-0.3336815536022186,0.4380751252174377,0.3774644732475281,-0.4157660305500031,0.3735851049423218,0.3496419191360474,-0.3794546425342560,0.4368949532508850,0.3578052818775177,-0.4207040369510651,0.3744103312492371,0.3283375799655914,-0.3982020616531372,0.4404098391532898,0.3534401357173920,-0.3733806610107422,0.3783971071243286,0.3253382444381714,-0.3468231558799744,0.4674009978771210,0.4848795533180237,-0.0434276200830936,0.4155327677726746,0.4812753796577454,0.0434157140552998,0.4840297698974609,0.6689561605453491,-0.0487753115594387,0.4028268456459045,0.6655676364898682,0.0734543129801750,0.4886816740036011,0.8523322939872742,0.0596345923841000,0.3963275253772736,0.8364099860191345,0.1972526609897614,0.4883366227149963,0.8683069944381714,0.0604340024292469,0.4044347405433655,0.8604340553283691,0.2012286931276321,0.4817450344562531,0.9178000092506409,-0.0836681947112083,0.3624753057956696,0.8840390443801880,0.0840927213430405
0.4342759549617767,0.1510844677686691,-0.3090243339538574,0.4401544332504272,0.1322741061449051,-0.2993082404136658,0.4445645511150360,0.1319452971220016,-0.2993357777595520,0.4484414458274841,0.1319820731878281,-0.2993395030498505,0.4280312657356262,0.1340577453374863,-0.2932249009609222,0.4242611825466156,0.1346129328012466,-0.2932734191417694,0.4216151833534241,0.1352047473192215,-0.2932485938072205,0.4543408453464508,0.1390739232301712,-0.1920268386602402,0.4194059967994690,0.1436007171869278,-0.1626776754856110,0.4433551430702209,0.1691013425588608,-0.2646147012710571,0.4276028275489807,0.1719782799482346,-0.2567343711853027,0.4875718355178833,0.2319997996091843,-0.1304906904697418,0.3976698219776154,0.2429649382829666,-0.0251926556229591,0.5060926675796509,0.3642444312572479,-0.1913730651140213,0.3795638382434845,0.3636864125728607,-0.0699220523238182,0.4522029459476471,0.3720639646053314,-0.3696283400058746,0.3785344660282135,0.3498853743076324,-0.3272662758827209,0.4381770491600037,0.3771866559982300,-0.4154800474643707,0.3734782040119171,0.3510319292545319,-0.3724905550479889,0.4368415772914886,0.3578051626682281,-0.4206677377223969,0.3744272887706757,0.3303538858890533,-0.3922235369682312,0.4403534233570099,0.3534224927425385,-0.3729618787765503,0.3784210085868835,0.3272590041160583,-0.3408681750297546,0.4676727950572968,0.4848823845386505,-0.0434481836855412,0.4157515168190002,0.4812790453433990,0.0434381850063801,0.4844125807285309,0.6695220470428467,-0.0510566048324108,0.4030568897724152,0.6656557917594910,0.0747970789670944,0.4887314438819885,0.8527122735977173,0.0492105260491371,0.3965936303138733,0.8363906145095825,0.1979583352804184,0.4884566664695740,0.8693772554397583,0.0490883253514767,0.4047945737838745,0.8604130148887634,0.2014899551868439,0.4817667603492737,0.9178006649017334,-0.0950563475489616,0.3624909520149231,0.8840359449386597,0.0856848508119583
0.4344897568225861,0.1510387957096100,-0.3061118423938751,0.4403226971626282,0.1322657465934753,-0.2960422337055206,0.4447601139545441,0.1319383531808853,-0.2960668802261353,0.4486287534236908,0.1319770961999893,-0.2960649728775024,0.4282684922218323,0.1340547949075699,-0.2899716198444366,0.4245311021804810,0.1346127390861511,-0.2900228798389435,0.4219003021717072,0.1352052688598633,-0.2899985611438751,0.4545716345310211,0.1390699446201324,-0.1885346472263336,0.4197678267955780,0.1436017900705338,-0.1594268232584000,0.4435947835445404,0.1690782159566879,-0.2618792951107025,0.4278930127620697,0.1719511002302170,-0.2539987564086914,0.4879256188869476,0.2320142686367035,-0.1278477013111115,0.3979690670967102,0.2429982572793961,-0.0250223074108362,0.5064150094985962,0.3642436265945435,-0.1907187402248383,0.3795589506626129,0.3630816042423248,-0.0716915279626846,0.4523929655551910,0.3719597756862640,-0.3697830140590668,0.3785244226455688,0.3522943556308746,-0.3291841447353363,0.4384197294712067,0.3768335282802582,-0.4162866473197937,0.3734805881977081,0.3551772534847260,-0.3746690750122070,0.4369675219058990,0.3571690320968628,-0.4216696918010712,0.3745142817497253,0.3333295285701752,-0.3939057886600494,0.4404485821723938,0.3530506193637848,-0.3732944130897522,0.3784672617912292,0.3298004567623138,-0.3425445258617401,0.4677461087703705,0.4848536252975464,-0.0432239286601543,0.4158903956413269,0.4812470078468323,0.0432093478739262,0.4846110939979553,0.6693786382675171,-0.0510999150574207,0.4033310711383820,0.6656582355499268,0.0741375535726547,0.4890027940273285,0.8527157306671143,0.0493639297783375,0.3967772722244263,0.8364138603210449,0.1986662298440933,0.4888233542442322,0.8693709969520569,0.0492030978202820,0.4050004780292511,0.8604176044464111,0.2025747150182724,0.4818283021450043,0.9177799224853516,-0.0948711559176445,0.3627285063266754,0.8840913772583008,0.0862965956330299
0.4346968531608582,0.1509913951158524,-0.3034465909004211,0.4405071437358856,0.1322430670261383,-0.2931120097637177,0.4449027180671692,0.1319227218627930,-0.2931450903415680,0.4488078653812408,0.1319732218980789,-0.2931517958641052,0.4284500777721405,0.1340097784996033,-0.2869953215122223,0.4247610270977020,0.1345691829919815,-0.2870375216007233,0.4221601784229279,0.1351715177297592,-0.2870148420333862,0.4547264873981476,0.1390983313322067,-0.1853721439838409,0.4199529290199280,0.1436056047677994,-0.1560548692941666,0.4437136352062225,0.1690776646137238,-0.2591678500175476,0.4281345307826996,0.1719156652688980,-0.2512126266956329,0.4881362915039062,0.2320854216814041,-0.1260026395320892,0.3982600271701813,0.2432231456041336,-0.0198868457227945,0.5065905451774597,0.3642490506172180,-0.1846184432506561,0.3797374069690704,0.3622000217437744,-0.0590450353920460,0.4524452090263367,0.3719045519828796,-0.3592797815799713,0.3785158097743988,0.3558267354965210,-0.3107517957687378,0.4385128915309906,0.3766851723194122,-0.4052327573299408,0.3734737038612366,0.3592301309108734,-0.3552099764347076,0.4370375275611877,0.3565699458122253,-0.4111908078193665,0.3745904862880707,0.3376348614692688,-0.3766020834445953,0.4404983520507812,0.3526497185230255,-0.3628058135509491,0.3785513639450073,0.3338973224163055,-0.3250263631343842,0.4679415822029114,0.4850132167339325,-0.0432339794933796,0.4160282313823700,0.4814401566982269,0.0432222932577133,0.4848387837409973,0.6701032519340515,-0.0503027327358723,0.4033986330032349,0.6660169959068298,0.0742114856839180,0.4892070591449738,0.8527104258537292,0.0521127767860889,0.3968248963356018,0.8366267681121826,0.1994031965732574,0.4889378249645233,0.8694323301315308,0.0522058159112930,0.4051276743412018,0.8606647253036499,0.2034299671649933,0.4818235039710999,0.9178425073623657,-0.0909928008913994,0.3626866638660431,0.8840660452842712,0.0872311443090439
0.4349098503589630,0.1512696444988251,-0.3082908391952515,0.4407136142253876,0.1324744820594788,-0.2977621257305145,0.4451131522655487,0.1321259886026382,-0.2977866530418396,0.4490030407905579,0.1321523189544678,-0.2977932691574097,0.4286856949329376,0.1342483907938004,-0.2921628952026367,0.4249819815158844,0.1348058134317398,-0.2922101020812988,0.4224072694778442,0.1353839337825775,-0.2921876609325409,0.4548860788345337,0.1391807198524475,-0.1889304518699646,0.4202185869216919,0.1437221616506577,-0.1620150357484818,0.4438854753971100,0.1692620962858200,-0.2635817527770996,0.4283706545829773,0.1721026599407196,-0.2562694847583771,0.4883272945880890,0.2320862263441086,-0.1274173259735107,0.3983668684959412,0.2432611286640167,-0.0290276389569044,0.5069334506988525,0.3642516136169434,-0.1851855069398880,0.3796221613883972,0.3616234958171844,-0.0653051808476448,0.4526562094688416,0.3721312582492828,-0.3609833121299744,0.3787051141262054,0.3577460348606110,-0.3174816370010376,0.4387505948543549,0.3766799271106720,-0.4067665040493011,0.3735861480236053,0.3618830144405365,-0.3623062670230865,0.4374316036701202,0.3565360307693481,-0.4121405184268951,0.3748186528682709,0.3403753638267517,-0.3824270963668823,0.4408562779426575,0.3526355326175690,-0.3642118573188782,0.3789475560188293,0.3366393148899078,-0.3311878442764282,0.4685232937335968,0.4848467111587524,-0.0425670668482780,0.4166100919246674,0.4811828136444092,0.0425447151064873,0.4852481782436371,0.6698687672615051,-0.0470126159489155,0.4040535986423492,0.6651252508163452,0.0668541267514229,0.4897137582302094,0.8519746065139771,0.0632748827338219,0.3971676230430603,0.8365347385406494,0.1864227354526520,0.4891854226589203,0.8682613372802734,0.0645655170083046,0.4055845141410828,0.8606694340705872,0.1900543719530106,0.4821631014347076,0.9178192615509033,-0.0778592452406883,0.3629877269268036,0.8840825557708740,0.0728113651275635
0.4349423944950104,0.1512555181980133,-0.3086471557617188,0.4407885968685150,0.1324485987424850,-0.2982271015644073,0.4451826512813568,0.1321006268262863,-0.2982519268989563,0.4490989744663239,0.1321345865726471,-0.2982576191425323,0.4287697076797485,0.1342374831438065,-0.2924987077713013,0.4250698983669281,0.1347982436418533,-0.2925468385219574,0.4225220084190369,0.1353774368762970,-0.2925246059894562,0.4550828635692596,0.1391847580671310,-0.1896011680364609,0.4204246401786804,0.1437162756919861,-0.1620031148195267,0.4439347088336945,0.1692616492509842,-0.2639833688735962,0.4284185469150543,0.1721033900976181,-0.2565461993217468,0.4885818362236023,0.2321350723505020,-0.1278368532657623,0.3986284434795380,0.2432933449745178,-0.0286358464509249,0.5072724819183350,0.3642828166484833,-0.1859707534313202,0.3806306421756744,0.3613409101963043,-0.0659881979227066,0.4531752765178680,0.3721582889556885,-0.3620271682739258,0.3789188563823700,0.3591595292091370,-0.3167401552200317,0.4390589892864227,0.3766714632511139,-0.4076009690761566,0.3737384676933289,0.3631453216075897,-0.3613939285278320,0.4376607835292816,0.3564991354942322,-0.4129351079463959,0.3748841285705566,0.3412759304046631,-0.3816797435283661,0.4411140680313110,0.3525860011577606,-0.3652288615703583,0.3790018260478973,0.3376258015632629,-0.3303616344928741,0.4687192738056183,0.4848463833332062,-0.0425659455358982,0.4169402122497559,0.4812051355838776,0.0425436086952686,0.4853526949882507,0.6698950529098511,-0.0475590601563454,0.4044734835624695,0.6650887131690979,0.0727308467030525,0.4899463653564453,0.8519721627235413,0.0586542934179306,0.3972571492195129,0.8364785313606262,0.1996835768222809,0.4897488951683044,0.8684306740760803,0.0591488555073738,0.4055643677711487,0.8605644702911377,0.2042930424213409,0.4824814200401306,0.9178207516670227,-0.0841436237096786,0.3630581796169281,0.8840609192848206,0.0898869261145592
0.4350662231445312,0.1512470245361328,-0.3099555671215057,0.4409374594688416,0.1324374228715897,-0.2994883954524994,0.4453358650207520,0.1320899426937103,-0.2995179295539856,0.4493090808391571,0.1321305930614471,-0.2995252907276154,0.4288579821586609,0.1342227160930634,-0.2935757935047150,0.4252011179924011,0.1347858309745789,-0.2936200201511383,0.4226624071598053,0.1353689730167389,-0.2936004400253296,0.4552842378616333,0.1392163485288620,-0.1910306662321091,0.4205388426780701,0.1437265872955322,-0.1625393927097321,0.4440765380859375,0.1692668050527573,-0.2653478085994720,0.4285778105258942,0.1721041649580002,-0.2576482295989990,0.4888780415058136,0.2321772873401642,-0.1294320523738861,0.3988268673419952,0.2433866411447525,-0.0286795999854803,0.5074719190597534,0.3642878234386444,-0.1866307258605957,0.3806752860546112,0.3609096705913544,-0.0652130618691444,0.4532364606857300,0.3719932138919830,-0.3642124235630035,0.3788856565952301,0.3614320158958435,-0.3169709146022797,0.4391050636768341,0.3762630522251129,-0.4103306233882904,0.3737290203571320,0.3647264540195465,-0.3613797724246979,0.4377025365829468,0.3556653857231140,-0.4156267344951630,0.3748915791511536,0.3425122797489166,-0.3825193047523499,0.4411473572254181,0.3519809544086456,-0.3673386573791504,0.3789310753345490,0.3385929763317108,-0.3309164941310883,0.4689505696296692,0.4849224984645844,-0.0425415188074112,0.4171780347824097,0.4814415276050568,0.0425181239843369,0.4857956767082214,0.6705453991889954,-0.0426883473992348,0.4045081436634064,0.6651638746261597,0.0729678645730019,0.4900915026664734,0.8519356250762939,0.0762076899409294,0.3975657820701599,0.8364439010620117,0.2033750116825104,0.4899317026138306,0.8677057623863220,0.0784205272793770,0.4058640301227570,0.8603985309600830,0.2084934413433075,0.4825144708156586,0.9177877306938171,-0.0639368519186974,0.3635641038417816,0.8839506506919861,0.0929776355624199
0.4352199435234070,0.1512468159198761,-0.3140779137611389,0.4410955011844635,0.1324358284473419,-0.3033776581287384,0.4455165266990662,0.1320886462926865,-0.3034057021141052,0.4495128989219666,0.1321307718753815,-0.3034105002880096,0.4290208816528320,0.1342218071222305,-0.2975232303142548,0.4253796637058258,0.1347856521606445,-0.2975684702396393,0.4228611290454865,0.1353696137666702,-0.2975496053695679,0.4554854333400726,0.1392205506563187,-0.1942448318004608,0.4207471907138824,0.1437356173992157,-0.1657695770263672,0.4442450404167175,0.1692667454481125,-0.2692820727825165,0.4287482500076294,0.1721153557300568,-0.2615603506565094,0.4892107248306274,0.2322924137115479,-0.1311650723218918,0.3990160524845123,0.2436141073703766,-0.0315731987357140,0.5077803134918213,0.3645220100879669,-0.1880577355623245,0.3807260394096375,0.3613207638263702,-0.0669227167963982,0.4535452127456665,0.3720046579837799,-0.3686605095863342,0.3789089024066925,0.3644780218601227,-0.3168840110301971,0.4393971562385559,0.3758606612682343,-0.4149115979671478,0.3737994432449341,0.3663497567176819,-0.3611631393432617,0.4381628334522247,0.3546839654445648,-0.4205230474472046,0.3750065863132477,0.3437197506427765,-0.3821884691715240,0.4416457414627075,0.3514149487018585,-0.3721475303173065,0.3790405988693237,0.3400412201881409,-0.3306733667850494,0.4693590998649597,0.4848681390285492,-0.0422545336186886,0.4175285696983337,0.4813924729824066,0.0422267131507397,0.4860384166240692,0.6703644990921021,-0.0407592393457890,0.4048438072204590,0.6650665402412415,0.0698245391249657,0.4905823767185211,0.8513330817222595,0.0799168720841408,0.3978256285190582,0.8363310694694519,0.1976364552974701,0.4902855753898621,0.8666048049926758,0.0821753591299057,0.4061314165592194,0.8603448867797852,0.2022233754396439,0.4827486574649811,0.9177743196487427,-0.0611276663839817,0.3640189766883850,0.8839510083198547,0.0845333188772202
0.4354749023914337,0.1512504369020462,-0.3146751523017883,0.4413065314292908,0.1324393451213837,-0.3037222623825073,0.4457438886165619,0.1320929825305939,-0.3037485480308533,0.4497351348400116,0.1321365386247635,-0.3037516176700592,0.4292430579662323,0.1342261284589767,-0.2980343401432037,0.4256075918674469,0.1347921192646027,-0.2980803251266479,0.4230885803699493,0.1353779882192612,-0.2980607151985168,0.4556851685047150,0.1392348408699036,-0.1943050771951675,0.4209232926368713,0.1437681764364243,-0.1662606298923492,0.4444634616374969,0.1692692637443542,-0.2697237730026245,0.4289962649345398,0.1721328496932983,-0.2622426152229309,0.4894767403602600,0.2323113828897476,-0.1297309696674347,0.3991594016551971,0.2438255101442337,-0.0350468009710312,0.5081606507301331,0.3645904064178467,-0.1855043619871140,0.3809109032154083,0.3613266348838806,-0.0677583366632462,0.4538231790065765,0.3720092475414276,-0.3676948845386505,0.3791096508502960,0.3652068674564362,-0.3187060952186584,0.4395014643669128,0.3756149411201477,-0.4139918386936188,0.3740390241146088,0.3667161762714386,-0.3631793558597565,0.4383909106254578,0.3540198504924774,-0.4193622171878815,0.3751890957355499,0.3442822694778442,-0.3839837610721588,0.4419570267200470,0.3508703708648682,-0.3711820542812347,0.3792071640491486,0.3407484591007233,-0.3323481678962708,0.4694700837135315,0.4849193394184113,-0.0405210889875889,0.4176706969738007,0.4813934266567230,0.0404776446521282,0.4861529171466827,0.6697632670402527,-0.0408842824399471,0.4051401317119598,0.6650652885437012,0.0700475275516510,0.4906647801399231,0.8512220978736877,0.0744748637080193,0.3980389237403870,0.8363048434257507,0.1982158124446869,0.4903537631034851,0.8664879798889160,0.0762103945016861,0.4062326252460480,0.8602222800254822,0.2032348960638046,0.4831467270851135,0.9176327586174011,-0.0689483210444450,0.3645863234996796,0.8839614987373352,0.0851737633347511
0.4356481730937958,0.1512935459613800,-0.3177835643291473,0.4414896070957184,0.1324772834777832,-0.3071413040161133,0.4459707140922546,0.1321319788694382,-0.3071754872798920,0.4499466121196747,0.1321731805801392,-0.3071855902671814,0.4294099509716034,0.1342735588550568,-0.3012529015541077,0.4257689416408539,0.1348484605550766,-0.3012975752353668,0.4232594668865204,0.1354312449693680,-0.3012813031673431,0.4558983743190765,0.1392654031515121,-0.1971779912710190,0.4210712611675262,0.1438403725624084,-0.1683116257190704,0.4447032809257507,0.1693047136068344,-0.2724660933017731,0.4291439056396484,0.1722058355808258,-0.2647013366222382,0.4896445274353027,0.2323799282312393,-0.1314417868852615,0.3992692828178406,0.2441466450691223,-0.0348985716700554,0.5083898305892944,0.3647880256175995,-0.1870457977056503,0.3809148967266083,0.3616485893726349,-0.0678143203258514,0.4539355039596558,0.3720438182353973,-0.3697882592678070,0.3791161179542542,0.3669797182083130,-0.3167929351329803,0.4396199882030487,0.3753035366535187,-0.4160982072353363,0.3740301728248596,0.3677910268306732,-0.3607760369777679,0.4386676549911499,0.3532063364982605,-0.4217122197151184,0.3751873970031738,0.3452821671962738,-0.3819257318973541,0.4422072172164917,0.3503877222537994,-0.3733619153499603,0.3792501986026764,0.3418761789798737,-0.3305293023586273,0.4696931242942810,0.4850047230720520,-0.0406212098896503,0.4178545176982880,0.4814851582050323,0.0405828095972538,0.4863865971565247,0.6704423427581787,-0.0421063043177128,0.4053236842155457,0.6654580831527710,0.0740741193294525,0.4907049834728241,0.8521121144294739,0.0742890536785126,0.3982172310352325,0.8364221453666687,0.2046086192131042,0.4904246926307678,0.8680836558341980,0.0754523426294327,0.4063935279846191,0.8603727817535400,0.2096517980098724,0.4831524193286896,0.9179111123085022,-0.0713847503066063,0.3646983206272125,0.8839612603187561,0.0916871055960655
0.4359435439109802,0.1514268964529037,-0.3176553845405579,0.4417714476585388,0.1326067596673965,-0.3070429861545563,0.4462634325027466,0.1322493851184845,-0.3070764839649200,0.4501899778842926,0.1322721987962723,-0.3070860207080841,0.4296887218952179,0.1344086825847626,-0.3011634051799774,0.4259977936744690,0.1349763274192810,-0.3012086749076843,0.4234885275363922,0.1355358511209488,-0.3011917173862457,0.4561185240745544,0.1393058001995087,-0.1971308887004852,0.4212681949138641,0.1438962519168854,-0.1683138012886047,0.4449883103370667,0.1693699657917023,-0.2723750174045563,0.4293831288814545,0.1723419874906540,-0.2646254003047943,0.4898775219917297,0.2324199825525284,-0.1314744055271149,0.3993757963180542,0.2444226592779160,-0.0348569862544537,0.5087573528289795,0.3648396134376526,-0.1882615089416504,0.3809023201465607,0.3619109690189362,-0.0686467960476875,0.4544844329357147,0.3721688091754913,-0.3733359873294830,0.3791289925575256,0.3678719997406006,-0.3171360790729523,0.4401426613330841,0.3751954436302185,-0.4198674857616425,0.3740261793136597,0.3686533570289612,-0.3612619340419769,0.4392279684543610,0.3527844250202179,-0.4251869320869446,0.3752518594264984,0.3459392189979553,-0.3816706538200378,0.4427312314510345,0.3501826822757721,-0.3769815564155579,0.3793869912624359,0.3425933122634888,-0.3305842280387878,0.4702132940292358,0.4849958121776581,-0.0407857336103916,0.4183897972106934,0.4814980328083038,0.0407493263483047,0.4867730438709259,0.6703786849975586,-0.0432965867221355,0.4057006835937500,0.6654583811759949,0.0740819051861763,0.4909764826297760,0.8522593975067139,0.0690538436174393,0.3986839652061462,0.8363987207412720,0.2033851146697998,0.4907928109169006,0.8683836460113525,0.0698281154036522,0.4070059657096863,0.8603828549385071,0.2081000953912735,0.4834617972373962,0.9178748726844788,-0.0765886232256889,0.3648141622543335,0.8840031623840332,0.0906517505645752
0.4359896779060364,0.1514826267957687,-0.3210651278495789,0.4418450295925140,0.1326078474521637,-0.3105436861515045,0.4463123381137848,0.1322499662637711,-0.3105720877647400,0.4502694010734558,0.1322733908891678,-0.3105789721012115,0.4297193884849548,0.1344213038682938,-0.3046228289604187,0.4260315895080566,0.1349967122077942,-0.3046737611293793,0.4235422015190125,0.1355660706758499,-0.3046532869338989,0.4562247991561890,0.1393152922391891,-0.1999144703149796,0.4213456809520721,0.1439149975776672,-0.1710513681173325,0.4450521767139435,0.1693961322307587,-0.2754812240600586,0.4294331967830658,0.1724379658699036,-0.2676638662815094,0.4900080263614655,0.2324223667383194,-0.1325135976076126,0.3993963003158569,0.2445875108242035,-0.0357147678732872,0.5090265274047852,0.3649083673954010,-0.1906726360321045,0.3815979957580566,0.3628621399402618,-0.0693687647581100,0.4549424946308136,0.3721781373023987,-0.3788275420665741,0.3801294863224030,0.3680365383625031,-0.3185019493103027,0.4405353367328644,0.3749857246875763,-0.4254725575447083,0.3749109506607056,0.3684468567371368,-0.3628348112106323,0.4396376013755798,0.3520691990852356,-0.4302053451538086,0.3756783306598663,0.3459027111530304,-0.3829815089702606,0.4432176351547241,0.3496677577495575,-0.3823151290416718,0.3796747028827667,0.3427092432975769,-0.3319156765937805,0.4702861905097961,0.4849260151386261,-0.0409569330513477,0.4186020195484161,0.4814708530902863,0.0409168675541878,0.4868905246257782,0.6701737046241760,-0.0497899018228054,0.4063544869422913,0.6654427051544189,0.0766838490962982,0.4913032352924347,0.8522402644157410,0.0494587421417236,0.3987115919589996,0.8366893529891968,0.2063416838645935,0.4912979006767273,0.8686081171035767,0.0493272691965103,0.4069795608520508,0.8607663512229919,0.2111466526985168,0.4838981926441193,0.9178490638732910,-0.0963367968797684,0.3647311627864838,0.8840713500976562,0.0948586240410805
0.4361849725246429,0.1514211297035217,-0.3207003474235535,0.4420895278453827,0.1325771957635880,-0.3101944923400879,0.4465495944023132,0.1322300434112549,-0.3102232813835144,0.4504919052124023,0.1322585940361023,-0.3102301359176636,0.4299252927303314,0.1344066560268402,-0.3042970299720764,0.4261970818042755,0.1349850594997406,-0.3043472170829773,0.4237127602100372,0.1355579197406769,-0.3043271899223328,0.4565151035785675,0.1393200904130936,-0.1998193264007568,0.4215855598449707,0.1439172178506851,-0.1711561977863312,0.4453247785568237,0.1693371832370758,-0.2752466201782227,0.4295867085456848,0.1724024713039398,-0.2674838006496429,0.4901555776596069,0.2324316948652267,-0.1325973123311996,0.3997728526592255,0.2446216791868210,-0.0362455211579800,0.5094268918037415,0.3649572730064392,-0.1907164305448532,0.3816054761409760,0.3622327148914337,-0.0697268247604370,0.4550316929817200,0.3721828460693359,-0.3778768181800842,0.3801001906394958,0.3677443563938141,-0.3175216317176819,0.4406137466430664,0.3747249841690063,-0.4241749346256256,0.3748921751976013,0.3682015240192413,-0.3613030016422272,0.4397545754909515,0.3517210781574249,-0.4289111793041229,0.3756987750530243,0.3461241126060486,-0.3824271261692047,0.4433019459247589,0.3494168817996979,-0.3813149333000183,0.3798202276229858,0.3428571224212646,-0.3312558233737946,0.4706647992134094,0.4853089451789856,-0.0407280735671520,0.4191108345985413,0.4815649986267090,0.0406920500099659,0.4874924123287201,0.6704892516136169,-0.0483767203986645,0.4064703583717346,0.6655744910240173,0.0766613483428955,0.4913371503353119,0.8522376418113708,0.0590356513857841,0.3990254104137421,0.8366408944129944,0.2068376243114471,0.4913192689418793,0.8680678606033325,0.0600719675421715,0.4072284102439880,0.8605179786682129,0.2117802053689957,0.4842165410518646,0.9176844358444214,-0.0828622430562973,0.3650148510932922,0.8839430809020996,0.0959042161703110
0.4363425970077515,0.1514256298542023,-0.3203814923763275,0.4422436654567719,0.1325764358043671,-0.3099343180656433,0.4466966688632965,0.1322272866964340,-0.3099629282951355,0.4506872594356537,0.1322575062513351,-0.3099696338176727,0.4300941824913025,0.1344126313924789,-0.3040166497230530,0.4264087080955505,0.1349992454051971,-0.3040669262409210,0.4239579439163208,0.1355839222669601,-0.3040466308593750,0.4567247033119202,0.1393363326787949,-0.2002162486314774,0.4218890964984894,0.1439921855926514,-0.1711667925119400,0.4455238878726959,0.1693418025970459,-0.2750935256481171,0.4298332333564758,0.1724269837141037,-0.2672725021839142,0.4905951917171478,0.2325018495321274,-0.1350481659173965,0.3999802470207214,0.2448792904615402,-0.0360905341804028,0.5098519325256348,0.3652642369270325,-0.1932831257581711,0.3821159899234772,0.3629179596900940,-0.0701159611344337,0.4554657042026520,0.3722393512725830,-0.3778103291988373,0.3810788393020630,0.3681289255619049,-0.3163860738277435,0.4408475458621979,0.3747036159038544,-0.4237496256828308,0.3757544755935669,0.3683016598224640,-0.3600371181964874,0.4401031434535980,0.3516127765178680,-0.4282698035240173,0.3762924373149872,0.3459417521953583,-0.3801294267177582,0.4437397122383118,0.3493415713310242,-0.3812411129474640,0.3803834021091461,0.3428220450878143,-0.3297221362590790,0.4709771573543549,0.4851537048816681,-0.0415683500468731,0.4194209277629852,0.4815663099288940,0.0415379554033279,0.4876647591590881,0.6690016984939575,-0.0509254299104214,0.4067618250846863,0.6654970049858093,0.0769803598523140,0.4918085932731628,0.8521656990051270,0.0522038415074348,0.3995448052883148,0.8364612460136414,0.2067469805479050,0.4917823970317841,0.8680489659309387,0.0527269914746284,0.4077920317649841,0.8605237007141113,0.2115796506404877,0.4845017492771149,0.9177520871162415,-0.0911428555846214,0.3653204739093781,0.8839552998542786,0.0958841741085052
0.4366086423397064,0.1514150053262711,-0.3274570703506470,0.4424957931041718,0.1325750499963760,-0.3170293271541595,0.4469569623470306,0.1322257220745087,-0.3170576095581055,0.4509567618370056,0.1322573423385620,-0.3170667290687561,0.4303870797157288,0.1344132423400879,-0.3109604716300964,0.4267124235630035,0.1350001990795135,-0.3110119700431824,0.4242798089981079,0.1355848312377930,-0.3109968900680542,0.4569629728794098,0.1393399685621262,-0.2068358063697815,0.4222154617309570,0.1439949572086334,-0.1771290898323059,0.4458029568195343,0.1693338304758072,-0.2820156514644623,0.4301255941390991,0.1724202483892441,-0.2739569842815399,0.4908739328384399,0.2325106710195541,-0.1398567110300064,0.4002015888690948,0.2449816316366196,-0.0399961210787296,0.5101373791694641,0.3653254806995392,-0.1994566023349762,0.3824316561222076,0.3630376756191254,-0.0730707943439484,0.4560306966304779,0.3722430169582367,-0.3851161301136017,0.3810860812664032,0.3681950271129608,-0.3184298872947693,0.4414677023887634,0.3746034801006317,-0.4312005043029785,0.3758790194988251,0.3683978915214539,-0.3615820109844208,0.4406254589557648,0.3514021933078766,-0.4358889460563660,0.3764608204364777,0.3459479510784149,-0.3827584683895111,0.4442367553710938,0.3491440713405609,-0.3885037600994110,0.3804799616336823,0.3427422046661377,-0.3320597708225250,0.4714484810829163,0.4851787388324738,-0.0415799282491207,0.4197669327259064,0.4817086756229401,0.0415488407015800,0.4879699051380157,0.6689894795417786,-0.0522380247712135,0.4069416224956512,0.6655122637748718,0.0799148529767990,0.4919934868812561,0.8521169424057007,0.0515501163899899,0.3999477624893188,0.8363307118415833,0.2150280624628067,0.4918537139892578,0.8680254817008972,0.0521529316902161,0.4082389771938324,0.8604018688201904,0.2204106450080872,0.4851123690605164,0.9175034761428833,-0.0920432433485985,0.3657887876033783,0.8839400410652161,0.1052147522568703
0.4367985129356384,0.1514809429645538,-0.3262161314487457,0.4427093863487244,0.1326037645339966,-0.3158374726772308,0.4471747279167175,0.1322460919618607,-0.3158658444881439,0.4511874020099640,0.1322758048772812,-0.3158741593360901,0.4305796921253204,0.1344786137342453,-0.3098050951957703,0.4269038438796997,0.1350715905427933,-0.3098563253879547,0.4244883954524994,0.1356534212827682,-0.3098399043083191,0.4571998715400696,0.1393573433160782,-0.2059700787067413,0.4224522709846497,0.1440518498420715,-0.1764736920595169,0.4460078179836273,0.1693881005048752,-0.2809117436408997,0.4303234517574310,0.1725361794233322,-0.2729090452194214,0.4911094903945923,0.2324898689985275,-0.1395306885242462,0.4004345536231995,0.2451227605342865,-0.0395010896027088,0.5104273557662964,0.3653261959552765,-0.1992001682519913,0.3829488158226013,0.3632144033908844,-0.0729256570339203,0.4563707709312439,0.3722499907016754,-0.3848978579044342,0.3816721141338348,0.3682982921600342,-0.3178072869777679,0.4417987763881683,0.3745746612548828,-0.4307626187801361,0.3762537539005280,0.3686146438121796,-0.3610025346279144,0.4408846795558929,0.3513092994689941,-0.4348322451114655,0.3767278492450714,0.3460693359375000,-0.3819689154624939,0.4444868266582489,0.3490614295005798,-0.3880831897258759,0.3807709813117981,0.3428675830364227,-0.3313438594341278,0.4716575443744659,0.4851697683334351,-0.0415894202888012,0.4200100004673004,0.4817100763320923,0.0415578410029411,0.4881755113601685,0.6685931682586670,-0.0522325411438942,0.4072447717189789,0.6655246019363403,0.0790615603327751,0.4924369156360626,0.8520523309707642,0.0535416789352894,0.4001724123954773,0.8363138437271118,0.2132759541273117,0.4923275411128998,0.8678990602493286,0.0546079464256763,0.4083957672119141,0.8603933453559875,0.2186756581068039,0.4856737554073334,0.9175274968147278,-0.0886339619755745,0.3661574721336365,0.8839411139488220,0.1039689555764198
0.4371106028556824,0.1513786166906357,-0.3290987908840179,0.4429799318313599,0.1325520873069763,-0.3187363743782043,0.4474640190601349,0.1322030872106552,-0.3187649846076965,0.4514720141887665,0.1322432011365891,-0.3187748789787292,0.4308971166610718,0.1344406753778458,-0.3126330077648163,0.4272288680076599,0.1350410431623459,-0.3126835227012634,0.4248153269290924,0.1356331706047058,-0.3126673400402069,0.4574564397335052,0.1393580436706543,-0.2090148776769638,0.4227701127529144,0.1440518200397491,-0.1792005747556686,0.4463248550891876,0.1693216264247894,-0.2838653624057770,0.4306520223617554,0.1724625229835510,-0.2757505476474762,0.4914007782936096,0.2324918955564499,-0.1427387148141861,0.4007205665111542,0.2452037930488586,-0.0406948253512383,0.5108149051666260,0.3653663992881775,-0.2018339186906815,0.3832654953002930,0.3633815646171570,-0.0737783536314964,0.4570636451244354,0.3723261952400208,-0.3856407701969147,0.3818044960498810,0.3686065673828125,-0.3182244300842285,0.4426005184650421,0.3745814561843872,-0.4314082860946655,0.3764509558677673,0.3687312304973602,-0.3611687719821930,0.4415907859802246,0.3513181805610657,-0.4360669851303101,0.3769381642341614,0.3461016416549683,-0.3825029432773590,0.4451741576194763,0.3490665853023529,-0.3889353871345520,0.3809504210948944,0.3429545164108276,-0.3319479823112488,0.4721186757087708,0.4851531982421875,-0.0417672395706177,0.4203749001026154,0.4817178249359131,0.0417388677597046,0.4885731339454651,0.6685958504676819,-0.0529225319623947,0.4076352417469025,0.6655182242393494,0.0837757736444473,0.4925561547279358,0.8520564436912537,0.0486615113914013,0.4003736376762390,0.8362942934036255,0.2195624709129333,0.4923455417156219,0.8679742217063904,0.0489550344645977,0.4086149632930756,0.8603975772857666,0.2249062508344650,0.4860739409923553,0.9174614548683167,-0.0955163985490799,0.3663548827171326,0.8839308619499207,0.1106624305248260
0.4374062418937683,0.1514730155467987,-0.3291265368461609,0.4432693719863892,0.1326263844966888,-0.3186095952987671,0.4477472305297852,0.1322635859251022,-0.3186376392841339,0.4517362415790558,0.1322964131832123,-0.3186462819576263,0.4312337338924408,0.1345476359128952,-0.3126378953456879,0.4275406897068024,0.1351504772901535,-0.3126884698867798,0.4251305460929871,0.1357305347919464,-0.3126680254936218,0.4577164649963379,0.1393867135047913,-0.2081481069326401,0.4230692088603973,0.1440947204828262,-0.1788226813077927,0.4465790390968323,0.1693913042545319,-0.2835233807563782,0.4309703707695007,0.1725699007511139,-0.2755835950374603,0.4916776418685913,0.2324935793876648,-0.1423313468694687,0.4009910821914673,0.2455672621726990,-0.0402855947613716,0.5111344456672668,0.3654153645038605,-0.2017913907766342,0.3836441934108734,0.3657358586788177,-0.0738537311553955,0.4574839472770691,0.3723301589488983,-0.3868601024150848,0.3824507892131805,0.3687722384929657,-0.3203536272048950,0.4431773722171783,0.3744773864746094,-0.4333992600440979,0.3769069612026215,0.3685641288757324,-0.3640569150447845,0.4419228732585907,0.3512324392795563,-0.4380121529102325,0.3772373199462891,0.3462078869342804,-0.3857079744338989,0.4455152750015259,0.3490106761455536,-0.3902348279953003,0.3812711536884308,0.3433305919170380,-0.3341489732265472,0.4723633229732513,0.4851979017257690,-0.0414302945137024,0.4206686317920685,0.4817396998405457,0.0413943529129028,0.4889814257621765,0.6686890721321106,-0.0536827333271503,0.4078733623027802,0.6658505201339722,0.0809654891490936,0.4930138289928436,0.8521331548690796,0.0542239509522915,0.4004101455211639,0.8365355730056763,0.2179370671510696,0.4930348992347717,0.8680232167243958,0.0558162890374660,0.4086299538612366,0.8604134321212769,0.2233551144599915,0.4865987598896027,0.9175379872322083,-0.0901092365384102,0.3668740689754486,0.8839548826217651,0.1084094345569611
0.4376471936702728,0.1516498774290085,-0.3284620344638824,0.4435272812843323,0.1327648460865021,-0.3180230557918549,0.4480056166648865,0.1323898434638977,-0.3180509507656097,0.4519730508327484,0.1324156373739243,-0.3180595636367798,0.4314942359924316,0.1346940547227859,-0.3121157288551331,0.4277917146682739,0.1352840960025787,-0.3121663331985474,0.4253890216350555,0.1358444392681122,-0.3121448159217834,0.4579209685325623,0.1394620984792709,-0.2077612578868866,0.4233210682868958,0.1441729813814163,-0.1788511723279953,0.4467692077159882,0.1695001870393753,-0.2829391360282898,0.4311802089214325,0.1727201193571091,-0.2750908136367798,0.4918242394924164,0.2325169742107391,-0.1419545263051987,0.4010704159736633,0.2458930462598801,-0.0402174443006516,0.5113732218742371,0.3654447197914124,-0.2026532441377640,0.3837631046772003,0.3665655553340912,-0.0758607909083366,0.4578891098499298,0.3722777068614960,-0.3883887529373169,0.3825125694274902,0.3687080740928650,-0.3225220143795013,0.4436464905738831,0.3742478191852570,-0.4345740079879761,0.3770443201065063,0.3684554696083069,-0.3660076856613159,0.4422487020492554,0.3509345650672913,-0.4389009773731232,0.3773759007453918,0.3460988104343414,-0.3869889676570892,0.4458427131175995,0.3486413955688477,-0.3916174769401550,0.3814077377319336,0.3432263433933258,-0.3360206484794617,0.4726554155349731,0.4851433634757996,-0.0415453575551510,0.4209038019180298,0.4817670583724976,0.0415099635720253,0.4892384111881256,0.6686320304870605,-0.0558316633105278,0.4081319570541382,0.6658099889755249,0.0808197557926178,0.4931468963623047,0.8520856499671936,0.0485620535910130,0.4007166624069214,0.8365076184272766,0.2154655903577805,0.4930472671985626,0.8680013418197632,0.0494954958558083,0.4089633226394653,0.8604542613029480,0.2204377353191376,0.4869508445262909,0.9174717664718628,-0.0948691442608833,0.3669463396072388,0.8839193582534790,0.1064588055014610
0.4376401305198669,0.1516697257757187,-0.3291344046592712,0.4435318708419800,0.1328063905239105,-0.3191015124320984,0.4480156302452087,0.1324310302734375,-0.3191274404525757,0.4519900083541870,0.1324585676193237,-0.3191347420215607,0.4315128624439240,0.1347306817770004,-0.3126477003097534,0.4278188049793243,0.1353149563074112,-0.3127006590366364,0.4254251122474670,0.1358732581138611,-0.3126798868179321,0.4580259919166565,0.1395286768674850,-0.2095204442739487,0.4234555959701538,0.1441857367753983,-0.1785323470830917,0.4467641413211823,0.1695073992013931,-0.2838433682918549,0.4311795234680176,0.1727271527051926,-0.2753241658210754,0.4919453859329224,0.2325877249240875,-0.1429326236248016,0.4014219045639038,0.2458714246749878,-0.0399910286068916,0.5115327835083008,0.3655517995357513,-0.2063680142164230,0.3839279413223267,0.3666724860668182,-0.0764831230044365,0.4581799209117889,0.3722825646400452,-0.3947477936744690,0.3827576041221619,0.3686312139034271,-0.3272837698459625,0.4438968598842621,0.3741119801998138,-0.4412450790405273,0.3771939873695374,0.3682716786861420,-0.3713672459125519,0.4425720572471619,0.3508250415325165,-0.4456018507480621,0.3775239884853363,0.3457309305667877,-0.3915050923824310,0.4461913108825684,0.3485306203365326,-0.3979945182800293,0.3815283179283142,0.3427461385726929,-0.3405904173851013,0.4728831052780151,0.4851698577404022,-0.0417484603822231,0.4214649796485901,0.4818007946014404,0.0417116433382034,0.4897339940071106,0.6688340902328491,-0.0575881488621235,0.4085314869880676,0.6659661531448364,0.0820887237787247,0.4933540523052216,0.8522090911865234,0.0462551452219486,0.4007375538349152,0.8369137644767761,0.2187364697456360,0.4932793676853180,0.8690009117126465,0.0470027215778828,0.4089621603488922,0.8606324195861816,0.2241051793098450,0.4871880710124969,0.9175511002540588,-0.0984864011406898,0.3669090867042542,0.8839739561080933,0.1093900501728058
0.4378663599491119,0.1516688317060471,-0.3283591866493225,0.4437802433967590,0.1327944397926331,-0.3183862566947937,0.4482312500476837,0.1324216723442078,-0.3184117078781128,0.4522424340248108,0.1324520558118820,-0.3184181451797485,0.4316751062870026,0.1347205191850662,-0.3119304478168488,0.4279928207397461,0.1353105306625366,-0.3119836747646332,0.4256159663200378,0.1358745992183685,-0.3119631409645081,0.4582447111606598,0.1395449638366699,-0.2089567482471466,0.4236368834972382,0.1442199945449829,-0.1781228333711624,0.4469839632511139,0.1695089489221573,-0.2832002043724060,0.4314105808734894,0.1727386862039566,-0.2746947109699249,0.4920932650566101,0.2325864136219025,-0.1405073702335358,0.4015756845474243,0.2459422945976257,-0.0397356823086739,0.5118831992149353,0.3655536174774170,-0.1993972808122635,0.3842656016349792,0.3666486144065857,-0.0754873454570770,0.4584304094314575,0.3722660839557648,-0.3874874413013458,0.3832779824733734,0.3690395355224609,-0.3239151537418365,0.4442296326160431,0.3740536868572235,-0.4342527091503143,0.3775632977485657,0.3685889840126038,-0.3679422736167908,0.4427571296691895,0.3507462143898010,-0.4390235245227814,0.3778454959392548,0.3461698889732361,-0.3889794051647186,0.4463970363140106,0.3484222888946533,-0.3909202814102173,0.3818956911563873,0.3432766795158386,-0.3375229835510254,0.4731249213218689,0.4851150512695312,-0.0415565967559814,0.4216656684875488,0.4817756414413452,0.0415216907858849,0.4899493455886841,0.6687551736831665,-0.0562424920499325,0.4089405238628387,0.6659030914306641,0.0819598808884621,0.4938814938068390,0.8522333502769470,0.0469857342541218,0.4008988142013550,0.8370453119277954,0.2176731228828430,0.4939492940902710,0.8692376613616943,0.0476085916161537,0.4090409874916077,0.8606548309326172,0.2229346185922623,0.4878033399581909,0.9176342487335205,-0.0980695858597755,0.3671655058860779,0.8839794397354126,0.1082561090588570
0.4379357695579529,0.1516662985086441,-0.3284995853900909,0.4438820779323578,0.1327951997518539,-0.3184756040573120,0.4483221769332886,0.1324231028556824,-0.3185009658336639,0.4523399174213409,0.1324550509452820,-0.3185077011585236,0.4317992925643921,0.1347211301326752,-0.3120074868202209,0.4281137585639954,0.1353112906217575,-0.3120584487915039,0.4257411360740662,0.1358755379915237,-0.3120369315147400,0.4584330618381500,0.1395809799432755,-0.2095551788806915,0.4238563179969788,0.1442226767539978,-0.1784661561250687,0.4470590949058533,0.1695128530263901,-0.2835614085197449,0.4315086007118225,0.1727391034364700,-0.2750116884708405,0.4922729432582855,0.2326723933219910,-0.1420253962278366,0.4019958674907684,0.2459502667188644,-0.0405852235853672,0.5122445225715637,0.3655948936939240,-0.2004904747009277,0.3845256268978119,0.3665614724159241,-0.0758396685123444,0.4584458172321320,0.3724071681499481,-0.3867312967777252,0.3832429051399231,0.3687909841537476,-0.3240808844566345,0.4441898763179779,0.3740869462490082,-0.4336753785610199,0.3775564432144165,0.3684629797935486,-0.3679763674736023,0.4427406191825867,0.3510977923870087,-0.4385678470134735,0.3778612911701202,0.3461056947708130,-0.3891393244266510,0.4463904798030853,0.3486465811729431,-0.3902213871479034,0.3819273114204407,0.3432388901710510,-0.3377718031406403,0.4734665751457214,0.4851180016994476,-0.0411325357854366,0.4218764305114746,0.4817810654640198,0.0410942696034908,0.4901884794235229,0.6686533689498901,-0.0562154278159142,0.4091098010540009,0.6659914255142212,0.0798264443874359,0.4941798150539398,0.8520926833152771,0.0496440157294273,0.4010023474693298,0.8370361924171448,0.2169666290283203,0.4942744076251984,0.8687151670455933,0.0508345328271389,0.4090847969055176,0.8604378104209900,0.2221080511808395,0.4880599677562714,0.9176297783851624,-0.0947158783674240,0.3677043616771698,0.8839431405067444,0.1072429567575455
0.4381357729434967,0.1516713500022888,-0.3282510936260223,0.4440307617187500,0.1328007280826569,-0.3180542886257172,0.4484288394451141,0.1324268877506256,-0.3180801570415497,0.4524620175361633,0.1324630528688431,-0.3180867135524750,0.4319892525672913,0.1347252428531647,-0.3117680847644806,0.4283629059791565,0.1353160291910172,-0.3118187189102173,0.4259816706180573,0.1358847320079803,-0.3117969930171967,0.4585534632205963,0.1396084576845169,-0.2089511603116989,0.4240363836288452,0.1442534625530243,-0.1786950379610062,0.4472047090530396,0.1695152223110199,-0.2832745313644409,0.4317678809165955,0.1727405190467834,-0.2750135958194733,0.4925610721111298,0.2327351421117783,-0.1416714787483215,0.4020843803882599,0.2464640289545059,-0.0411986708641052,0.5125792622566223,0.3656646907329559,-0.2001597583293915,0.3849498927593231,0.3673646450042725,-0.0758403614163399,0.4588870406150818,0.3724605143070221,-0.3866093754768372,0.3839669227600098,0.3691960871219635,-0.3226602673530579,0.4445630609989166,0.3741097450256348,-0.4334845244884491,0.3779647946357727,0.3684916496276855,-0.3661853969097137,0.4430976510047913,0.3511433899402618,-0.4384769499301910,0.3781237304210663,0.3466133773326874,-0.3875239193439484,0.4467980265617371,0.3486488759517670,-0.3901259601116180,0.3822793960571289,0.3442409634590149,-0.3363386094570160,0.4737453460693359,0.4851192831993103,-0.0409652590751648,0.4221127331256866,0.4818156361579895,0.0409257933497429,0.4903288483619690,0.6684955954551697,-0.0563203170895576,0.4092364311218262,0.6659998297691345,0.0797535181045532,0.4943119585514069,0.8520809412002563,0.0476457141339779,0.4011071026325226,0.8370126485824585,0.2166348844766617,0.4943642914295197,0.8686405420303345,0.0484259165823460,0.4091763198375702,0.8604160547256470,0.2218527793884277,0.4882391393184662,0.9175816178321838,-0.0971540436148643,0.3680923879146576,0.8839114904403687,0.1066406443715096
0.4381711781024933,0.1518391221761703,-0.3280125856399536,0.4440713524818420,0.1329392045736313,-0.3178380727767944,0.4484650492668152,0.1325615346431732,-0.3178651630878448,0.4525049328804016,0.1325950920581818,-0.3178724646568298,0.4320300817489624,0.1348324567079544,-0.3115683794021606,0.4284071028232574,0.1354083567857742,-0.3116189539432526,0.4260314702987671,0.1359682828187943,-0.3115972876548767,0.4586125612258911,0.1397654712200165,-0.2086175382137299,0.4241301119327545,0.1443368345499039,-0.1784327477216721,0.4472243189811707,0.1696431338787079,-0.2829757928848267,0.4318074285984039,0.1728585809469223,-0.2747245132923126,0.4926313757896423,0.2327639013528824,-0.1414285004138947,0.4021720290184021,0.2465080469846725,-0.0410437360405922,0.5128185749053955,0.3656627237796783,-0.2009054869413376,0.3853088021278381,0.3680291771888733,-0.0758562237024307,0.4592393040657043,0.3724642693996429,-0.3878354430198669,0.3844147026538849,0.3689288198947906,-0.3234321177005768,0.4448418915271759,0.3741043210029602,-0.4341734647750854,0.3781053721904755,0.3684222996234894,-0.3668756186962128,0.4434582293033600,0.3511148989200592,-0.4387217462062836,0.3782351613044739,0.3463800549507141,-0.3880012333393097,0.4471722543239594,0.3485797047615051,-0.3911325037479401,0.3824566602706909,0.3439695239067078,-0.3370475172996521,0.4739121198654175,0.4851262867450714,-0.0410937219858170,0.4223817288875580,0.4818346500396729,0.0410558655858040,0.4906841814517975,0.6685906052589417,-0.0569086112082005,0.4095032811164856,0.6660429239273071,0.0797451734542847,0.4945075809955597,0.8520815372467041,0.0476270876824856,0.4011411666870117,0.8370471000671387,0.2161512076854706,0.4945540130138397,0.8686367273330688,0.0484171323478222,0.4091641306877136,0.8604125976562500,0.2213652282953262,0.4883121848106384,0.9176230430603027,-0.0968508049845695,0.3681756854057312,0.8838910460472107,0.1060439869761467
0.4382239580154419,0.1518978923559189,-0.3277249038219452,0.4441292881965637,0.1329809129238129,-0.3175330162048340,0.4485056102275848,0.1326013505458832,-0.3175602555274963,0.4525540173053741,0.1326368898153305,-0.3175675272941589,0.4320884346961975,0.1348667591810226,-0.3113010525703430,0.4284679591655731,0.1354376077651978,-0.3113517761230469,0.4261012673377991,0.1359965801239014,-0.3113299906253815,0.4586677849292755,0.1398390978574753,-0.2082787007093430,0.4242313504219055,0.1443842053413391,-0.1782337576150894,0.4472543895244598,0.1696939468383789,-0.2826752364635468,0.4318698942661285,0.1729175299406052,-0.2744645178318024,0.4927162528038025,0.2327822744846344,-0.1412654221057892,0.4022575020790100,0.2465671151876450,-0.0409885756671429,0.5130650401115417,0.3656551241874695,-0.2016995400190353,0.3854781687259674,0.3690430521965027,-0.0760423839092255,0.4596211612224579,0.3724628984928131,-0.3887702822685242,0.3846482038497925,0.3685205280780792,-0.3238278031349182,0.4452801048755646,0.3740954995155334,-0.4348137080669403,0.3782438933849335,0.3677283227443695,-0.3671545982360840,0.4438648223876953,0.3511030077934265,-0.4390669465065002,0.3783808350563049,0.3460620939731598,-0.3880491256713867,0.4475635886192322,0.3485457897186279,-0.3919555842876434,0.3826217055320740,0.3436550498008728,-0.3373068869113922,0.4741620123386383,0.4850684702396393,-0.0412829592823982,0.4226798117160797,0.4818226099014282,0.0412462428212166,0.4910195767879486,0.6686282753944397,-0.0581349879503250,0.4100243747234344,0.6659619808197021,0.0796906426548958,0.4946677088737488,0.8521800041198730,0.0443027354776859,0.4013061523437500,0.8370602726936340,0.2150485217571259,0.4947515726089478,0.8692934513092041,0.0448152571916580,0.4092281162738800,0.8604305982589722,0.2200790047645569,0.4883485436439514,0.9176489114761353,-0.0999969467520714,0.3682844042778015,0.8838863372802734,0.1050685793161392
0.4382206499576569,0.1519209295511246,-0.3248289823532104,0.4441419839859009,0.1330125778913498,-0.3149467706680298,0.4485143125057220,0.1326235681772232,-0.3149709403514862,0.4525704979896545,0.1326558291912079,-0.3149748444557190,0.4321208298206329,0.1348956376314163,-0.3084616661071777,0.4285086095333099,0.1354559361934662,-0.3085154294967651,0.4261519312858582,0.1360072195529938,-0.3084926307201385,0.4587307870388031,0.1398506909608841,-0.2063203454017639,0.4243994653224945,0.1443890929222107,-0.1752929985523224,0.4472520649433136,0.1697025001049042,-0.2800104320049286,0.4318758547306061,0.1729240417480469,-0.2714873850345612,0.4928511679172516,0.2327868342399597,-0.1384585648775101,0.4024521410465240,0.2465532869100571,-0.0376015044748783,0.5131992101669312,0.3657193779945374,-0.2007090002298355,0.3858730196952820,0.3690950274467468,-0.0755176469683647,0.4596595466136932,0.3724589943885803,-0.3881430625915527,0.3847295343875885,0.3674326837062836,-0.3250985741615295,0.4454432129859924,0.3739490509033203,-0.4342509806156158,0.3783855438232422,0.3664493560791016,-0.3691801428794861,0.4440043866634369,0.3510343134403229,-0.4385081529617310,0.3785035908222198,0.3453654050827026,-0.3893711268901825,0.4476639330387115,0.3484705686569214,-0.3913426399230957,0.3827340304851532,0.3429379463195801,-0.3384149372577667,0.4743846654891968,0.4850376844406128,-0.0412170961499214,0.4228916168212891,0.4817651212215424,0.0411803536117077,0.4911889135837555,0.6690100431442261,-0.0583831146359444,0.4103533923625946,0.6659551262855530,0.0774989351630211,0.4948425889015198,0.8522182106971741,0.0450529605150223,0.4014621376991272,0.8370580673217773,0.2139608412981033,0.4949258565902710,0.8693933486938477,0.0455944351851940,0.4092063009738922,0.8602506518363953,0.2191656082868576,0.4885017275810242,0.9176228046417236,-0.0990801826119423,0.3684996664524078,0.8838619589805603,0.1036237105727196
0.4384218752384186,0.1519315242767334,-0.3342470228672028,0.4443283677101135,0.1330283135175705,-0.3245579302310944,0.4487089514732361,0.1326373517513275,-0.3245840668678284,0.4527532458305359,0.1326675564050674,-0.3245957791805267,0.4323282837867737,0.1349265873432159,-0.3183198571205139,0.4287091493606567,0.1354957669973373,-0.3183796703815460,0.4263443648815155,0.1360494494438171,-0.3183591961860657,0.4588726162910461,0.1398553550243378,-0.2160215079784393,0.4245602786540985,0.1444608718156815,-0.1859309375286102,0.4474764764308929,0.1697138249874115,-0.2893522977828979,0.4321103692054749,0.1729412972927094,-0.2811045646667480,0.4929620325565338,0.2327946871519089,-0.1479633599519730,0.4025416076183319,0.2467106580734253,-0.0464852266013622,0.5133765339851379,0.3657678961753845,-0.2122383415699005,0.3860289454460144,0.3710350990295410,-0.0872206240892410,0.4598020017147064,0.3724820911884308,-0.4002023339271545,0.3847255408763885,0.3670446872711182,-0.3396090269088745,0.4456610381603241,0.3738928735256195,-0.4461040496826172,0.3784268200397491,0.3655242621898651,-0.3836295008659363,0.4441910088062286,0.3510307967662811,-0.4502782225608826,0.3785397708415985,0.3447890281677246,-0.4030935466289520,0.4478615224361420,0.3484712243080139,-0.4032626450061798,0.3827609419822693,0.3424479663372040,-0.3526668846607208,0.4746742546558380,0.4851562082767487,-0.0411615110933781,0.4230513572692871,0.4819960296154022,0.0411232709884644,0.4914215505123138,0.6690282821655273,-0.0593972615897655,0.4103785157203674,0.6660069227218628,0.0774724856019020,0.4949787259101868,0.8521859049797058,0.0454296022653580,0.4015199542045593,0.8370558619499207,0.2143913060426712,0.4950050711631775,0.8691416382789612,0.0457538887858391,0.4091992974281311,0.8601267933845520,0.2198015600442886,0.4887750446796417,0.9176509976387024,-0.0989663153886795,0.3685826659202576,0.8838451504707336,0.1042207852005959
0.4384512007236481,0.1520200818777084,-0.3330828249454498,0.4443602859973907,0.1330731213092804,-0.3232621252536774,0.4487335979938507,0.1326744854450226,-0.3232887983322144,0.4527882039546967,0.1326985210180283,-0.3232997059822083,0.4323580563068390,0.1349916011095047,-0.3170805871486664,0.4287470281124115,0.1355665773153305,-0.3171382546424866,0.4263851344585419,0.1361252665519714,-0.3171173930168152,0.4589114487171173,0.1398805975914001,-0.2145611345767975,0.4246398508548737,0.1445295959711075,-0.1847936809062958,0.4475130140781403,0.1697776317596436,-0.2881726324558258,0.4321567118167877,0.1730408370494843,-0.2800153493881226,0.4930547773838043,0.2328010946512222,-0.1474831849336624,0.4027715027332306,0.2466927915811539,-0.0459633842110634,0.5136952996253967,0.3658310174942017,-0.2103133499622345,0.3860067725181580,0.3709499537944794,-0.0863902494311333,0.4600831270217896,0.3725206851959229,-0.3973427116870880,0.3847018480300903,0.3647401928901672,-0.3409587144851685,0.4459539055824280,0.3739042282104492,-0.4431529045104980,0.3784070909023285,0.3636890947818756,-0.3851858675479889,0.4444437026977539,0.3510284721851349,-0.4473360776901245,0.3785556852817535,0.3430441319942474,-0.4037976861000061,0.4480997920036316,0.3484485149383545,-0.4004016220569611,0.3827684223651886,0.3407389819622040,-0.3536592721939087,0.4748438894748688,0.4852149188518524,-0.0411518439650536,0.4231563508510590,0.4820295572280884,0.0411128029227257,0.4915667176246643,0.6689960360527039,-0.0595239549875259,0.4105627834796906,0.6659869551658630,0.0773341357707977,0.4953396916389465,0.8520627617835999,0.0456779338419437,0.4016360342502594,0.8370125889778137,0.2143428027629852,0.4953519105911255,0.8687043786048889,0.0458971783518791,0.4091831147670746,0.8601018190383911,0.2198245972394943,0.4888533055782318,0.9178348779678345,-0.0986698120832443,0.3686737716197968,0.8838568329811096,0.1041985750198364
0.4384710192680359,0.1520720720291138,-0.3334255814552307,0.4443802237510681,0.1330963969230652,-0.3239396810531616,0.4487508833408356,0.1326833814382553,-0.3239661157131195,0.4528166353702545,0.1327043324708939,-0.3239769637584686,0.4324013590812683,0.1350603103637695,-0.3174042105674744,0.4288181662559509,0.1356520652770996,-0.3174629509449005,0.4264620244503021,0.1362178921699524,-0.3174406588077545,0.4589486122131348,0.1398905217647552,-0.2156607806682587,0.4247041642665863,0.1446335166692734,-0.1843786090612411,0.4475234150886536,0.1698090732097626,-0.2884988784790039,0.4322330653667450,0.1730912327766418,-0.2799483537673950,0.4931670725345612,0.2328042089939117,-0.1490407586097717,0.4029231071472168,0.2466922402381897,-0.0453567951917648,0.5137930512428284,0.3659084737300873,-0.2134725004434586,0.3859828710556030,0.3708660900592804,-0.0864849463105202,0.4601648151874542,0.3725237250328064,-0.3998564481735229,0.3846704065799713,0.3625715076923370,-0.3446180522441864,0.4459792971611023,0.3738317489624023,-0.4454827904701233,0.3783984780311584,0.3609936833381653,-0.3890772759914398,0.4445242285728455,0.3509495556354523,-0.4495332539081573,0.3785485625267029,0.3393673896789551,-0.4066708683967590,0.4481881558895111,0.3483739197254181,-0.4027337729930878,0.3826489448547363,0.3382187485694885,-0.3570629358291626,0.4750671982765198,0.4851487874984741,-0.0414126627147198,0.4233584403991699,0.4820266067981720,0.0413720495998859,0.4917255043983459,0.6689711213111877,-0.0597983263432980,0.4107526540756226,0.6659151315689087,0.0754833444952965,0.4954955279827118,0.8521284461021423,0.0473072268068790,0.4017268717288971,0.8371368646621704,0.2109107971191406,0.4955524504184723,0.8687565922737122,0.0482282564043999,0.4092683196067810,0.8601872324943542,0.2162488400936127,0.4890095293521881,0.9180071353912354,-0.0968222767114639,0.3689358830451965,0.8839510083198547,0.0994244813919067
0.4384689033031464,0.1521064490079880,-0.3324533998966217,0.4443877637386322,0.1331271678209305,-0.3238960802555084,0.4487634599208832,0.1327070295810699,-0.3239201903343201,0.4528337717056274,0.1327242702245712,-0.3239308893680573,0.4324549138545990,0.1351251602172852,-0.3160656988620758,0.4288969039916992,0.1357335895299911,-0.3161262571811676,0.4265438914299011,0.1362945586442947,-0.3160974085330963,0.4589903056621552,0.1398941129446030,-0.2145671844482422,0.4247868657112122,0.1446924954652786,-0.1798530071973801,0.4475217163562775,0.1698694080114365,-0.2880443036556244,0.4322457015514374,0.1731412410736084,-0.2777096033096313,0.4932073056697845,0.2328092008829117,-0.1484660953283310,0.4032655656337738,0.2467082887887955,-0.0316818431019783,0.5139782428741455,0.3660532832145691,-0.2146093547344208,0.3860391080379486,0.3714513480663300,-0.0792499557137489,0.4601362049579620,0.3728395104408264,-0.4019018709659576,0.3845376372337341,0.3606679737567902,-0.3420757651329041,0.4459414184093475,0.3738801777362823,-0.4478117525577545,0.3783044517040253,0.3583198487758636,-0.3864273428916931,0.4445080459117889,0.3512743711471558,-0.4514351189136505,0.3784931600093842,0.3361091315746307,-0.4050144553184509,0.4481843709945679,0.3487947285175323,-0.4045370817184448,0.3823848962783813,0.3348554968833923,-0.3547947108745575,0.4750434160232544,0.4850458204746246,-0.0442350246012211,0.4234363436698914,0.4820120930671692,0.0441968627274036,0.4917634129524231,0.6690880060195923,-0.0632245913147926,0.4108572602272034,0.6661034226417542,0.0793733969330788,0.4957460761070251,0.8522170186042786,0.0447302199900150,0.4019967913627625,0.8371463418006897,0.2154434025287628,0.4958610534667969,0.8689422011375427,0.0457525998353958,0.4096702337265015,0.8602063059806824,0.2208742350339890,0.4891642630100250,0.9180169105529785,-0.1000277921557426,0.3689097762107849,0.8839505910873413,0.1052196547389030
0.4384603500366211,0.1521973162889481,-0.3274684250354767,0.4443887174129486,0.1331770569086075,-0.3190215528011322,0.4487617909908295,0.1327467709779739,-0.3190466463565826,0.4528321921825409,0.1327583938837051,-0.3190555572509766,0.4324627518653870,0.1352063417434692,-0.3111543059349060,0.4289430081844330,0.1358182281255722,-0.3112077713012695,0.4265779256820679,0.1363724023103714,-0.3111805617809296,0.4589997231960297,0.1399319022893906,-0.2125098556280136,0.4248164892196655,0.1447747051715851,-0.1768390536308289,0.4474966824054718,0.1699808090925217,-0.2838772833347321,0.4322431683540344,0.1732201129198074,-0.2735356688499451,0.4932724833488464,0.2328379601240158,-0.1482212990522385,0.4034013152122498,0.2467287629842758,-0.0309478640556335,0.5141417980194092,0.3660418391227722,-0.2105381041765213,0.3860120177268982,0.3706090450286865,-0.0759862139821053,0.4601286947727203,0.3730417490005493,-0.3880190253257751,0.3844918310642242,0.3604605793952942,-0.3361676335334778,0.4459110498428345,0.3739947676658630,-0.4325508773326874,0.3782847225666046,0.3577465415000916,-0.3800064921379089,0.4445104300975800,0.3514935076236725,-0.4368957877159119,0.3785210549831390,0.3356584012508392,-0.3981095850467682,0.4481935203075409,0.3489406406879425,-0.3905424177646637,0.3824804425239563,0.3344602286815643,-0.3488275706768036,0.4752159714698792,0.4851175248622894,-0.0441673547029495,0.4235302507877350,0.4821306467056274,0.0441293716430664,0.4920043349266052,0.6697692871093750,-0.0612865649163723,0.4108423590660095,0.6662103533744812,0.0804568678140640,0.4957354962825775,0.8525563478469849,0.0450169704854488,0.4024028182029724,0.8370487093925476,0.2152447700500488,0.4958387911319733,0.8691661953926086,0.0458260327577591,0.4103346765041351,0.8601039648056030,0.2206367105245590,0.4892232716083527,0.9179618954658508,-0.0994881317019463,0.3690957725048065,0.8839029073715210,0.1050737202167511
0.4383243918418884,0.1524060815572739,-0.3238030374050140,0.4442916810512543,0.1332796514034271,-0.3153132498264313,0.4486487507820129,0.1328142136335373,-0.3153362274169922,0.4527512192726135,0.1328082233667374,-0.3153379559516907,0.4323651194572449,0.1353603899478912,-0.3075841963291168,0.4289126992225647,0.1359622925519943,-0.3076399266719818,0.4265421926975250,0.1365009844303131,-0.3076150715351105,0.4589829146862030,0.1399665027856827,-0.2101785242557526,0.4248121082782745,0.1448103636503220,-0.1743838340044022,0.4473670423030853,0.1700725257396698,-0.2804280519485474,0.4322064518928528,0.1733172386884689,-0.2702836692333221,0.4932822585105896,0.2328792512416840,-0.1466122567653656,0.4034335911273956,0.2467714101076126,-0.0308119580149651,0.5141592621803284,0.3660864233970642,-0.2098882645368576,0.3859961926937103,0.3705646693706512,-0.0763474553823471,0.4601256251335144,0.3730912804603577,-0.3875259757041931,0.3844574093818665,0.3598174452781677,-0.3363350629806519,0.4458819925785065,0.3740068078041077,-0.4319472610950470,0.3782697319984436,0.3570019006729126,-0.3803024291992188,0.4444945156574249,0.3514510989189148,-0.4358816444873810,0.3785195350646973,0.3346920013427734,-0.3979047834873199,0.4481997489929199,0.3489091098308563,-0.3899259865283966,0.3824900388717651,0.3334901630878448,-0.3487284481525421,0.4752616882324219,0.4852509796619415,-0.0441153012216091,0.4235877096652985,0.4823138713836670,0.0440780334174633,0.4921055734157562,0.6696429848670959,-0.0610315166413784,0.4109147489070892,0.6662010550498962,0.0803990438580513,0.4959131181240082,0.8525816798210144,0.0445583201944828,0.4024434089660645,0.8371070623397827,0.2152242213487625,0.4959795773029327,0.8691633343696594,0.0452960990369320,0.4103321731090546,0.8601133823394775,0.2205794453620911,0.4894360005855560,0.9182909727096558,-0.0998119339346886,0.3692752122879028,0.8839466571807861,0.1048681885004044
0.4380132257938385,0.1527361422777176,-0.3210141956806183,0.4440789222717285,0.1334132105112076,-0.3124773204326630,0.4484320580959320,0.1329071819782257,-0.3125013709068298,0.4525583982467651,0.1328752636909485,-0.3124984204769135,0.4321250319480896,0.1355883330106735,-0.3046496510505676,0.4287979304790497,0.1361996829509735,-0.3047068417072296,0.4264160096645355,0.1367488354444504,-0.3046837747097015,0.4589102566242218,0.1400419771671295,-0.2079194039106369,0.4247919917106628,0.1449301242828369,-0.1711003780364990,0.4470252692699432,0.1702732443809509,-0.2776918709278107,0.4320394694805145,0.1735539585351944,-0.2674007117748260,0.4932791888713837,0.2328968048095703,-0.1451548188924789,0.4034352302551270,0.2468693703413010,-0.0284161455929279,0.5141600370407104,0.3661467134952545,-0.2093827426433563,0.3859714865684509,0.3708710968494415,-0.0763416290283203,0.4601106345653534,0.3728750944137573,-0.3935776650905609,0.3840521275997162,0.3592637479305267,-0.3385471403598785,0.4458581507205963,0.3736504018306732,-0.4390044212341309,0.3778213858604431,0.3556451797485352,-0.3832169473171234,0.4444839358329773,0.3507299125194550,-0.4422630965709686,0.3780195415019989,0.3330050706863403,-0.4000293910503387,0.4481769502162933,0.3481266200542450,-0.3959773480892181,0.3817499876022339,0.3321321010589600,-0.3507550060749054,0.4753404259681702,0.4852667450904846,-0.0441522710025311,0.4236527383327484,0.4824056029319763,0.0441148690879345,0.4922040402889252,0.6694576144218445,-0.0611073710024357,0.4110165238380432,0.6658540368080139,0.0796277076005936,0.4960618019104004,0.8526275157928467,0.0428888276219368,0.4024618864059448,0.8371313214302063,0.2118941396474838,0.4961147606372833,0.8691794276237488,0.0434444025158882,0.4103112220764160,0.8601444363594055,0.2169393748044968,0.4895157516002655,0.9185153841972351,-0.1021366938948631,0.3693091273307800,0.8840107917785645,0.1007484868168831
0.4376259744167328,0.1531558632850647,-0.3171462714672089,0.4437207579612732,0.1337225586175919,-0.3088686168193817,0.4480457305908203,0.1331550180912018,-0.3088947832584381,0.4521782696247101,0.1330625265836716,-0.3088917434215546,0.4317908585071564,0.1359854191541672,-0.3005641400814056,0.4285970926284790,0.1365783512592316,-0.3006178438663483,0.4261992871761322,0.1371079832315445,-0.3005928695201874,0.4586823284626007,0.1401639282703400,-0.2049688249826431,0.4247170388698578,0.1451315432786942,-0.1653385311365128,0.4466327428817749,0.1705418825149536,-0.2738552093505859,0.4318184256553650,0.1738213002681732,-0.2628636062145233,0.4932326078414917,0.2329083532094955,-0.1425842195749283,0.4034580886363983,0.2468993514776230,-0.0212198738008738,0.5141686797142029,0.3661764264106750,-0.2088174372911453,0.3860326409339905,0.3712326884269714,-0.0701768398284912,0.4601021707057953,0.3727856576442719,-0.3942145407199860,0.3837967813014984,0.3585227727890015,-0.3381134569644928,0.4458096325397491,0.3736155033111572,-0.4399721324443817,0.3772865533828735,0.3535230159759521,-0.3829821050167084,0.4444175660610199,0.3507220149040222,-0.4430766999721527,0.3775596320629120,0.3321482837200165,-0.3996515572071075,0.4481457173824310,0.3480993807315826,-0.3966053724288940,0.3812004625797272,0.3314279913902283,-0.3502991795539856,0.4753257930278778,0.4854962527751923,-0.0445282645523548,0.4236938059329987,0.4826781153678894,0.0444933325052261,0.4923940300941467,0.6695780754089355,-0.0610116757452488,0.4110150039196014,0.6659521460533142,0.0796748548746109,0.4962382912635803,0.8526005744934082,0.0430428571999073,0.4024998545646667,0.8371524810791016,0.2124386429786682,0.4962178170681000,0.8688029050827026,0.0437351204454899,0.4102787673473358,0.8601555824279785,0.2175707817077637,0.4895230233669281,0.9185251593589783,-0.1018545255064964,0.3693541586399078,0.8840428590774536,0.1015793085098267
0.4373142123222351,0.1534522175788879,-0.3167190849781036,0.4434202015399933,0.1339159309864044,-0.3078867793083191,0.4477006793022156,0.1333210468292236,-0.3079120814800262,0.4517871737480164,0.1332061886787415,-0.3079085946083069,0.4314640760421753,0.1361909061670303,-0.3001665472984314,0.4283644855022430,0.1367728263139725,-0.3002209365367889,0.4259140789508820,0.1373075693845749,-0.3001951873302460,0.4584359526634216,0.1403036117553711,-0.2028041183948517,0.4245390594005585,0.1453502178192139,-0.1658401042222977,0.4462207853794098,0.1707376837730408,-0.2731035351753235,0.4315591752529144,0.1740509420633316,-0.2628692388534546,0.4930724799633026,0.2329513728618622,-0.1403344124555588,0.4033954441547394,0.2470862716436386,-0.0230975653976202,0.5141540169715881,0.3661892414093018,-0.2077301889657974,0.3860370516777039,0.3720698356628418,-0.0704383924603462,0.4600815474987030,0.3724133074283600,-0.3938028216362000,0.3838272988796234,0.3585461378097534,-0.3376358151435852,0.4456938207149506,0.3733736574649811,-0.4394850432872772,0.3772947192192078,0.3537171185016632,-0.3824853599071503,0.4441238343715668,0.3505358695983887,-0.4429117739200592,0.3775518834590912,0.3320802152156830,-0.3993664085865021,0.4479504227638245,0.3477094471454620,-0.3963381052017212,0.3812028765678406,0.3315478861331940,-0.3498917520046234,0.4753997921943665,0.4854846000671387,-0.0444817878305912,0.4238384068012238,0.4827523231506348,0.0444467589259148,0.4924806654453278,0.6694067716598511,-0.0605875812470913,0.4110661149024963,0.6659624576568604,0.0777569189667702,0.4964132010936737,0.8522713780403137,0.0444040074944496,0.4026879072189331,0.8373486995697021,0.2072950154542923,0.4963628649711609,0.8685373663902283,0.0452511981129646,0.4106062352657318,0.8603254556655884,0.2120905965566635,0.4899242520332336,0.9185249805450439,-0.0993376076221466,0.3695062994956970,0.8841370940208435,0.0962118580937386
0.4365673661231995,0.1535576879978180,-0.3193919360637665,0.4426502287387848,0.1339701414108276,-0.3113247752189636,0.4469692111015320,0.1333565115928650,-0.3113464713096619,0.4511487185955048,0.1332280784845352,-0.3113461434841156,0.4307174086570740,0.1362951248884201,-0.3028599321842194,0.4277573525905609,0.1369045972824097,-0.3029170036315918,0.4253380000591278,0.1374741643667221,-0.3028918206691742,0.4579117894172668,0.1403355598449707,-0.2071411758661270,0.4241791963577271,0.1454561948776245,-0.1669551730155945,0.4455629289150238,0.1708112359046936,-0.2759115099906921,0.4310552179813385,0.1741722077131271,-0.2647375166416168,0.4928409457206726,0.2329262197017670,-0.1438702642917633,0.4033646881580353,0.2470974326133728,-0.0243632029742002,0.5141475200653076,0.3662765920162201,-0.2118295878171921,0.3860307633876801,0.3715715408325195,-0.0708153322339058,0.4596854746341705,0.3724066019058228,-0.3972800970077515,0.3837099373340607,0.3579619228839874,-0.3388819396495819,0.4446924626827240,0.3733699321746826,-0.4431986808776855,0.3769847750663757,0.3536688983440399,-0.3836525976657867,0.4430463910102844,0.3505443036556244,-0.4458016157150269,0.3773970007896423,0.3318898081779480,-0.4007810056209564,0.4472552239894867,0.3476944565773010,-0.3993936777114868,0.3809790909290314,0.3313173949718475,-0.3512935936450958,0.4754087328910828,0.4853985905647278,-0.0453678332269192,0.4240384399890900,0.4827767908573151,0.0453339852392673,0.4924579560756683,0.6693415045738220,-0.0625495761632919,0.4113358855247498,0.6657828688621521,0.0919747129082680,0.4968566596508026,0.8518506288528442,0.0394436307251453,0.4029472768306732,0.8373087644577026,0.2365752309560776,0.4969352781772614,0.8684222698211670,0.0399637185037136,0.4105904698371887,0.8602429628372192,0.2431492954492569,0.4903550446033478,0.9184643626213074,-0.1058276146650314,0.3695141077041626,0.8841268420219421,0.1308072209358215
0.4359206557273865,0.1535334736108780,-0.3180350363254547,0.4420575201511383,0.1339627206325531,-0.3097760975360870,0.4463191628456116,0.1333491206169128,-0.3097963333129883,0.4504512250423431,0.1332243382930756,-0.3097936213016510,0.4301077127456665,0.1362913697957993,-0.3014396727085114,0.4272189140319824,0.1369032412767410,-0.3014954328536987,0.4247628152370453,0.1374758630990982,-0.3014696836471558,0.4572242796421051,0.1403426527976990,-0.2066877931356430,0.4236507713794708,0.1454740464687347,-0.1668527275323868,0.4448604285717010,0.1707707792520523,-0.2750902175903320,0.4304799437522888,0.1741322875022888,-0.2640716731548309,0.4922060370445251,0.2328962832689285,-0.1440918296575546,0.4032605886459351,0.2473925501108170,-0.0247590485960245,0.5141426920890808,0.3662488162517548,-0.2111899852752686,0.3860272169113159,0.3716419339179993,-0.0711976960301399,0.4593945741653442,0.3724523484706879,-0.3970950543880463,0.3836048245429993,0.3576374351978302,-0.3386973738670349,0.4436470568180084,0.3733741343021393,-0.4430135190486908,0.3762762248516083,0.3529033362865448,-0.3834888041019440,0.4421191811561584,0.3507292568683624,-0.4451625645160675,0.3768621981143951,0.3318104147911072,-0.4006961286067963,0.4466809034347534,0.3478224575519562,-0.3991757333278656,0.3804582357406616,0.3311127424240112,-0.3511243164539337,0.4753978848457336,0.4854395091533661,-0.0458102487027645,0.4240860044956207,0.4830978512763977,0.0457776002585888,0.4924881756305695,0.6695361137390137,-0.0682620480656624,0.4113594591617584,0.6657665967941284,0.1017768010497093,0.4969932734966278,0.8520311117172241,0.0237460266798735,0.4031449854373932,0.8372076153755188,0.2520583271980286,0.4970844984054565,0.8690059185028076,0.0231107771396637,0.4108919501304626,0.8600419163703918,0.2590644955635071,0.4904647469520569,0.9184783101081848,-0.1239440366625786,0.3694997429847717,0.8841422796249390,0.1489204019308090
0.4347159266471863,0.1536960750818253,-0.3181205987930298,0.4408518970012665,0.1340483278036118,-0.3104606568813324,0.4451584815979004,0.1334126889705658,-0.3104784786701202,0.4493256807327271,0.1332626491785049,-0.3104743063449860,0.4289772212505341,0.1364090442657471,-0.3014624416828156,0.4262112677097321,0.1370356529951096,-0.3015199005603790,0.4237810671329498,0.1376351118087769,-0.3014931678771973,0.4562683999538422,0.1403910964727402,-0.2084648907184601,0.4229310154914856,0.1457104533910751,-0.1673242449760437,0.4436205029487610,0.1708652526140213,-0.2755127549171448,0.4295634925365448,0.1742392778396606,-0.2643747925758362,0.4915651381015778,0.2327418923377991,-0.1463298648595810,0.4031430482864380,0.2474011778831482,-0.0239242501556873,0.5140598416328430,0.3662921786308289,-0.2140265405178070,0.3860392868518829,0.3717298209667206,-0.0712337046861649,0.4583593904972076,0.3725406825542450,-0.3991431593894958,0.3823280930519104,0.3558450043201447,-0.3393833935260773,0.4416852891445160,0.3735115230083466,-0.4451542794704437,0.3748012781143188,0.3525534868240356,-0.3843153119087219,0.4403634667396545,0.3507320880889893,-0.4476253688335419,0.3760940134525299,0.3317770063877106,-0.4015612900257111,0.4452124834060669,0.3478143215179443,-0.4011626541614532,0.3795772194862366,0.3308680355548859,-0.3519380986690521,0.4753743410110474,0.4854322671890259,-0.0468136183917522,0.4241266548633575,0.4831088483333588,0.0467836670577526,0.4924803972244263,0.6695042848587036,-0.0692606791853905,0.4113819897174835,0.6656063795089722,0.1006287857890129,0.4971166551113129,0.8520738482475281,0.0247678365558386,0.4032878875732422,0.8372263312339783,0.2461293190717697,0.4972923696041107,0.8693284988403320,0.0244305916130543,0.4108866155147552,0.8601435422897339,0.2525656819343567,0.4906153678894043,0.9184798598289490,-0.1224986165761948,0.3694933652877808,0.8841890692710876,0.1409113258123398
0.4335338473320007,0.1538451164960861,-0.3022662401199341,0.4397676587104797,0.1342252492904663,-0.2946379482746124,0.4440712928771973,0.1335642933845520,-0.2946564555168152,0.4481076300144196,0.1333708912134171,-0.2946484684944153,0.4280007779598236,0.1366708427667618,-0.2855662405490875,0.4253976941108704,0.1372948288917542,-0.2856196165084839,0.4228924512863159,0.1379153728485107,-0.2855893671512604,0.4552476704120636,0.1404468715190887,-0.1951167583465576,0.4222375154495239,0.1458905041217804,-0.1524146348237991,0.4423770010471344,0.1708982139825821,-0.2606767416000366,0.4285389780998230,0.1742656379938126,-0.2489067912101746,0.4904749691486359,0.2322728037834167,-0.1402407586574554,0.4027430117130280,0.2474193423986435,-0.0107741551473737,0.5136225819587708,0.3660621345043182,-0.2107783257961273,0.3862358927726746,0.3716072440147400,-0.0587704367935658,0.4574278891086578,0.3718215525150299,-0.3931039273738861,0.3817704319953918,0.3556697964668274,-0.3233269453048706,0.4403297305107117,0.3734846115112305,-0.4396456778049469,0.3735044300556183,0.3527370691299438,-0.3680014610290527,0.4385825991630554,0.3507347404956818,-0.4417089521884918,0.3746694028377533,0.3318994343280792,-0.3868052661418915,0.4429537355899811,0.3476977348327637,-0.3948792815208435,0.3786923587322235,0.3309338092803955,-0.3367768526077271,0.4751859605312347,0.4852555394172668,-0.0483165904879570,0.4241188168525696,0.4831029176712036,0.0483023002743721,0.4923947751522064,0.6695168614387512,-0.0794340148568153,0.4113768935203552,0.6652129292488098,0.1002609655261040,0.4972364306449890,0.8526248931884766,-0.0016637762309983,0.4034961462020874,0.8372107148170471,0.2396316379308701,0.4975666105747223,0.8703306913375854,-0.0036184869240969,0.4112097620964050,0.8601344823837280,0.2455590814352036,0.4906539916992188,0.9184976816177368,-0.1482400745153427,0.3694740831851959,0.8840854763984680,0.1350526064634323
0.4329176247119904,0.1539375782012939,-0.3055639564990997,0.4391258656978607,0.1344382315874100,-0.2974759340286255,0.4433476328849792,0.1337775737047195,-0.2974953651428223,0.4474008381366730,0.1335716843605042,-0.2974903881549835,0.4274612665176392,0.1368610262870789,-0.2889450788497925,0.4246957004070282,0.1374697834253311,-0.2889991700649261,0.4222384691238403,0.1380566656589508,-0.2889707982540131,0.4542646110057831,0.1405713409185410,-0.1962101310491562,0.4215301573276520,0.1460334956645966,-0.1555711477994919,0.4415995478630066,0.1709439158439636,-0.2632347345352173,0.4278614223003387,0.1742793023586273,-0.2520864307880402,0.4895658195018768,0.2320571690797806,-0.1402488052845001,0.4022550880908966,0.2474540919065475,-0.0131444958969951,0.5129772424697876,0.3660654425621033,-0.2104255557060242,0.3862358033657074,0.3715744912624359,-0.0587568022310734,0.4562456905841827,0.3715221583843231,-0.3914398252964020,0.3814206421375275,0.3561359941959381,-0.3203717768192291,0.4390761256217957,0.3734847605228424,-0.4382291138172150,0.3731690645217896,0.3544572889804840,-0.3647185564041138,0.4369701147079468,0.3508208692073822,-0.4404787421226501,0.3742936849594116,0.3329645693302155,-0.3836283981800079,0.4414516389369965,0.3476894795894623,-0.3932735025882721,0.3782002031803131,0.3314888477325439,-0.3336738049983978,0.4749349653720856,0.4851599335670471,-0.0488114766776562,0.4241141378879547,0.4830741584300995,0.0487923361361027,0.4921441674232483,0.6698851585388184,-0.0767040550708771,0.4113923013210297,0.6648769378662109,0.0997787266969681,0.4973364472389221,0.8527652025222778,0.0084632067009807,0.4036039113998413,0.8372027277946472,0.2372734993696213,0.4978015720844269,0.8710591793060303,0.0073594199493527,0.4111987650394440,0.8601281642913818,0.2430174052715302,0.4907250404357910,0.9183943867683411,-0.1370006054639816,0.3694546818733215,0.8840895295143127,0.1331355273723602
0.4309970736503601,0.1539779156446457,-0.3010267913341522,0.4371482431888580,0.1345079988241196,-0.2924695014953613,0.4414978921413422,0.1338445693254471,-0.2924886643886566,0.4454837143421173,0.1336207985877991,-0.2924827933311462,0.4258018136024475,0.1369562149047852,-0.2837221324443817,0.4232596457004547,0.1375828683376312,-0.2837727963924408,0.4206355214118958,0.1382097899913788,-0.2837504446506500,0.4528171122074127,0.1406394988298416,-0.1901336461305618,0.4202582538127899,0.1461878865957260,-0.1486474573612213,0.4398032426834106,0.1709475517272949,-0.2585727870464325,0.4263583421707153,0.1742808520793915,-0.2471271008253098,0.4884155392646790,0.2317016422748566,-0.1338863968849182,0.4017493426799774,0.2474550902843475,-0.0073768007569015,0.5124488472938538,0.3659453988075256,-0.2040006816387177,0.3857246935367584,0.3707667589187622,-0.0516289658844471,0.4551090896129608,0.3703547120094299,-0.3886094987392426,0.3806155622005463,0.3585999011993408,-0.3105205297470093,0.4379562139511108,0.3731678128242493,-0.4362625479698181,0.3726476728916168,0.3587611019611359,-0.3551323115825653,0.4354552030563354,0.3500509858131409,-0.4384814500808716,0.3740182816982269,0.3371775448322296,-0.3740196526050568,0.4399088621139526,0.3465050160884857,-0.3905365765094757,0.3777414560317993,0.3350225090980530,-0.3236547112464905,0.4746422469615936,0.4851601421833038,-0.0491314046084881,0.4240825474262238,0.4831557571887970,0.0491125807166100,0.4919961690902710,0.6716609597206116,-0.0753855258226395,0.4113750159740448,0.6648435592651367,0.1054263785481453,0.4974720776081085,0.8537717461585999,0.0088903876021504,0.4036697447299957,0.8372359871864319,0.2490303814411163,0.4981390833854675,0.8737829923629761,0.0076134419068694,0.4112402200698853,0.8601291179656982,0.2555185854434967,0.4907101392745972,0.9183562397956848,-0.1378395110368729,0.3693270981311798,0.8840816617012024,0.1472050845623016
0.4291283190250397,0.1540783941745758,-0.3035862743854523,0.4355427026748657,0.1346086412668228,-0.2949503064155579,0.4399569332599640,0.1339300721883774,-0.2949735224246979,0.4438640475273132,0.1336883157491684,-0.2949729561805725,0.4242695569992065,0.1370938718318939,-0.2864216566085815,0.4218575656414032,0.1377101838588715,-0.2864707410335541,0.4193089306354523,0.1383296102285385,-0.2864510118961334,0.4513959288597107,0.1407701224088669,-0.1920481771230698,0.4192681014537811,0.1462180465459824,-0.1517406553030014,0.4380329251289368,0.1709499061107635,-0.2609275281429291,0.4247352778911591,0.1742813885211945,-0.2497866898775101,0.4870524108409882,0.2315465807914734,-0.1341080963611603,0.4007974863052368,0.2475296854972839,-0.0100192790850997,0.5116943120956421,0.3659180700778961,-0.2039089649915695,0.3852384686470032,0.3703500628471375,-0.0469885393977165,0.4531522095203400,0.3703653216362000,-0.3871196210384369,0.3799394369125366,0.3644943237304688,-0.2999653518199921,0.4355730414390564,0.3732004165649414,-0.4346790909767151,0.3724598288536072,0.3673739433288574,-0.3432502150535583,0.4333634078502655,0.3499433696269989,-0.4370474517345428,0.3739545047283173,0.3448735177516937,-0.3640939295291901,0.4373654425144196,0.3462788164615631,-0.3890579044818878,0.3777122795581818,0.3415840864181519,-0.3138179183006287,0.4742310941219330,0.4854926764965057,-0.0490510314702988,0.4240081608295441,0.4845444858074188,0.0490317158401012,0.4917016923427582,0.6724242568016052,-0.0672430247068405,0.4112245142459869,0.6647467017173767,0.1085958704352379,0.4977888464927673,0.8537899851799011,0.0184308830648661,0.4038391709327698,0.8372736573219299,0.2574843466281891,0.4987797737121582,0.8737450838088989,0.0173466410487890,0.4114479124546051,0.8602087497711182,0.2645447552204132,0.4907343983650208,0.9183456897735596,-0.1282835602760315,0.3693957328796387,0.8840779066085815,0.1554636657238007
0.4279533922672272,0.1542172431945801,-0.3048728406429291,0.4343843460083008,0.1347586810588837,-0.2960351109504700,0.4387292861938477,0.1340568214654922,-0.2960599958896637,0.4426334500312805,0.1338075697422028,-0.2960629165172577,0.4230050742626190,0.1373119503259659,-0.2875360846519470,0.4205500781536102,0.1379316151142120,-0.2875844240188599,0.4181065559387207,0.1385540217161179,-0.2875612676143646,0.4500589072704315,0.1409624367952347,-0.1925395280122757,0.4178945720195770,0.1463973075151443,-0.1520210951566696,0.4368864893913269,0.1709814071655273,-0.2619827687740326,0.4235119223594666,0.1743014305830002,-0.2508363127708435,0.4853919744491577,0.2313663363456726,-0.1341738104820251,0.3993827700614929,0.2477344870567322,-0.0060731843113899,0.5103695988655090,0.3659309744834900,-0.2017218917608261,0.3847427964210510,0.3704328238964081,-0.0394365116953850,0.4510852992534637,0.3705925941467285,-0.3793802857398987,0.3799543678760529,0.3710924983024597,-0.2915687859058380,0.4331260025501251,0.3740089237689972,-0.4268219769001007,0.3723321259021759,0.3767602741718292,-0.3345004320144653,0.4311250150203705,0.3500859439373016,-0.4299925863742828,0.3739768564701080,0.3548363447189331,-0.3556570112705231,0.4349445700645447,0.3463492095470428,-0.3814999461174011,0.3777250051498413,0.3505205810070038,-0.3056014478206635,0.4738481938838959,0.4854950010776520,-0.0517412386834621,0.4239599108695984,0.4850759506225586,0.0517442487180233,0.4912447929382324,0.6732858419418335,-0.0679351761937141,0.4111091494560242,0.6647375226020813,0.1164507567882538,0.4980489015579224,0.8544119000434875,0.0198041964322329,0.4040952622890472,0.8373035788536072,0.2676867246627808,0.4994187951087952,0.8744587898254395,0.0189572796225548,0.4116494059562683,0.8604934215545654,0.2747247815132141,0.4907232224941254,0.9188919067382812,-0.1271831393241882,0.3695200383663177,0.8840956091880798,0.1665070205926895
0.4267389476299286,0.1552207171916962,-0.2993981540203094,0.4331268072128296,0.1359478235244751,-0.2906962335109711,0.4373466670513153,0.1352362185716629,-0.2907372713088989,0.4413766860961914,0.1348619610071182,-0.2907535731792450,0.4218348264694214,0.1384248882532120,-0.2818811535835266,0.4192392230033875,0.1389877051115036,-0.2819216847419739,0.4168845415115356,0.1395019441843033,-0.2818986177444458,0.4486847817897797,0.1416987925767899,-0.1879912763834000,0.4166301786899567,0.1472174227237701,-0.1458766609430313,0.4356290400028229,0.1716794073581696,-0.2567834258079529,0.4223054647445679,0.1749033182859421,-0.2451319098472595,0.4838738441467285,0.2313380539417267,-0.1331993788480759,0.3982654809951782,0.2483343929052353,0.0033344896510243,0.5088533759117126,0.3659778833389282,-0.1970439404249191,0.3846417367458344,0.3717888593673706,-0.0264955088496208,0.4488129019737244,0.3706727623939514,-0.3736893832683563,0.3792429864406586,0.3745130300521851,-0.2806021571159363,0.4308182001113892,0.3741774260997772,-0.4205698072910309,0.3708556294441223,0.3809074461460114,-0.3234220147132874,0.4292887449264526,0.3500130474567413,-0.4239248633384705,0.3723756968975067,0.3599718809127808,-0.3458173871040344,0.4329005181789398,0.3462975323200226,-0.3758212029933929,0.3768371343612671,0.3549823462963104,-0.2954276204109192,0.4733166694641113,0.4867159724235535,-0.0523327067494392,0.4237751066684723,0.4867851436138153,0.0523512475192547,0.4906247854232788,0.6754667162895203,-0.0670043230056763,0.4107819199562073,0.6658182740211487,0.1150065660476685,0.4985350966453552,0.8547601103782654,0.0212717484682798,0.4041707813739777,0.8383964896202087,0.2635709643363953,0.5004708766937256,0.8749762773513794,0.0208212230354548,0.4116091728210449,0.8611898422241211,0.2702934443950653,0.4908308386802673,0.9188892245292664,-0.1246312707662582,0.3696800768375397,0.8843684792518616,0.1614075154066086
0.4247048795223236,0.1558913141489029,-0.2976295351982117,0.4309103786945343,0.1366528719663620,-0.2890543341636658,0.4353412091732025,0.1359199881553650,-0.2890998423099518,0.4393736720085144,0.1355138421058655,-0.2891227006912231,0.4198469221591949,0.1391984224319458,-0.2801488339900970,0.4174257218837738,0.1398088335990906,-0.2801902890205383,0.4148407280445099,0.1404277980327606,-0.2801716923713684,0.4470475316047668,0.1424079388380051,-0.1874541789293289,0.4147796332836151,0.1481245011091232,-0.1446857154369354,0.4338917732238770,0.1721783429384232,-0.2554072737693787,0.4206400215625763,0.1754113584756851,-0.2435207366943359,0.4826077222824097,0.2313536554574966,-0.1337147802114487,0.3960471749305725,0.2490803748369217,0.0034858630970120,0.5070367455482483,0.3661665320396423,-0.1973275244235992,0.3838256001472473,0.3740147650241852,-0.0186815951019526,0.4466418027877808,0.3706958293914795,-0.3745478689670563,0.3771263659000397,0.3825670778751373,-0.2618301510810852,0.4289936423301697,0.3743228912353516,-0.4213251471519470,0.3694068491458893,0.3914712071418762,-0.3031817376613617,0.4273594915866852,0.3500156104564667,-0.4244457781314850,0.3704589307308197,0.3709858655929565,-0.3272929787635803,0.4308606386184692,0.3462701737880707,-0.3766579031944275,0.3740626573562622,0.3646127879619598,-0.2771897912025452,0.4727742373943329,0.4869066476821899,-0.0536323226988316,0.4234234988689423,0.4879261255264282,0.0536719225347042,0.4899187684059143,0.6756881475448608,-0.0689449235796928,0.4104788601398468,0.6658473014831543,0.1173095926642418,0.4988841116428375,0.8550466895103455,0.0191484317183495,0.4043881297111511,0.8383524417877197,0.2679284811019897,0.5012390613555908,0.8750265240669250,0.0185571704059839,0.4118874967098236,0.8611875176429749,0.2748656868934631,0.4908224940299988,0.9188741445541382,-0.1276028156280518,0.3696945011615753,0.8843165040016174,0.1669943630695343
0.4237842857837677,0.1575705856084824,-0.2992907464504242,0.4299784302711487,0.1384622007608414,-0.2906384170055389,0.4342392086982727,0.1376024782657623,-0.2906843423843384,0.4382633566856384,0.1370540559291840,-0.2907078564167023,0.4188515543937683,0.1412121951580048,-0.2820356786251068,0.4162697196006775,0.1418025195598602,-0.2820790708065033,0.4138174355030060,0.1423308402299881,-0.2820601463317871,0.4456544220447540,0.1435781419277191,-0.1880931556224823,0.4135431647300720,0.1496806740760803,-0.1465769559144974,0.4328933656215668,0.1734361201524734,-0.2565687894821167,0.4195737242698669,0.1767734289169312,-0.2450563013553619,0.4814435243606567,0.2314105033874512,-0.1327936798334122,0.3952212631702423,0.2509876489639282,0.0024952259846032,0.5057355165481567,0.3664779067039490,-0.1924293339252472,0.3838308453559875,0.3814283907413483,-0.0186784937977791,0.4448529183864594,0.3716956079006195,-0.3670856058597565,0.3771803081035614,0.3873693346977234,-0.2604403197765350,0.4271878004074097,0.3745250701904297,-0.4125010073184967,0.3683429956436157,0.3933804631233215,-0.3013762235641479,0.4258753061294556,0.3500525653362274,-0.4151580035686493,0.3691210746765137,0.3742905557155609,-0.3246636986732483,0.4294221699237823,0.3464762866497040,-0.3690310120582581,0.3736835122108459,0.3688826262950897,-0.2752932310104370,0.4725055992603302,0.4874608218669891,-0.0534214638173580,0.4233869314193726,0.4895151853561401,0.0534580796957016,0.4886295199394226,0.6768718957901001,-0.0643124729394913,0.4099892973899841,0.6670263409614563,0.1129320710897446,0.4996933639049530,0.8553044795989990,0.0318513885140419,0.4044381380081177,0.8390676975250244,0.2604549527168274,0.5035384893417358,0.8751792311668396,0.0321710668504238,0.4117545187473297,0.8618227839469910,0.2670668363571167,0.4900927543640137,0.9191381335258484,-0.1108844503760338,0.3697498440742493,0.8845772743225098,0.1569675356149673
0.4219678044319153,0.1591947525739670,-0.2903349697589874,0.4280762672424316,0.1399227529764175,-0.2818390429019928,0.4323810338973999,0.1388954967260361,-0.2819033265113831,0.4365074932575226,0.1382362246513367,-0.2819436788558960,0.4169488251209259,0.1430482566356659,-0.2721491456031799,0.4145210385322571,0.1436931043863297,-0.2721836864948273,0.4122303128242493,0.1442743837833405,-0.2721658647060394,0.4442105889320374,0.1447915732860565,-0.1818998157978058,0.4123642742633820,0.1515619903802872,-0.1355103552341461,0.4314056336879730,0.1746534556150436,-0.2487213760614395,0.4181647896766663,0.1782279312610626,-0.2358369082212448,0.4803436696529388,0.2317254543304443,-0.1329192072153091,0.3953140974044800,0.2530324161052704,0.0141930626705289,0.5044085979461670,0.3669624328613281,-0.1930492669343948,0.3834010958671570,0.3821746408939362,-0.0083666834980249,0.4424490928649902,0.3716993927955627,-0.3684322535991669,0.3760774731636047,0.3925116658210754,-0.2503259778022766,0.4247642755508423,0.3746414780616760,-0.4137931764125824,0.3674843609333038,0.4023787677288055,-0.2905747294425964,0.4230661690235138,0.3501005470752716,-0.4147211313247681,0.3678890466690063,0.3859305381774902,-0.3143232762813568,0.4267237782478333,0.3464849889278412,-0.3696422278881073,0.3721056878566742,0.3811003267765045,-0.2658765614032745,0.4719443917274475,0.4904357492923737,-0.0556925907731056,0.4233298003673553,0.4932985603809357,0.0557321198284626,0.4874275326728821,0.6790926456451416,-0.0584816895425320,0.4089819788932800,0.6683140397071838,0.1247959583997726,0.5016775727272034,0.8553057909011841,0.0433607473969460,0.4045943021774292,0.8390594124794006,0.2777470946311951,0.5073315501213074,0.8751136064529419,0.0445805378258228,0.4118176102638245,0.8620845079421997,0.2852301299571991,0.4895669221878052,0.9191412329673767,-0.0954709574580193,0.3697493374347687,0.8846517205238342,0.1821163296699524
0.4198375940322876,0.1629568487405777,-0.2900232672691345,0.4256197810173035,0.1434331387281418,-0.2825169265270233,0.4301710128784180,0.1420970708131790,-0.2825830876827240,0.4344764351844788,0.1411618888378143,-0.2826231420040131,0.4153603315353394,0.1465040743350983,-0.2713925540447235,0.4129994809627533,0.1470854431390762,-0.2714235186576843,0.4104027748107910,0.1477082967758179,-0.2714111208915710,0.4428354501724243,0.1471526026725769,-0.1841947287321091,0.4111557602882385,0.1545134931802750,-0.1317626833915710,0.4294145703315735,0.1785067170858383,-0.2493101656436920,0.4169319868087769,0.1818401217460632,-0.2343861609697342,0.4790157079696655,0.2322032153606415,-0.1379944533109665,0.3954958021640778,0.2548179328441620,0.0204478614032269,0.5028971433639526,0.3682406544685364,-0.2138443142175674,0.3835854828357697,0.3837111592292786,0.0030910251662135,0.4407142400741577,0.3716575503349304,-0.3906299471855164,0.3752972781658173,0.3967551589012146,-0.2375185638666153,0.4227080643177032,0.3747360706329346,-0.4368334114551544,0.3664427399635315,0.4070383608341217,-0.2760464251041412,0.4211640357971191,0.3501802980899811,-0.4328503608703613,0.3648485541343689,0.3919015228748322,-0.3018687665462494,0.4250991046428680,0.3465084135532379,-0.3897424042224884,0.3702200651168823,0.3867062330245972,-0.2540318369865417,0.4712106883525848,0.4955054521560669,-0.0596366301178932,0.4233038723468781,0.4980388581752777,0.0596562698483467,0.4867407977581024,0.6810847520828247,-0.0573843680322170,0.4072840511798859,0.6695570349693298,0.1370370984077454,0.5050006508827209,0.8553074002265930,0.0456064231693745,0.4045890271663666,0.8390538692474365,0.2933876812458038,0.5116544961929321,0.8750566840171814,0.0471308790147305,0.4121762812137604,0.8622115850448608,0.3015231490135193,0.4891888797283173,0.9191409349441528,-0.0924968495965004,0.3695589005947113,0.8844935894012451,0.2012269496917725
0.4186348319053650,0.1670588552951813,-0.2859627008438110,0.4242614805698395,0.1470476686954498,-0.2793798744678497,0.4288900196552277,0.1456628739833832,-0.2794550955295563,0.4334129393100739,0.1446565687656403,-0.2795061767101288,0.4144465029239655,0.1497123688459396,-0.2669313848018646,0.4118957817554474,0.1502136737108231,-0.2669485211372375,0.4091275930404663,0.1508371829986572,-0.2669309973716736,0.4420417547225952,0.1499128043651581,-0.1838424503803253,0.4102495312690735,0.1572938263416290,-0.1248016282916069,0.4283011257648468,0.1826841831207275,-0.2458832114934921,0.4162509143352509,0.1857310682535172,-0.2291128635406494,0.4778442978858948,0.2333561927080154,-0.1408858150243759,0.3955425322055817,0.2554396390914917,0.0307871624827385,0.5015419721603394,0.3707479834556580,-0.2179989218711853,0.3850778937339783,0.3850999474525452,0.0178317632526159,0.4386369287967682,0.3716635107994080,-0.3900471329689026,0.3746432960033417,0.4004653394222260,-0.2185186892747879,0.4200519025325775,0.3750354051589966,-0.4365191757678986,0.3640753924846649,0.4129917621612549,-0.2560001909732819,0.4184795618057251,0.3505738377571106,-0.4315466880798340,0.3622804582118988,0.3991586565971375,-0.2842130661010742,0.4228794872760773,0.3466835021972656,-0.3893274962902069,0.3686996996402740,0.3926846981048584,-0.2364872246980667,0.4708443582057953,0.4997564256191254,-0.0632882863283157,0.4233225882053375,0.5013611316680908,0.0633086264133453,0.4866835772991180,0.6834524273872375,-0.0577469430863857,0.4065228104591370,0.6697049736976624,0.1436474025249481,0.5100937485694885,0.8553804159164429,0.0450282208621502,0.4048830270767212,0.8388000726699829,0.2995354831218719,0.5163819789886475,0.8750349283218384,0.0466113910079002,0.4133301973342896,0.8622169494628906,0.3076128363609314,0.4885362684726715,0.9189992547035217,-0.0921039506793022,0.3695581853389740,0.8840649127960205,0.2104928493499756
0.4172773063182831,0.1705998778343201,-0.2852387726306915,0.4225789010524750,0.1500477641820908,-0.2800987362861633,0.4271720647811890,0.1486588120460510,-0.2801720201969147,0.4319334328174591,0.1475210487842560,-0.2802232801914215,0.4132520556449890,0.1527961641550064,-0.2659191489219666,0.4105347692966461,0.1534070670604706,-0.2659332156181335,0.4080077111721039,0.1540764868259430,-0.2659067511558533,0.4413238763809204,0.1522543728351593,-0.1845571547746658,0.4094967544078827,0.1601641923189163,-0.1222209855914116,0.4265244305133820,0.1866799890995026,-0.2467033267021179,0.4153504371643066,0.1894518435001373,-0.2276262789964676,0.4769813120365143,0.2340202629566193,-0.1546272933483124,0.3968075513839722,0.2556899487972260,0.0378488972783089,0.5000000596046448,0.3722432553768158,-0.2300302237272263,0.3887322545051575,0.3844003379344940,0.0323632024228573,0.4361847341060638,0.3719195425510406,-0.3895400166511536,0.3737025856971741,0.4058325588703156,-0.1975341290235519,0.4175148904323578,0.3758680820465088,-0.4361065328121185,0.3622296154499054,0.4192551672458649,-0.2324065715074539,0.4153886437416077,0.3516409397125244,-0.4295201897621155,0.3603645265102386,0.4060479104518890,-0.2618531882762909,0.4198499023914337,0.3474198579788208,-0.3885819315910339,0.3656591176986694,0.4003351628780365,-0.2160573005676270,0.4703532755374908,0.5010958313941956,-0.0679405182600021,0.4234490990638733,0.5017797946929932,0.0679289400577545,0.4864384829998016,0.6835561394691467,-0.0557016655802727,0.4059596061706543,0.6699008941650391,0.1373274177312851,0.5141003727912903,0.8541107177734375,0.0573935508728027,0.4049969911575317,0.8387500047683716,0.2832441031932831,0.5208091139793396,0.8741014599800110,0.0606227666139603,0.4138150811195374,0.8624970316886902,0.2903885245323181,0.4885417520999908,0.9154821038246155,-0.0728944540023804,0.3695997297763824,0.8840365409851074,0.1896783709526062
0.4160424470901489,0.1726092696189880,-0.2869964241981506,0.4208969175815582,0.1518283486366272,-0.2821409106254578,0.4253076612949371,0.1503870636224747,-0.2822116911411285,0.4301007688045502,0.1491559147834778,-0.2822640836238861,0.4118523597717285,0.1548245996236801,-0.2675363719463348,0.4093875288963318,0.1555805206298828,-0.2675462067127228,0.4071127772331238,0.1563635766506195,-0.2675162255764008,0.4403937458992004,0.1533267199993134,-0.1898645013570786,0.4088074564933777,0.1621836721897125,-0.1232537552714348,0.4252189099788666,0.1887567788362503,-0.2487452775239944,0.4145279526710510,0.1917480826377869,-0.2291694581508636,0.4760724306106567,0.2344870269298553,-0.1652416437864304,0.3970942497253418,0.2564436197280884,0.0379754863679409,0.4987112283706665,0.3728274106979370,-0.2350318133831024,0.3909238278865814,0.3839202225208282,0.0368750020861626,0.4332654178142548,0.3719684779644012,-0.3812556564807892,0.3728172481060028,0.4122876524925232,-0.1844168156385422,0.4154131114482880,0.3763414919376373,-0.4252999126911163,0.3620427250862122,0.4279610812664032,-0.2176713198423386,0.4121889173984528,0.3525616526603699,-0.4185534119606018,0.3565389513969421,0.4148198366165161,-0.2486176937818527,0.4163469970226288,0.3482718169689178,-0.3786702752113342,0.3622861504554749,0.4087282717227936,-0.2035053372383118,0.4700132012367249,0.5008277893066406,-0.0710915103554726,0.4234594702720642,0.5017529129981995,0.0710856467485428,0.4862071275711060,0.6831722259521484,-0.0561642982065678,0.4055848121643066,0.6698562502861023,0.1368465572595596,0.5183680057525635,0.8526763319969177,0.0540075562894344,0.4051126539707184,0.8387393951416016,0.2759917080402374,0.5264790058135986,0.8736228942871094,0.0567740686237812,0.4139945805072784,0.8627139925956726,0.2826798260211945,0.4886784255504608,0.9140341877937317,-0.0761931091547012,0.3694491088390350,0.8837471008300781,0.1836390346288681
0.4150639474391937,0.1725947111845016,-0.2894261479377747,0.4195420145988464,0.1520150005817413,-0.2831643819808960,0.4239802658557892,0.1507041007280350,-0.2832216620445251,0.4289404451847076,0.1495668590068817,-0.2832590341567993,0.4106990993022919,0.1548136174678802,-0.2705015242099762,0.4082699716091156,0.1555978208780289,-0.2705196142196655,0.4061242640018463,0.1564060449600220,-0.2704920470714569,0.4397427141666412,0.1537370383739471,-0.1966015398502350,0.4081523120403290,0.1626852154731750,-0.1271210461854935,0.4245705306529999,0.1889796108007431,-0.2493467628955841,0.4139044582843781,0.1918329894542694,-0.2323634475469589,0.4753786921501160,0.2347361296415329,-0.1676554679870605,0.3971692621707916,0.2574818730354309,0.0317911170423031,0.4976331591606140,0.3729696869850159,-0.2365904003381729,0.3928230404853821,0.3850471675395966,0.0253797639161348,0.4320459365844727,0.3727488815784454,-0.3819804489612579,0.3723818957805634,0.4129795134067535,-0.2043040841817856,0.4142984449863434,0.3772323727607727,-0.4255989789962769,0.3613723814487457,0.4307146072387695,-0.2395128905773163,0.4113955497741699,0.3534477055072784,-0.4198145866394043,0.3559000790119171,0.4154794216156006,-0.2685653567314148,0.4155513644218445,0.3492009937763214,-0.3789351284503937,0.3608471453189850,0.4069000482559204,-0.2224641591310501,0.4698850512504578,0.5005109310150146,-0.0707752332091331,0.4234590232372284,0.5013880133628845,0.0707533508539200,0.4862477183341980,0.6829890012741089,-0.0563992336392403,0.4053303599357605,0.6698243618011475,0.1370077729225159,0.5210048556327820,0.8517219424247742,0.0519303083419800,0.4053733944892883,0.8387274742126465,0.2763145864009857,0.5306515097618103,0.8733924031257629,0.0543937757611275,0.4139581024646759,0.8627320528030396,0.2829555869102478,0.4891682565212250,0.9139246344566345,-0.0800669416785240,0.3694902062416077,0.8836846947669983,0.1855876296758652
0.4144907593727112,0.1724059730768204,-0.2870187759399414,0.4189525842666626,0.1520580798387527,-0.2822313606739044,0.4233609139919281,0.1507867127656937,-0.2823055088520050,0.4283465445041656,0.1496911644935608,-0.2823590040206909,0.4100614488124847,0.1548569947481155,-0.2667561471462250,0.4076451659202576,0.1557272523641586,-0.2667630314826965,0.4055485427379608,0.1566059589385986,-0.2667334675788879,0.4393452405929565,0.1539171785116196,-0.1969334185123444,0.4077994525432587,0.1631991714239120,-0.1201379597187042,0.4241888821125031,0.1888925731182098,-0.2492951005697250,0.4135228395462036,0.1918253451585770,-0.2286696285009384,0.4748558998107910,0.2349537611007690,-0.1716718673706055,0.3983627855777740,0.2585271596908569,0.0432805418968201,0.4964395463466644,0.3730614781379700,-0.2427113205194473,0.3948196172714233,0.3846265077590942,0.0539336949586868,0.4304923117160797,0.3738285899162292,-0.3840883970260620,0.3678670823574066,0.4174745082855225,-0.1583588719367981,0.4132935404777527,0.3785575926303864,-0.4280170500278473,0.3568433821201324,0.4359068274497986,-0.1901832073926926,0.4104139208793640,0.3555749952793121,-0.4214962422847748,0.3504154980182648,0.4255835115909576,-0.2246046960353851,0.4146147966384888,0.3514989316463470,-0.3810337483882904,0.3558141887187958,0.4187559485435486,-0.1790121346712112,0.4697615206241608,0.5013657212257385,-0.0735365524888039,0.4235309958457947,0.5021108388900757,0.0735138356685638,0.4863639771938324,0.6849648356437683,-0.0581018812954426,0.4052767157554626,0.6704744100570679,0.1391931474208832,0.5242627263069153,0.8510450720787048,0.0575653240084648,0.4054041206836700,0.8389496207237244,0.2822677195072174,0.5340011119842529,0.8728605508804321,0.0616806112229824,0.4139165282249451,0.8631231188774109,0.2893630862236023,0.4907876849174500,0.9139712452888489,-0.0695459768176079,0.3694951236248016,0.8836717009544373,0.1949892193078995
0.4143237769603729,0.1733569055795670,-0.2863741517066956,0.4185023009777069,0.1528880000114441,-0.2816623151302338,0.4227079153060913,0.1514827609062195,-0.2817415297031403,0.4275128543376923,0.1502519994974136,-0.2818024754524231,0.4096798300743103,0.1561925262212753,-0.2655954360961914,0.4073942899703979,0.1573027074337006,-0.2655953466892242,0.4052390754222870,0.1584636121988297,-0.2655558586120605,0.4388350844383240,0.1542410999536514,-0.1967562735080719,0.4074405729770660,0.1650509983301163,-0.1175860017538071,0.4240840077400208,0.1895170658826828,-0.2490283697843552,0.4134553074836731,0.1929724514484406,-0.2274610549211502,0.4740201532840729,0.2349540740251541,-0.1722237020730972,0.4001572728157043,0.2606026232242584,0.0474953763186932,0.4959225058555603,0.3729968070983887,-0.2417888641357422,0.3968894183635712,0.3847249448299408,0.0467116087675095,0.4287118315696716,0.3741452395915985,-0.3814571499824524,0.3686898052692413,0.4175584316253662,-0.1758334487676620,0.4124251604080200,0.3789719045162201,-0.4259871542453766,0.3581276834011078,0.4358539879322052,-0.2097672820091248,0.4096660017967224,0.3566357493400574,-0.4207205772399902,0.3522924184799194,0.4260584712028503,-0.2413938641548157,0.4138884544372559,0.3526234030723572,-0.3787769377231598,0.3579727411270142,0.4186735451221466,-0.1954992860555649,0.4697923362255096,0.5018520951271057,-0.0770648717880249,0.4239931702613831,0.5023981332778931,0.0770763009786606,0.4868020713329315,0.6846740841865540,-0.0673800706863403,0.4053374230861664,0.6702992916107178,0.1581645458936691,0.5276505947113037,0.8505864143371582,0.0393077395856380,0.4058852791786194,0.8385409712791443,0.3096540570259094,0.5369001626968384,0.8728111982345581,0.0422238595783710,0.4145062565803528,0.8630121946334839,0.3175533413887024,0.4959178566932678,0.9140002727508545,-0.0914707332849503,0.3694945871829987,0.8832779526710510,0.2251137942075729
0.4134272634983063,0.1730441749095917,-0.2847033143043518,0.4175928831100464,0.1526682376861572,-0.2809259593486786,0.4217273890972137,0.1512438058853149,-0.2810086011886597,0.4264703691005707,0.1499828547239304,-0.2810774445533752,0.4090680778026581,0.1559406220912933,-0.2635655999183655,0.4069145321846008,0.1569914072751999,-0.2635562121868134,0.4047987759113312,0.1581130027770996,-0.2635116577148438,0.4384138286113739,0.1540227532386780,-0.1979586631059647,0.4074247777462006,0.1647707074880600,-0.1161822080612183,0.4234465360641479,0.1891347020864487,-0.2489489614963531,0.4130207598209381,0.1925508528947830,-0.2258548289537430,0.4734988808631897,0.2349261641502380,-0.1789779216051102,0.4035288691520691,0.2604349255561829,0.0489737950265408,0.4958715736865997,0.3729408085346222,-0.2474981844425201,0.4016245305538177,0.3845870792865753,0.0490599945187569,0.4275707900524139,0.3741372525691986,-0.3760715425014496,0.3691942095756531,0.4174320995807648,-0.1693995743989944,0.4115667641162872,0.3791242539882660,-0.4195169806480408,0.3589667975902557,0.4360921084880829,-0.2014110386371613,0.4084693789482117,0.3573444485664368,-0.4137248992919922,0.3528608381748199,0.4283979535102844,-0.2336077988147736,0.4128010869026184,0.3531348407268524,-0.3729268014431000,0.3592629730701447,0.4158204197883606,-0.1894580423831940,0.4698161780834198,0.5019699931144714,-0.0781855508685112,0.4249988198280334,0.5022069215774536,0.0781930238008499,0.4876602590084076,0.6844813227653503,-0.0670256391167641,0.4054517149925232,0.6699833273887634,0.1673429161310196,0.5299478173255920,0.8494396805763245,0.0395368076860905,0.4060800373554230,0.8375771641731262,0.3215659558773041,0.5393196344375610,0.8720124959945679,0.0426264554262161,0.4147419631481171,0.8629249930381775,0.3299087584018707,0.5033605098724365,0.9152880907058716,-0.0901068896055222,0.3694936931133270,0.8829745054244995,0.2411368787288666
0.4133008420467377,0.1737816482782364,-0.2865373790264130,0.4176210761070251,0.1531538218259811,-0.2821364104747772,0.4216201007366180,0.1516699343919754,-0.2822129130363464,0.4263365864753723,0.1502744108438492,-0.2822742164134979,0.4091022908687592,0.1567754894495010,-0.2654282450675964,0.4069523811340332,0.1579315811395645,-0.2654238343238831,0.4046609997749329,0.1592021733522415,-0.2653801143169403,0.4384323954582214,0.1540321409702301,-0.2014558166265488,0.4074822366237640,0.1655509173870087,-0.1157752498984337,0.4233393967151642,0.1895612329244614,-0.2495403736829758,0.4129290878772736,0.1932943463325500,-0.2276089936494827,0.4737182259559631,0.2349203675985336,-0.1847828924655914,0.4050727188587189,0.2607525885105133,0.0507611185312271,0.4960253536701202,0.3729090392589569,-0.2721846699714661,0.4024979174137115,0.3847037851810455,0.0665227100253105,0.4275947511196136,0.3738969862461090,-0.4184834361076355,0.3671112954616547,0.4197896122932434,-0.1389243006706238,0.4118925929069519,0.3790962398052216,-0.4655983746051788,0.3546730279922485,0.4397891461849213,-0.1681939512491226,0.4088714420795441,0.3572774529457092,-0.4580732285976410,0.3503247797489166,0.4321438074111938,-0.2038986384868622,0.4131686985492706,0.3530569076538086,-0.4155493974685669,0.3559743463993073,0.4238426387310028,-0.1599980890750885,0.4702949821949005,0.5028443336486816,-0.0816775038838387,0.4263224899768829,0.5029537677764893,0.0816635563969612,0.4897366166114807,0.6847339272499084,-0.0760707557201385,0.4058479368686676,0.6700557470321655,0.1745631396770477,0.5327659845352173,0.8494529724121094,0.0217063371092081,0.4063581526279449,0.8375766873359680,0.3287830948829651,0.5417833924293518,0.8720675706863403,0.0236335154622793,0.4147262573242188,0.8631526827812195,0.3373721241950989,0.5081982016563416,0.9178125858306885,-0.1117214635014534,0.3694973886013031,0.8828640580177307,0.2482664138078690
0.4124716818332672,0.1734151840209961,-0.2794255912303925,0.4168392717838287,0.1528874784708023,-0.2769709825515747,0.4207104742527008,0.1514405757188797,-0.2770552337169647,0.4253968894481659,0.1500224918127060,-0.2771219313144684,0.4087544083595276,0.1564565598964691,-0.2578469514846802,0.4065900146961212,0.1575831025838852,-0.2578362226486206,0.4042576849460602,0.1588375121355057,-0.2577907145023346,0.4382343590259552,0.1538890600204468,-0.2011179029941559,0.4076079428195953,0.1653435975313187,-0.1104546263813972,0.4226875007152557,0.1891897469758987,-0.2461727559566498,0.4125178754329681,0.1929262131452560,-0.2208529263734818,0.4739366769790649,0.2348716408014297,-0.1843169629573822,0.4076994657516479,0.2608528733253479,0.0533491149544716,0.4963098764419556,0.3728658854961395,-0.2569563984870911,0.4087776541709900,0.3846016824245453,0.0571764782071114,0.4272147119045258,0.3738929629325867,-0.3761476576328278,0.3702425658702850,0.4174875915050507,-0.1570485532283783,0.4117652773857117,0.3791585266590118,-0.4179236590862274,0.3578334152698517,0.4336459040641785,-0.1881785094738007,0.4084914028644562,0.3576247692108154,-0.4095117747783661,0.3529982864856720,0.4231349527835846,-0.2201430499553680,0.4131008982658386,0.3532317280769348,-0.3714690804481506,0.3560672998428345,0.4167852103710175,-0.1769813448190689,0.4714017212390900,0.5029872655868530,-0.0816802456974983,0.4283291399478912,0.5031340718269348,0.0816814228892326,0.4926884770393372,0.6846618652343750,-0.0758413597941399,0.4072950184345245,0.6694842576980591,0.1880102157592773,0.5350173711776733,0.8498738408088684,0.0211284160614014,0.4069336056709290,0.8368389606475830,0.3563774228096008,0.5436456799507141,0.8721547722816467,0.0226740054786205,0.4156992733478546,0.8631502389907837,0.3664613068103790,0.5150224566459656,0.9204048514366150,-0.1135798767209053,0.3696116209030151,0.8821902275085449,0.2804530262947083
0.4127437770366669,0.1733234673738480,-0.2775669395923615,0.4170384407043457,0.1528204530477524,-0.2746168971061707,0.4209290444850922,0.1513726711273193,-0.2747011184692383,0.4255816340446472,0.1499186605215073,-0.2747617661952972,0.4090522229671478,0.1564638614654541,-0.2549410760402679,0.4068244695663452,0.1576513350009918,-0.2549289464950562,0.4044565558433533,0.1590129286050797,-0.2548754513263702,0.4384071230888367,0.1537527441978455,-0.2006978392601013,0.4078040719032288,0.1656580418348312,-0.1059229224920273,0.4229654371738434,0.1890321969985962,-0.2449047863483429,0.4127410054206848,0.1929325461387634,-0.2186842858791351,0.4741335213184357,0.2347523570060730,-0.1863109469413757,0.4097743630409241,0.2613518834114075,0.0590286776423454,0.4965241253376007,0.3725036382675171,-0.2634864151477814,0.4097415506839752,0.3844227790832520,0.0660364404320717,0.4267064332962036,0.3738924860954285,-0.3818387389183044,0.3702198565006256,0.4202956557273865,-0.1438632160425186,0.4113499522209167,0.3792231678962708,-0.4250645935535431,0.3581662774085999,0.4373767375946045,-0.1730950921773911,0.4079364240169525,0.3583837449550629,-0.4131445586681366,0.3535102605819702,0.4286944270133972,-0.2072006762027740,0.4127033948898315,0.3538270294666290,-0.3761446774005890,0.3566813170909882,0.4239290058612823,-0.1646024882793427,0.4723653495311737,0.5027489662170410,-0.0834828615188599,0.4301651418209076,0.5030535459518433,0.0834685340523720,0.4952364265918732,0.6846331954002380,-0.0787537172436714,0.4098203480243683,0.6680578589439392,0.1873139441013336,0.5368837714195251,0.8501834273338318,0.0114850820973516,0.4074686467647552,0.8363784551620483,0.3478874862194061,0.5449103713035583,0.8721236586570740,0.0123553741723299,0.4158469140529633,0.8631532192230225,0.3571742177009583,0.5228790640830994,0.9228811264038086,-0.1233691871166229,0.3697668612003326,0.8816258311271667,0.2713895738124847
0.4133078753948212,0.1733969897031784,-0.2794809043407440,0.4176884591579437,0.1529312431812286,-0.2763728499412537,0.4216131269931793,0.1514546573162079,-0.2764520943164825,0.4262275695800781,0.1499482095241547,-0.2765084803104401,0.4095236659049988,0.1568068861961365,-0.2573939859867096,0.4072613120079041,0.1580983847379684,-0.2573894560337067,0.4048704504966736,0.1595577150583267,-0.2573412656784058,0.4387307763099670,0.1536825746297836,-0.2024152427911758,0.4080187380313873,0.1660743504762650,-0.1097462549805641,0.4234679043292999,0.1890067458152771,-0.2461513429880142,0.4130497872829437,0.1931625753641129,-0.2209009975194931,0.4744357764720917,0.2347481697797775,-0.1909893900156021,0.4118614494800568,0.2616078853607178,0.0543106682598591,0.4966818690299988,0.3724732995033264,-0.2630877196788788,0.4102759659290314,0.3843716084957123,0.0624436922371387,0.4269618391990662,0.3739831447601318,-0.3810956776142120,0.3701769411563873,0.4214406013488770,-0.1424085944890976,0.4116736054420471,0.3792402744293213,-0.4241704344749451,0.3585661351680756,0.4389638602733612,-0.1707286685705185,0.4083726108074188,0.3585018813610077,-0.4144893884658813,0.3529387116432190,0.4316614866256714,-0.2054187357425690,0.4131918549537659,0.3539686799049377,-0.3761541545391083,0.3572874367237091,0.4260354340076447,-0.1631931513547897,0.4750937521457672,0.5025225877761841,-0.0840972810983658,0.4334677457809448,0.5029307603836060,0.0840800926089287,0.4985159635543823,0.6844753026962280,-0.0812179967761040,0.4124556183815002,0.6662725806236267,0.1844954639673233,0.5385318398475647,0.8503739833831787,0.0072583756409585,0.4080261290073395,0.8361405730247498,0.3381816446781158,0.5456721186637878,0.8721097111701965,0.0080371601507068,0.4159106314182281,0.8632246851921082,0.3468171656131744,0.5266300439834595,0.9237874150276184,-0.1258902996778488,0.3697660267353058,0.8813287019729614,0.2619624733924866
0.4136256575584412,0.1742543131113052,-0.2811117470264435,0.4180469214916229,0.1535748839378357,-0.2765080332756042,0.4219266772270203,0.1520264148712158,-0.2765952050685883,0.4265172183513641,0.1503619253635406,-0.2766589224338531,0.4098570644855499,0.1577010899782181,-0.2599519789218903,0.4076062738895416,0.1590414047241211,-0.2599534392356873,0.4052206575870514,0.1605504751205444,-0.2599092125892639,0.4390023648738861,0.1538587510585785,-0.2065650820732117,0.4081466495990753,0.1667887568473816,-0.1132314577698708,0.4238068461418152,0.1896345466375351,-0.2475361675024033,0.4132912755012512,0.1938035786151886,-0.2232063263654709,0.4746826887130737,0.2347430437803268,-0.1932321637868881,0.4148054122924805,0.2618593871593475,0.0494685918092728,0.4968936145305634,0.3725094199180603,-0.2684990465641022,0.4144815206527710,0.3844115436077118,0.0506040416657925,0.4275802969932556,0.3743138015270233,-0.3868595659732819,0.3729937672615051,0.4187945723533630,-0.1666874289512634,0.4119535386562347,0.3794698715209961,-0.4297202825546265,0.3589670062065125,0.4351278841495514,-0.1975227445363998,0.4087362587451935,0.3591556251049042,-0.4177155494689941,0.3534680306911469,0.4258398413658142,-0.2300758361816406,0.4136239588260651,0.3546083271503448,-0.3814648687839508,0.3604523241519928,0.4198786914348602,-0.1866445541381836,0.4777803421020508,0.5026488304138184,-0.0826105698943138,0.4372630715370178,0.5035710930824280,0.0825685337185860,0.5000159144401550,0.6843681931495667,-0.0795681178569794,0.4142494499683380,0.6654610633850098,0.1795610934495926,0.5408220291137695,0.8504133820533752,0.0203043352812529,0.4080795943737030,0.8353132009506226,0.3380003273487091,0.5486066341400146,0.8708982467651367,0.0239333715289831,0.4161894023418427,0.8631250858306885,0.3473381102085114,0.5300914049148560,0.9246504902839661,-0.1030724793672562,0.3700766265392303,0.8810020685195923,0.2629959881305695
0.4139763712882996,0.1751760542392731,-0.2824454009532928,0.4184789061546326,0.1543943136930466,-0.2774375975131989,0.4223933219909668,0.1527828872203827,-0.2775195538997650,0.4269734621047974,0.1510026305913925,-0.2775795757770538,0.4101062417030334,0.1586363911628723,-0.2615540325641632,0.4077596366405487,0.1599606722593307,-0.2615591585636139,0.4053348302841187,0.1614447087049484,-0.2615181505680084,0.4390354752540588,0.1541879922151566,-0.2064946144819260,0.4085583090782166,0.1673672348260880,-0.1154452338814735,0.4240573644638062,0.1904082298278809,-0.2475731968879700,0.4133762419223785,0.1945608854293823,-0.2246908545494080,0.4747397601604462,0.2348516583442688,-0.1901113241910934,0.4159854352474213,0.2621793448925018,0.0456541180610657,0.4969127774238586,0.3731780946254730,-0.2604995369911194,0.4177136719226837,0.3858881890773773,0.0436926148831844,0.4277455210685730,0.3743357956409454,-0.3750742077827454,0.3760105371475220,0.4181318581104279,-0.1744009852409363,0.4121586382389069,0.3795474767684937,-0.4162348210811615,0.3606776893138885,0.4344432651996613,-0.2058320194482803,0.4088536202907562,0.3595195412635803,-0.4059203565120697,0.3550105094909668,0.4242722988128662,-0.2376235574483871,0.4136174917221069,0.3550378382205963,-0.3700780272483826,0.3633799850940704,0.4172772765159607,-0.1940787434577942,0.4802350699901581,0.5030803084373474,-0.0814334228634834,0.4398505985736847,0.5042889118194580,0.0813852697610855,0.5023419857025146,0.6844145655632019,-0.0781315714120865,0.4162749946117401,0.6651324033737183,0.1851799488067627,0.5430412888526917,0.8510590791702271,0.0216367207467556,0.4082264006137848,0.8350629210472107,0.3549183905124664,0.5517569184303284,0.8708988428115845,0.0244290623813868,0.4164707958698273,0.8630532622337341,0.3656246364116669,0.5316900014877319,0.9257098436355591,-0.1017174646258354,0.3704526126384735,0.8808809518814087,0.2832131981849670
0.4140868782997131,0.1758980005979538,-0.2884282469749451,0.4187287092208862,0.1551393419504166,-0.2848597168922424,0.4226975440979004,0.1534391492605209,-0.2849399447441101,0.4272459447383881,0.1515544652938843,-0.2850017845630646,0.4101288914680481,0.1596497595310211,-0.2659057676792145,0.4079579412937164,0.1610467582941055,-0.2659127116203308,0.4056033492088318,0.1625722199678421,-0.2658776938915253,0.4393381774425507,0.1545236557722092,-0.2123105525970459,0.4093733131885529,0.1684347689151764,-0.1156232059001923,0.4242766499519348,0.1909900903701782,-0.2552351653575897,0.4139598011970520,0.1953504383563995,-0.2290084809064865,0.4756250381469727,0.2349321246147156,-0.1967572420835495,0.4174564182758331,0.2629427313804626,0.0430767796933651,0.4977289736270905,0.3736044764518738,-0.2733810245990753,0.4189311861991882,0.3863812088966370,0.0430079884827137,0.4279986619949341,0.3743205964565277,-0.3920362591743469,0.3782517015933990,0.4182283878326416,-0.1716540753841400,0.4124928712844849,0.3795377016067505,-0.4341806769371033,0.3624784052371979,0.4346831738948822,-0.2019163817167282,0.4090042114257812,0.3596736490726471,-0.4222890436649323,0.3564849495887756,0.4247356057167053,-0.2347662895917892,0.4139010012149811,0.3552832901477814,-0.3868524730205536,0.3654799461364746,0.4171035587787628,-0.1917987018823624,0.4829837977886200,0.5038489699363708,-0.0813035815954208,0.4422693550586700,0.5049880146980286,0.0812410786747932,0.5044572353363037,0.6843120455741882,-0.0770515277981758,0.4185419082641602,0.6650926470756531,0.1883221268653870,0.5445693731307983,0.8510792255401611,0.0306458640843630,0.4085293710231781,0.8346157670021057,0.3618108630180359,0.5535838603973389,0.8706011176109314,0.0348810218274593,0.4170281589031219,0.8627119064331055,0.3728960156440735,0.5331117510795593,0.9269695281982422,-0.0928297340869904,0.3708911240100861,0.8807523250579834,0.2905066311359406
0.4143326878547668,0.1770718991756439,-0.2947657704353333,0.4189384579658508,0.1563933640718460,-0.2922616899013519,0.4227690696716309,0.1545921564102173,-0.2923354506492615,0.4273897707462311,0.1526039689779282,-0.2923943400382996,0.4107020497322083,0.1610162109136581,-0.2720107138156891,0.4088276326656342,0.1623333990573883,-0.2720270752906799,0.4067010581493378,0.1637242138385773,-0.2720054984092712,0.4402838945388794,0.1553356647491455,-0.2195582091808319,0.4111513793468475,0.1692920029163361,-0.1215236857533455,0.4248579740524292,0.1920884549617767,-0.2626661956310272,0.4149192869663239,0.1963886469602585,-0.2352781742811203,0.4774077534675598,0.2354449182748795,-0.2023610919713974,0.4194732308387756,0.2641667425632477,0.0401841402053833,0.4993917346000671,0.3746334910392761,-0.2733320593833923,0.4206988513469696,0.3874590396881104,0.0397100709378719,0.4285612404346466,0.3747339546680450,-0.3914097845554352,0.3780897855758667,0.4190113544464111,-0.1728888005018234,0.4129416644573212,0.3796995878219604,-0.4337606430053711,0.3627978861331940,0.4345913231372833,-0.2027008384466171,0.4095290303230286,0.3599415421485901,-0.4216589629650116,0.3567720949649811,0.4252233207225800,-0.2359534353017807,0.4143196642398834,0.3557429313659668,-0.3867130279541016,0.3654746413230896,0.4186838865280151,-0.1931432187557220,0.4861766397953033,0.5044339895248413,-0.0809658467769623,0.4462152123451233,0.5051410794258118,0.0808913335204124,0.5070301294326782,0.6842753291130066,-0.0728232041001320,0.4207632839679718,0.6648404598236084,0.1801688671112061,0.5455463528633118,0.8505503535270691,0.0490806736052036,0.4090510308742523,0.8341246247291565,0.3424079120159149,0.5534380078315735,0.8691994547843933,0.0543589815497398,0.4176579117774963,0.8623300790786743,0.3520339429378510,0.5354051589965820,0.9273086786270142,-0.0693544223904610,0.3716010451316833,0.8807489275932312,0.2673633396625519
0.4165186285972595,0.1785943061113358,-0.2946939468383789,0.4207523763179779,0.1579643785953522,-0.2919987440109253,0.4245741665363312,0.1560337543487549,-0.2920706868171692,0.4292450845241547,0.1540281623601913,-0.2921269834041595,0.4127310812473297,0.1627001464366913,-0.2719195783138275,0.4109899699687958,0.1640172004699707,-0.2719364464282990,0.4091850221157074,0.1653076410293579,-0.2719155251979828,0.4419626891613007,0.1567267179489136,-0.2165745198726654,0.4135250151157379,0.1705843359231949,-0.1219026967883110,0.4273343682289124,0.1934053301811218,-0.2620395123958588,0.4175116121768951,0.1977766454219818,-0.2352579683065414,0.4793342947959900,0.2362769991159439,-0.1972186714410782,0.4228380620479584,0.2659706771373749,0.0393859744071960,0.5012010335922241,0.3759892880916595,-0.2727573215961456,0.4273861348628998,0.3908146619796753,0.0410467274487019,0.4286383390426636,0.3766357600688934,-0.3559852838516235,0.3808473050594330,0.4192289412021637,-0.1687843948602676,0.4131325185298920,0.3809525668621063,-0.3951914906501770,0.3647823929786682,0.4349924027919769,-0.1983820050954819,0.4098134934902191,0.3620288372039795,-0.3861882388591766,0.3575278520584106,0.4262621402740479,-0.2322086989879608,0.4146497845649719,0.3582645952701569,-0.3516753315925598,0.3661034405231476,0.4202082455158234,-0.1893183290958405,0.4888263046741486,0.5054774880409241,-0.0806995481252670,0.4490178227424622,0.5064448714256287,0.0806325450539589,0.5098315477371216,0.6849003434181213,-0.0761574357748032,0.4220571219921112,0.6651912927627563,0.1773204058408737,0.5461014509201050,0.8529209494590759,0.0453845262527466,0.4092466235160828,0.8341309428215027,0.3361527323722839,0.5532416701316833,0.8714185953140259,0.0516892522573471,0.4179770648479462,0.8623781800270081,0.3455174565315247,0.5339031815528870,0.9284285902976990,-0.0767049491405487,0.3717631697654724,0.8807823061943054,0.2637083530426025
0.4187068641185760,0.1814923137426376,-0.2879782319068909,0.4228390455245972,0.1608526259660721,-0.2872497141361237,0.4265492558479309,0.1588239818811417,-0.2873279154300690,0.4312974512577057,0.1567198038101196,-0.2873892486095428,0.4151386320590973,0.1656855046749115,-0.2664438188076019,0.4136143326759338,0.1669612079858780,-0.2664640247821808,0.4120294153690338,0.1681771427392960,-0.2664531767368317,0.4444933831691742,0.1591643989086151,-0.2146189063787460,0.4165150821208954,0.1729545444250107,-0.1211631596088409,0.4298691749572754,0.1960202157497406,-0.2582398056983948,0.4202277958393097,0.2003340274095535,-0.2304729074239731,0.4823106825351715,0.2383078187704086,-0.1954020112752914,0.4266739785671234,0.2676074504852295,0.0404180996119976,0.5037067532539368,0.3787431120872498,-0.2438426315784454,0.4312557280063629,0.3915299177169800,0.0389017648994923,0.4296076595783234,0.3780487477779388,-0.2913961708545685,0.3865349590778351,0.4183388948440552,-0.1754848361015320,0.4141527414321899,0.3815770447254181,-0.3240514099597931,0.3745012283325195,0.4345996975898743,-0.2066610753536224,0.4117610752582550,0.3632463812828064,-0.3174042403697968,0.3646847605705261,0.4242206811904907,-0.2387476414442062,0.4169289469718933,0.3598228693008423,-0.2869124412536621,0.3749254345893860,0.4186080694198608,-0.1953377574682236,0.4927686750888824,0.5068560838699341,-0.0809636637568474,0.4537798762321472,0.5070639848709106,0.0809065625071526,0.5122231245040894,0.6859546303749084,-0.0759609192609787,0.4243426024913788,0.6649206280708313,0.1739609092473984,0.5465613007545471,0.8554489612579346,0.0439657606184483,0.4100321829319000,0.8339602351188660,0.3264594972133636,0.5541877746582031,0.8742327094078064,0.0491879619657993,0.4190567731857300,0.8623827695846558,0.3343341052532196,0.5328366160392761,0.9294373393058777,-0.0779156684875488,0.3726347386837006,0.8807847499847412,0.2545055449008942
0.4223476350307465,0.1843508481979370,-0.2850255668163300,0.4260969161987305,0.1638980805873871,-0.2841386198997498,0.4297631382942200,0.1617581695318222,-0.2842215597629547,0.4345175623893738,0.1595913171768188,-0.2842812240123749,0.4184565842151642,0.1688770651817322,-0.2639062404632568,0.4169250726699829,0.1701728254556656,-0.2639232575893402,0.4153126776218414,0.1713667660951614,-0.2639139890670776,0.4475611746311188,0.1619357168674469,-0.2135366946458817,0.4194862544536591,0.1758402734994888,-0.1208434998989105,0.4333903491497040,0.1986489593982697,-0.2556644678115845,0.4236839115619659,0.2029231935739517,-0.2284868061542511,0.4855138361454010,0.2402575165033340,-0.1943780332803726,0.4288119077682495,0.2702935338020325,0.0402696169912815,0.5066975355148315,0.3804873228073120,-0.2390819936990738,0.4320177137851715,0.3935086429119110,0.0375795103609562,0.4327603578567505,0.3801332116127014,-0.3029325604438782,0.3906155228614807,0.4209308326244354,-0.1756704002618790,0.4169016778469086,0.3841859400272369,-0.3379384875297546,0.3763594925403595,0.4369211494922638,-0.2057628184556961,0.4144257009029388,0.3662724792957306,-0.3323179483413696,0.3694575726985931,0.4265450537204742,-0.2372555285692215,0.4197094142436981,0.3626804351806641,-0.2992531657218933,0.3759546875953674,0.4229619503021240,-0.1953821927309036,0.4947349131107330,0.5085983276367188,-0.0810191482305527,0.4558032751083374,0.5086529850959778,0.0809632167220116,0.5141970515251160,0.6882035136222839,-0.0725225731730461,0.4263778328895569,0.6647166013717651,0.1715539544820786,0.5470045804977417,0.8577072620391846,0.0413338094949722,0.4102267920970917,0.8343054056167603,0.3023190200328827,0.5542331337928772,0.8754199147224426,0.0456595085561275,0.4193353950977325,0.8639483451843262,0.3084056079387665,0.5335456728935242,0.9307351112365723,-0.0812735483050346,0.3726280927658081,0.8807943463325500,0.2371561527252197
0.4261870384216309,0.1872066557407379,-0.2832030355930328,0.4300562441349030,0.1666694432497025,-0.2823446691036224,0.4338529407978058,0.1644129157066345,-0.2824327647686005,0.4386198818683624,0.1622215360403061,-0.2824991047382355,0.4222275316715240,0.1717635989189148,-0.2623742222785950,0.4205870628356934,0.1730603426694870,-0.2623915672302246,0.4190282821655273,0.1742158979177475,-0.2623860538005829,0.4511501193046570,0.1645817160606384,-0.2127685844898224,0.4230098128318787,0.1784505546092987,-0.1199941411614418,0.4370838701725006,0.2013312280178070,-0.2535814940929413,0.4272447526454926,0.2058200985193253,-0.2267072349786758,0.4890538752079010,0.2424862831830978,-0.1927766650915146,0.4311729073524475,0.2727455198764801,0.0414663739502430,0.5101201534271240,0.3825278580188751,-0.2321568280458450,0.4308768808841705,0.3938639461994171,0.0377856530249119,0.4356479346752167,0.3829031586647034,-0.2953663170337677,0.3893527090549469,0.4219076037406921,-0.1760253161191940,0.4196970760822296,0.3869451880455017,-0.3296061158180237,0.3764225840568542,0.4363215267658234,-0.2057446986436844,0.4176056981086731,0.3692067265510559,-0.3250680267810822,0.3690770864486694,0.4285385310649872,-0.2372908741235733,0.4229222238063812,0.3654939234256744,-0.2920652329921722,0.3760452568531036,0.4217953979969025,-0.1958809643983841,0.4973915815353394,0.5107590556144714,-0.0808973759412766,0.4573768973350525,0.5104510784149170,0.0808502882719040,0.5159195065498352,0.6895650029182434,-0.0724016651511192,0.4272095263004303,0.6648351550102234,0.1701769679784775,0.5478376746177673,0.8589003086090088,0.0366361290216446,0.4107341468334198,0.8343818783760071,0.3015213310718536,0.5553311109542847,0.8766239285469055,0.0402785651385784,0.4199585914611816,0.8648097515106201,0.3079872131347656,0.5332877635955811,0.9319518208503723,-0.0832248106598854,0.3726318776607513,0.8807970881462097,0.2367870211601257
0.4295858442783356,0.1901140064001083,-0.2824749052524567,0.4339023232460022,0.1693948060274124,-0.2819018363952637,0.4376797080039978,0.1671754568815231,-0.2819889783859253,0.4424599707126617,0.1650510728359222,-0.2820549905300140,0.4261343181133270,0.1741198748350143,-0.2618457376956940,0.4245333373546600,0.1752221137285233,-0.2618651688098907,0.4230494499206543,0.1762061119079590,-0.2618612051010132,0.4552031159400940,0.1675674021244049,-0.2121434509754181,0.4272202551364899,0.1802827864885330,-0.1194038465619087,0.4402621984481812,0.2045459747314453,-0.2527959346771240,0.4304618537425995,0.2087876349687576,-0.2257396280765533,0.4934330582618713,0.2448936998844147,-0.1922154575586319,0.4334603548049927,0.2735227346420288,0.0417724289000034,0.5142170786857605,0.3846497535705566,-0.2303369790315628,0.4348205029964447,0.3942654728889465,0.0369240641593933,0.4401995837688446,0.3859281241893768,-0.2988802194595337,0.3940082490444183,0.4219011664390564,-0.1762361377477646,0.4242091476917267,0.3904080390930176,-0.3340504765510559,0.3828220367431641,0.4353181421756744,-0.2074994146823883,0.4222468733787537,0.3722510635852814,-0.3294486999511719,0.3738127648830414,0.4282332062721252,-0.2385896593332291,0.4280511140823364,0.3679434359073639,-0.2955568730831146,0.3835207521915436,0.4201550185680389,-0.1968105286359787,0.5004778504371643,0.5118931531906128,-0.0806125104427338,0.4590310156345367,0.5108399391174316,0.0805727615952492,0.5175583958625793,0.6908654570579529,-0.0729025825858116,0.4280719459056854,0.6655627489089966,0.1692110449075699,0.5484026670455933,0.8613839149475098,0.0273734107613564,0.4115520715713501,0.8346858620643616,0.2971190810203552,0.5554251074790955,0.8794422149658203,0.0296236984431744,0.4207296967506409,0.8657676577568054,0.3034606277942657,0.5329843759536743,0.9331874847412109,-0.0903853625059128,0.3727048337459564,0.8809100985527039,0.2302666455507278
0.4339155554771423,0.1922334730625153,-0.2820998430252075,0.4386612474918365,0.1716284304857254,-0.2815669476985931,0.4424609243869781,0.1694736927747726,-0.2816529870033264,0.4471439421176910,0.1674623042345047,-0.2817198336124420,0.4308334887027740,0.1758840382099152,-0.2615422904491425,0.4291194677352905,0.1768048256635666,-0.2615655958652496,0.4276233017444611,0.1776211410760880,-0.2615637481212616,0.4596891999244690,0.1705506145954132,-0.2116789966821671,0.4316693842411041,0.1817658543586731,-0.1191726475954056,0.4438284635543823,0.2068471163511276,-0.2522525191307068,0.4341901838779449,0.2106361836194992,-0.2252640724182129,0.4985950589179993,0.2481270730495453,-0.1921725273132324,0.4348447620868683,0.2747583389282227,0.0412155985832214,0.5183162093162537,0.3873875439167023,-0.2304935455322266,0.4339753389358521,0.3946343958377838,0.0365063026547432,0.4452452361583710,0.3895509541034698,-0.3203988969326019,0.3926168978214264,0.4240736365318298,-0.1788944602012634,0.4288778901100159,0.3936502039432526,-0.3586032092571259,0.3805878460407257,0.4403111636638641,-0.2104049474000931,0.4271257817745209,0.3763251304626465,-0.3539422154426575,0.3732441961765289,0.4319160878658295,-0.2413062304258347,0.4331473708152771,0.3718529939651489,-0.3175660371780396,0.3822321891784668,0.4248906075954437,-0.1990009248256683,0.5038594603538513,0.5149585008621216,-0.0803049653768539,0.4607588052749634,0.5130533576011658,0.0802664756774902,0.5193598866462708,0.6944305300712585,-0.0737853273749352,0.4290571510791779,0.6672193408012390,0.1684295982122421,0.5493947267532349,0.8647232651710510,0.0284720659255981,0.4121809005737305,0.8351628780364990,0.3036765158176422,0.5563544631004333,0.8819335699081421,0.0314404852688313,0.4211939871311188,0.8663761019706726,0.3112458288669586,0.5345497131347656,0.9340753555297852,-0.0877377912402153,0.3731507062911987,0.8809508681297302,0.2381860166788101
0.4381550252437592,0.1955148130655289,-0.2654930949211121,0.4431033134460449,0.1743342578411102,-0.2657167017459869,0.4471307992935181,0.1722495406866074,-0.2657995522022247,0.4518890678882599,0.1702860295772552,-0.2658792734146118,0.4352603852748871,0.1781501173973083,-0.2468575090169907,0.4332889616489410,0.1788807809352875,-0.2468804568052292,0.4317432940006256,0.1795024126768112,-0.2468840628862381,0.4641600549221039,0.1733823716640472,-0.2003207504749298,0.4359732568264008,0.1834937334060669,-0.1119452491402626,0.4479297101497650,0.2099786549806595,-0.2363781630992889,0.4379530847072601,0.2133616209030151,-0.2113642692565918,0.5040479302406311,0.2520572841167450,-0.1811176091432571,0.4369412064552307,0.2756970524787903,0.0419272780418396,0.5229352712631226,0.3917968869209290,-0.1938400268554688,0.4341250956058502,0.3960886001586914,0.0351993180811405,0.4519627392292023,0.3952524960041046,-0.2402897924184799,0.3971859514713287,0.4260554611682892,-0.1804671436548233,0.4349834024906158,0.3977413177490234,-0.2701517045497894,0.3832429349422455,0.4419318139553070,-0.2120533138513565,0.4337407946586609,0.3798609375953674,-0.2689622342586517,0.3781217038631439,0.4314574599266052,-0.2429451644420624,0.4402658343315125,0.3751287162303925,-0.2378461509943008,0.3881815075874329,0.4239749312400818,-0.2004203051328659,0.5057908296585083,0.5171703100204468,-0.0789181366562843,0.4623219072818756,0.5143357515335083,0.0788985416293144,0.5213220119476318,0.6982920169830322,-0.0715768858790398,0.4292354583740234,0.6695393919944763,0.1525381207466125,0.5500330328941345,0.8668494820594788,0.0451754406094551,0.4123088717460632,0.8356516361236572,0.2846854925155640,0.5566254258155823,0.8846230506896973,0.0499307028949261,0.4210669100284576,0.8666588068008423,0.2920354604721069,0.5330932736396790,0.9359171986579895,-0.0665699020028114,0.3736527860164642,0.8809525370597839,0.2150244563817978
0.4431585073471069,0.1973071843385696,-0.2676718831062317,0.4478693604469299,0.1762181967496872,-0.2669161856174469,0.4520506858825684,0.1741413176059723,-0.2669987082481384,0.4566697776317596,0.1721549928188324,-0.2670678198337555,0.4397009611129761,0.1799679100513458,-0.2482973784208298,0.4375148415565491,0.1806829869747162,-0.2483113408088684,0.4358230829238892,0.1812585890293121,-0.2482860535383224,0.4684087336063385,0.1750611811876297,-0.2007683217525482,0.4391267597675323,0.1851146370172501,-0.1122190877795219,0.4525828361511230,0.2118310332298279,-0.2375639528036118,0.4422957599163055,0.2150378525257111,-0.2128853201866150,0.5088834166526794,0.2542396783828735,-0.1806938499212265,0.4390640556812286,0.2767577767372131,0.0376506224274635,0.5270076990127563,0.3938143551349640,-0.2068165838718414,0.4338732361793518,0.3965717554092407,0.0340267941355705,0.4586620330810547,0.3988282978534698,-0.2883662283420563,0.3964589834213257,0.4279323220252991,-0.1816110312938690,0.4425281882286072,0.4016819894313812,-0.3244425952434540,0.3815169036388397,0.4448954761028290,-0.2132948040962219,0.4406227171421051,0.3830730020999908,-0.3216278851032257,0.3764882981777191,0.4362151026725769,-0.2439617365598679,0.4465164244174957,0.3783773779869080,-0.2861811518669128,0.3861403465270996,0.4273649752140045,-0.2014143019914627,0.5084134936332703,0.5188360214233398,-0.0778429657220840,0.4641815423965454,0.5150762200355530,0.0778238549828529,0.5223833918571472,0.6985908150672913,-0.0723053887486458,0.4299859106540680,0.6713066101074219,0.1532018333673477,0.5504716038703918,0.8669319152832031,0.0438212081789970,0.4132080376148224,0.8356658816337585,0.2894093394279480,0.5569384694099426,0.8850590586662292,0.0480726696550846,0.4218484163284302,0.8666417002677917,0.2967452704906464,0.5324152708053589,0.9376179575920105,-0.0719904378056526,0.3741895258426666,0.8809548616409302,0.2154816091060638
0.4473035037517548,0.1997984200716019,-0.2796928286552429,0.4518648982048035,0.1790542602539062,-0.2784719765186310,0.4560419619083405,0.1770709455013275,-0.2785581350326538,0.4605769515037537,0.1750830262899399,-0.2786411046981812,0.4437303543090820,0.1824440360069275,-0.2598714530467987,0.4415863156318665,0.1830536872148514,-0.2598863244056702,0.4398675858974457,0.1834862679243088,-0.2598914504051208,0.4723113775253296,0.1775703132152557,-0.2064048945903778,0.4428306221961975,0.1871490329504013,-0.1175161078572273,0.4566911458969116,0.2144470363855362,-0.2472379952669144,0.4462462365627289,0.2173782289028168,-0.2220868170261383,0.5129913091659546,0.2553299963474274,-0.1811010390520096,0.4416494071483612,0.2786230444908142,0.0351930186152458,0.5318774580955505,0.3944549262523651,-0.2215639948844910,0.4335792958736420,0.3980210423469543,0.0454447679221630,0.4643313288688660,0.4002576172351837,-0.3484953939914703,0.3948341906070709,0.4348599612712860,-0.1478674709796906,0.4477303624153137,0.4035683870315552,-0.3905072808265686,0.3781692683696747,0.4486039876937866,-0.1763341724872589,0.4459194839000702,0.3849512934684753,-0.3877526521682739,0.3728393316268921,0.4398201406002045,-0.2127619832754135,0.4515896439552307,0.3805636167526245,-0.3478528857231140,0.3801673650741577,0.4342118501663208,-0.1691323369741440,0.5110262632369995,0.5206835269927979,-0.0773385986685753,0.4662374854087830,0.5168549418449402,0.0773217380046844,0.5237100720405579,0.6997513175010681,-0.0753184854984283,0.4308037161827087,0.6728971600532532,0.1527266204357147,0.5513938665390015,0.8692631721496582,0.0432600937783718,0.4135280847549438,0.8356674313545227,0.2926802933216095,0.5580109357833862,0.8874446749687195,0.0469862222671509,0.4219092130661011,0.8661684989929199,0.3002046644687653,0.5319473147392273,0.9390442967414856,-0.0751718282699585,0.3749378621578217,0.8809566497802734,0.2178409397602081
0.4522885382175446,0.2014614194631577,-0.2758958637714386,0.4563726186752319,0.1810978353023529,-0.2733757793903351,0.4605759382247925,0.1791752427816391,-0.2734583318233490,0.4650210738182068,0.1771729290485382,-0.2735343277454376,0.4482585787773132,0.1842752695083618,-0.2564098536968231,0.4458180069923401,0.1849469691514969,-0.2564298212528229,0.4440091550350189,0.1853774487972260,-0.2564302682876587,0.4764324128627777,0.1795540601015091,-0.1942554116249084,0.4465517997741699,0.1893419176340103,-0.1140007451176643,0.4614531397819519,0.2161636352539062,-0.2413229942321777,0.4510229229927063,0.2191513925790787,-0.2184321135282516,0.5167903900146484,0.2565568387508392,-0.1623831242322922,0.4441251754760742,0.2800822257995605,0.0368290133774281,0.5356222987174988,0.3947772085666656,-0.2149673253297806,0.4346496760845184,0.3982442617416382,0.0431847497820854,0.4697204530239105,0.4011382460594177,-0.3474317789077759,0.4021376371383667,0.4328463375568390,-0.1561812460422516,0.4526756703853607,0.4050210416316986,-0.3887663781642914,0.3915743529796600,0.4469599723815918,-0.1819055527448654,0.4508797228336334,0.3857860565185547,-0.3857312500476837,0.3873616456985474,0.4376075267791748,-0.2192015647888184,0.4561623036861420,0.3814436197280884,-0.3463379144668579,0.3941189944744110,0.4315657913684845,-0.1775050461292267,0.5128597617149353,0.5215281248092651,-0.0740887150168419,0.4674066603183746,0.5173835754394531,0.0740704089403152,0.5252233743667603,0.7009988427162170,-0.0739414691925049,0.4314798712730408,0.6737416386604309,0.1286416500806808,0.5517673492431641,0.8700667619705200,0.0567979663610458,0.4138754308223724,0.8357051014900208,0.2642380297183990,0.5579191446304321,0.8876136541366577,0.0622170493006706,0.4219218492507935,0.8660374283790588,0.2713944017887115,0.5344476103782654,0.9393740296363831,-0.0602681189775467,0.3755258023738861,0.8809583187103271,0.1842447370290756
0.4567268490791321,0.2024704068899155,-0.2950895726680756,0.4605530500411987,0.1819769293069839,-0.2905216515064240,0.4648402631282806,0.1799464672803879,-0.2906105220317841,0.4694400131702423,0.1778129935264587,-0.2907046079635620,0.4520207643508911,0.1853956729173660,-0.2763702571392059,0.4494114816188812,0.1861720532178879,-0.2763941586017609,0.4474535584449768,0.1867029219865799,-0.2764062881469727,0.4804477691650391,0.1801688075065613,-0.2009203135967255,0.4492577612400055,0.1908822357654572,-0.1317628175020218,0.4661084413528442,0.2169346064329147,-0.2559871077537537,0.4551633894443512,0.2203498631715775,-0.2363741099834442,0.5202539563179016,0.2575795948505402,-0.1650415062904358,0.4453208744525909,0.2805722951889038,0.0223919022828341,0.5392435789108276,0.3959632515907288,-0.2169777452945709,0.4336291551589966,0.3996235430240631,0.0532052367925644,0.4737696051597595,0.4028038084506989,-0.3533133268356323,0.3997766375541687,0.4384811222553253,-0.1087280884385109,0.4567521214485168,0.4066140353679657,-0.3951149880886078,0.3813472688198090,0.4514444172382355,-0.1350459605455399,0.4547044932842255,0.3867647647857666,-0.3934721350669861,0.3701417744159698,0.4404957890510559,-0.1740260720252991,0.4595338404178619,0.3825420141220093,-0.3533295989036560,0.3798879384994507,0.4365493357181549,-0.1300953030586243,0.5147582292556763,0.5216990709304810,-0.0705413892865181,0.4686316847801208,0.5175487399101257,0.0705265030264854,0.5264522433280945,0.7014810442924500,-0.0728163048624992,0.4327846169471741,0.6740561723709106,0.1199928671121597,0.5520371198654175,0.8701538443565369,0.0615261606872082,0.4145702421665192,0.8357793688774109,0.2544932663440704,0.5581025481224060,0.8875654339790344,0.0674363374710083,0.4223162829875946,0.8660286068916321,0.2614928781986237,0.5347653627395630,0.9402692914009094,-0.0544926077127457,0.3761462569236755,0.8809611797332764,0.1725321412086487
0.4595060646533966,0.2019990533590317,-0.3136514425277710,0.4636188149452209,0.1814258992671967,-0.3079835772514343,0.4680530726909637,0.1793598383665085,-0.3080711066722870,0.4728622436523438,0.1772577315568924,-0.3081619143486023,0.4548232257366180,0.1850662976503372,-0.2949468493461609,0.4520031213760376,0.1859339773654938,-0.2949796020984650,0.4499803781509399,0.1865593343973160,-0.2950032055377960,0.4837070107460022,0.1799663901329041,-0.2150346338748932,0.4515972435474396,0.1910505294799805,-0.1509653627872467,0.4689279496669769,0.2164712250232697,-0.2736647427082062,0.4577268958091736,0.2200664132833481,-0.2553527057170868,0.5237967371940613,0.2591118216514587,-0.1651734411716461,0.4457642734050751,0.2809745967388153,0.0034474267158657,0.5435689091682434,0.3974940776824951,-0.2282260209321976,0.4323270916938782,0.4010069072246552,0.0697102397680283,0.4791361987590790,0.4027567505836487,-0.3926003277301788,0.3868809640407562,0.4393657445907593,-0.0471711494028568,0.4620102047920227,0.4066521525382996,-0.4356770813465118,0.3644459843635559,0.4512429833412170,-0.0685394555330276,0.4603471755981445,0.3865922987461090,-0.4347859621047974,0.3565172553062439,0.4408137798309326,-0.1109090596437454,0.4650102257728577,0.3824082612991333,-0.3937671780586243,0.3653129935264587,0.4378187060356140,-0.0688017606735229,0.5156925320625305,0.5219106078147888,-0.0677745863795280,0.4686910808086395,0.5175714492797852,0.0677532926201820,0.5276402235031128,0.7017933726310730,-0.0721624568104744,0.4333616495132446,0.6747480034828186,0.1141730323433876,0.5526235103607178,0.8704296946525574,0.0610131770372391,0.4151729941368103,0.8360176086425781,0.2511651813983917,0.5585711002349854,0.8877787590026855,0.0667372494935989,0.4225811362266541,0.8660278916358948,0.2583251595497131,0.5359514355659485,0.9404302239418030,-0.0574974901974201,0.3768201768398285,0.8809629082679749,0.1659488677978516
0.4620146751403809,0.2014643996953964,-0.3199979066848755,0.4670739471912384,0.1806911230087280,-0.3137734532356262,0.4717370271682739,0.1785504519939423,-0.3138459026813507,0.4768268167972565,0.1765123903751373,-0.3139186501502991,0.4581849277019501,0.1845265328884125,-0.3009072542190552,0.4553346931934357,0.1854367107152939,-0.3009551763534546,0.4529332518577576,0.1861632019281387,-0.3009751737117767,0.4873391985893250,0.1795592308044434,-0.2201201319694519,0.4551198780536652,0.1907458901405334,-0.1574370115995407,0.4716626703739166,0.2158661931753159,-0.2802306115627289,0.4602990746498108,0.2196481078863144,-0.2623356878757477,0.5274375677108765,0.2614120841026306,-0.1664779484272003,0.4468308389186859,0.2811455428600311,-0.0061517776921391,0.5475801229476929,0.3994833827018738,-0.2314920872449875,0.4313394427299500,0.4011913239955902,0.0619018152356148,0.4847027361392975,0.4031484723091125,-0.3962206244468689,0.3825590908527374,0.4381604194641113,-0.0932287275791168,0.4673856496810913,0.4068858921527863,-0.4397801160812378,0.3597434759140015,0.4500330984592438,-0.1193413436412811,0.4657297134399414,0.3869203329086304,-0.4395617246627808,0.3538944423198700,0.4398557841777802,-0.1593099683523178,0.4701098799705505,0.3828126192092896,-0.3975628018379211,0.3624088466167450,0.4367369413375854,-0.1145993173122406,0.5167784094810486,0.5216331481933594,-0.0661795809864998,0.4691393673419952,0.5173440575599670,0.0661502182483673,0.5289000272750854,0.7017385959625244,-0.0764745622873306,0.4354579746723175,0.6752332448959351,0.1203218474984169,0.5533587336540222,0.8716263175010681,0.0432156585156918,0.4157243371009827,0.8365113139152527,0.2603382468223572,0.5587902069091797,0.8894699215888977,0.0476679690182209,0.4229328930377960,0.8662369847297668,0.2677597999572754,0.5352696776390076,0.9406211376190186,-0.0819264203310013,0.3774473965167999,0.8810594677925110,0.1752584427595139
0.4653280973434448,0.2013756036758423,-0.3313176035881042,0.4707699418067932,0.1805693805217743,-0.3248277306556702,0.4754615724086761,0.1784173995256424,-0.3248906731605530,0.4805505871772766,0.1764879226684570,-0.3249625861644745,0.4615520834922791,0.1843968480825424,-0.3130092918872833,0.4585670232772827,0.1852943152189255,-0.3130649030208588,0.4559715092182159,0.1860568672418594,-0.3130841851234436,0.4905500710010529,0.1796840578317642,-0.2294022738933563,0.4576781094074249,0.1906550526618958,-0.1711906790733337,0.4748400151729584,0.2159030884504318,-0.2908427119255066,0.4631853401660919,0.2195327877998352,-0.2742467522621155,0.5301569700241089,0.2617704570293427,-0.1704521775245667,0.4474169313907623,0.2810811996459961,-0.0204903818666935,0.5501311421394348,0.3993412554264069,-0.2347305566072464,0.4306909739971161,0.4011210501194000,0.0411597713828087,0.4891148209571838,0.4031211733818054,-0.3996135294437408,0.3812020719051361,0.4373708665370941,-0.1189607828855515,0.4708399474620819,0.4073452055454254,-0.4433770477771759,0.3589500188827515,0.4495336115360260,-0.1470648944377899,0.4683235287666321,0.3880778849124908,-0.4455650150775909,0.3541093468666077,0.4392343163490295,-0.1847477108240128,0.4726291894912720,0.3834749758243561,-0.4018087387084961,0.3623027205467224,0.4365192353725433,-0.1399917155504227,0.5178441405296326,0.5211942791938782,-0.0638694837689400,0.4695758521556854,0.5171549916267395,0.0638498887419701,0.5303189158439636,0.7014158368110657,-0.0815901979804039,0.4362654685974121,0.6760238409042358,0.1227955296635628,0.5546237230300903,0.8735609054565430,0.0172766055911779,0.4163345098495483,0.8365620374679565,0.2617538869380951,0.5591083765029907,0.8925319314002991,0.0190489944070578,0.4231242835521698,0.8662571310997009,0.2688446640968323,0.5345275998115540,0.9419340491294861,-0.1164730861783028,0.3783139586448669,0.8811515569686890,0.1737559586763382
0.4682245552539825,0.2010641098022461,-0.3327021002769470,0.4739021658897400,0.1802855730056763,-0.3264121115207672,0.4787676632404327,0.1783301532268524,-0.3264675736427307,0.4836152791976929,0.1765684336423874,-0.3265379369258881,0.4645978808403015,0.1838780343532562,-0.3150190711021423,0.4617740809917450,0.1847184300422668,-0.3150758743286133,0.4589586555957794,0.1855021864175797,-0.3150829374790192,0.4933308660984039,0.1794862002134323,-0.2304358333349228,0.4604033231735229,0.1900962144136429,-0.1742644309997559,0.4779296219348907,0.2158018648624420,-0.2917619943618774,0.4658650755882263,0.2193289846181870,-0.2758016288280487,0.5324994325637817,0.2623789608478546,-0.1706773638725281,0.4483787417411804,0.2811489105224609,-0.0245146695524454,0.5522016286849976,0.3994341194629669,-0.2378981858491898,0.4303860962390900,0.4008243083953857,0.0115020787343383,0.4936536848545074,0.4029230177402496,-0.4105881452560425,0.3813723325729370,0.4331248700618744,-0.1589288860559464,0.4759286344051361,0.4066128730773926,-0.4558767676353455,0.3604380488395691,0.4455974698066711,-0.1902474462985992,0.4738818407058716,0.3873204588890076,-0.4581179916858673,0.3554896414279938,0.4340277314186096,-0.2302450686693192,0.4788247942924500,0.3829162120819092,-0.4130094647407532,0.3634949028491974,0.4320569634437561,-0.1804658323526382,0.5188874602317810,0.5207870006561279,-0.0623461380600929,0.4705424308776855,0.5169578194618225,0.0623214133083820,0.5318605303764343,0.7021033167839050,-0.0870343744754791,0.4371255040168762,0.6762028336524963,0.1249615997076035,0.5555752515792847,0.8743878006935120,0.0096960756927729,0.4173640906810760,0.8365871310234070,0.2670924961566925,0.5593904852867126,0.8941059112548828,0.0114771379157901,0.4239563941955566,0.8662477731704712,0.2745094001293182,0.5340870022773743,0.9428904652595520,-0.1233936175704002,0.3791305124759674,0.8812131881713867,0.1804728657007217
0.4715966582298279,0.2004402428865433,-0.3266302645206451,0.4777368307113647,0.1796341389417648,-0.3201299309730530,0.4826908111572266,0.1776911616325378,-0.3201825320720673,0.4871528446674347,0.1759575456380844,-0.3202456831932068,0.4676266908645630,0.1832761913537979,-0.3095457851886749,0.4651237130165100,0.1841063648462296,-0.3096055388450623,0.4622448980808258,0.1848949640989304,-0.3096080124378204,0.4960793852806091,0.1790043562650681,-0.2266203761100769,0.4633315205574036,0.1895286738872528,-0.1728586256504059,0.4813361465930939,0.2152099460363388,-0.2858745157718658,0.4687228798866272,0.2187349498271942,-0.2711030244827271,0.5348958969116211,0.2625683844089508,-0.1654501855373383,0.4481306076049805,0.2810484170913696,-0.0287808589637280,0.5545939207077026,0.3991331756114960,-0.2295817732810974,0.4303889274597168,0.4005635380744934,-0.0155547969043255,0.4981674849987030,0.4030263125896454,-0.4014831185340881,0.3833325505256653,0.4264789819717407,-0.2136998921632767,0.4807784259319305,0.4061361849308014,-0.4471108317375183,0.3646712303161621,0.4350183606147766,-0.2503744959831238,0.4790808558464050,0.3865252435207367,-0.4502443075180054,0.3608324825763702,0.4196640551090240,-0.2852868735790253,0.4835439324378967,0.3822856247425079,-0.4042755365371704,0.3679093122482300,0.4192757308483124,-0.2333581596612930,0.5200785398483276,0.5204336643218994,-0.0577275939285755,0.4710463285446167,0.5167495012283325,0.0577064603567123,0.5338326096534729,0.7027192115783691,-0.0881702378392220,0.4378895163536072,0.6766663789749146,0.1209297180175781,0.5559102892875671,0.8755717873573303,0.0130174551159143,0.4177682995796204,0.8364583253860474,0.2704048752784729,0.5595826506614685,0.8964573740959167,0.0150736654177308,0.4239993393421173,0.8659244775772095,0.2781902551651001,0.5337179899215698,0.9443241357803345,-0.1206127405166626,0.3802022039890289,0.8812367320060730,0.1825656890869141
0.4743303060531616,0.1999388039112091,-0.3204928636550903,0.4805192351341248,0.1791624724864960,-0.3147301673889160,0.4854043424129486,0.1772526055574417,-0.3147922158241272,0.4897355139255524,0.1755803525447845,-0.3148580193519592,0.4702635407447815,0.1827967166900635,-0.3028463125228882,0.4680001437664032,0.1836194247007370,-0.3028994798660278,0.4651699960231781,0.1844183802604675,-0.3028948009014130,0.4984130561351776,0.1787205934524536,-0.2171385139226913,0.4656864702701569,0.1891204714775085,-0.1648011058568954,0.4836407005786896,0.2147334367036819,-0.2817545831203461,0.4710112214088440,0.2182425856590271,-0.2645155489444733,0.5365893244743347,0.2627385258674622,-0.1507070362567902,0.4480270147323608,0.2808930277824402,-0.0198373515158892,0.5562961101531982,0.3987807929515839,-0.2184551656246185,0.4302144050598145,0.3977403044700623,-0.0329745598137379,0.5005742907524109,0.4024640619754791,-0.3968220651149750,0.3914477229118347,0.4178469181060791,-0.2664004266262054,0.4838026463985443,0.4055784344673157,-0.4433609247207642,0.3779104053974152,0.4242434799671173,-0.3067258000373840,0.4812445342540741,0.3859839439392090,-0.4449619054794312,0.3771104514598846,0.4072286188602448,-0.3339581191539764,0.4855761229991913,0.3817232251167297,-0.3989121615886688,0.3827823102474213,0.4060193598270416,-0.2830843031406403,0.5208262801170349,0.5203161239624023,-0.0548759847879410,0.4710048735141754,0.5160707831382751,0.0548613630235195,0.5349372029304504,0.7025151848793030,-0.0861771851778030,0.4394693374633789,0.6765651702880859,0.1111266240477562,0.5564263463020325,0.8750374913215637,0.0150242242962122,0.4183726608753204,0.8364388346672058,0.2629865407943726,0.5595137476921082,0.8956514000892639,0.0174531675875187,0.4245263338088989,0.8658320903778076,0.2710959613323212,0.5359269380569458,0.9438754320144653,-0.1126555278897285,0.3825345635414124,0.8812742233276367,0.1694930940866470
0.4759337306022644,0.1997962146997452,-0.3042289614677429,0.4822095632553101,0.1791240274906158,-0.2969765961170197,0.4869883656501770,0.1773395985364914,-0.2970074415206909,0.4913796782493591,0.1757682114839554,-0.2970588505268097,0.4719755947589874,0.1825436502695084,-0.2885553240776062,0.4698405563831329,0.1832981705665588,-0.2886213958263397,0.4671401679515839,0.1840737015008926,-0.2885913252830505,0.5002902746200562,0.1785358190536499,-0.1913178712129593,0.4676280319690704,0.1887899488210678,-0.1504132598638535,0.4853835403919220,0.2144959270954132,-0.2594312131404877,0.4725120961666107,0.2179093807935715,-0.2473309338092804,0.5379982590675354,0.2628558874130249,-0.1247387975454330,0.4485813677310944,0.2796314954757690,-0.0098749222233891,0.5578120350837708,0.3983492553234100,-0.2009925395250320,0.4299540221691132,0.3903099596500397,-0.0207973532378674,0.5037071704864502,0.4019829928874969,-0.3916462361812592,0.3970008492469788,0.3976902365684509,-0.2677479386329651,0.4875493645668030,0.4052742421627045,-0.4388381838798523,0.3864341974258423,0.3973349928855896,-0.3098245561122894,0.4846656918525696,0.3857217133045197,-0.4395290315151215,0.3876623213291168,0.3802008926868439,-0.3332200348377228,0.4888788759708405,0.3815272152423859,-0.3933783769607544,0.3919186294078827,0.3805895447731018,-0.2832557260990143,0.5208824276924133,0.5201432108879089,-0.0552301146090031,0.4708661139011383,0.5154705643653870,0.0552359782159328,0.5360363721847534,0.7023191452026367,-0.0886167511343956,0.4399155974388123,0.6767645478248596,0.1143045723438263,0.5572437644004822,0.8761001229286194,0.0176389683037996,0.4192805886268616,0.8362870812416077,0.2634892761707306,0.5600576400756836,0.8981588482856750,0.0203687828034163,0.4256081581115723,0.8650822639465332,0.2731094658374786,0.5356296300888062,0.9437691569328308,-0.1151009723544121,0.3837748467922211,0.8812090158462524,0.1778040230274200
0.4789107441902161,0.1996857225894928,-0.3390806913375854,0.4851216375827789,0.1790562868118286,-0.3325481116771698,0.4897978901863098,0.1773743331432343,-0.3325719535350800,0.4940203428268433,0.1759054660797119,-0.3326216638088226,0.4741909801959991,0.1822979301214218,-0.3244394361972809,0.4719293415546417,0.1830011904239655,-0.3245092630386353,0.4693042039871216,0.1837633997201920,-0.3244762420654297,0.5022018551826477,0.1783375442028046,-0.2203750461339951,0.4688295423984528,0.1885688602924347,-0.1825062185525894,0.4882820844650269,0.2143084704875946,-0.2909330129623413,0.4748172461986542,0.2176251411437988,-0.2800714075565338,0.5389791727066040,0.2624946832656860,-0.1398446410894394,0.4480561614036560,0.2784596979618073,-0.0255475454032421,0.5587320327758789,0.3981442451477051,-0.2040873020887375,0.4297672510147095,0.3855664730072021,-0.0577902831137180,0.5056525468826294,0.4017678201198578,-0.4111943542957306,0.4042295813560486,0.3836390376091003,-0.3159010708332062,0.4903245270252228,0.4052285850048065,-0.4590575397014618,0.3971652686595917,0.3788729012012482,-0.3577847480773926,0.4870593845844269,0.3853733837604523,-0.4610820412635803,0.3992654383182526,0.3619423210620880,-0.3804015517234802,0.4913567006587982,0.3814432919025421,-0.4132436215877533,0.4025140106678009,0.3625306785106659,-0.3306733965873718,0.5219930410385132,0.5163196921348572,-0.0546860098838806,0.4711857140064240,0.5121287107467651,0.0547120347619057,0.5361278057098389,0.6979646086692810,-0.0897896736860275,0.4406459033489227,0.6765097975730896,0.1139652207493782,0.5583463311195374,0.8759539127349854,0.0172261092811823,0.4197967648506165,0.8354120254516602,0.2660056650638580,0.5606037974357605,0.8972886204719543,0.0195088945329189,0.4262763857841492,0.8630353808403015,0.2748850286006927,0.5373994708061218,0.9434769749641418,-0.1225558742880821,0.3855401873588562,0.8810121417045593,0.1711027622222900
0.4815641641616821,0.1998591423034668,-0.3368873000144958,0.4873911440372467,0.1793371438980103,-0.3310914635658264,0.4918098151683807,0.1777183413505554,-0.3311957716941833,0.4961267411708832,0.1762350648641586,-0.3312626183032990,0.4758488535881042,0.1822986751794815,-0.3146700859069824,0.4729775190353394,0.1828947663307190,-0.3147159814834595,0.4707264900207520,0.1835687607526779,-0.3147235810756683,0.5034978985786438,0.1780971586704254,-0.2064553201198578,0.4695689380168915,0.1884687989950180,-0.1712851971387863,0.4907844364643097,0.2147959768772125,-0.2794976830482483,0.4768409132957458,0.2180253416299820,-0.2796195149421692,0.5395220518112183,0.2620560526847839,-0.1252368390560150,0.4481667280197144,0.2760021984577179,-0.0180065445601940,0.5598527193069458,0.3976355791091919,-0.1913058310747147,0.4295789301395416,0.3835342824459076,-0.0369211062788963,0.5063101053237915,0.4015206694602966,-0.4089164733886719,0.4114312231540680,0.3703024685382843,-0.2867445051670074,0.4910714030265808,0.4046723842620850,-0.4503670930862427,0.4051751196384430,0.3624066114425659,-0.3284401595592499,0.4877972602844238,0.3850798010826111,-0.4489321708679199,0.4070191085338593,0.3444963693618774,-0.3490153253078461,0.4917321503162384,0.3810185790061951,-0.4078161120414734,0.4110013246536255,0.3455638885498047,-0.3006003201007843,0.5222011208534241,0.5151390433311462,-0.0529673621058464,0.4711582064628601,0.5102127194404602,0.0530148223042488,0.5369393825531006,0.6983389854431152,-0.0891846716403961,0.4405533671379089,0.6767347455024719,0.1056953296065331,0.5584973096847534,0.8800134658813477,0.0187542494386435,0.4200042188167572,0.8354116082191467,0.2660881876945496,0.5611432790756226,0.9045395255088806,0.0209649819880724,0.4264465868473053,0.8628621697425842,0.2752942144870758,0.5369533896446228,0.9451108574867249,-0.1163136139512062,0.3858263194561005,0.8811005353927612,0.1687506586313248
0.4823025465011597,0.1999331116676331,-0.3225576579570770,0.4880859553813934,0.1794348359107971,-0.3169336318969727,0.4925331473350525,0.1778784692287445,-0.3169353306293488,0.4968118369579315,0.1763985604047775,-0.3169588148593903,0.4765706956386566,0.1821770370006561,-0.3063727617263794,0.4737901091575623,0.1827168762683868,-0.3064441680908203,0.4716773927211761,0.1833752393722534,-0.3064056634902954,0.5041579008102417,0.1779039204120636,-0.1988339275121689,0.4707413315773010,0.1879849284887314,-0.1681912392377853,0.4914568662643433,0.2151874899864197,-0.2672421038150787,0.4776562154293060,0.2180661410093307,-0.2650277912616730,0.5398949384689331,0.2617884874343872,-0.1256299316883087,0.4497093558311462,0.2721095681190491,-0.0146120656281710,0.5607980489730835,0.3953329324722290,-0.1970799416303635,0.4230015873908997,0.3790524601936340,-0.0578406080603600,0.5076934099197388,0.4012284874916077,-0.3987898826599121,0.4153292775154114,0.3500399291515350,-0.3213266134262085,0.4932197928428650,0.4043269455432892,-0.4408103227615356,0.4165872037410736,0.3385325372219086,-0.3642897903919220,0.4904021918773651,0.3847631514072418,-0.4397450685501099,0.4188787639141083,0.3241836130619049,-0.3732835352420807,0.4939584732055664,0.3810597360134125,-0.3982162177562714,0.4204076826572418,0.3276265263557434,-0.3302578032016754,0.5211784243583679,0.5123688578605652,-0.0541353896260262,0.4707784652709961,0.5068321824073792,0.0541656762361526,0.5366827249526978,0.6964492797851562,-0.0905340090394020,0.4406793713569641,0.6760671138763428,0.1067953631281853,0.5586763620376587,0.8793513178825378,0.0135655058547854,0.4203325808048248,0.8351202607154846,0.2576507925987244,0.5609338879585266,0.9031006693840027,0.0155349057167768,0.4269459545612335,0.8623089194297791,0.2658945918083191,0.5383927226066589,0.9449148774147034,-0.1250101029872894,0.3856763541698456,0.8811009526252747,0.1588313728570938
0.4835601449012756,0.1997445076704025,-0.2677625417709351,0.4892615675926208,0.1792326271533966,-0.2614065408706665,0.4937545955181122,0.1776641458272934,-0.2614158689975739,0.4979766011238098,0.1761741787195206,-0.2614405453205109,0.4775009453296661,0.1820830702781677,-0.2538973689079285,0.4748218655586243,0.1826570034027100,-0.2539476156234741,0.4723931252956390,0.1831621378660202,-0.2538971006870270,0.5051676034927368,0.1778509765863419,-0.1574920862913132,0.4712724089622498,0.1868011504411697,-0.1252045780420303,0.4930103421211243,0.2149672806262970,-0.2216192185878754,0.4788404107093811,0.2179530262947083,-0.2139706909656525,0.5401213765144348,0.2614812552928925,-0.0900513604283333,0.4501281082630157,0.2689865529537201,0.0077202050015330,0.5600553750991821,0.3940505683422089,-0.1625276356935501,0.4189848601818085,0.3792137205600739,-0.0506567507982254,0.5081919431686401,0.3996156454086304,-0.3461856842041016,0.4217090308666229,0.3363489508628845,-0.3070430457592010,0.4943922460079193,0.4029725790023804,-0.3866626918315887,0.4256571531295776,0.3228577673435211,-0.3494076728820801,0.4910428822040558,0.3834235370159149,-0.3832918107509613,0.4273484051227570,0.3097664713859558,-0.3539852797985077,0.4943260252475739,0.3800024390220642,-0.3451806306838989,0.4287114739418030,0.3144090473651886,-0.3138928711414337,0.5210659503936768,0.5113326311111450,-0.0479316227138042,0.4704815447330475,0.5051852464675903,0.0479301847517490,0.5380159616470337,0.6961824893951416,-0.0892080217599869,0.4401669204235077,0.6766777038574219,0.0718977153301239,0.5591534972190857,0.8787053823471069,0.0392171069979668,0.4201202392578125,0.8353462815284729,0.2216317653656006,0.5616596937179565,0.9019580483436584,0.0446472167968750,0.4268071055412292,0.8623186349868774,0.2302690297365189,0.5401216745376587,0.9448620080947876,-0.0930077582597733,0.3870157897472382,0.8824699521064758,0.1200889348983765
0.4837451577186584,0.1996085643768311,-0.2579906284809113,0.4894592463970184,0.1790919005870819,-0.2520679235458374,0.4939025938510895,0.1775284856557846,-0.2520739138126373,0.4979860484600067,0.1760375052690506,-0.2520904839038849,0.4779067039489746,0.1819543242454529,-0.2439806610345840,0.4753012955188751,0.1826212257146835,-0.2440339028835297,0.4729170203208923,0.1829913258552551,-0.2439937740564346,0.5053684115409851,0.1777169257402420,-0.1535092741250992,0.4717999696731567,0.1856876462697983,-0.1154672801494598,0.4927328526973724,0.2148877233266830,-0.2148684114217758,0.4790701866149902,0.2177741229534149,-0.2046011090278625,0.5400841236114502,0.2612633407115936,-0.0880498141050339,0.4502227008342743,0.2670024633407593,0.0148014724254608,0.5589318871498108,0.3932297825813293,-0.1658072173595428,0.4177102446556091,0.3799888193607330,-0.0569273941218853,0.5093447566032410,0.3986557126045227,-0.3507218956947327,0.4269029796123505,0.3313980698585510,-0.3219508230686188,0.4960314929485321,0.4014264941215515,-0.3922583162784576,0.4315464198589325,0.3150418996810913,-0.3659210801124573,0.4930881559848785,0.3809911310672760,-0.3888041377067566,0.4328836798667908,0.3014039993286133,-0.3667498826980591,0.4961036443710327,0.3777009844779968,-0.3499367535114288,0.4339636564254761,0.3063057661056519,-0.3272390365600586,0.5205582380294800,0.5107026696205139,-0.0473083630204201,0.4700917303562164,0.5044647455215454,0.0472803711891174,0.5387976169586182,0.6957105398178101,-0.0884089842438698,0.4396286606788635,0.6770659685134888,0.0789253339171410,0.5594974756240845,0.8781985044479370,0.0384933315217495,0.4199454188346863,0.8353834152221680,0.2289510071277618,0.5617524385452271,0.9011512398719788,0.0434517338871956,0.4267194867134094,0.8623003959655762,0.2376160621643066,0.5420445799827576,0.9444863796234131,-0.0942367985844612,0.3877535164356232,0.8837973475456238,0.1296806335449219
0.4835548102855682,0.1994829624891281,-0.2509893476963043,0.4894005656242371,0.1790363639593124,-0.2449676096439362,0.4939200282096863,0.1774638295173645,-0.2449760586023331,0.4980797767639160,0.1759634315967560,-0.2449891269207001,0.4779455363750458,0.1817630231380463,-0.2365272939205170,0.4754022061824799,0.1821952313184738,-0.2365751713514328,0.4731253683567047,0.1823590099811554,-0.2365352064371109,0.5055996775627136,0.1776585131883621,-0.1480531394481659,0.4720281362533569,0.1845280677080154,-0.1078185215592384,0.4925452470779419,0.2147495299577713,-0.2089053243398666,0.4790471494197845,0.2177123278379440,-0.1978120505809784,0.5397007465362549,0.2610767185688019,-0.0834456607699394,0.4506124258041382,0.2657529413700104,0.0197731852531433,0.5578680634498596,0.3930754661560059,-0.1662417203187943,0.4163465201854706,0.3805733919143677,-0.0569669529795647,0.5097020864486694,0.3970951735973358,-0.3535262048244476,0.4306065738201141,0.3241004049777985,-0.3193604350090027,0.4967987239360809,0.3990109264850616,-0.3954071998596191,0.4352354109287262,0.3055522143840790,-0.3629345893859863,0.4940143525600433,0.3777362108230591,-0.3911897540092468,0.4374414980411530,0.2932977974414825,-0.3630520999431610,0.4967095255851746,0.3744557499885559,-0.3526574373245239,0.4386973977088928,0.2983651459217072,-0.3243450522422791,0.5201908946037292,0.5103875994682312,-0.0455367006361485,0.4697787463665009,0.5037870407104492,0.0454925931990147,0.5396131277084351,0.6955351829528809,-0.0876532271504402,0.4393668174743652,0.6773551106452942,0.0783410742878914,0.5602414011955261,0.8778641819953918,0.0423351600766182,0.4198357164859772,0.8352273106575012,0.2320020049810410,0.5617987513542175,0.9008938670158386,0.0472407564520836,0.4266231954097748,0.8615406751632690,0.2411354035139084,0.5452533364295959,0.9440170526504517,-0.0911186039447784,0.3881553411483765,0.8839667439460754,0.1331035643815994
0.4835245907306671,0.1993694752454758,-0.2459818422794342,0.4892298877239227,0.1789030730724335,-0.2398204803466797,0.4938886463642120,0.1773275732994080,-0.2398328483104706,0.4980900585651398,0.1758268922567368,-0.2398482859134674,0.4778469502925873,0.1816743910312653,-0.2314641326665878,0.4753659069538116,0.1821690797805786,-0.2315085828304291,0.4728839993476868,0.1822425872087479,-0.2314671427011490,0.5057486295700073,0.1775704771280289,-0.1429984271526337,0.4717724621295929,0.1841339915990829,-0.1028245016932487,0.4925037920475006,0.2146939039230347,-0.2040578722953796,0.4791736006736755,0.2175751924514771,-0.1929793506860733,0.5395005941390991,0.2610782086849213,-0.0782650485634804,0.4508227109909058,0.2654631435871124,0.0229804180562496,0.5566871762275696,0.3928116261959076,-0.1619558930397034,0.4155041575431824,0.3811595737934113,-0.0574741996824741,0.5093816518783569,0.3950508236885071,-0.3509014546871185,0.4334801137447357,0.3192269802093506,-0.3185184299945831,0.4969443678855896,0.3968881368637085,-0.3923540115356445,0.4377232491970062,0.3001089692115784,-0.3623802065849304,0.4939203858375549,0.3751599788665771,-0.3869648873806000,0.4403316080570221,0.2868103682994843,-0.3616155087947845,0.4963651001453400,0.3717460036277771,-0.3496614694595337,0.4420063197612762,0.2924384474754333,-0.3232165277004242,0.5198112130165100,0.5104081034660339,-0.0436816103756428,0.4694574475288391,0.5038528442382812,0.0436155237257481,0.5401462316513062,0.6956959366798401,-0.0825243443250656,0.4390918016433716,0.6787791848182678,0.0739613771438599,0.5601813197135925,0.8777900338172913,0.0591803789138794,0.4197592437267303,0.8352621793746948,0.2295878082513809,0.5616779923439026,0.8998398780822754,0.0652298778295517,0.4265347123146057,0.8615553379058838,0.2390677928924561,0.5466637015342712,0.9429893493652344,-0.0729793608188629,0.3886373341083527,0.8842469453811646,0.1299462467432022
0.4837110638618469,0.1992660909891129,-0.2299899607896805,0.4895868599414825,0.1787907034158707,-0.2229109108448029,0.4941866099834442,0.1772042363882065,-0.2229274064302444,0.4984574615955353,0.1756980121135712,-0.2229428291320801,0.4779442846775055,0.1816470623016357,-0.2154989391565323,0.4753395318984985,0.1820127516984940,-0.2155379354953766,0.4729414284229279,0.1819670945405960,-0.2154947817325592,0.5057443976402283,0.1774394810199738,-0.1257630288600922,0.4714414775371552,0.1837563663721085,-0.0901590883731842,0.4925841689109802,0.2146077454090118,-0.1882857680320740,0.4791266024112701,0.2174891829490662,-0.1785272508859634,0.5389999747276306,0.2614343166351318,-0.0636049732565880,0.4504356682300568,0.2653704285621643,0.0302230678498745,0.5557405352592468,0.3927671313285828,-0.1463024169206619,0.4148269593715668,0.3815719187259674,-0.0542599037289619,0.5108014941215515,0.3947980701923370,-0.3352431058883667,0.4351382255554199,0.3146912455558777,-0.3133296966552734,0.4990599751472473,0.3959173858165741,-0.3762007057666779,0.4407118856906891,0.2958032488822937,-0.3575084507465363,0.4955177903175354,0.3738058805465698,-0.3706923127174377,0.4434477388858795,0.2810572981834412,-0.3555041253566742,0.4985152482986450,0.3702672719955444,-0.3340669274330139,0.4445012211799622,0.2857554256916046,-0.3174634575843811,0.5193105936050415,0.5103138089179993,-0.0419768281280994,0.4694275856018066,0.5036773085594177,0.0419088937342167,0.5398460626602173,0.6955947875976562,-0.0818227156996727,0.4389888048171997,0.6791916489601135,0.0721213668584824,0.5606253147125244,0.8770332336425781,0.0544044263660908,0.4196934700012207,0.8352641463279724,0.2293213009834290,0.5618135929107666,0.8969993591308594,0.0596619136631489,0.4264515638351440,0.8615564703941345,0.2390710860490799,0.5487942099571228,0.9418347477912903,-0.0775844827294350,0.3885696530342102,0.8843619823455811,0.1308412551879883
0.4830650985240936,0.1993108391761780,-0.2348328679800034,0.4889177381992340,0.1787459850311279,-0.2275482267141342,0.4934597015380859,0.1771676540374756,-0.2275758534669876,0.4976563155651093,0.1756695806980133,-0.2275962233543396,0.4774335920810699,0.1815327554941177,-0.2198006361722946,0.4748487770557404,0.1819199621677399,-0.2198400348424911,0.4724566340446472,0.1819290071725845,-0.2198030501604080,0.5050403475761414,0.1773523986339569,-0.1289069503545761,0.4710001647472382,0.1836563497781754,-0.0918140634894371,0.4916737973690033,0.2149253040552139,-0.1926521211862564,0.4785238504409790,0.2174541652202606,-0.1824625581502914,0.5381188988685608,0.2615268528461456,-0.0705306604504585,0.4500797986984253,0.2651317417621613,0.0337321348488331,0.5548094511032104,0.3926355838775635,-0.1580752581357956,0.4148377180099487,0.3819521367549896,-0.0544112809002399,0.5098714232444763,0.3911632001399994,-0.3409904539585114,0.4365665018558502,0.3133449852466583,-0.3215117752552032,0.4989014565944672,0.3927036821842194,-0.3819597661495209,0.4421877264976501,0.2933230102062225,-0.3663898408412933,0.4945424199104309,0.3708598911762238,-0.3787975311279297,0.4442307353019714,0.2781066894531250,-0.3644635379314423,0.4974708259105682,0.3669474720954895,-0.3403330743312836,0.4453929960727692,0.2832248508930206,-0.3259615898132324,0.5190249681472778,0.5102736353874207,-0.0435671545565128,0.4693734943866730,0.5037099123001099,0.0435129925608635,0.5393629670143127,0.6956138610839844,-0.0817989259958267,0.4388684034347534,0.6792995929718018,0.0804507806897163,0.5606403350830078,0.8762706518173218,0.0519630871713161,0.4196639060974121,0.8351563811302185,0.2370006144046783,0.5623367428779602,0.8961341381072998,0.0569691248238087,0.4264141321182251,0.8609095215797424,0.2460611611604691,0.5474693775177002,0.9403383135795593,-0.0807951539754868,0.3886488974094391,0.8843531608581543,0.1407273560762405
0.4825072586536407,0.1994518488645554,-0.2212087512016296,0.4883103072643280,0.1789738982915878,-0.2130212038755417,0.4927521049976349,0.1774482429027557,-0.2130506932735443,0.4970436394214630,0.1760032624006271,-0.2130647301673889,0.4768607020378113,0.1814887821674347,-0.2060328125953674,0.4741067588329315,0.1818161457777023,-0.2060697972774506,0.4718132913112640,0.1818269938230515,-0.2060305178165436,0.5043537616729736,0.1775033622980118,-0.1133476793766022,0.4702943861484528,0.1836523860692978,-0.0798831433057785,0.4912000894546509,0.2154506444931030,-0.1788935810327530,0.4778985977172852,0.2175730317831039,-0.1697772443294525,0.5371417403221130,0.2617061734199524,-0.0564155094325542,0.4497551918029785,0.2652806341648102,0.0428235381841660,0.5540983676910400,0.3924494385719299,-0.1445322036743164,0.4150048792362213,0.3822056949138641,-0.0495278947055340,0.5091732144355774,0.3867291808128357,-0.3355065286159515,0.4385065138339996,0.3133788406848907,-0.3148769438266754,0.4989459216594696,0.3897114694118500,-0.3779440522193909,0.4431960284709930,0.2943676710128784,-0.3595274686813354,0.4939207434654236,0.3690747022628784,-0.3732607066631317,0.4452810287475586,0.2793364822864532,-0.3583183586597443,0.4963704645633698,0.3647550046443939,-0.3346270024776459,0.4467856585979462,0.2835822701454163,-0.3195197880268097,0.5187448263168335,0.5100292563438416,-0.0442175902426243,0.4687279164791107,0.5035867094993591,0.0441740378737450,0.5387319922447205,0.6955943107604980,-0.0806962549686432,0.4385005235671997,0.6792267560958862,0.0822098031640053,0.5611700415611267,0.8761066794395447,0.0500038154423237,0.4195965528488159,0.8351644277572632,0.2384080439805984,0.5633130669593811,0.8959658741950989,0.0548895150423050,0.4263709485530853,0.8609250783920288,0.2477039396762848,0.5486514568328857,0.9393620491027832,-0.0836825072765350,0.3886981010437012,0.8843649029731750,0.1395124793052673
0.4819851815700531,0.1998197734355927,-0.2291283011436462,0.4877094626426697,0.1794943511486053,-0.2209670245647430,0.4920531809329987,0.1780252754688263,-0.2209942191839218,0.4963983297348022,0.1766122281551361,-0.2210108786821365,0.4762192666530609,0.1818274408578873,-0.2136223018169403,0.4733318686485291,0.1821238547563553,-0.2136639803647995,0.4710629880428314,0.1821755021810532,-0.2136309295892715,0.5036920905113220,0.1778473705053329,-0.1214457228779793,0.4695740640163422,0.1840866655111313,-0.0860230028629303,0.4907892942428589,0.2159985750913620,-0.1869264245033264,0.4773884415626526,0.2180614024400711,-0.1772211939096451,0.5364840626716614,0.2626763880252838,-0.0643658488988876,0.4494820535182953,0.2654342651367188,0.0390972718596458,0.5537394285202026,0.3924250900745392,-0.1552147120237350,0.4144987761974335,0.3833446204662323,-0.0559477992355824,0.5084027647972107,0.3832306861877441,-0.3403225839138031,0.4380018413066864,0.3164246678352356,-0.3249915242195129,0.4986105859279633,0.3874370157718658,-0.3860609829425812,0.4436925053596497,0.2992567420005798,-0.3703787922859192,0.4929960668087006,0.3678066134452820,-0.3785758316516876,0.4455687105655670,0.2831838726997375,-0.3680053949356079,0.4952401518821716,0.3632563352584839,-0.3390945494174957,0.4465328156948090,0.2875964045524597,-0.3290814161300659,0.5177042484283447,0.5098583698272705,-0.0452610477805138,0.4671225845813751,0.5035780072212219,0.0452234484255314,0.5382149219512939,0.6954172253608704,-0.0842780694365501,0.4371747970581055,0.6792585849761963,0.0854408666491508,0.5620578527450562,0.8758806586265564,0.0281059853732586,0.4195179939270020,0.8353986144065857,0.2581200599670410,0.5636434555053711,0.8958063721656799,0.0309093091636896,0.4263099730014801,0.8609982728958130,0.2690216302871704,0.5510085225105286,0.9383268952369690,-0.1133888512849808,0.3884792923927307,0.8843574523925781,0.1573617607355118
0.4812864065170288,0.2008440047502518,-0.2326268851757050,0.4868944883346558,0.1807325929403305,-0.2245962619781494,0.4912157356739044,0.1792799830436707,-0.2246281206607819,0.4955011606216431,0.1778454482555389,-0.2246483713388443,0.4754053652286530,0.1828396916389465,-0.2173512876033783,0.4725460708141327,0.1831192374229431,-0.2173920124769211,0.4701858162879944,0.1831640005111694,-0.2173592150211334,0.5028195977210999,0.1786929816007614,-0.1249246448278427,0.4688125252723694,0.1849768012762070,-0.0896041318774223,0.4902011752128601,0.2170089781284332,-0.1902324259281158,0.4767027795314789,0.2190667092800140,-0.1805923581123352,0.5359172224998474,0.2633168399333954,-0.0669117197394371,0.4492764174938202,0.2662788331508636,0.0353768356144428,0.5534241199493408,0.3925063610076904,-0.1615039706230164,0.4138481020927429,0.3870019316673279,-0.0624404586851597,0.5071052908897400,0.3814980685710907,-0.3545189499855042,0.4379689991474152,0.3205671906471252,-0.3294275701045990,0.4973180592060089,0.3862060904502869,-0.4006324708461761,0.4434852302074432,0.3034475147724152,-0.3748956620693207,0.4917915761470795,0.3672905564308167,-0.3922480046749115,0.4449514448642731,0.2873880863189697,-0.3723720908164978,0.4939891099929810,0.3625538051128387,-0.3532013893127441,0.4460716843605042,0.2918874919414520,-0.3335351943969727,0.5167551636695862,0.5104154944419861,-0.0444423817098141,0.4651350080966949,0.5042871236801147,0.0443964861333370,0.5378748178482056,0.6952924728393555,-0.0845449194312096,0.4344020783901215,0.6809801459312439,0.0848577544093132,0.5622461438179016,0.8744564056396484,0.0335751399397850,0.4194353520870209,0.8362773060798645,0.2580546438694000,0.5636195540428162,0.8929150104522705,0.0378876477479935,0.4264716207981110,0.8612839579582214,0.2688341438770294,0.5551722645759583,0.9365057945251465,-0.1070376262068748,0.3883236646652222,0.8843678832054138,0.1577351689338684
0.4805284142494202,0.2024928033351898,-0.2188540846109390,0.4860381782054901,0.1824758946895599,-0.2109926044940948,0.4903461635112762,0.1810625791549683,-0.2110192626714706,0.4946284294128418,0.1796803325414658,-0.2110380232334137,0.4746543467044830,0.1844687312841415,-0.2035138607025146,0.4718227684497833,0.1847174018621445,-0.2035486400127411,0.4694880545139313,0.1848697811365128,-0.2035134732723236,0.5020602941513062,0.1804647445678711,-0.1137152388691902,0.4681988060474396,0.1869504749774933,-0.0769406333565712,0.4894706606864929,0.2186402976512909,-0.1774017363786697,0.4760428667068481,0.2207399308681488,-0.1673420369625092,0.5355673432350159,0.2654892504215240,-0.0556172877550125,0.4489231407642365,0.2686778306961060,0.0399401113390923,0.5533971786499023,0.3940744102001190,-0.1505371779203415,0.4122625887393951,0.3919316530227661,-0.0548669882118702,0.5057443976402283,0.3820658326148987,-0.3487564921379089,0.4369217157363892,0.3238135874271393,-0.3135326206684113,0.4951059222221375,0.3862892389297485,-0.3929227590560913,0.4429142773151398,0.3071734011173248,-0.3580991327762604,0.4904521703720093,0.3671071231365204,-0.3852091431617737,0.4445514678955078,0.2913406491279602,-0.3575178086757660,0.4928694665431976,0.3626590073108673,-0.3474844694137573,0.4454068839550018,0.2958409786224365,-0.3183063566684723,0.5142897963523865,0.5114648938179016,-0.0430064238607883,0.4626969695091248,0.5055114030838013,0.0429429076611996,0.5376779437065125,0.6954542994499207,-0.0844629183411598,0.4320442378520966,0.6842817068099976,0.0760484561324120,0.5623528957366943,0.8729611635208130,0.0442972965538502,0.4193614423274994,0.8364677429199219,0.2563355267047882,0.5636214613914490,0.8905485868453979,0.0502026118338108,0.4265763461589813,0.8613035678863525,0.2683039307594299,0.5571180582046509,0.9358565807342529,-0.0921864584088326,0.3881677985191345,0.8843899965286255,0.1573777794837952
0.4798699319362640,0.2047349065542221,-0.2278464585542679,0.4853660464286804,0.1848200112581253,-0.2195262312889099,0.4896713495254517,0.1833496689796448,-0.2195589840412140,0.4939413070678711,0.1819521188735962,-0.2195785492658615,0.4740419387817383,0.1868815571069717,-0.2126794010400772,0.4712400734424591,0.1871473640203476,-0.2127156853675842,0.4688982367515564,0.1873873919248581,-0.2126782685518265,0.5015319585800171,0.1826758980751038,-0.1208689510822296,0.4678953886032104,0.1895589232444763,-0.0866233557462692,0.4888496994972229,0.2207519710063934,-0.1860156953334808,0.4754480123519897,0.2232682853937149,-0.1767299473285675,0.5352964997291565,0.2669437229633331,-0.0617321357131004,0.4476877450942993,0.2710568606853485,0.0388191454112530,0.5529235601425171,0.3952520787715912,-0.1536365598440170,0.4112774431705475,0.3963009715080261,-0.0623006112873554,0.5048428177833557,0.3821907937526703,-0.3500891625881195,0.4355879724025726,0.3287279903888702,-0.3202830553054810,0.4936355650424957,0.3864301443099976,-0.3937572240829468,0.4415640234947205,0.3126504421234131,-0.3650726079940796,0.4892463386058807,0.3669060468673706,-0.3869123458862305,0.4429016709327698,0.2973553240299225,-0.3629568219184875,0.4918445646762848,0.3625258505344391,-0.3489930033683777,0.4439488053321838,0.3015735447406769,-0.3243471086025238,0.5131031870841980,0.5138091444969177,-0.0392378456890583,0.4611972272396088,0.5078785419464111,0.0391589812934399,0.5371142029762268,0.6958536505699158,-0.0814974382519722,0.4308878481388092,0.6856552958488464,0.0584125965833664,0.5622293949127197,0.8707095384597778,0.0710182115435600,0.4194640815258026,0.8365617394447327,0.2365949451923370,0.5635102391242981,0.8865862488746643,0.0788130313158035,0.4265590906143188,0.8613145947456360,0.2486825436353683,0.5588769912719727,0.9355098605155945,-0.0586987584829330,0.3881184458732605,0.8843923211097717,0.1373026669025421
0.4794295132160187,0.2079611867666245,-0.2276249229907990,0.4849914312362671,0.1881881356239319,-0.2194825112819672,0.4893484413623810,0.1867927908897400,-0.2195139229297638,0.4937389791011810,0.1854184716939926,-0.2195375710725784,0.4737944602966309,0.1900110989809036,-0.2125990986824036,0.4710257649421692,0.1902559697628021,-0.2126338332891464,0.4687165319919586,0.1905340105295181,-0.2125919312238693,0.5012218952178955,0.1857947409152985,-0.1214747577905655,0.4673432111740112,0.1927272528409958,-0.0872493684291840,0.4884257912635803,0.2240531146526337,-0.1859452873468399,0.4752044379711151,0.2264437675476074,-0.1766401976346970,0.5345153212547302,0.2701393365859985,-0.0626571699976921,0.4457636177539825,0.2739559710025787,0.0362286046147346,0.5518530011177063,0.3978308737277985,-0.1534518897533417,0.4101146161556244,0.4006295800209045,-0.0563207045197487,0.5045000314712524,0.3822751343250275,-0.3503738641738892,0.4340845346450806,0.3316417038440704,-0.3116417229175568,0.4927340745925903,0.3864874243736267,-0.3937860131263733,0.4402149617671967,0.3176173269748688,-0.3557627797126770,0.4884948432445526,0.3670543730258942,-0.3875122368335724,0.4415212571620941,0.3025519549846649,-0.3557293713092804,0.4912408888339996,0.3628826141357422,-0.3494237363338470,0.4421344697475433,0.3063004910945892,-0.3165849149227142,0.5110390782356262,0.5153495669364929,-0.0400635451078415,0.4594190418720245,0.5097244381904602,0.0399888679385185,0.5360859632492065,0.6965679526329041,-0.0818167552351952,0.4288946092128754,0.6869928836822510,0.0635986477136612,0.5622146725654602,0.8698687553405762,0.0631774812936783,0.4194365441799164,0.8365619182586670,0.2398863136768341,0.5633981227874756,0.8849799633026123,0.0695005655288696,0.4269493520259857,0.8613232970237732,0.2510335445404053,0.5592085123062134,0.9352838397026062,-0.0678891763091087,0.3880155980587006,0.8844016790390015,0.1411374956369400
0.4790557920932770,0.2111705690622330,-0.2181233018636703,0.4845601320266724,0.1912052035331726,-0.2098521441221237,0.4888984262943268,0.1897173076868057,-0.2098906338214874,0.4930721819400787,0.1882837414741516,-0.2099215537309647,0.4732367694377899,0.1931570023298264,-0.2026739120483398,0.4705265164375305,0.1933019012212753,-0.2027010917663574,0.4681142270565033,0.1935326755046844,-0.2026508450508118,0.5001145005226135,0.1886503547430038,-0.1120637580752373,0.4664465785026550,0.1957218945026398,-0.0766582190990448,0.4881460964679718,0.2267329394817352,-0.1766208559274673,0.4746161997318268,0.2292438447475433,-0.1669189929962158,0.5331889390945435,0.2728489041328430,-0.0553890541195869,0.4445455372333527,0.2775099873542786,0.0419339984655380,0.5504120588302612,0.4008792638778687,-0.1429322510957718,0.4088887274265289,0.4066154360771179,-0.0511415973305702,0.5033396482467651,0.3838262856006622,-0.3305340707302094,0.4326978325843811,0.3351746201515198,-0.3107819259166718,0.4923232495784760,0.3875976502895355,-0.3720320463180542,0.4384875297546387,0.3198594450950623,-0.3515223562717438,0.4880856573581696,0.3677500486373901,-0.3664118647575378,0.4394324421882629,0.3051050305366516,-0.3470860123634338,0.4905071258544922,0.3639760315418243,-0.3295408487319946,0.4402508437633514,0.3067980706691742,-0.3103170096874237,0.5094202756881714,0.5198891758918762,-0.0401344671845436,0.4581374526023865,0.5140674710273743,0.0400611124932766,0.5352030396461487,0.6994699835777283,-0.0824752002954483,0.4258035719394684,0.6909322142601013,0.0489309355616570,0.5621243715286255,0.8698332905769348,0.0682853162288666,0.4194497168064117,0.8367101550102234,0.2347638905048370,0.5634750723838806,0.8846222758293152,0.0761335268616676,0.4270276427268982,0.8613308668136597,0.2474706321954727,0.5597422122955322,0.9352054595947266,-0.0578484572470188,0.3879193067550659,0.8843987584114075,0.1422214061021805
0.4772349894046783,0.2146257311105728,-0.2287331223487854,0.4830022156238556,0.1941197514533997,-0.2186270803213120,0.4874587953090668,0.1927233487367630,-0.2186562865972519,0.4914995729923248,0.1914880722761154,-0.2186951041221619,0.4716419875621796,0.1963325738906860,-0.2135431319475174,0.4689612090587616,0.1965108066797256,-0.2135888487100601,0.4662506878376007,0.1968812495470047,-0.2135429382324219,0.4984894096851349,0.1921163499355316,-0.1138988584280014,0.4646759629249573,0.1995813101530075,-0.0881286859512329,0.4865976870059967,0.2294825166463852,-0.1852077841758728,0.4726808965206146,0.2322389185428619,-0.1779922097921371,0.5316989421844482,0.2774703502655029,-0.0639189928770065,0.4422868490219116,0.2829979062080383,0.0262821689248085,0.5482104420661926,0.4061249792575836,-0.1557396203279495,0.4071873724460602,0.4134490787982941,-0.0609868653118610,0.5013145208358765,0.3844215273857117,-0.3626112043857574,0.4319343268871307,0.3476397693157196,-0.3202615082263947,0.4904151260852814,0.3879704475402832,-0.4064887762069702,0.4361440241336823,0.3283178210258484,-0.3646903634071350,0.4863170087337494,0.3681427836418152,-0.4004863202571869,0.4369646608829498,0.3137631416320801,-0.3641169369220734,0.4886713922023773,0.3648932874202728,-0.3621139526367188,0.4379558861255646,0.3176867365837097,-0.3241496086120605,0.5080285668373108,0.5237530469894409,-0.0408150143921375,0.4568853676319122,0.5182600617408752,0.0407386347651482,0.5337626934051514,0.7033748626708984,-0.0844575464725494,0.4237107634544373,0.6923499703407288,0.0583340674638748,0.5620790123939514,0.8698332905769348,0.0700066909193993,0.4194169938564301,0.8368719816207886,0.2435986548662186,0.5636879205703735,0.8846711516380310,0.0782788023352623,0.4273734390735626,0.8614867329597473,0.2590256333351135,0.5586158633232117,0.9351522326469421,-0.0574301928281784,0.3876591920852661,0.8844213485717773,0.1546742469072342
0.4749281108379364,0.2177644968032837,-0.2340034693479538,0.4804601371288300,0.1971329897642136,-0.2251789569854736,0.4849913418292999,0.1957727074623108,-0.2252099514007568,0.4888855814933777,0.1945478469133377,-0.2252448201179504,0.4693217575550079,0.1993704289197922,-0.2185403555631638,0.4667633175849915,0.1994878202676773,-0.2185831367969513,0.4639029800891876,0.1998789161443710,-0.2185422927141190,0.4959512650966644,0.1950807422399521,-0.1239024773240089,0.4625641405582428,0.2029060870409012,-0.0911941751837730,0.4844811856746674,0.2323262244462967,-0.1913713514804840,0.4704579114913940,0.2354895919561386,-0.1823197305202484,0.5301185250282288,0.2800805568695068,-0.0707768276333809,0.4412935972213745,0.2850742340087891,0.0263406708836555,0.5463517308235168,0.4090381264686584,-0.1560745388269424,0.4075399637222290,0.4144183397293091,-0.0565339699387550,0.4979847073554993,0.3854908347129822,-0.3648972511291504,0.4317128956317902,0.3557206690311432,-0.3138114213943481,0.4872695803642273,0.3894739747047424,-0.4089574217796326,0.4345280528068542,0.3387228548526764,-0.3582111597061157,0.4828601181507111,0.3694078326225281,-0.4027689993381500,0.4352696835994720,0.3245445489883423,-0.3593506515026093,0.4853600263595581,0.3667275011539459,-0.3641065061092377,0.4365821182727814,0.3285336196422577,-0.3190449178218842,0.5071171522140503,0.5266534686088562,-0.0414619296789169,0.4560655355453491,0.5210720300674438,0.0413887128233910,0.5321655869483948,0.7051504254341125,-0.0853008329868317,0.4225506782531738,0.6928223371505737,0.0626473203301430,0.5619940161705017,0.8698204159736633,0.0657860338687897,0.4194178283214569,0.8370603919029236,0.2442378103733063,0.5637909770011902,0.8847005367279053,0.0732056722044945,0.4275511503219604,0.8617882728576660,0.2591747343540192,0.5581302046775818,0.9347898960113525,-0.0630178377032280,0.3875282406806946,0.8844113349914551,0.1548641473054886
0.4716577529907227,0.2190987169742584,-0.2342637479305267,0.4771994650363922,0.1987759619951248,-0.2263090014457703,0.4818541407585144,0.1975167244672775,-0.2263432145118713,0.4859187304973602,0.1963776201009750,-0.2263862788677216,0.4667711257934570,0.2008667290210724,-0.2186546474695206,0.4641389250755310,0.2010282725095749,-0.2187000662088394,0.4611130952835083,0.2015264481306076,-0.2186519801616669,0.4934824407100677,0.1970715224742889,-0.1268579959869385,0.4605256021022797,0.2052340954542160,-0.0928863286972046,0.4813310801982880,0.2335128039121628,-0.1918389946222305,0.4676361083984375,0.2365424633026123,-0.1832602322101593,0.5285128951072693,0.2809376120567322,-0.0716996639966965,0.4405550360679626,0.2880765497684479,0.0262098722159863,0.5444995760917664,0.4107710719108582,-0.1620490849018097,0.4079525172710419,0.4142384231090546,-0.0537148378789425,0.4938880801200867,0.3885543346405029,-0.3671410381793976,0.4288431406021118,0.3704995810985565,-0.3100817799568176,0.4818196296691895,0.3922212719917297,-0.4113109409809113,0.4336094260215759,0.3549487888813019,-0.3547358810901642,0.4779215157032013,0.3720620274543762,-0.4056722521781921,0.4345067143440247,0.3407521545886993,-0.3576343655586243,0.4811458587646484,0.3694190382957458,-0.3664087951183319,0.4349319636821747,0.3434086143970490,-0.3163762390613556,0.5063413381576538,0.5297110676765442,-0.0418579131364822,0.4557934999465942,0.5235506892204285,0.0417942628264427,0.5304486155509949,0.7076175212860107,-0.0881676152348518,0.4216036796569824,0.6926331520080566,0.0604755990207195,0.5619534850120544,0.8697620630264282,0.0693258941173553,0.4194373786449432,0.8371226191520691,0.2449286431074142,0.5640206933021545,0.8844763636589050,0.0779031589627266,0.4277764856815338,0.8619287014007568,0.2608090341091156,0.5580446124076843,0.9346705675125122,-0.0579949431121349,0.3874861299991608,0.8843409419059753,0.1572061330080032
0.4686127305030823,0.2191645056009293,-0.2458120733499527,0.4738176465034485,0.1993275284767151,-0.2385585308074951,0.4783726632595062,0.1980987787246704,-0.2385956645011902,0.4828009307384491,0.1968833953142166,-0.2386359125375748,0.4642656147480011,0.2014541327953339,-0.2292295247316360,0.4614587426185608,0.2017667293548584,-0.2292684763669968,0.4585087597370148,0.2024407982826233,-0.2292301505804062,0.4909962117671967,0.1979909092187881,-0.1398980766534805,0.4584726691246033,0.2068864405155182,-0.0970188081264496,0.4783550500869751,0.2338591814041138,-0.2035833746194839,0.4652185440063477,0.2367354184389114,-0.1920471191406250,0.5271834135055542,0.2818212807178497,-0.0830529779195786,0.4394259452819824,0.2898692190647125,0.0248973630368710,0.5428697466850281,0.4126796126365662,-0.1769079267978668,0.4083986282348633,0.4127310514450073,-0.0518116131424904,0.4903683960437775,0.3903318643569946,-0.3786112070083618,0.4234969913959503,0.3876510262489319,-0.3065448403358459,0.4761761128902435,0.3943737745285034,-0.4242137372493744,0.4270067512989044,0.3768134415149689,-0.3506129384040833,0.4735195338726044,0.3742191791534424,-0.4189215898513794,0.4280169308185577,0.3586359918117523,-0.3554512858390808,0.4771036803722382,0.3716602325439453,-0.3779994249343872,0.4286781251430511,0.3599202632904053,-0.3134170770645142,0.5060545206069946,0.5308204293251038,-0.0419858209788799,0.4557396173477173,0.5247821211814880,0.0419069565832615,0.5287731885910034,0.7088438272476196,-0.0909725874662399,0.4217341542243958,0.6921074986457825,0.0622728057205677,0.5620550513267517,0.8695327043533325,0.0695169493556023,0.4194687008857727,0.8370562195777893,0.2510948181152344,0.5644807219505310,0.8838236927986145,0.0782560035586357,0.4279587864875793,0.8618583083152771,0.2669902145862579,0.5584328174591064,0.9346731901168823,-0.0592620894312859,0.3874382674694061,0.8843324184417725,0.1630588322877884
0.4656682014465332,0.2193108499050140,-0.2543855607509613,0.4705857038497925,0.1995474696159363,-0.2478390634059906,0.4750474989414215,0.1983697563409805,-0.2478783726692200,0.4797984659671783,0.1971763372421265,-0.2479313015937805,0.4616530239582062,0.2015539705753326,-0.2379275709390640,0.4587902426719666,0.2019032686948776,-0.2379602938890457,0.4561018049716949,0.2025539278984070,-0.2379324585199356,0.4888392388820648,0.1985205411911011,-0.1506896913051605,0.4565432369709015,0.2071446329355240,-0.1033777743577957,0.4751039147377014,0.2342785447835922,-0.2124733477830887,0.4628154039382935,0.2369371056556702,-0.1996058970689774,0.5262421965599060,0.2819930911064148,-0.0912608578801155,0.4383690953254700,0.2900009751319885,0.0214919801801443,0.5416158437728882,0.4138028025627136,-0.1769444197416306,0.4087316691875458,0.4115063548088074,-0.0494272559881210,0.4874974489212036,0.3939293026924133,-0.3716581463813782,0.4220312833786011,0.3956170380115509,-0.3018502593040466,0.4705188870429993,0.3976084291934967,-0.4153025746345520,0.4215942621231079,0.3946098983287811,-0.3453305661678314,0.4698199033737183,0.3761478066444397,-0.4097724556922913,0.4236245155334473,0.3763346672058105,-0.3544071614742279,0.4736647307872772,0.3733820319175720,-0.3704481124877930,0.4250593185424805,0.3756912648677826,-0.3107491731643677,0.5060359239578247,0.5308098196983337,-0.0423055849969387,0.4559629559516907,0.5249622464179993,0.0422339998185635,0.5277814269065857,0.7105888128280640,-0.0910099595785141,0.4219760000705719,0.6917035579681396,0.0577356293797493,0.5621152520179749,0.8690420389175415,0.0771105512976646,0.4195618033409119,0.8370255827903748,0.2507963478565216,0.5649881958961487,0.8828914761543274,0.0868859291076660,0.4281347393989563,0.8618202805519104,0.2669216990470886,0.5584700703620911,0.9346334338188171,-0.0481100343167782,0.3873947262763977,0.8843241930007935,0.1627936959266663
0.4628916084766388,0.2192059457302094,-0.2626904547214508,0.4676898121833801,0.1993019878864288,-0.2569473683834076,0.4720458686351776,0.1981332004070282,-0.2569958567619324,0.4768778979778290,0.1969448775053024,-0.2570545971393585,0.4592723846435547,0.2012830078601837,-0.2458479553461075,0.4564180672168732,0.2016419768333435,-0.2458787560462952,0.4538613259792328,0.2022999525070190,-0.2458631694316864,0.4865675270557404,0.1983352750539780,-0.1604206711053848,0.4548852145671844,0.2068509757518768,-0.1070460081100464,0.4720287322998047,0.2343003153800964,-0.2207247763872147,0.4604125022888184,0.2369530200958252,-0.2060468047857285,0.5249475240707397,0.2811656296253204,-0.1016045883297920,0.4380327761173248,0.2897773385047913,0.0216254312545061,0.5407800674438477,0.4136396944522858,-0.1792280077934265,0.4092434346675873,0.4111186265945435,-0.0361607931554317,0.4838286638259888,0.3964395821094513,-0.3629979193210602,0.4193047881126404,0.4067595899105072,-0.2883202731609344,0.4654224216938019,0.3998728990554810,-0.4053867757320404,0.4156895875930786,0.4135570526123047,-0.3305445909500122,0.4648950994014740,0.3777666687965393,-0.3997531235218048,0.4162803590297699,0.3978281021118164,-0.3452010750770569,0.4691509306430817,0.3746309280395508,-0.3611680865287781,0.4204536080360413,0.3939437866210938,-0.3000039458274841,0.5059807300567627,0.5312155485153198,-0.0441841669380665,0.4561773538589478,0.5257511138916016,0.0441103242337704,0.5260412693023682,0.7106198072433472,-0.0904517099261284,0.4218807518482208,0.6913837194442749,0.0620777867734432,0.5625330209732056,0.8682297468185425,0.0759776681661606,0.4196605682373047,0.8369798064231873,0.2560868263244629,0.5658171772956848,0.8821581006050110,0.0849904567003250,0.4283481240272522,0.8618233203887939,0.2711977064609528,0.5580959320068359,0.9346199631690979,-0.0508379414677620,0.3876225650310516,0.8843823075294495,0.1693393141031265
0.4605960547924042,0.2190855592489243,-0.2756492793560028,0.4650687873363495,0.1990144997835159,-0.2707532346248627,0.4693513214588165,0.1978076696395874,-0.2708047032356262,0.4741612076759338,0.1965998709201813,-0.2708652913570404,0.4571497738361359,0.2010227739810944,-0.2572916746139526,0.4543496668338776,0.2014100551605225,-0.2573218047618866,0.4520279169082642,0.2020859718322754,-0.2573068737983704,0.4846131205558777,0.1979932785034180,-0.1767460554838181,0.4535317718982697,0.2064196616411209,-0.1123820543289185,0.4693752229213715,0.2340471744537354,-0.2346680909395218,0.4585614204406738,0.2367904186248779,-0.2167415022850037,0.5235660076141357,0.2804737985134125,-0.1243894174695015,0.4380989968776703,0.2890276014804840,0.0217455662786961,0.5397042036056519,0.4137178361415863,-0.2030029594898224,0.4119825065135956,0.4017243981361389,-0.0187609922140837,0.4797068238258362,0.3974382579326630,-0.3731123208999634,0.4120581746101379,0.4155032038688660,-0.2708460688591003,0.4609150290489197,0.4019665420055389,-0.4177983105182648,0.4061977267265320,0.4277008771896362,-0.3118544518947601,0.4592627584934235,0.3807261586189270,-0.4121836423873901,0.4073039293289185,0.4131757616996765,-0.3343369364738464,0.4627113938331604,0.3769695162773132,-0.3711494803428650,0.4109190702438354,0.4088542163372040,-0.2863652110099792,0.5060118436813354,0.5305331945419312,-0.0502529628574848,0.4563642144203186,0.5251236557960510,0.0501957796514034,0.5255820155143738,0.7102918028831482,-0.0884978324174881,0.4222922921180725,0.6908538937568665,0.0862365067005157,0.5633701682090759,0.8680077195167542,0.0724711418151855,0.4200691878795624,0.8370282053947449,0.2758501768112183,0.5671501159667969,0.8820980787277222,0.0807905346155167,0.4288745820522308,0.8618957996368408,0.2889559566974640,0.5578378438949585,0.9342609047889709,-0.0546910800039768,0.3877843320369720,0.8844047784805298,0.1887691020965576
0.4596666097640991,0.2186053544282913,-0.2948209047317505,0.4637526869773865,0.1984130442142487,-0.2892727851867676,0.4679655134677887,0.1971818953752518,-0.2893325388431549,0.4726482927799225,0.1959591656923294,-0.2893963754177094,0.4556621313095093,0.2004632204771042,-0.2755612730979919,0.4528687894344330,0.2008477896451950,-0.2755892872810364,0.4506987035274506,0.2015137672424316,-0.2755771279335022,0.4835835695266724,0.1973390728235245,-0.1933324038982391,0.4522463381290436,0.2058460116386414,-0.1270431876182556,0.4682325422763824,0.2335549890995026,-0.2532829940319061,0.4576177895069122,0.2363870441913605,-0.2348387092351913,0.5228188037872314,0.2802838981151581,-0.1397466361522675,0.4381967782974243,0.2885763645172119,0.0156290549784899,0.5390829443931580,0.4131852686405182,-0.2110929340124130,0.4146526753902435,0.3988798260688782,-0.0078931236639619,0.4768427610397339,0.3984274268150330,-0.3750996589660645,0.4047681689262390,0.4286523461341858,-0.2417685836553574,0.4580363035202026,0.4028895795345306,-0.4202348291873932,0.3973404169082642,0.4418682456016541,-0.2805709540843964,0.4552971720695496,0.3824328780174255,-0.4162337183952332,0.3977651000022888,0.4303946197032928,-0.3083764910697937,0.4585599005222321,0.3788079619407654,-0.3737478256225586,0.4012896120548248,0.4268032014369965,-0.2592595815658569,0.5061339735984802,0.5301164984703064,-0.0519875846803188,0.4568896591663361,0.5247218012809753,0.0519299916923046,0.5255734920501709,0.7099826335906982,-0.0845699682831764,0.4225489497184753,0.6907706856727600,0.0907623320817947,0.5639890432357788,0.8670114874839783,0.0751821175217628,0.4203080236911774,0.8369275927543640,0.2788698375225067,0.5680766701698303,0.8811964988708496,0.0832551792263985,0.4292220771312714,0.8619006872177124,0.2915073931217194,0.5578433275222778,0.9339835643768311,-0.0532084293663502,0.3878778517246246,0.8843985199928284,0.1909532248973846
0.4582871496677399,0.2182963490486145,-0.3061171472072601,0.4621106088161469,0.1980609148740768,-0.3008796274662018,0.4662337005138397,0.1968986690044403,-0.3009358048439026,0.4707800745964050,0.1957712173461914,-0.3009944856166840,0.4539515078067780,0.2000224441289902,-0.2856301367282867,0.4514040052890778,0.2003633975982666,-0.2856696844100952,0.4493883252143860,0.2009889781475067,-0.2856520712375641,0.4822225570678711,0.1970219612121582,-0.2068804353475571,0.4512083232402802,0.2051970362663269,-0.1337155252695084,0.4669187963008881,0.2334108501672745,-0.2654535770416260,0.4564804732799530,0.2359629273414612,-0.2449236214160919,0.5217842459678650,0.2785494029521942,-0.1621641367673874,0.4383305311203003,0.2881230413913727,0.0161281358450651,0.5380577445030212,0.4124965071678162,-0.2381038367748260,0.4186843335628510,0.3971143960952759,0.0181027539074421,0.4719366431236267,0.3983612954616547,-0.4022493064403534,0.3999796211719513,0.4300770759582520,-0.2087355554103851,0.4547861218452454,0.4027145802974701,-0.4510331749916077,0.3912900090217590,0.4419143497943878,-0.2448962628841400,0.4509527385234833,0.3829413950443268,-0.4468652009963989,0.3896066546440125,0.4337757527828217,-0.2782892584800720,0.4546011388301849,0.3790758550167084,-0.4011092782020569,0.3940255045890808,0.4290158748626709,-0.2285674065351486,0.5064694881439209,0.5297459363937378,-0.0629227906465530,0.4589000046253204,0.5243958234786987,0.0628857985138893,0.5256430506706238,0.7097259163856506,-0.0886096581816673,0.4242132604122162,0.6872331500053406,0.1374557912349701,0.5655584335327148,0.8670190572738647,0.0365401282906532,0.4207816720008850,0.8369230628013611,0.3168652355670929,0.5707677602767944,0.8813555240631104,0.0409057959914207,0.4296726584434509,0.8619049787521362,0.3282900452613831,0.5577471256256104,0.9340846538543701,-0.0974786058068275,0.3879077732563019,0.8842437863349915,0.2328420728445053
0.4574312865734100,0.2175394147634506,-0.3229346573352814,0.4610963165760040,0.1972308903932571,-0.3178783059120178,0.4652085006237030,0.1957484483718872,-0.3179360032081604,0.4696938395500183,0.1943119913339615,-0.3180004656314850,0.4527029693126678,0.1997725963592529,-0.3031849563121796,0.4502134919166565,0.2002944201231003,-0.3032274246215820,0.4482167959213257,0.2008419632911682,-0.3032161295413971,0.4809097051620483,0.1960898190736771,-0.2242813855409622,0.4498690664768219,0.2047150880098343,-0.1530412882566452,0.4662964642047882,0.2323672026395798,-0.2822913825511932,0.4557741582393646,0.2355879396200180,-0.2623368799686432,0.5210619568824768,0.2755654752254486,-0.1761300861835480,0.4384308457374573,0.2879697680473328,0.0022892174310982,0.5373888611793518,0.4120052456855774,-0.2412585616111755,0.4210455119609833,0.3970855176448822,0.0072840121574700,0.4713178873062134,0.3989980816841125,-0.3975419104099274,0.3976740241050720,0.4373194873332977,-0.2129219174385071,0.4540718197822571,0.4028872847557068,-0.4438519179821014,0.3873468935489655,0.4500910341739655,-0.2481765151023865,0.4503377676010132,0.3835805058479309,-0.4405474066734314,0.3860377967357635,0.4420516788959503,-0.2809842824935913,0.4544090628623962,0.3799679577350616,-0.3966856598854065,0.3905912637710571,0.4390274286270142,-0.2323345243930817,0.5076143741607666,0.5294401645660400,-0.0632511526346207,0.4615615606307983,0.5239866375923157,0.0631935223937035,0.5257331728935242,0.7094847559928894,-0.0867249146103859,0.4264096915721893,0.6840281486511230,0.1385104358196259,0.5664128661155701,0.8670249581336975,0.0433639176189899,0.4211468994617462,0.8367598056793213,0.3272343575954437,0.5733900666236877,0.8815850615501404,0.0484883859753609,0.4302512407302856,0.8618593811988831,0.3397659063339233,0.5575696229934692,0.9343335628509521,-0.0870645046234131,0.3882135152816772,0.8842412829399109,0.2454205304384232
0.4561150372028351,0.2166513651609421,-0.3208269476890564,0.4599229097366333,0.1962941586971283,-0.3165338635444641,0.4639731049537659,0.1945885717868805,-0.3165886998176575,0.4683205187320709,0.1928842812776566,-0.3166383504867554,0.4515113532543182,0.1992944180965424,-0.3008318245410919,0.4491339921951294,0.1999205201864243,-0.3008777499198914,0.4471590816974640,0.2005092948675156,-0.3008759617805481,0.4793990254402161,0.1947267651557922,-0.2281822562217712,0.4489001035690308,0.2044581323862076,-0.1524137109518051,0.4648674726486206,0.2311608344316483,-0.2824113070964813,0.4546517133712769,0.2346459776163101,-0.2610789239406586,0.5197135806083679,0.2716641128063202,-0.1885063350200653,0.4384740591049194,0.2876837849617004,0.0035312576219440,0.5361244082450867,0.4095095098018646,-0.2574297785758972,0.4241661429405212,0.3970829844474792,0.0208605844527483,0.4687864482402802,0.3983016908168793,-0.4098446667194366,0.3940416276454926,0.4401233196258545,-0.1820752620697021,0.4525301158428192,0.4028403162956238,-0.4558353126049042,0.3814486265182495,0.4539977908134460,-0.2134998142719269,0.4488376379013062,0.3833050429821014,-0.4535164237022400,0.3794098198413849,0.4475900530815125,-0.2509631216526031,0.4530300199985504,0.3797006607055664,-0.4093909561634064,0.3849787712097168,0.4442208707332611,-0.2032936960458755,0.5091023445129395,0.5285273194313049,-0.0673555359244347,0.4643522500991821,0.5238204598426819,0.0672845840454102,0.5262706279754639,0.7081092596054077,-0.0865200757980347,0.4301429092884064,0.6805619597434998,0.1523250937461853,0.5677100419998169,0.8670399188995361,0.0317850746214390,0.4219902753829956,0.8366694450378418,0.3254241049289703,0.5765449404716492,0.8817344307899475,0.0352369509637356,0.4310120046138763,0.8616316914558411,0.3363222777843475,0.5571992993354797,0.9347600936889648,-0.0986764505505562,0.3883410096168518,0.8841930627822876,0.2464156895875931
0.4546622335910797,0.2143930792808533,-0.3098863959312439,0.4583944380283356,0.1941090971231461,-0.3067371249198914,0.4623852670192719,0.1921262145042419,-0.3067922592163086,0.4667205512523651,0.1901247054338455,-0.3068390786647797,0.4501560926437378,0.1978076696395874,-0.2900815904140472,0.4478916823863983,0.1986154168844223,-0.2901193201541901,0.4459844827651978,0.1993013471364975,-0.2901184260845184,0.4780565798282623,0.1924955546855927,-0.2255890965461731,0.4480495452880859,0.2035103440284729,-0.1445653885602951,0.4636583626270294,0.2288987189531326,-0.2739190459251404,0.4535643160343170,0.2326412051916122,-0.2512521147727966,0.5185658335685730,0.2678162157535553,-0.1946208328008652,0.4391731917858124,0.2874645292758942,0.0055442322045565,0.5349493026733398,0.4066280722618103,-0.2649195790290833,0.4290423393249512,0.3971024751663208,0.0357095040380955,0.4643246531486511,0.3977287709712982,-0.4067149162292480,0.3928384482860565,0.4433488845825195,-0.1573141962289810,0.4485727548599243,0.4021211862564087,-0.4512523412704468,0.3784100711345673,0.4605083465576172,-0.1861173808574677,0.4456148445606232,0.3827668130397797,-0.4484161734580994,0.3758226931095123,0.4541966617107391,-0.2228569090366364,0.4505121409893036,0.3794248700141907,-0.4059476554393768,0.3821891546249390,0.4498394131660461,-0.1782772094011307,0.5113517642021179,0.5275174975395203,-0.0699177533388138,0.4673795104026794,0.5233952999114990,0.0698340833187103,0.5277448892593384,0.7073379755020142,-0.0842891708016396,0.4340227246284485,0.6780411601066589,0.1565551459789276,0.5690362453460693,0.8670485019683838,0.0344211868941784,0.4227281808853149,0.8367311358451843,0.3202432394027710,0.5773668289184570,0.8817766904830933,0.0382586643099785,0.4316968917846680,0.8621517419815063,0.3302909433841705,0.5569629669189453,0.9351170659065247,-0.0936896950006485,0.3885085880756378,0.8840676546096802,0.2433994412422180
0.4534053504467010,0.2134405523538589,-0.3094705939292908,0.4571077227592468,0.1932999491691589,-0.3071179687976837,0.4609917104244232,0.1912520974874496,-0.3071780204772949,0.4653023779392242,0.1891657114028931,-0.3072300553321838,0.4489038288593292,0.1972386240959167,-0.2900902330875397,0.4467347264289856,0.1981239318847656,-0.2901249825954437,0.4445914328098297,0.1989985704421997,-0.2901420891284943,0.4770393371582031,0.1913737356662750,-0.2288013398647308,0.4469606578350067,0.2032429873943329,-0.1463461369276047,0.4627049863338470,0.2277623862028122,-0.2746901810169220,0.4526394605636597,0.2318643480539322,-0.2514390647411346,0.5178818702697754,0.2651542723178864,-0.1953173428773880,0.4397206902503967,0.2872328758239746,0.0062732053920627,0.5348720550537109,0.4050556719303131,-0.2551873326301575,0.4327839612960815,0.3980601429939270,0.0509550534188747,0.4646259844303131,0.3975836038589478,-0.3978191018104553,0.3929729759693146,0.4475058019161224,-0.1112715154886246,0.4486551582813263,0.4020933508872986,-0.4425238370895386,0.3770927488803864,0.4663224220275879,-0.1365503221750259,0.4457739293575287,0.3825025260448456,-0.4388579726219177,0.3745148479938507,0.4612331390380859,-0.1757809966802597,0.4511416256427765,0.3792542517185211,-0.3970402181148529,0.3813751637935638,0.4545868039131165,-0.1325777620077133,0.5137894749641418,0.5267854332923889,-0.0698368176817894,0.4707027673721313,0.5226777791976929,0.0697539001703262,0.5295376181602478,0.7064768671989441,-0.0814544633030891,0.4375813305377960,0.6748810410499573,0.1397033333778381,0.5696049332618713,0.8670305013656616,0.0375862829387188,0.4229212999343872,0.8366445899009705,0.3023007214069366,0.5776135921478271,0.8818549513816833,0.0419117473065853,0.4316148757934570,0.8621429204940796,0.3064234554767609,0.5566872358322144,0.9354725480079651,-0.0918160453438759,0.3884806036949158,0.8836882710456848,0.2328702360391617
0.4523072540760040,0.2132677286863327,-0.3088098764419556,0.4560956060886383,0.1930796205997467,-0.3071262538433075,0.4598018825054169,0.1910608857870102,-0.3071841299533844,0.4641302227973938,0.1889613270759583,-0.3072313666343689,0.4480728209018707,0.1970754265785217,-0.2891473770141602,0.4460211992263794,0.1980074644088745,-0.2891840338706970,0.4438076913356781,0.1989532560110092,-0.2892012298107147,0.4764196574687958,0.1910396963357925,-0.2310747951269150,0.4465028941631317,0.2031065225601196,-0.1450359225273132,0.4617194533348083,0.2275885492563248,-0.2749635875225067,0.4519678354263306,0.2318058609962463,-0.2505833208560944,0.5170068144798279,0.2637059390544891,-0.2007569670677185,0.4412157237529755,0.2870751023292542,0.0078533207997680,0.5344795584678650,0.4041446149349213,-0.2629812359809875,0.4362508356571198,0.3993306756019592,0.0559556633234024,0.4629135727882385,0.3975006043910980,-0.3980247378349304,0.3937601149082184,0.4488567411899567,-0.1109390109777451,0.4467413127422333,0.4020212292671204,-0.4423611462116241,0.3776329159736633,0.4694322347640991,-0.1365010142326355,0.4439347386360168,0.3824199438095093,-0.4391776025295258,0.3754345476627350,0.4625772535800934,-0.1755389124155045,0.4489337503910065,0.3791410624980927,-0.3973428308963776,0.3823603391647339,0.4563794136047363,-0.1321989595890045,0.5166822075843811,0.5260936617851257,-0.0720379725098610,0.4735719263553619,0.5221536159515381,0.0719521865248680,0.5319869518280029,0.7060821652412415,-0.0822668969631195,0.4402224421501160,0.6732010245323181,0.1385025531053543,0.5693408846855164,0.8673454523086548,0.0335427708923817,0.4230531454086304,0.8365676999092102,0.2968651354312897,0.5767679214477539,0.8822560906410217,0.0376966372132301,0.4315325319766998,0.8621438741683960,0.2981899380683899,0.5565276741981506,0.9362255334854126,-0.0910931676626205,0.3884345591068268,0.8836299180984497,0.2222320437431335
0.4517202675342560,0.2132446765899658,-0.3073072731494904,0.4554773271083832,0.1930249929428101,-0.3060349524021149,0.4590821564197540,0.1910052299499512,-0.3060913085937500,0.4633867144584656,0.1889207810163498,-0.3061386048793793,0.4474873244762421,0.1969553232192993,-0.2878374755382538,0.4454911947250366,0.1978468447923660,-0.2878740429878235,0.4432259202003479,0.1987331807613373,-0.2878977656364441,0.4758270382881165,0.1909937560558319,-0.2333571761846542,0.4459313452243805,0.2028250545263290,-0.1458588391542435,0.4612113535404205,0.2275472432374954,-0.2748508155345917,0.4515834152698517,0.2317467182874680,-0.2500741779804230,0.5164755582809448,0.2637520134449005,-0.2039331495761871,0.4432250261306763,0.2875563204288483,0.0080976150929928,0.5339707732200623,0.4041303694248199,-0.2615023255348206,0.4384008347988129,0.4013060927391052,0.0585667118430138,0.4627780318260193,0.3973903656005859,-0.3941380381584167,0.3929789364337921,0.4520778656005859,-0.0946396887302399,0.4466419816017151,0.4018857479095459,-0.4395048320293427,0.3768660128116608,0.4709127247333527,-0.1182413771748543,0.4440045952796936,0.3822391629219055,-0.4356320202350616,0.3732199966907501,0.4648703336715698,-0.1582056134939194,0.4488783180713654,0.3789910674095154,-0.3933987319469452,0.3801718950271606,0.4585233330726624,-0.1161361560225487,0.5195668339729309,0.5259964466094971,-0.0722769498825073,0.4765044450759888,0.5220410227775574,0.0721868723630905,0.5347985625267029,0.7059762477874756,-0.0822960361838341,0.4420774281024933,0.6736553907394409,0.1358977705240250,0.5696765780448914,0.8675780296325684,0.0367553979158401,0.4238813221454620,0.8365267515182495,0.2867407798767090,0.5767069458961487,0.8823062181472778,0.0414195396006107,0.4314975440502167,0.8621613383293152,0.2885847687721252,0.5566243529319763,0.9369930624961853,-0.0899575129151344,0.3885720372200012,0.8833430409431458,0.2197178155183792
0.4507179856300354,0.2134095877408981,-0.3111081123352051,0.4546467065811157,0.1931200772523880,-0.3109622001647949,0.4582822918891907,0.1911377757787704,-0.3110107183456421,0.4627086520195007,0.1890696138143539,-0.3110556006431580,0.4467717111110687,0.1969866603612900,-0.2916153371334076,0.4448378682136536,0.1978199630975723,-0.2916593849658966,0.4425702393054962,0.1987063884735107,-0.2916925251483917,0.4753927886486053,0.1910053342580795,-0.2428274154663086,0.4456764459609985,0.2027335911989212,-0.1507289856672287,0.4605236649513245,0.2277036458253860,-0.2805959582328796,0.4509194791316986,0.2318462878465652,-0.2543856501579285,0.5160931348800659,0.2638223767280579,-0.2142884433269501,0.4455498754978180,0.2885281741619110,0.0066988975740969,0.5340098738670349,0.4045914113521576,-0.2657913863658905,0.4406245052814484,0.4030513465404510,0.0517752058804035,0.4634789228439331,0.3976691067218781,-0.3894819915294647,0.3944298624992371,0.4524702429771423,-0.1086011752486229,0.4472271502017975,0.4020158350467682,-0.4302713274955750,0.3780826926231384,0.4727508723735809,-0.1323314905166626,0.4447197914123535,0.3822444677352905,-0.4265522360801697,0.3741315305233002,0.4656690657138824,-0.1716023534536362,0.4497565031051636,0.3790552914142609,-0.3881362974643707,0.3813149333000183,0.4595622122287750,-0.1298860907554626,0.5227363705635071,0.5254696607589722,-0.0760355666279793,0.4799890220165253,0.5219705104827881,0.0759543851017952,0.5370098948478699,0.7057386636734009,-0.0886209160089493,0.4436115920543671,0.6738294363021851,0.1559728831052780,0.5707420706748962,0.8698305487632751,0.0053845867514610,0.4246883392333984,0.8352481126785278,0.2918032407760620,0.5776594877243042,0.8877913355827332,0.0069946628063917,0.4316567480564117,0.8606631159782410,0.2961875200271606,0.5565165281295776,0.9376839995384216,-0.1220069900155067,0.3885664343833923,0.8821080327033997,0.2220007330179214
0.4503821432590485,0.2140255570411682,-0.3055625259876251,0.4544194340705872,0.1937167197465897,-0.3042308390140533,0.4580253064632416,0.1918006390333176,-0.3042800128459930,0.4624402225017548,0.1897709369659424,-0.3043246865272522,0.4465976953506470,0.1975003778934479,-0.2865263223648071,0.4447489678859711,0.1982724070549011,-0.2865681648254395,0.4425936937332153,0.1991722732782364,-0.2865864932537079,0.4752949774265289,0.1915570497512817,-0.2338671386241913,0.4459358155727386,0.2031071931123734,-0.1461221277713776,0.4604474902153015,0.2282187640666962,-0.2735162377357483,0.4508799612522125,0.2324193269014359,-0.2490134686231613,0.5162063837051392,0.2643257975578308,-0.2077912688255310,0.4486048817634583,0.2907466292381287,0.0075784241780639,0.5343313217163086,0.4060246944427490,-0.2596935331821442,0.4432669878005981,0.4052670001983643,0.0389582403004169,0.4641017913818359,0.3981253802776337,-0.3696879148483276,0.3959351778030396,0.4509679675102234,-0.1504933834075928,0.4482724964618683,0.4026350975036621,-0.4074939489364624,0.3796586990356445,0.4692734479904175,-0.1786857992410660,0.4459242522716522,0.3824997544288635,-0.4036765694618225,0.3768714070320129,0.4610013067722321,-0.2121163159608841,0.4510764777660370,0.3793906867504120,-0.3677240610122681,0.3844902813434601,0.4557659924030304,-0.1698192209005356,0.5264099836349487,0.5253593921661377,-0.0758774951100349,0.4832652211189270,0.5217944383621216,0.0757999122142792,0.5388446450233459,0.7062278389930725,-0.0847227275371552,0.4452760517597198,0.6740489006042480,0.1488806158304214,0.5714353919029236,0.8709127902984619,0.0158966984599829,0.4249615669250488,0.8348925113677979,0.2910364270210266,0.5791388750076294,0.8923285603523254,0.0199257228523493,0.4316231608390808,0.8605096340179443,0.2938098609447479,0.5561931729316711,0.9382135272026062,-0.1187456920742989,0.3888467848300934,0.8820202946662903,0.2149094194173813
0.4501280784606934,0.2165824770927429,-0.3025127649307251,0.4539901316165924,0.1963095515966415,-0.3013026416301727,0.4575096368789673,0.1944286674261093,-0.3013533055782318,0.4617544412612915,0.1923805773258209,-0.3014020621776581,0.4464358985424042,0.2001091092824936,-0.2834274172782898,0.4445390701293945,0.2009509056806564,-0.2834681272506714,0.4423788785934448,0.2019871324300766,-0.2834821045398712,0.4751018583774567,0.1935916692018509,-0.2329125702381134,0.4461144804954529,0.2057001888751984,-0.1431886404752731,0.4603052735328674,0.2303663641214371,-0.2711237967014313,0.4509327113628387,0.2346258163452148,-0.2460678070783615,0.5163919329643250,0.2671202421188354,-0.2103874385356903,0.4518522322177887,0.2932023406028748,0.0129603352397680,0.5343405604362488,0.4120540022850037,-0.2537921667098999,0.4441484510898590,0.4092022478580475,0.0357009284198284,0.4655804932117462,0.4000954926013947,-0.3315045535564423,0.3970586359500885,0.4497040212154388,-0.1619128286838531,0.4497179388999939,0.4036152064800262,-0.3648704290390015,0.3811276257038116,0.4682315289974213,-0.1894412934780121,0.4476050734519958,0.3832213878631592,-0.3615948855876923,0.3787539601325989,0.4588576257228851,-0.2223029583692551,0.4525484144687653,0.3802118301391602,-0.3292066454887390,0.3864622414112091,0.4534069001674652,-0.1814810633659363,0.5287256240844727,0.5256825089454651,-0.0780008509755135,0.4865181148052216,0.5219250321388245,0.0779269486665726,0.5399614572525024,0.7067068219184875,-0.0844492539763451,0.4477079510688782,0.6739206910133362,0.1462571769952774,0.5724487900733948,0.8708944916725159,0.0235716830939054,0.4250659346580505,0.8347195386886597,0.2851461470127106,0.5812138319015503,0.8925671577453613,0.0281134862452745,0.4316924214363098,0.8604529500007629,0.2879846394062042,0.5562676787376404,0.9386653900146484,-0.1101106852293015,0.3888272047042847,0.8821524381637573,0.2108371853828430
0.4502530395984650,0.2205149084329605,-0.3220108449459076,0.4540798366069794,0.2000737935304642,-0.3231554329395294,0.4576298594474792,0.1980935186147690,-0.3232068419456482,0.4618932306766510,0.1959479451179504,-0.3232751488685608,0.4465633630752563,0.2040183991193771,-0.3014193773269653,0.4445945322513580,0.2049096524715424,-0.3014688789844513,0.4424011111259460,0.2060511857271194,-0.3015145063400269,0.4752877652645111,0.1965528875589371,-0.2585448622703552,0.4462906122207642,0.2094873040914536,-0.1561567485332489,0.4605102539062500,0.2340950518846512,-0.2931168377399445,0.4511188864707947,0.2383317500352859,-0.2638189196586609,0.5166690349578857,0.2705508470535278,-0.2306891381740570,0.4536226093769073,0.2951104938983917,0.0068798582069576,0.5345633029937744,0.4154968261718750,-0.2749267518520355,0.4452181458473206,0.4116601347923279,0.0301238689571619,0.4667682945728302,0.4033529460430145,-0.3451217412948608,0.3970416188240051,0.4497085511684418,-0.1723244786262512,0.4510033726692200,0.4052074849605560,-0.3841330409049988,0.3803359866142273,0.4661301076412201,-0.2031658440828323,0.4480457901954651,0.3850272595882416,-0.3805333375930786,0.3771341741085052,0.4594734609127045,-0.2293713539838791,0.4527186453342438,0.3825801014900208,-0.3434076011180878,0.3847016096115112,0.4543980658054352,-0.1872731894254684,0.5312805175781250,0.5257186293601990,-0.0809017568826675,0.4891634583473206,0.5218195319175720,0.0808520615100861,0.5408511757850647,0.7077389359474182,-0.0973074808716774,0.4498085677623749,0.6736945509910583,0.1545491069555283,0.5732129812240601,0.8714163899421692,-0.0000424354220740,0.4254344999790192,0.8346318602561951,0.2867266535758972,0.5821889042854309,0.8943254351615906,0.0020660178270191,0.4319645166397095,0.8604573607444763,0.2908015549182892,0.5554429888725281,0.9411108493804932,-0.1286378502845764,0.3889556825160980,0.8821927905082703,0.2134003341197968
0.4505458176136017,0.2248514592647552,-0.3210614621639252,0.4544717371463776,0.2042981535196304,-0.3213996291160583,0.4580596685409546,0.2022747248411179,-0.3214464485645294,0.4623432159423828,0.2001677453517914,-0.3215086758136749,0.4469233453273773,0.2079121321439743,-0.3001400828361511,0.4449692070484161,0.2085904926061630,-0.3001829683780670,0.4428163766860962,0.2094857096672058,-0.3002188801765442,0.4756617546081543,0.2008747756481171,-0.2537696361541748,0.4464842379093170,0.2124787271022797,-0.1548723280429840,0.4608565866947174,0.2381772994995117,-0.2914891839027405,0.4514704942703247,0.2422256469726562,-0.2630861401557922,0.5168676972389221,0.2767596542835236,-0.2253973037004471,0.4561587572097778,0.2964646518230438,0.0076903686858714,0.5346862077713013,0.4214344918727875,-0.2738043069839478,0.4487619996070862,0.4121187329292297,0.0266136471182108,0.4674831032752991,0.4058844447135925,-0.3521026670932770,0.3974290490150452,0.4480119049549103,-0.1780786067247391,0.4518648087978363,0.4074661433696747,-0.3904784917831421,0.3812036514282227,0.4650723338127136,-0.2089831978082657,0.4487783312797546,0.3874468803405762,-0.3869065344333649,0.3786507546901703,0.4585645198822021,-0.2356171309947968,0.4528745710849762,0.3854565024375916,-0.3505470156669617,0.3862107098102570,0.4521952271461487,-0.1921252906322479,0.5332632660865784,0.5260895490646362,-0.0807425901293755,0.4919431805610657,0.5219292044639587,0.0806999355554581,0.5412136912345886,0.7091354131698608,-0.0959961563348770,0.4507265388965607,0.6737053394317627,0.1515305191278458,0.5743752121925354,0.8717988133430481,0.0069034248590469,0.4259356260299683,0.8345178365707397,0.2829130887985229,0.5839790701866150,0.8962969779968262,0.0093024987727404,0.4322313070297241,0.8599908351898193,0.2866836190223694,0.5547030568122864,0.9417948126792908,-0.1184393987059593,0.3898133039474487,0.8821603059768677,0.2110254615545273
0.4510434865951538,0.2296508997678757,-0.3231544494628906,0.4550358951091766,0.2089186012744904,-0.3256646692752838,0.4586762487888336,0.2069893479347229,-0.3257080912590027,0.4629875719547272,0.2048649042844772,-0.3257789909839630,0.4473893344402313,0.2125680595636368,-0.3028931319713593,0.4453985393047333,0.2131737470626831,-0.3029403090476990,0.4432370066642761,0.2140050977468491,-0.3029822111129761,0.4760631322860718,0.2052728384733200,-0.2679554820060730,0.4465471804141998,0.2167653292417526,-0.1612168103456497,0.4612795114517212,0.2427290976047516,-0.2968435883522034,0.4517825245857239,0.2464990466833115,-0.2665258347988129,0.5168958902359009,0.2820855081081390,-0.2438978850841522,0.4581692814826965,0.2992832362651825,-0.0009005704196170,0.5358043909072876,0.4275221824645996,-0.2814890146255493,0.4516119658946991,0.4152632057666779,0.0061049489304423,0.4676390290260315,0.4106996357440948,-0.3410607874393463,0.3985266685485840,0.4488929510116577,-0.2120522409677505,0.4524395763874054,0.4125839173793793,-0.3730877339839935,0.3828094899654388,0.4651121497154236,-0.2407103925943375,0.4490806162357330,0.3939710259437561,-0.3709322214126587,0.3804939687252045,0.4571933746337891,-0.2716554701328278,0.4547810852527618,0.3912468552589417,-0.3388612568378448,0.3874194920063019,0.4517908990383148,-0.2312017381191254,0.5355030298233032,0.5278283953666687,-0.0803469493985176,0.4944204390048981,0.5230968594551086,0.0802982002496719,0.5417649149894714,0.7104032635688782,-0.0971258878707886,0.4517689049243927,0.6738334894180298,0.1525491327047348,0.5753858685493469,0.8719431757926941,0.0135356243699789,0.4266470074653625,0.8342326283454895,0.2909378707408905,0.5846803784370422,0.8968399167060852,0.0159809812903404,0.4324937164783478,0.8596078753471375,0.2974308729171753,0.5528781414031982,0.9433656930923462,-0.1119332015514374,0.3897924721240997,0.8815321326255798,0.2243729084730148
0.4514865577220917,0.2347290217876434,-0.3262528479099274,0.4555198848247528,0.2137280255556107,-0.3304805457592010,0.4591992795467377,0.2118270099163055,-0.3305129706859589,0.4635162949562073,0.2098626643419266,-0.3305785953998566,0.4476898014545441,0.2169326245784760,-0.3070972561836243,0.4455996155738831,0.2173348367214203,-0.3071638345718384,0.4433508515357971,0.2178697437047958,-0.3072178661823273,0.4761228859424591,0.2101147472858429,-0.2767866551876068,0.4477493464946747,0.2198786437511444,-0.1686028689146042,0.4616421759128571,0.2479206472635269,-0.3013627827167511,0.4518742859363556,0.2510693967342377,-0.2705198824405670,0.5180504322052002,0.2879420816898346,-0.2492954134941101,0.4595321118831635,0.3004158139228821,-0.0120297614485025,0.5376933217048645,0.4344770312309265,-0.2830277383327484,0.4528685510158539,0.4176883995532990,-0.0134931607171893,0.4699291586875916,0.4158019423484802,-0.3390256762504578,0.4001051783561707,0.4474368095397949,-0.2374861985445023,0.4533545374870300,0.4177617132663727,-0.3703686296939850,0.3839026093482971,0.4647040963172913,-0.2673753499984741,0.4512871503829956,0.3981997072696686,-0.3688844740390778,0.3816426694393158,0.4555943310260773,-0.2984055578708649,0.4578170776367188,0.3949682414531708,-0.3369115293025970,0.3879014253616333,0.4497432112693787,-0.2571252584457397,0.5379216074943542,0.5285370945930481,-0.0792056322097778,0.4956167936325073,0.5231899619102478,0.0791494622826576,0.5424147844314575,0.7122948765754700,-0.0975781977176666,0.4523194730281830,0.6739748716354370,0.1528707891702652,0.5765159130096436,0.8719228506088257,0.0162654854357243,0.4272054135799408,0.8342084884643555,0.2932095229625702,0.5857883095741272,0.8964545130729675,0.0196081809699535,0.4325830340385437,0.8595967888832092,0.3007321059703827,0.5531929731369019,0.9446475505828857,-0.1073929816484451,0.3897619843482971,0.8813784718513489,0.2247607409954071
0.4522882103919983,0.2399828284978867,-0.3405008018016815,0.4561148881912231,0.2192323207855225,-0.3433792889118195,0.4597004354000092,0.2169197350740433,-0.3434140980243683,0.4640707671642303,0.2145006954669952,-0.3434926271438599,0.4486087858676910,0.2226875871419907,-0.3208424746990204,0.4466196000576019,0.2228591144084930,-0.3209103643894196,0.4444006681442261,0.2232596278190613,-0.3209575116634369,0.4774013161659241,0.2142489701509476,-0.2821921706199646,0.4494604170322418,0.2246914058923721,-0.1781764775514603,0.4627427458763123,0.2530979812145233,-0.3129475414752960,0.4537853300571442,0.2566241025924683,-0.2830702960491180,0.5208704471588135,0.2916298508644104,-0.2505166828632355,0.4606487452983856,0.3034091293811798,-0.0174015704542398,0.5425978302955627,0.4362061917781830,-0.2875611484050751,0.4556770324707031,0.4248671233654022,-0.0210497453808784,0.4742907583713531,0.4222045242786407,-0.3456537425518036,0.4028820097446442,0.4478913545608521,-0.2472357302904129,0.4568504393100739,0.4244750440120697,-0.3806653320789337,0.3845055699348450,0.4636439681053162,-0.2777054011821747,0.4557950794696808,0.4043674767017365,-0.3784874379634857,0.3820914030075073,0.4549572169780731,-0.3084829747676849,0.4630628526210785,0.4010932147502899,-0.3440116047859192,0.3894877731800079,0.4496020376682281,-0.2668163180351257,0.5402294993400574,0.5300025939941406,-0.0783715993165970,0.4973953366279602,0.5246244072914124,0.0783186033368111,0.5429655313491821,0.7142960429191589,-0.0971443280577660,0.4529589116573334,0.6751132011413574,0.1514627486467361,0.5767576694488525,0.8719075918197632,0.0345630794763565,0.4274784922599792,0.8342104554176331,0.3022799193859100,0.5855446457862854,0.8963116407394409,0.0412317402660847,0.4325786828994751,0.8596066236495972,0.3114957213401794,0.5531911849975586,0.9456423521041870,-0.0806432589888573,0.3899124562740326,0.8813418745994568,0.2335714399814606
0.4544035494327545,0.2433731704950333,-0.3403504788875580,0.4579463303089142,0.2225936651229858,-0.3428449630737305,0.4614580571651459,0.2201722562313080,-0.3428868055343628,0.4658158719539642,0.2177552431821823,-0.3429675400257111,0.4506518542766571,0.2262676805257797,-0.3205980658531189,0.4487551450729370,0.2264759838581085,-0.3206647336483002,0.4466254413127899,0.2269033938646317,-0.3207168877124786,0.4796209931373596,0.2174052894115448,-0.2812234759330750,0.4518521428108215,0.2282329648733139,-0.1777333915233612,0.4650710821151733,0.2563452422618866,-0.3125880658626556,0.4564635157585144,0.2598068416118622,-0.2829354405403137,0.5243736505508423,0.2930665612220764,-0.2504614591598511,0.4624053239822388,0.3067248165607452,-0.0168298911303282,0.5452946424484253,0.4371539950370789,-0.2872585356235504,0.4578146934509277,0.4278718531131744,-0.0166026130318642,0.4775706529617310,0.4261755347251892,-0.3489989638328552,0.4036421477794647,0.4473601281642914,-0.2366369068622589,0.4601998925209045,0.4312515556812286,-0.3841951191425323,0.3851403295993805,0.4621472656726837,-0.2666282951831818,0.4593686759471893,0.4108927845954895,-0.3823987543582916,0.3829059600830078,0.4546483457088470,-0.2982104718685150,0.4664860069751740,0.4073176980018616,-0.3474402725696564,0.3898630738258362,0.4496860504150391,-0.2564264833927155,0.5424211025238037,0.5320707559585571,-0.0785428062081337,0.4990341365337372,0.5259066820144653,0.0785051956772804,0.5434137582778931,0.7167961597442627,-0.1041626110672951,0.4527508318424225,0.6763545274734497,0.1502188593149185,0.5771640539169312,0.8740117549896240,0.0166882462799549,0.4280808568000793,0.8342139124870300,0.2985500395298004,0.5858579874038696,0.8976082801818848,0.0211405698210001,0.4328539073467255,0.8596864938735962,0.3079771101474762,0.5520526766777039,0.9469763636589050,-0.1033547073602676,0.3902908563613892,0.8812521100044250,0.2264681011438370
0.4573674798011780,0.2467761635780334,-0.3436235785484314,0.4607847929000854,0.2261430770158768,-0.3465251326560974,0.4643082618713379,0.2237005978822708,-0.3465682864189148,0.4685987234115601,0.2212597280740738,-0.3466528654098511,0.4535757899284363,0.2297882139682770,-0.3249341845512390,0.4517336487770081,0.2299462258815765,-0.3250005543231964,0.4497250616550446,0.2303186655044556,-0.3250609338283539,0.4824549555778503,0.2205762267112732,-0.2872428894042969,0.4551920294761658,0.2315202802419662,-0.1862428039312363,0.4681246876716614,0.2598562240600586,-0.3165140151977539,0.4598130583763123,0.2632822692394257,-0.2875774502754211,0.5279681682586670,0.2943695783615112,-0.2527053654193878,0.4647154211997986,0.3107335269451141,-0.0261811316013336,0.5490051507949829,0.4384639561176300,-0.2860400080680847,0.4595401585102081,0.4352205991744995,-0.0117534045130014,0.4811447858810425,0.4310773909091949,-0.3512782454490662,0.4036990702152252,0.4489143490791321,-0.2117940336465836,0.4636019170284271,0.4371365308761597,-0.3877620697021484,0.3848896026611328,0.4624309539794922,-0.2376132607460022,0.4624566137790680,0.4163753688335419,-0.3851792216300964,0.3825441896915436,0.4536525011062622,-0.2746905684471130,0.4691231548786163,0.4127052724361420,-0.3495981991291046,0.3903382122516632,0.4506004452705383,-0.2335114926099777,0.5437597036361694,0.5341356396675110,-0.0776761993765831,0.4999181330204010,0.5276016592979431,0.0776339769363403,0.5440458059310913,0.7195541858673096,-0.1024359017610550,0.4523601233959198,0.6778761148452759,0.1479000747203827,0.5774638056755066,0.8745939731597900,0.0182778500020504,0.4287120401859283,0.8342310190200806,0.2962366640567780,0.5858647823333740,0.8976582884788513,0.0220623388886452,0.4331751167774200,0.8596941828727722,0.3055867254734039,0.5519512295722961,0.9475191831588745,-0.1011100187897682,0.3911978006362915,0.8812460899353027,0.2225799560546875
0.4602932333946228,0.2479944825172424,-0.3416472673416138,0.4638290703296661,0.2274529337882996,-0.3451167941093445,0.4673374295234680,0.2252359241247177,-0.3451657593250275,0.4715527594089508,0.2230325341224670,-0.3452497422695160,0.4569292664527893,0.2305517047643661,-0.3235896527767181,0.4552140533924103,0.2306579053401947,-0.3236607015132904,0.4533629119396210,0.2309368848800659,-0.3237259685993195,0.4856347143650055,0.2223776429891586,-0.2893275916576385,0.4593698680400848,0.2324074655771255,-0.1878394484519958,0.4706560671329498,0.2613635659217834,-0.3154703676700592,0.4628522098064423,0.2643718719482422,-0.2865062057971954,0.5321159958839417,0.2944371104240417,-0.2543606460094452,0.4663432538509369,0.3136899173259735,-0.0311654079705477,0.5534376502037048,0.4399438202381134,-0.2930539548397064,0.4589556157588959,0.4406619966030121,-0.0092628756538033,0.4872947931289673,0.4351640343666077,-0.3706575036048889,0.4038047492504120,0.4503643810749054,-0.1965906023979187,0.4699740111827850,0.4429168403148651,-0.4078478515148163,0.3849275708198547,0.4627780914306641,-0.2235133200883865,0.4684528708457947,0.4200471043586731,-0.4080715477466583,0.3819538354873657,0.4540372490882874,-0.2609038949012756,0.4749601185321808,0.4168158173561096,-0.3705116212368011,0.3899525105953217,0.4508021771907806,-0.2183511853218079,0.5445477962493896,0.5366924405097961,-0.0775729864835739,0.5006596446037292,0.5298981666564941,0.0775214806199074,0.5449543595314026,0.7209340929985046,-0.0915784165263176,0.4524943530559540,0.6785439848899841,0.1299707144498825,0.5778973698616028,0.8745230436325073,0.0653943419456482,0.4290102422237396,0.8342276215553284,0.2786656916141510,0.5863568186759949,0.8974124789237976,0.0736085101962090,0.4333374798297882,0.8594398498535156,0.2882584333419800,0.5525953769683838,0.9481976628303528,-0.0483784861862659,0.3917203247547150,0.8811413049697876,0.2013738006353378
0.4639618694782257,0.2476746737957001,-0.3353105783462524,0.4674657583236694,0.2272214889526367,-0.3377541303634644,0.4710324406623840,0.2252730429172516,-0.3377999663352966,0.4752597808837891,0.2233271747827530,-0.3378720879554749,0.4605807363986969,0.2302069962024689,-0.3169680535793304,0.4588550329208374,0.2304739654064178,-0.3170343339443207,0.4569528400897980,0.2308976501226425,-0.3170929253101349,0.4892390966415405,0.2228293269872665,-0.2790597677230835,0.4627583622932434,0.2329462617635727,-0.1805801838636398,0.4740892648696899,0.2610813975334167,-0.3081514239311218,0.4661212563514709,0.2641352415084839,-0.2800650894641876,0.5356559753417969,0.2936131656169891,-0.2430025637149811,0.4682473540306091,0.3153829276561737,-0.0267576668411493,0.5574010014533997,0.4377638995647430,-0.2876072824001312,0.4585130512714386,0.4398986101150513,0.0059660375118256,0.4921224713325500,0.4405861198902130,-0.3817768692970276,0.4025388658046722,0.4501067996025085,-0.1634414643049240,0.4755387008190155,0.4504158794879913,-0.4203128516674042,0.3830031156539917,0.4626678228378296,-0.1902287602424622,0.4735725820064545,0.4292075037956238,-0.4209688603878021,0.3799829185009003,0.4536503255367279,-0.2279142886400223,0.4799127876758575,0.4256440401077271,-0.3823484778404236,0.3877109289169312,0.4504417777061462,-0.1848217844963074,0.5452735424041748,0.5381984710693359,-0.0761216133832932,0.5012028217315674,0.5311033725738525,0.0760675370693207,0.5457579493522644,0.7218024730682373,-0.0804693177342415,0.4531577229499817,0.6793563961982727,0.1116910129785538,0.5785347819328308,0.8747071623802185,0.0765614733099937,0.4292966723442078,0.8340127468109131,0.2558159232139587,0.5868036150932312,0.8972193598747253,0.0843966528773308,0.4335482716560364,0.8589439988136292,0.2647932767868042,0.5525980591773987,0.9482656717300415,-0.0401177592575550,0.3919005393981934,0.8808675408363342,0.1738225817680359
0.4673361182212830,0.2487353235483170,-0.3350554704666138,0.4710943102836609,0.2283099144697189,-0.3349761664867401,0.4746926426887512,0.2264006286859512,-0.3350264728069305,0.4788926541805267,0.2245347648859024,-0.3351076543331146,0.4640451967716217,0.2311693578958511,-0.3154787421226501,0.4622686505317688,0.2313747853040695,-0.3155329823493958,0.4603440463542938,0.2316953241825104,-0.3155560493469238,0.4925674796104431,0.2236812710762024,-0.2698592245578766,0.4656800031661987,0.2334977537393570,-0.1750667691230774,0.4770691692829132,0.2618075907230377,-0.3039113581180573,0.4690322279930115,0.2646380662918091,-0.2777481079101562,0.5390313267707825,0.2931008934974670,-0.2341069579124451,0.4693034291267395,0.3156772851943970,-0.0213981363922358,0.5609744191169739,0.4362596571445465,-0.2822532653808594,0.4573540687561035,0.4390356242656708,0.0361565202474594,0.4982472360134125,0.4379797875881195,-0.4002236723899841,0.4016142487525940,0.4499458670616150,-0.1129461750388145,0.4813955128192902,0.4462503790855408,-0.4413508176803589,0.3823699355125427,0.4645040631294250,-0.1367725729942322,0.4784842431545258,0.4249210655689240,-0.4420864880084991,0.3778242468833923,0.4543327689170837,-0.1768186539411545,0.4835221171379089,0.4216469824314117,-0.4015178680419922,0.3858055472373962,0.4501067996025085,-0.1344024837017059,0.5459484457969666,0.5389302968978882,-0.0755983293056488,0.5012670159339905,0.5317481160163879,0.0755388960242271,0.5470902919769287,0.7230539917945862,-0.0776229575276375,0.4540902972221375,0.6793719530105591,0.1165270656347275,0.5789483785629272,0.8760151863098145,0.0644582808017731,0.4300236105918884,0.8332623243331909,0.2605129182338715,0.5876775383949280,0.8988973498344421,0.0712498128414154,0.4341825544834137,0.8575810790061951,0.2691944539546967,0.5526146292686462,0.9483196139335632,-0.0544137619435787,0.3919933438301086,0.8800185322761536,0.1804403960704803
0.4710677266120911,0.2494029849767685,-0.3319463431835175,0.4751392602920532,0.2289492636919022,-0.3326473236083984,0.4789099693298340,0.2268507480621338,-0.3326965868473053,0.4831575155258179,0.2248674482107162,-0.3327730000019073,0.4677501320838928,0.2318822443485260,-0.3136533796787262,0.4658178985118866,0.2319695502519608,-0.3137129545211792,0.4637374579906464,0.2322103530168533,-0.3137536942958832,0.4962041974067688,0.2235800474882126,-0.2679079473018646,0.4682630002498627,0.2336064577102661,-0.1767183393239975,0.4804546236991882,0.2621005475521088,-0.3014698028564453,0.4721221327781677,0.2654264867305756,-0.2757039666175842,0.5427398085594177,0.2922242879867554,-0.2294399440288544,0.4698840379714966,0.3159392178058624,-0.0262604523450136,0.5652891397476196,0.4350114762783051,-0.2830098569393158,0.4560371041297913,0.4379172027111053,0.0299267470836639,0.5063484907150269,0.4374606311321259,-0.4172592759132385,0.3996590971946716,0.4497819840908051,-0.1280661523342133,0.4886593520641327,0.4439667165279388,-0.4592877030372620,0.3799158930778503,0.4646828174591064,-0.1542339771986008,0.4853761792182922,0.4246635735034943,-0.4596554636955261,0.3754545152187347,0.4539533853530884,-0.1933817267417908,0.4894876480102539,0.4208967387676239,-0.4187052547931671,0.3837729692459106,0.4493162930011749,-0.1493921577930450,0.5466036200523376,0.5391930937767029,-0.0728693976998329,0.5017665624618530,0.5321070551872253,0.0728040486574173,0.5486499667167664,0.7237975597381592,-0.0766279473900795,0.4548522531986237,0.6800428032875061,0.0890286266803741,0.5791682600975037,0.8772473931312561,0.0695825293660164,0.4303822517395020,0.8330754041671753,0.2280057966709137,0.5883732438087463,0.9001502990722656,0.0768243372440338,0.4348095655441284,0.8573002219200134,0.2363602817058563,0.5527741312980652,0.9484318494796753,-0.0498196706175804,0.3930695950984955,0.8798495531082153,0.1397401541471481
0.4752264916896820,0.2500509917736053,-0.3515805304050446,0.4792792499065399,0.2297258526086807,-0.3525922894477844,0.4830847084522247,0.2275881618261337,-0.3526326119899750,0.4873466789722443,0.2254244089126587,-0.3527167141437531,0.4715979695320129,0.2326706349849701,-0.3367072641849518,0.4696775972843170,0.2326982021331787,-0.3367739021778107,0.4675295650959015,0.2328104227781296,-0.3368302583694458,0.4996631741523743,0.2232353091239929,-0.2828775942325592,0.4710224866867065,0.2333105802536011,-0.2049096673727036,0.4844910502433777,0.2625397145748138,-0.3190250992774963,0.4756684303283691,0.2663218379020691,-0.2968488335609436,0.5460075139999390,0.2915100455284119,-0.2305527329444885,0.4699892401695251,0.3150061368942261,-0.0578553490340710,0.5690235495567322,0.4344746172428131,-0.2868785858154297,0.4547656178474426,0.4366198778152466,0.0258573275059462,0.5105054974555969,0.4367303848266602,-0.4298401176929474,0.3971002995967865,0.4521414637565613,-0.1187638714909554,0.4928132295608521,0.4430227875709534,-0.4708974063396454,0.3762746751308441,0.4669221937656403,-0.1434931755065918,0.4891894161701202,0.4247319698333740,-0.4718748033046722,0.3712037205696106,0.4563871622085571,-0.1840567886829376,0.4933040440082550,0.4213139116764069,-0.4316448867321014,0.3798060715198517,0.4513066112995148,-0.1397348493337631,0.5466372370719910,0.5388201475143433,-0.0635690540075302,0.5013366937637329,0.5319313406944275,0.0635086745023727,0.5499582886695862,0.7232494354248047,-0.0695523694157600,0.4552028477191925,0.6801061034202576,0.0606404058635235,0.5793167352676392,0.8772993683815002,0.0892136171460152,0.4307357668876648,0.8329329490661621,0.2044533938169479,0.5882650613784790,0.8999145627021790,0.0977975130081177,0.4355525076389313,0.8567470908164978,0.2133739739656448,0.5550884008407593,0.9483804106712341,-0.0288731809705496,0.3944975137710571,0.8798539042472839,0.1125199943780899
0.4785634875297546,0.2487761080265045,-0.3655564486980438,0.4826327264308929,0.2285805940628052,-0.3660428822040558,0.4866945147514343,0.2263944894075394,-0.3660922646522522,0.4910901486873627,0.2241879850625992,-0.3661954998970032,0.4744710922241211,0.2317172288894653,-0.3516109287738800,0.4724991917610168,0.2318707704544067,-0.3516826927661896,0.4703877270221710,0.2321497350931168,-0.3517471849918365,0.5029531717300415,0.2221049070358276,-0.2926343083381653,0.4729866087436676,0.2325919121503830,-0.2210722714662552,0.4882028400897980,0.2611998021602631,-0.3316939175128937,0.4787185788154602,0.2653167843818665,-0.3113692998886108,0.5486722588539124,0.2910623848438263,-0.2357096523046494,0.4696615338325500,0.3143292069435120,-0.0742119178175926,0.5729287266731262,0.4343619942665100,-0.2993097603321075,0.4538735449314117,0.4352180063724518,0.0075271897949278,0.5129205584526062,0.4367315173149109,-0.4506237804889679,0.3939198255538940,0.4522922933101654,-0.1207654401659966,0.4952322244644165,0.4447498321533203,-0.4927427470684052,0.3712980449199677,0.4673529267311096,-0.1439170986413956,0.4908567368984222,0.4261868894100189,-0.4945603311061859,0.3667711317539215,0.4569807648658752,-0.1855067163705826,0.4948114752769470,0.4223214089870453,-0.4530866742134094,0.3753899931907654,0.4522468447685242,-0.1419436335563660,0.5467731356620789,0.5385221242904663,-0.0606999583542347,0.5007899999618530,0.5318139791488647,0.0606492646038532,0.5514142513275146,0.7226631641387939,-0.0709860399365425,0.4554060101509094,0.6807267069816589,0.0772797837853432,0.5795165300369263,0.8788967132568359,0.0802729129791260,0.4312168061733246,0.8329766988754272,0.2182255238294601,0.5882441997528076,0.9022864699363708,0.0872782915830612,0.4361378848552704,0.8567821383476257,0.2264990061521530,0.5554407238960266,0.9482729434967041,-0.0479299388825893,0.3950123190879822,0.8798413276672363,0.1281216293573380
0.4819634854793549,0.2476439625024796,-0.3726669847965240,0.4860664010047913,0.2274044007062912,-0.3715103268623352,0.4902043640613556,0.2252265214920044,-0.3715481460094452,0.4946879744529724,0.2230468541383743,-0.3716435134410858,0.4774246513843536,0.2306906580924988,-0.3586876988410950,0.4751589894294739,0.2309530228376389,-0.3587591052055359,0.4729848802089691,0.2313621789216995,-0.3588075041770935,0.5058912634849548,0.2211314588785172,-0.2912336289882660,0.4747094511985779,0.2319290786981583,-0.2266193926334381,0.4919274151325226,0.2601570487022400,-0.3362438082695007,0.4818370938301086,0.2646026909351349,-0.3179998993873596,0.5509712696075439,0.2905450761318207,-0.2324987798929214,0.4694215953350067,0.3141241371631622,-0.0791204646229744,0.5754416584968567,0.4300559759140015,-0.2999051809310913,0.4528804719448090,0.4342910647392273,-0.0050843763165176,0.5150709748268127,0.4350964725017548,-0.4675660133361816,0.3917203843593597,0.4514838159084320,-0.1270098537206650,0.4974980652332306,0.4424887299537659,-0.5122661590576172,0.3683599829673767,0.4662001430988312,-0.1509063541889191,0.4930428862571716,0.4240629076957703,-0.5133965611457825,0.3646900355815887,0.4560217857360840,-0.1918182969093323,0.4969460666179657,0.4201129376888275,-0.4700970351696014,0.3732399344444275,0.4514108896255493,-0.1476018726825714,0.5470483899116516,0.5355533957481384,-0.0578975044190884,0.5005404353141785,0.5302900671958923,0.0578410029411316,0.5530229210853577,0.7216507196426392,-0.0801315680146217,0.4556960463523865,0.6810798645019531,0.0802761316299438,0.5793726444244385,0.8802441358566284,0.0494733899831772,0.4311892092227936,0.8326967358589172,0.2189434170722961,0.5878874063491821,0.9033226370811462,0.0546169988811016,0.4361174404621124,0.8562259078025818,0.2269988954067230,0.5563837885856628,0.9481999278068542,-0.0812987387180328,0.3960947096347809,0.8798457980155945,0.1281654834747314
0.4860516488552094,0.2466152608394623,-0.3938729465007782,0.4904035329818726,0.2264151722192764,-0.3914282619953156,0.4949631094932556,0.2243174165487289,-0.3914673924446106,0.4995920360088348,0.2222024798393250,-0.3915751874446869,0.4806376099586487,0.2296222299337387,-0.3804399371147156,0.4778622686862946,0.2299069017171860,-0.3805078566074371,0.4754481315612793,0.2303457856178284,-0.3805469870567322,0.5092194080352783,0.2209249734878540,-0.3034998476505280,0.4760428071022034,0.2311162501573563,-0.2472073733806610,0.4967618882656097,0.2592605054378510,-0.3543505072593689,0.4854178726673126,0.2637736499309540,-0.3384380936622620,0.5534102320671082,0.2900710999965668,-0.2364888042211533,0.4691377878189087,0.3134766519069672,-0.0949693843722343,0.5773108601570129,0.4270496368408203,-0.3155035972595215,0.4524837732315063,0.4339620172977448,-0.0194579195231199,0.5170356631278992,0.4348948001861572,-0.5040180087089539,0.3914340436458588,0.4513651728630066,-0.1357100605964661,0.5003428459167480,0.4413180053234100,-0.5510407090187073,0.3696464598178864,0.4657460451126099,-0.1597322821617126,0.4955675303936005,0.4220713973045349,-0.5510780811309814,0.3650917112827301,0.4553944170475006,-0.2009564787149429,0.4993494451045990,0.4182338118553162,-0.5065736174583435,0.3735472857952118,0.4512168467044830,-0.1563152372837067,0.5471909642219543,0.5328646898269653,-0.0546287558972836,0.4999669492244720,0.5284497737884521,0.0545625723898411,0.5545994639396667,0.7194591760635376,-0.0858330205082893,0.4556234180927277,0.6817910075187683,0.0571585968136787,0.5792272686958313,0.8800293803215027,0.0497053936123848,0.4315482974052429,0.8325015902519226,0.1986658275127411,0.5876988172531128,0.9029172658920288,0.0554083585739136,0.4365448355674744,0.8560260534286499,0.2068696618080139,0.5583575367927551,0.9473394751548767,-0.0804390832781792,0.3970659375190735,0.8798615336418152,0.1036047711968422
0.4882225692272186,0.2464120984077454,-0.3930178582668304,0.4926953613758087,0.2257990092039108,-0.3889576792716980,0.4974773228168488,0.2235684245824814,-0.3889960348606110,0.5021878480911255,0.2214225083589554,-0.3890894055366516,0.4824194908142090,0.2295136451721191,-0.3789743781089783,0.4794653654098511,0.2298090606927872,-0.3790393769741058,0.4769715666770935,0.2301737517118454,-0.3790606856346130,0.5114489793777466,0.2192286103963852,-0.2946630716323853,0.4772729277610779,0.2307356446981430,-0.2426210492849350,0.4996128380298615,0.2592035830020905,-0.3507603406906128,0.4873530566692352,0.2632098197937012,-0.3364626169204712,0.5546629428863525,0.2879309058189392,-0.2268315106630325,0.4689715206623077,0.3130737841129303,-0.0905182212591171,0.5789095759391785,0.4222185611724854,-0.3079828321933746,0.4517989754676819,0.4300698041915894,-0.0381320640444756,0.5212234854698181,0.4296427369117737,-0.4770710766315460,0.3924040794372559,0.4459576904773712,-0.1768236458301544,0.5045273900032043,0.4388484954833984,-0.5233355760574341,0.3715766668319702,0.4576413333415985,-0.2039678394794464,0.4993399083614349,0.4213542640209198,-0.5241561532020569,0.3674715459346771,0.4470724463462830,-0.2462977468967438,0.5037078261375427,0.4179786443710327,-0.4795020520687103,0.3757120072841644,0.4437422156333923,-0.1975504904985428,0.5475297570228577,0.5284698009490967,-0.0487673021852970,0.4998352229595184,0.5252780318260193,0.0486942715942860,0.5569923520088196,0.7173838019371033,-0.0808313786983490,0.4555487036705017,0.6821008324623108,0.0539773255586624,0.5796949863433838,0.8799064159393311,0.0619661547243595,0.4314381182193756,0.8322349190711975,0.1876726597547531,0.5874136686325073,0.9027062654495239,0.0684039294719696,0.4364596009254456,0.8556305170059204,0.1949872374534607,0.5621749758720398,0.9473193287849426,-0.0637860223650932,0.3974924683570862,0.8804376125335693,0.0888022929430008
0.4901096224784851,0.2453883737325668,-0.3991142809391022,0.4945874214172363,0.2240841835737228,-0.3955924808979034,0.4995115697383881,0.2214850485324860,-0.3956201374530792,0.5041607022285461,0.2192215770483017,-0.3956993520259857,0.4840918183326721,0.2284125685691833,-0.3850229084491730,0.4810357987880707,0.2288175672292709,-0.3850920796394348,0.4783742725849152,0.2292223572731018,-0.3851105570793152,0.5132312178611755,0.2160028070211411,-0.2990543544292450,0.4787782728672028,0.2288623154163361,-0.2462261021137238,0.5017403960227966,0.2587746381759644,-0.3564844429492950,0.4890686571598053,0.2631658017635345,-0.3416260182857513,0.5561440587043762,0.2859851717948914,-0.2263106852769852,0.4689112305641174,0.3093537092208862,-0.0888721644878387,0.5800086259841919,0.4158343672752380,-0.3000184893608093,0.4504371881484985,0.4232119321823120,-0.0673898085951805,0.5236367583274841,0.4255352318286896,-0.4762913882732391,0.3933687508106232,0.4329087734222412,-0.2574539780616760,0.5080848932266235,0.4361696839332581,-0.5213568210601807,0.3730178177356720,0.4389095306396484,-0.2897644340991974,0.5026631355285645,0.4202027320861816,-0.5228108167648315,0.3694569170475006,0.4246789515018463,-0.3245830237865448,0.5070931315422058,0.4161557853221893,-0.4784661531448364,0.3774141669273376,0.4229706823825836,-0.2761546969413757,0.5467217564582825,0.5231153368949890,-0.0489680990576744,0.4993036687374115,0.5204536318778992,0.0488984920084476,0.5572855472564697,0.7110002040863037,-0.0811837092041969,0.4558159708976746,0.6818106174468994,0.0474168881773949,0.5797554850578308,0.8793413639068604,0.0351220294833183,0.4314004778862000,0.8321056365966797,0.1538797914981842,0.5873070955276489,0.9023545980453491,0.0374741218984127,0.4363967776298523,0.8556519150733948,0.1580009311437607,0.5633555650711060,0.9463757276535034,-0.0985814109444618,0.3978234827518463,0.8805294036865234,0.0497982949018478
0.4922852516174316,0.2417954057455063,-0.3988079130649567,0.4967633187770844,0.2198799848556519,-0.3812854886054993,0.5016400814056396,0.2169934809207916,-0.3812348246574402,0.5061867833137512,0.2146688550710678,-0.3812236785888672,0.4860280156135559,0.2247561067342758,-0.3748795390129089,0.4828332066535950,0.2253247797489166,-0.3749342262744904,0.4800378382205963,0.2257854938507080,-0.3750798404216766,0.5149800777435303,0.2112043946981430,-0.2572420239448547,0.4799729883670807,0.2251166850328445,-0.2331810146570206,0.5035363435745239,0.2558132112026215,-0.3321720063686371,0.4908795058727264,0.2607591450214386,-0.3411232531070709,0.5566951036453247,0.2837832868099213,-0.1762603074312210,0.4684839844703674,0.3040114045143127,-0.0722675994038582,0.5799076557159424,0.4110579788684845,-0.2441283315420151,0.4493385553359985,0.4106429219245911,-0.0753057003021240,0.5235525369644165,0.4219060242176056,-0.4719832241535187,0.4011279642581940,0.4203419685363770,-0.3127626180648804,0.5090466737747192,0.4344182908535004,-0.5081716179847717,0.3839098811149597,0.4236339926719666,-0.3526037931442261,0.5035093426704407,0.4194729030132294,-0.5009258389472961,0.3828522264957428,0.4116087853908539,-0.3810094296932220,0.5073325634002686,0.4150582253932953,-0.4731728732585907,0.3902633488178253,0.4109723865985870,-0.3296640515327454,0.5463491082191467,0.5214132666587830,-0.0465149469673634,0.4988422393798828,0.5186772942543030,0.0464666038751602,0.5584073662757874,0.7092764377593994,-0.0795648917555809,0.4555540978908539,0.6818253397941589,0.0608599744737148,0.5796948075294495,0.8792212605476379,0.0311836600303650,0.4315127134323120,0.8312744498252869,0.1819727420806885,0.5871174335479736,0.9025665521621704,0.0329353734850883,0.4363828599452972,0.8553461432456970,0.1875576227903366,0.5627335309982300,0.9456367492675781,-0.1037339866161346,0.3990960717201233,0.8803705573081970,0.0831698477268219
0.4937284290790558,0.2373913526535034,-0.3048292398452759,0.4983761012554169,0.2154873907566071,-0.2975159585475922,0.5031918287277222,0.2129322439432144,-0.2975098192691803,0.5073944926261902,0.2108676880598068,-0.2975286543369293,0.4875749051570892,0.2201167643070221,-0.2891989052295685,0.4846048653125763,0.2208123654127121,-0.2892438769340515,0.4816352725028992,0.2213915139436722,-0.2892370820045471,0.5159481763839722,0.2071747034788132,-0.1953111588954926,0.4818516373634338,0.2206393778324127,-0.1542290896177292,0.5046408772468567,0.2517219185829163,-0.2578768432140350,0.4917549788951874,0.2564943432807922,-0.2493106424808502,0.5569885373115540,0.2799504399299622,-0.1304311156272888,0.4688509106636047,0.2957203388214111,-0.0106872590258718,0.5803541541099548,0.4051562547683716,-0.2107626348733902,0.4492129087448120,0.3961121141910553,-0.0500605441629887,0.5257691740989685,0.4162958264350891,-0.4247928559780121,0.4055866897106171,0.3993938267230988,-0.2882190942764282,0.5119217038154602,0.4267400205135345,-0.4708963632583618,0.3910678625106812,0.3964581489562988,-0.3286928832530975,0.5070866346359253,0.4128666818141937,-0.4708140194416046,0.3915695548057556,0.3827165961265564,-0.3537847101688385,0.5105820298194885,0.4084284603595734,-0.4278396964073181,0.3979487419128418,0.3845413327217102,-0.3043929636478424,0.5457679033279419,0.5191688537597656,-0.0484609268605709,0.4987690150737762,0.5161242485046387,0.0484247282147408,0.5587012171745300,0.7062930464744568,-0.0799781009554863,0.4556278288364410,0.6815052032470703,0.0714227408170700,0.5796747207641602,0.8791642189025879,0.0053928955458105,0.4317758381366730,0.8312494754791260,0.1942857354879379,0.5870456099510193,0.9025352597236633,0.0049490113742650,0.4365122914314270,0.8553581237792969,0.1995641291141510,0.5623989105224609,0.9448755979537964,-0.1324733346700668,0.3988335728645325,0.8801306486129761,0.0976615399122238
0.4952701628208160,0.2324457764625549,-0.2718642652034760,0.4999853968620300,0.2112005203962326,-0.2654382884502411,0.5047374367713928,0.2091082483530045,-0.2654598653316498,0.5089567899703979,0.2073257565498352,-0.2654934227466583,0.4890177547931671,0.2155112028121948,-0.2567028403282166,0.4858077764511108,0.2162365466356277,-0.2567408978939056,0.4828409850597382,0.2169409245252609,-0.2566993236541748,0.5172459483146667,0.2039098888635635,-0.1645281761884689,0.4823710620403290,0.2166349142789841,-0.1215597838163376,0.5057331919670105,0.2468360960483551,-0.2277594059705734,0.4927850067615509,0.2517035603523254,-0.2162648290395737,0.5567577481269836,0.2752127051353455,-0.1010166853666306,0.4685326516628265,0.2903119921684265,0.0209805555641651,0.5803046822547913,0.3997887074947357,-0.1833452582359314,0.4485540390014648,0.3876533210277557,-0.0359546616673470,0.5274191498756409,0.4102172255516052,-0.3913303911685944,0.4115902781486511,0.3851937949657440,-0.2644446194171906,0.5144738554954529,0.4180753231048584,-0.4395698606967926,0.3992839157581329,0.3806490302085876,-0.3045595586299896,0.5094855427742004,0.4036489725112915,-0.4406178295612335,0.4003775715827942,0.3639671206474304,-0.3279498815536499,0.5128986835479736,0.3996130824089050,-0.3938908874988556,0.4060887098312378,0.3645932674407959,-0.2797729372978210,0.5456656217575073,0.5162094831466675,-0.0491344854235649,0.4976830780506134,0.5129443407058716,0.0491246730089188,0.5581873655319214,0.7024526596069336,-0.0802389457821846,0.4557699263095856,0.6807524561882019,0.0759899839758873,0.5796023011207581,0.8790861368179321,0.0107332859188318,0.4321114718914032,0.8307710886001587,0.2013496905565262,0.5867298245429993,0.9027621150016785,0.0116845807060599,0.4365571141242981,0.8553805351257324,0.2071440368890762,0.5612846612930298,0.9447718262672424,-0.1262664347887039,0.3993877470493317,0.8795994520187378,0.1023606359958649
0.4957324564456940,0.2283674627542496,-0.2768963575363159,0.5007902979850769,0.2069447338581085,-0.2730079591274261,0.5056809186935425,0.2050942480564117,-0.2730223834514618,0.5099445581436157,0.2035495638847351,-0.2730548083782196,0.4895301461219788,0.2108082026243210,-0.2639262974262238,0.4862342774868011,0.2114265114068985,-0.2639742791652679,0.4832333028316498,0.2120409011840820,-0.2639448344707489,0.5181827545166016,0.2003763616085052,-0.1772099286317825,0.4825733006000519,0.2119788974523544,-0.1326791793107986,0.5060278773307800,0.2437930703163147,-0.2341303825378418,0.4930651485919952,0.2475877851247787,-0.2220031321048737,0.5568721294403076,0.2722640037536621,-0.1082956492900848,0.4682617783546448,0.2840731143951416,0.0099525554105639,0.5799118280410767,0.3965495824813843,-0.1843772977590561,0.4443705677986145,0.3878530859947205,-0.0358079597353935,0.5277800559997559,0.4059557914733887,-0.3751177489757538,0.4173228144645691,0.3658314645290375,-0.2774295508861542,0.5150803923606873,0.4129285216331482,-0.4191693663597107,0.4080539643764496,0.3526227772235870,-0.3174806237220764,0.5103086233139038,0.3992377221584320,-0.4190191626548767,0.4122165739536285,0.3379224240779877,-0.3345232009887695,0.5134356617927551,0.3956690430641174,-0.3763563334941864,0.4165906012058258,0.3413834869861603,-0.2895923852920532,0.5451222062110901,0.5136480927467346,-0.0483594164252281,0.4957832098007202,0.5098606944084167,0.0483599975705147,0.5575395822525024,0.6982013583183289,-0.0801824405789375,0.4558105170726776,0.6781110167503357,0.0750043094158173,0.5798532366752625,0.8765567541122437,0.0131548363715410,0.4321710169315338,0.8304755687713623,0.1956933289766312,0.5866826176643372,0.9018741846084595,0.0144428145140409,0.4364943802356720,0.8554524779319763,0.2012694627046585,0.5603787899017334,0.9437782168388367,-0.1228194162249565,0.3994339704513550,0.8793972730636597,0.0947420671582222
0.4955943226814270,0.2248936295509338,-0.2595537602901459,0.5007109045982361,0.2031750082969666,-0.2556175291538239,0.5056496262550354,0.2012096792459488,-0.2556286454200745,0.5099360942840576,0.1996384710073471,-0.2556574642658234,0.4894151985645294,0.2071207165718079,-0.2462716549634933,0.4862026274204254,0.2076686769723892,-0.2463151961565018,0.4831743836402893,0.2082031071186066,-0.2462722212076187,0.5182365775108337,0.1966232359409332,-0.1598977595567703,0.4827462136745453,0.2078213393688202,-0.1146533787250519,0.5059492588043213,0.2404110878705978,-0.2168588042259216,0.4928990602493286,0.2434675991535187,-0.2043976485729218,0.5568876266479492,0.2705751061439514,-0.0940689668059349,0.4680203199386597,0.2775420546531677,0.0254443213343620,0.5795996785163879,0.3948891162872314,-0.1769280731678009,0.4399280250072479,0.3864021301269531,-0.0391103141009808,0.5275019407272339,0.4032164514064789,-0.3642902672290802,0.4212183654308319,0.3437166810035706,-0.3039814829826355,0.5146883726119995,0.4093377888202667,-0.4067562818527222,0.4170400202274323,0.3298848867416382,-0.3461964428424835,0.5103858709335327,0.3944264948368073,-0.4042581915855408,0.4221757650375366,0.3153195083141327,-0.3549451529979706,0.5133343338966370,0.3910531103610992,-0.3641222417354584,0.4253753125667572,0.3208473622798920,-0.3132282495498657,0.5440711379051208,0.5114368796348572,-0.0482258461415768,0.4939211606979370,0.5071300864219666,0.0482239052653313,0.5570138692855835,0.6947896480560303,-0.0812685638666153,0.4560096859931946,0.6762283444404602,0.0675013810396194,0.5800030231475830,0.8746171593666077,0.0186897814273834,0.4321556389331818,0.8302202820777893,0.1926960349082947,0.5865288972854614,0.9003230333328247,0.0210599675774574,0.4363134205341339,0.8554788827896118,0.1989625990390778,0.5606207251548767,0.9419491887092590,-0.1134448349475861,0.3992641866207123,0.8793117403984070,0.0912310928106308
0.4968270659446716,0.2218893468379974,-0.2570883333683014,0.5017749071121216,0.2002776414155960,-0.2527482509613037,0.5066803097724915,0.1981323212385178,-0.2527641057968140,0.5106828212738037,0.1963876783847809,-0.2527972161769867,0.4900453686714172,0.2045323848724365,-0.2440435588359833,0.4867934882640839,0.2050129324197769,-0.2440823167562485,0.4835754632949829,0.2055777907371521,-0.2440296560525894,0.5184145569801331,0.1934910863637924,-0.1545250415802002,0.4829587340354919,0.2054513692855835,-0.1125803217291832,0.5070136189460754,0.2376344203948975,-0.2133857160806656,0.4937572777271271,0.2410202324390411,-0.2018304020166397,0.5566982626914978,0.2694378793239594,-0.0866235867142677,0.4678368270397186,0.2754735946655273,0.0289859343320131,0.5787834525108337,0.3931783735752106,-0.1676345169544220,0.4338968098163605,0.3855675756931305,-0.0428789928555489,0.5278311371803284,0.3999637961387634,-0.3550389707088470,0.4259887039661407,0.3324141502380371,-0.3119068443775177,0.5152237415313721,0.4055588245391846,-0.3967488706111908,0.4258008599281311,0.3153856098651886,-0.3542905151844025,0.5101989507675171,0.3900983333587646,-0.3938649892807007,0.4299262762069702,0.3040364682674408,-0.3596639037132263,0.5132154226303101,0.3866849243640900,-0.3544710576534271,0.4320366978645325,0.3104271590709686,-0.3195946812629700,0.5428302288055420,0.5100246667861938,-0.0470135435461998,0.4919590353965759,0.5055366754531860,0.0470171123743057,0.5566249489784241,0.6932566165924072,-0.0818146318197250,0.4559413790702820,0.6759314537048340,0.0644107013940811,0.5800552964210510,0.8744350671768188,0.0236587990075350,0.4323589503765106,0.8302198648452759,0.1977649629116058,0.5865095853805542,0.8997122049331665,0.0269740708172321,0.4364117681980133,0.8554993867874146,0.2048625797033310,0.5622280240058899,0.9399827122688293,-0.1116745024919510,0.3997618854045868,0.8792383074760437,0.0974799469113350
0.4974728226661682,0.2194167524576187,-0.2482457160949707,0.5024296045303345,0.1981322169303894,-0.2436113655567169,0.5072524547576904,0.1957946717739105,-0.2436244040727615,0.5112292766571045,0.1937840282917023,-0.2436519712209702,0.4903793334960938,0.2023736238479614,-0.2347901761531830,0.4873376488685608,0.2027214020490646,-0.2348283231258392,0.4841332733631134,0.2031307965517044,-0.2347828745841980,0.5185199379920959,0.1910788416862488,-0.1486208885908127,0.4832032918930054,0.2033543586730957,-0.1061295419931412,0.5075268149375916,0.2354523539543152,-0.2061100602149963,0.4941610991954803,0.2384557127952576,-0.1943949609994888,0.5562997460365295,0.2695454955101013,-0.0851969867944717,0.4677025377750397,0.2739904522895813,0.0293225813657045,0.5777872204780579,0.3925617635250092,-0.1703968793153763,0.4270105063915253,0.3837356567382812,-0.0510918609797955,0.5275066494941711,0.3990619778633118,-0.3516913354396820,0.4313889741897583,0.3168571591377258,-0.3114812672138214,0.5150925517082214,0.4032483398914337,-0.3912304639816284,0.4340467751026154,0.2999053001403809,-0.3520794212818146,0.5103601813316345,0.3864098787307739,-0.3857262432575226,0.4372142851352692,0.2904382348060608,-0.3526010215282440,0.5139170885086060,0.3834553062915802,-0.3501078188419342,0.4388439357280731,0.2968202829360962,-0.3167103826999664,0.5401775240898132,0.5090041756629944,-0.0470784232020378,0.4892934560775757,0.5035388469696045,0.0470647700130939,0.5563209056854248,0.6897947192192078,-0.0838987603783607,0.4558297693729401,0.6747617721557617,0.0676080361008644,0.5800476074218750,0.8728637695312500,0.0256045535206795,0.4325534105300903,0.8297894001007080,0.2023561149835587,0.5862981081008911,0.8960863947868347,0.0291708894073963,0.4368993043899536,0.8552879691123962,0.2097043395042419,0.5650478005409241,0.9372317194938660,-0.1074872910976410,0.4000063836574554,0.8788290023803711,0.1050248667597771
0.4971078634262085,0.2164918333292007,-0.2483664900064468,0.5020354390144348,0.1954414844512939,-0.2434060275554657,0.5068557858467102,0.1934219151735306,-0.2434169501066208,0.5107660293579102,0.1917111128568649,-0.2434411793947220,0.4901301264762878,0.1990796476602554,-0.2342477738857269,0.4870862960815430,0.1994119733572006,-0.2342885136604309,0.4837541580200195,0.1998782753944397,-0.2342453300952911,0.5181829929351807,0.1896678358316422,-0.1487806141376495,0.4829219281673431,0.2009965330362320,-0.1049647033214569,0.5069639682769775,0.2330804467201233,-0.2067550122737885,0.4935671389102936,0.2357468605041504,-0.1946322172880173,0.5556758642196655,0.2698251903057098,-0.0856146439909935,0.4676673114299774,0.2729375362396240,0.0272237844765186,0.5768153667449951,0.3934434354305267,-0.1674712151288986,0.4245115518569946,0.3843133747577667,-0.0562022216618061,0.5268767476081848,0.3976068794727325,-0.3490551710128784,0.4360744357109070,0.3135493099689484,-0.3155161142349243,0.5141123533248901,0.4003965556621552,-0.3887499868869781,0.4404453039169312,0.2935347557067871,-0.3570334315299988,0.5099043250083923,0.3827456235885620,-0.3834667205810547,0.4442489743232727,0.2833829224109650,-0.3553710877895355,0.5135973691940308,0.3799751400947571,-0.3475331068038940,0.4454325735569000,0.2902962565422058,-0.3199813067913055,0.5381906032562256,0.5094124078750610,-0.0464119836688042,0.4870466887950897,0.5038803219795227,0.0463687554001808,0.5561147332191467,0.6906691789627075,-0.0848004594445229,0.4551854133605957,0.6748234033584595,0.0674296244978905,0.5800225138664246,0.8718851208686829,0.0412238650023937,0.4325739443302155,0.8297747373580933,0.2040213495492935,0.5854494571685791,0.8944739699363708,0.0471848696470261,0.4374670982360840,0.8550862073898315,0.2136247605085373,0.5657116770744324,0.9355119466781616,-0.0907040834426880,0.4007923901081085,0.8787838220596313,0.1091804727911949
0.4969055950641632,0.2161761820316315,-0.2200450748205185,0.5016999840736389,0.1954413056373596,-0.2144015431404114,0.5064274668693542,0.1937039494514465,-0.2144223898649216,0.5102871656417847,0.1921418905258179,-0.2144492119550705,0.4898380637168884,0.1983924806118011,-0.2063591182231903,0.4868169128894806,0.1987367272377014,-0.2063877880573273,0.4834074079990387,0.1992131173610687,-0.2063375562429428,0.5177801847457886,0.1901349574327469,-0.1201648190617561,0.4824902117252350,0.2007210552692413,-0.0816158205270767,0.5065674185752869,0.2328282892704010,-0.1787278056144714,0.4931377768516541,0.2352479100227356,-0.1681854724884033,0.5549327135086060,0.2698877155780792,-0.0637568533420563,0.4668985903263092,0.2723810970783234,0.0431724004447460,0.5765539407730103,0.3935749530792236,-0.1497099697589874,0.4246821701526642,0.3833971321582794,-0.0495282374322414,0.5252507925033569,0.3975535035133362,-0.3238962590694427,0.4423421323299408,0.3083043098449707,-0.2961518168449402,0.5126002430915833,0.4000017344951630,-0.3615409433841705,0.4471567571163177,0.2892490327358246,-0.3361150324344635,0.5085286498069763,0.3817821443080902,-0.3548147976398468,0.4515168070793152,0.2782613933086395,-0.3365300595760345,0.5122101306915283,0.3788524270057678,-0.3215725123882294,0.4524639248847961,0.2854200899600983,-0.3008624911308289,0.5353975892066956,0.5093322396278381,-0.0460379980504513,0.4845257103443146,0.5037646889686584,0.0459965579211712,0.5559175014495850,0.6893595457077026,-0.0875829830765724,0.4536142349243164,0.6749184727668762,0.0653841570019722,0.5799784064292908,0.8703956604003906,0.0345527455210686,0.4325825572013855,0.8297328948974609,0.2058549672365189,0.5852882862091064,0.8924515843391418,0.0397963896393776,0.4379333257675171,0.8549271225929260,0.2149521261453629,0.5668790936470032,0.9339964389801025,-0.0964461043477058,0.4014424085617065,0.8785585761070251,0.1116339042782784
0.4961023032665253,0.2143049240112305,-0.2109195739030838,0.5008381009101868,0.1942411214113235,-0.2037881463766098,0.5055504441261292,0.1928514689207077,-0.2038056105375290,0.5094290375709534,0.1915672272443771,-0.2038220912218094,0.4891947805881500,0.1964715868234634,-0.1963226646184921,0.4861629605293274,0.1967747658491135,-0.1963572651147842,0.4827502369880676,0.1972385197877884,-0.1963047087192535,0.5171188116073608,0.1899020671844482,-0.1077436059713364,0.4819254875183105,0.1995205730199814,-0.0720366984605789,0.5057097673416138,0.2311051934957504,-0.1696726232767105,0.4924020171165466,0.2331555336713791,-0.1598985493183136,0.5544912815093994,0.2697089314460754,-0.0518713966012001,0.4658482670783997,0.2723275721073151,0.0471473895013332,0.5753402113914490,0.3936907947063446,-0.1340348273515701,0.4245221316814423,0.3839187026023865,-0.0470256134867668,0.5238008499145508,0.3959418535232544,-0.3055587112903595,0.4459705650806427,0.3056034743785858,-0.2925058007240295,0.5110929608345032,0.3984475433826447,-0.3438487052917480,0.4515808820724487,0.2857333123683929,-0.3339085876941681,0.5069968104362488,0.3811157345771790,-0.3373519778251648,0.4556191563606262,0.2746488749980927,-0.3310115039348602,0.5105449557304382,0.3778078556060791,-0.3033998906612396,0.4562871754169464,0.2812670469284058,-0.2960708737373352,0.5328863263130188,0.5096312761306763,-0.0439037010073662,0.4823192059993744,0.5039710998535156,0.0438539385795593,0.5558790564537048,0.6894779205322266,-0.0864582061767578,0.4511815309524536,0.6751538515090942,0.0604539923369884,0.5801252722740173,0.8692802190780640,0.0352407358586788,0.4323960542678833,0.8297393321990967,0.2044887840747833,0.5851415395736694,0.8905354142189026,0.0403239168226719,0.4378825128078461,0.8549174666404724,0.2134249806404114,0.5677229762077332,0.9326012134552002,-0.0962731465697289,0.4018503427505493,0.8786207437515259,0.1076864004135132
0.4950839579105377,0.2140646725893021,-0.1979825794696808,0.4998334944248199,0.1941636502742767,-0.1903971135616302,0.5045159459114075,0.1928698569536209,-0.1904160529375076,0.5084337592124939,0.1916767209768295,-0.1904336661100388,0.4884242117404938,0.1962746679782867,-0.1827704608440399,0.4854287505149841,0.1966036409139633,-0.1828035563230515,0.4820779561996460,0.1971002072095871,-0.1827557832002640,0.5163437724113464,0.1902573406696320,-0.0953257903456688,0.4814051091670990,0.1996234506368637,-0.0586418733000755,0.5046765804290771,0.2308124005794525,-0.1573409736156464,0.4916033744812012,0.2328149378299713,-0.1473254710435867,0.5541091561317444,0.2696943879127502,-0.0411524362862110,0.4648887217044830,0.2727450132369995,0.0551785603165627,0.5730615854263306,0.3938715457916260,-0.1241518184542656,0.4240816533565521,0.3834462463855743,-0.0439237877726555,0.5228140354156494,0.3958249092102051,-0.2902182042598724,0.4474228024482727,0.3064168691635132,-0.2833725810050964,0.5104275941848755,0.3980512320995331,-0.3278123438358307,0.4535012543201447,0.2851018607616425,-0.3243938386440277,0.5059088468551636,0.3812400996685028,-0.3208981156349182,0.4570995867252350,0.2735460698604584,-0.3252190947532654,0.5093870162963867,0.3779758810997009,-0.2878418564796448,0.4577817320823669,0.2797401249408722,-0.2878842651844025,0.5304487943649292,0.5100793838500977,-0.0428651347756386,0.4800975024700165,0.5042047500610352,0.0428188703954220,0.5555165410041809,0.6896432042121887,-0.0864373221993446,0.4486763775348663,0.6757237315177917,0.0603920705616474,0.5802640318870544,0.8689482808113098,0.0342953540384769,0.4323345124721527,0.8299858570098877,0.2055317461490631,0.5850659608840942,0.8895037770271301,0.0390357896685600,0.4379167258739471,0.8551645278930664,0.2143492102622986,0.5680609345436096,0.9316661357879639,-0.0988538935780525,0.4021479785442352,0.8786215782165527,0.1083830446004868
0.4944004714488983,0.2140300571918488,-0.1936756074428558,0.4992065131664276,0.1942762285470963,-0.1845102608203888,0.5038698315620422,0.1930786520242691,-0.1845402568578720,0.5077720880508423,0.1919645667076111,-0.1845565289258957,0.4878754317760468,0.1962208896875381,-0.1782826930284500,0.4848856627941132,0.1965473890304565,-0.1783152073621750,0.4815537035465240,0.1970592290163040,-0.1782705038785934,0.5157477855682373,0.1907485723495483,-0.0869150981307030,0.4810648560523987,0.1998436301946640,-0.0565238483250141,0.5039576292037964,0.2308573275804520,-0.1525423973798752,0.4910331368446350,0.2327809780836105,-0.1443039625883102,0.5528142452239990,0.2698966264724731,-0.0361914224922657,0.4625989794731140,0.2739821076393127,0.0541666559875011,0.5703653097152710,0.3943630456924438,-0.1278006732463837,0.4239603877067566,0.3849102854728699,-0.0441920161247253,0.5221359133720398,0.3949054181575775,-0.3066849410533905,0.4470280110836029,0.3098328709602356,-0.2869005799293518,0.5098521709442139,0.3969751894474030,-0.3460276424884796,0.4540478587150574,0.2895879149436951,-0.3294013738632202,0.5050603747367859,0.3807107806205750,-0.3394504189491272,0.4568460583686829,0.2755830883979797,-0.3251226842403412,0.5085821151733398,0.3776418268680573,-0.3049520254135132,0.4571554958820343,0.2813666164875031,-0.2896885871887207,0.5278065800666809,0.5104228854179382,-0.0415043607354164,0.4777887761592865,0.5046300888061523,0.0414633601903915,0.5543012022972107,0.6893664598464966,-0.0867665112018585,0.4468985199928284,0.6757512092590332,0.0555684119462967,0.5802327394485474,0.8666284680366516,0.0331230610609055,0.4321593940258026,0.8299795389175415,0.2042954713106155,0.5844182968139648,0.8854264020919800,0.0376539900898933,0.4378828704357147,0.8550252914428711,0.2133259326219559,0.5694969892501831,0.9300786256790161,-0.1008949801325798,0.4021610617637634,0.8784155249595642,0.1063452586531639
0.4937870800495148,0.2144979834556580,-0.1878447979688644,0.4985914230346680,0.1947271376848221,-0.1793716847896576,0.5032119750976562,0.1935298144817352,-0.1793962270021439,0.5071411728858948,0.1924099326133728,-0.1794108301401138,0.4873549044132233,0.1967257708311081,-0.1735193878412247,0.4843897223472595,0.1970713287591934,-0.1735509485006332,0.4811126887798309,0.1975878775119781,-0.1735052615404129,0.5154392123222351,0.1912446022033691,-0.0849146097898483,0.4807705581188202,0.2003367841243744,-0.0558001287281513,0.5034021735191345,0.2311501204967499,-0.1476611495018005,0.4907145798206329,0.2333528548479080,-0.1398363411426544,0.5499363541603088,0.2701394855976105,-0.0354131050407887,0.4591291546821594,0.2750234603881836,0.0521776825189590,0.5664510726928711,0.3946647346019745,-0.1255674511194229,0.4231429100036621,0.3861125111579895,-0.0434000119566917,0.5216479301452637,0.3956564664840698,-0.3017200827598572,0.4479593932628632,0.3089815080165863,-0.2805657386779785,0.5093315243721008,0.3973616063594818,-0.3399233520030975,0.4539080262184143,0.2856066226959229,-0.3216291069984436,0.5045183300971985,0.3803882300853729,-0.3323897719383240,0.4564087688922882,0.2729165256023407,-0.3242525458335876,0.5081790089607239,0.3772111237049103,-0.2996982336044312,0.4571064114570618,0.2795766890048981,-0.2851338982582092,0.5253893136978149,0.5105539560317993,-0.0408795215189457,0.4750272631645203,0.5049816966056824,0.0408392734825611,0.5523728728294373,0.6891955733299255,-0.0871634930372238,0.4449132382869720,0.6758147478103638,0.0579919070005417,0.5802111029624939,0.8646497726440430,0.0240185447037220,0.4321265816688538,0.8298493027687073,0.2055101692676544,0.5839354395866394,0.8820990920066833,0.0275298338383436,0.4380125999450684,0.8545522093772888,0.2143870443105698,0.5711438655853271,0.9285968542098999,-0.1089463308453560,0.4020744264125824,0.8782965540885925,0.1085912808775902
0.4936308562755585,0.2150443792343140,-0.1783836930990219,0.4983354806900024,0.1952094137668610,-0.1693774610757828,0.5030241608619690,0.1939772218465805,-0.1694080531597137,0.5069422721862793,0.1928168386220932,-0.1694216430187225,0.4872040748596191,0.1973115354776382,-0.1636313796043396,0.4842692017555237,0.1976787745952606,-0.1636630594730377,0.4810761511325836,0.1982133239507675,-0.1636231392621994,0.5146960020065308,0.1916333585977554,-0.0756481960415840,0.4797456562519073,0.2008486390113831,-0.0468005761504173,0.5033277869224548,0.2315598875284195,-0.1387920826673508,0.4902084767818451,0.2339288145303726,-0.1309917420148849,0.5471645593643188,0.2707213759422302,-0.0274527166038752,0.4573602676391602,0.2755985558032990,0.0538346692919731,0.5634732842445374,0.3951937258243561,-0.1157244518399239,0.4218125939369202,0.3874628841876984,-0.0421739220619202,0.5205891132354736,0.3963680863380432,-0.2843246161937714,0.4476804137229919,0.3114932179450989,-0.2770166397094727,0.5091993212699890,0.3984293937683105,-0.3210128545761108,0.4533387422561646,0.2886450886726379,-0.3160488903522491,0.5044867396354675,0.3807464241981506,-0.3130697607994080,0.4552360475063324,0.2755882441997528,-0.3128289282321930,0.5080646872520447,0.3776844441890717,-0.2821510136127472,0.4561192095279694,0.2816683650016785,-0.2805970311164856,0.5238097906112671,0.5109100937843323,-0.0383569598197937,0.4734109640121460,0.5054709315299988,0.0383148044347763,0.5504747033119202,0.6895503401756287,-0.0859045833349228,0.4427368938922882,0.6770486831665039,0.0488649196922779,0.5801870226860046,0.8636391162872314,0.0315083041787148,0.4320174753665924,0.8298517465591431,0.2011930048465729,0.5838743448257446,0.8796486854553223,0.0361856780946255,0.4382157325744629,0.8542892932891846,0.2107953131198883,0.5724373459815979,0.9276117682456970,-0.0973513647913933,0.4020757973194122,0.8782977461814880,0.1060024574398994
0.4924708604812622,0.2152793109416962,-0.1853053122758865,0.4972993433475494,0.1957172900438309,-0.1779639571905136,0.5018485784530640,0.1945602744817734,-0.1779940128326416,0.5055931806564331,0.1934116929769516,-0.1780146956443787,0.4861967861652374,0.1975150108337402,-0.1711478680372238,0.4833516776561737,0.1978291124105453,-0.1711772829294205,0.4800596535205841,0.1982888877391815,-0.1711420416831970,0.5128482580184937,0.1925011575222015,-0.0856789276003838,0.4782598912715912,0.2009336203336716,-0.0518326722085476,0.5017470121383667,0.2319291085004807,-0.1455390751361847,0.4883550405502319,0.2340741753578186,-0.1363418996334076,0.5447720289230347,0.2720966339111328,-0.0336016230285168,0.4557904005050659,0.2757562398910522,0.0554711632430553,0.5602713227272034,0.3968398571014404,-0.1203181669116020,0.4209301769733429,0.3885258138179779,-0.0416747480630875,0.5176060199737549,0.3967089653015137,-0.2917567789554596,0.4458259642124176,0.3178847432136536,-0.2753293812274933,0.5065968036651611,0.3990940749645233,-0.3284112811088562,0.4514651298522949,0.2964904904365540,-0.3157192766666412,0.5029286742210388,0.3812245130538940,-0.3214616477489471,0.4532712996006012,0.2827196717262268,-0.3127349317073822,0.5058623552322388,0.3782652020454407,-0.2897982597351074,0.4539924860000610,0.2884702980518341,-0.2792047560214996,0.5217372775077820,0.5114459395408630,-0.0382764600217342,0.4716030955314636,0.5064332485198975,0.0382268913090229,0.5486727952957153,0.6899996399879456,-0.0880998075008392,0.4404145479202271,0.6784077286720276,0.0409355200827122,0.5801667571067810,0.8631730675697327,0.0358223542571068,0.4320116639137268,0.8298533558845520,0.1989990174770355,0.5838565230369568,0.8787595629692078,0.0417335033416748,0.4384445846080780,0.8540511131286621,0.2092185020446777,0.5729138255119324,0.9271197319030762,-0.0915016457438469,0.4021152257919312,0.8782988190650940,0.1049387902021408
0.4905598759651184,0.2162108421325684,-0.1928170323371887,0.4955722987651825,0.1969259977340698,-0.1855672299861908,0.5001329183578491,0.1959426105022430,-0.1855992227792740,0.5038472414016724,0.1949356496334076,-0.1856202632188797,0.4843418896198273,0.1982606500387192,-0.1786489933729172,0.4814622104167938,0.1984729617834091,-0.1786792129278183,0.4780081510543823,0.1988153457641602,-0.1786408871412277,0.5108080506324768,0.1942448318004608,-0.0934077203273773,0.4760276079177856,0.2015462517738342,-0.0591076053678989,0.4997364282608032,0.2329228669404984,-0.1531018912792206,0.4862829744815826,0.2349053770303726,-0.1437557339668274,0.5424417257308960,0.2739562988281250,-0.0421390607953072,0.4534460008144379,0.2772979140281677,0.0516118779778481,0.5569227337837219,0.3997803330421448,-0.1252409964799881,0.4204170107841492,0.3950598835945129,-0.0408870056271553,0.5123928785324097,0.3970802128314972,-0.2903597950935364,0.4444934129714966,0.3236088752746582,-0.2760825753211975,0.5010120272636414,0.3996179997920990,-0.3263821303844452,0.4490857422351837,0.3036409616470337,-0.3174400329589844,0.4981316924095154,0.3818970918655396,-0.3196743428707123,0.4510481655597687,0.2897063195705414,-0.3129232227802277,0.5008983016014099,0.3788985908031464,-0.2882234156131744,0.4521843791007996,0.2953232824802399,-0.2793590128421783,0.5207918286323547,0.5136294960975647,-0.0387844592332840,0.4707778096199036,0.5098899602890015,0.0387280173599720,0.5463647246360779,0.6901926994323730,-0.0881512239575386,0.4383814036846161,0.6810593605041504,0.0425493307411671,0.5801510214805603,0.8628050088882446,0.0439741536974907,0.4319907128810883,0.8298562169075012,0.1997531801462173,0.5840564966201782,0.8787770867347717,0.0508684106171131,0.4387473464012146,0.8539677262306213,0.2109243422746658,0.5731314420700073,0.9269848465919495,-0.0804335549473763,0.4020260572433472,0.8782988190650940,0.1093512251973152
0.4876514971256256,0.2181827127933502,-0.2037413865327835,0.4928265213966370,0.1989770382642746,-0.1965002268552780,0.4972986876964569,0.1980059295892715,-0.1965226233005524,0.5010456442832947,0.1969651430845261,-0.1965430229902267,0.4816024005413055,0.2000723481178284,-0.1893433630466461,0.4789182245731354,0.2002625763416290,-0.1893718391656876,0.4758377373218536,0.2004751265048981,-0.1893320232629776,0.5077961683273315,0.1963958144187927,-0.1038037985563278,0.4739047586917877,0.2030246555805206,-0.0686530172824860,0.4968581795692444,0.2350386232137680,-0.1639456003904343,0.4834336042404175,0.2368661910295486,-0.1543232947587967,0.5403633713722229,0.2765162289142609,-0.0489721931517124,0.4518475234508514,0.2790644466876984,0.0443723425269127,0.5540400147438049,0.4026274681091309,-0.1309816688299179,0.4187768697738647,0.3980160653591156,-0.0452448502182961,0.5079833269119263,0.3972766697406769,-0.3022241890430450,0.4424169957637787,0.3280077278614044,-0.2907557785511017,0.4962681829929352,0.4001571536064148,-0.3393343389034271,0.4466713368892670,0.3100342750549316,-0.3339104950428009,0.4936429560184479,0.3822599351406097,-0.3331485688686371,0.4481928050518036,0.2964822053909302,-0.3281139135360718,0.4963697195053101,0.3793175518512726,-0.3003110885620117,0.4493565857410431,0.3015052378177643,-0.2933776676654816,0.5195315480232239,0.5147627592086792,-0.0372677706182003,0.4692414104938507,0.5114002227783203,0.0371881201863289,0.5446434020996094,0.6917584538459778,-0.0884072706103325,0.4359286129474640,0.6842378377914429,0.0391054861247540,0.5800878405570984,0.8619852066040039,0.0478429682552814,0.4319405853748322,0.8294402956962585,0.2117198854684830,0.5838859081268311,0.8774763941764832,0.0549312308430672,0.4387348890304565,0.8531497716903687,0.2260203212499619,0.5735185742378235,0.9270392060279846,-0.0770409107208252,0.4021233916282654,0.8782454729080200,0.1281621903181076
0.4842728972434998,0.2196408957242966,-0.2149392068386078,0.4896245300769806,0.2006523162126541,-0.2084133028984070,0.4942011237144470,0.1996432244777679,-0.2084371894598007,0.4980217516422272,0.1985626071691513,-0.2084632813930511,0.4788201153278351,0.2015671432018280,-0.2003899067640305,0.4761875867843628,0.2015651911497116,-0.2004230469465256,0.4731208384037018,0.2016439884901047,-0.2003892511129379,0.5052185654640198,0.1985501050949097,-0.1164540350437164,0.4718385934829712,0.2043422609567642,-0.0773368850350380,0.4934857487678528,0.2364448606967926,-0.1752541363239288,0.4803781509399414,0.2381050735712051,-0.1644692122936249,0.5383293032646179,0.2795442938804626,-0.0611815042793751,0.4504787325859070,0.2822645008563995,0.0427715443074703,0.5521808862686157,0.4066431820392609,-0.1421146988868713,0.4180311858654022,0.4040672779083252,-0.0516329444944859,0.5051761865615845,0.3993073999881744,-0.3123129606246948,0.4409768283367157,0.3309912979602814,-0.3029012680053711,0.4924199283123016,0.4003849923610687,-0.3503290414810181,0.4438764750957489,0.3127285242080688,-0.3465927243232727,0.4903904795646667,0.3826424181461334,-0.3449425399303436,0.4456259608268738,0.2996358573436737,-0.3423808515071869,0.4933604896068573,0.3796511888504028,-0.3107826411724091,0.4470270574092865,0.3036746084690094,-0.3063280880451202,0.5184521675109863,0.5179023742675781,-0.0373866558074951,0.4683877229690552,0.5149922370910645,0.0372891649603844,0.5438286066055298,0.6958105564117432,-0.0891369432210922,0.4344120919704437,0.6875051856040955,0.0341762825846672,0.5800790190696716,0.8622333407402039,0.0609055235981941,0.4319243729114532,0.8294159770011902,0.2285954952239990,0.5840604305267334,0.8781682848930359,0.0697255581617355,0.4390558898448944,0.8530771136283875,0.2451214194297791,0.5735637545585632,0.9271624088287354,-0.0597645267844200,0.4020847976207733,0.8782848715782166,0.1525989174842834
0.4807454347610474,0.2217770516872406,-0.2444644868373871,0.4861540198326111,0.2023428529500961,-0.2386847287416458,0.4908537864685059,0.2012341320514679,-0.2387099117040634,0.4948233067989349,0.2000835835933685,-0.2387399673461914,0.4758207499980927,0.2032422423362732,-0.2293830066919327,0.4733069241046906,0.2030352354049683,-0.2294208854436874,0.4703718721866608,0.2029860913753510,-0.2293968349695206,0.5024683475494385,0.2004993110895157,-0.1456240862607956,0.4697332680225372,0.2055679112672806,-0.1005323901772499,0.4903599619865417,0.2381330728530884,-0.2040346562862396,0.4772114753723145,0.2395784407854080,-0.1916135698556900,0.5363932847976685,0.2814592123031616,-0.0841742381453514,0.4495323896408081,0.2834029197692871,0.0243353862315416,0.5501563549041748,0.4108426868915558,-0.1683326363563538,0.4163658022880554,0.4086623191833496,-0.0605562217533588,0.5004560351371765,0.4004000127315521,-0.3496933281421661,0.4390363991260529,0.3443025350570679,-0.3184123635292053,0.4865975081920624,0.4004511237144470,-0.3891237676143646,0.4425761103630066,0.3210073411464691,-0.3618086874485016,0.4852589964866638,0.3829480409622192,-0.3839040994644165,0.4443515837192535,0.3062076568603516,-0.3606854081153870,0.4888454973697662,0.3799876868724823,-0.3481538593769073,0.4464794695377350,0.3119768500328064,-0.3231553733348846,0.5175617933273315,0.5217777490615845,-0.0381563529372215,0.4682532846927643,0.5177887678146362,0.0380752757191658,0.5421099066734314,0.6985311508178711,-0.0905253589153290,0.4337603151798248,0.6874939799308777,0.0398231334984303,0.5798656940460205,0.8617898225784302,0.0682240948081017,0.4319084286689758,0.8289784193038940,0.2500280737876892,0.5839664936065674,0.8779730200767517,0.0775712206959724,0.4392005801200867,0.8524984717369080,0.2658487856388092,0.5731493830680847,0.9272344112396240,-0.0554844625294209,0.4020616114139557,0.8782572150230408,0.1684048622846603
0.4772490262985229,0.2258786857128143,-0.2720805406570435,0.4829210042953491,0.2058765888214111,-0.2688119709491730,0.4875862896442413,0.2047807425260544,-0.2688241600990295,0.4919274747371674,0.2035857886075974,-0.2688542604446411,0.4729556441307068,0.2065493464469910,-0.2590169906616211,0.4701612591743469,0.2060986310243607,-0.2590640485286713,0.4672800600528717,0.2059248834848404,-0.2590526342391968,0.4999930262565613,0.2036409080028534,-0.1788479685783386,0.4672010242938995,0.2076344639062881,-0.1311629861593246,0.4861653745174408,0.2419055849313736,-0.2317467629909515,0.4742018580436707,0.2428258210420609,-0.2186308503150940,0.5344986319541931,0.2833036780357361,-0.1101431101560593,0.4479421973228455,0.2841938734054565,-0.0036305540706962,0.5468446016311646,0.4181959927082062,-0.1820446997880936,0.4163766503334045,0.4128237068653107,-0.0822881087660789,0.4969705641269684,0.4052166044712067,-0.3541710078716278,0.4352645874023438,0.3538199961185455,-0.3407383859157562,0.4812359511852264,0.4027971029281616,-0.3920961916446686,0.4399384856224060,0.3322377204895020,-0.3833464384078979,0.4812179207801819,0.3829773962497711,-0.3869976103305817,0.4408397972583771,0.3176151216030121,-0.3836562335491180,0.4844466745853424,0.3803760707378387,-0.3523984253406525,0.4418014883995056,0.3230738341808319,-0.3459309935569763,0.5172582268714905,0.5248451232910156,-0.0387680083513260,0.4682892560958862,0.5198651552200317,0.0386983491480350,0.5409166812896729,0.7009571790695190,-0.0911536589264870,0.4330843091011047,0.6876976490020752,0.0441718101501465,0.5796827673912048,0.8613212704658508,0.0713740214705467,0.4318946599960327,0.8288676738739014,0.2550744712352753,0.5838733315467834,0.8774544000625610,0.0810577571392059,0.4392407238483429,0.8521177768707275,0.2708560824394226,0.5730958580970764,0.9270758032798767,-0.0497395433485508,0.4020280241966248,0.8782529830932617,0.1759647428989410
0.4740946590900421,0.2289500981569290,-0.2836753129959106,0.4798489809036255,0.2085736989974976,-0.2811034023761749,0.4844651818275452,0.2074006497859955,-0.2811036109924316,0.4889518320560455,0.2060962170362473,-0.2811338603496552,0.4702861905097961,0.2093586474657059,-0.2702106833457947,0.4674828946590424,0.2088557332754135,-0.2702678740024567,0.4645931124687195,0.2086714655160904,-0.2702507376670837,0.4973367750644684,0.2056935876607895,-0.1926242858171463,0.4649801850318909,0.2095646113157272,-0.1396929472684860,0.4826691448688507,0.2447372972965240,-0.2436118572950363,0.4714398980140686,0.2457058131694794,-0.2289567142724991,0.5326317548751831,0.2845221757888794,-0.1284944713115692,0.4469297826290131,0.2845897972583771,-0.0055711949244142,0.5444812774658203,0.4205262959003448,-0.1913167983293533,0.4163954555988312,0.4132676124572754,-0.0783901885151863,0.4913263618946075,0.4087530374526978,-0.3511257171630859,0.4300273358821869,0.3629802167415619,-0.3335677087306976,0.4738940298557281,0.4064430296421051,-0.3894349932670593,0.4336355328559875,0.3443768024444580,-0.3743765652179718,0.4741314947605133,0.3845248818397522,-0.3847237527370453,0.4343888163566589,0.3312033712863922,-0.3770714998245239,0.4778915345668793,0.3823185861110687,-0.3495687842369080,0.4351798892021179,0.3366724550724030,-0.3397279381752014,0.5167377591133118,0.5253775119781494,-0.0445959158241749,0.4687592685222626,0.5204686522483826,0.0444821901619434,0.5393207073211670,0.7012594938278198,-0.0917617157101631,0.4327476322650909,0.6874732971191406,0.0865429565310478,0.5796721577644348,0.8610097169876099,0.0660400241613388,0.4319208264350891,0.8289995789527893,0.2777556777000427,0.5838763117790222,0.8766113519668579,0.0737076699733734,0.4395112693309784,0.8523074984550476,0.2915134429931641,0.5729151964187622,0.9272280931472778,-0.0590827688574791,0.4017912745475769,0.8782245516777039,0.1970493644475937
0.4713627696037292,0.2297544479370117,-0.2716488242149353,0.4769181609153748,0.2093790024518967,-0.2678196728229523,0.4813961684703827,0.2081000059843063,-0.2678330540657043,0.4859656095504761,0.2067252248525620,-0.2678672671318054,0.4677009284496307,0.2102487981319427,-0.2576268613338470,0.4648658633232117,0.2097064554691315,-0.2576757073402405,0.4620656073093414,0.2094987183809280,-0.2576545178890228,0.4948091208934784,0.2063501030206680,-0.1779602319002151,0.4629417359828949,0.2102054953575134,-0.1340045332908630,0.4799186587333679,0.2451485544443130,-0.2317077368497849,0.4689416587352753,0.2465180009603500,-0.2184660732746124,0.5312263369560242,0.2844167053699493,-0.1174114271998405,0.4459124207496643,0.2848768234252930,0.0120171662420034,0.5422507524490356,0.4223242402076721,-0.1759832501411438,0.4189855456352234,0.4113815724849701,-0.0444000884890556,0.4888589084148407,0.4093890786170959,-0.3167286217212677,0.4229357540607452,0.3796347081661224,-0.3269963860511780,0.4698744714260101,0.4073505401611328,-0.3542298972606659,0.4203932881355286,0.3716082274913788,-0.3640442192554474,0.4694544672966003,0.3846873044967651,-0.3512030839920044,0.4206633567810059,0.3555690944194794,-0.3596913516521454,0.4732252955436707,0.3823535144329071,-0.3152856528759003,0.4226985573768616,0.3572204709053040,-0.3248830437660217,0.5168696641921997,0.5258837342262268,-0.0466967821121216,0.4689155519008636,0.5216169357299805,0.0465994440019131,0.5380375385284424,0.7019274830818176,-0.0925981774926186,0.4321433007717133,0.6877647638320923,0.0800044238567352,0.5796842575073242,0.8611814379692078,0.0622136816382408,0.4319101572036743,0.8292289376258850,0.2774789035320282,0.5841352343559265,0.8770662546157837,0.0699202716350555,0.4397726356983185,0.8525033593177795,0.2925919294357300,0.5726587176322937,0.9273713231086731,-0.0612702108919621,0.4015350639820099,0.8783417344093323,0.2010876089334488
0.4693211019039154,0.2298391461372375,-0.2857923209667206,0.4745226204395294,0.2094673514366150,-0.2819076180458069,0.4789071083068848,0.2081151157617569,-0.2819264531135559,0.4835371673107147,0.2066942155361176,-0.2819686830043793,0.4656786918640137,0.2104567140340805,-0.2700926363468170,0.4629143178462982,0.2099402993917465,-0.2701444625854492,0.4601549208164215,0.2097749710083008,-0.2701275646686554,0.4926306605339050,0.2063302546739578,-0.1877036094665527,0.4611330628395081,0.2105563879013062,-0.1334471404552460,0.4780646562576294,0.2450909614562988,-0.2440657168626785,0.4671482145786285,0.2466967850923538,-0.2285086661577225,0.5297806262969971,0.2842336893081665,-0.1277212500572205,0.4453187584877014,0.2850448489189148,0.0122766224667430,0.5402752161026001,0.4229891598224640,-0.1856802552938461,0.4195471405982971,0.4085118472576141,-0.0444417186081409,0.4842354655265808,0.4093774855136871,-0.3260097801685333,0.4165853857994080,0.3859469294548035,-0.3188219368457794,0.4660073518753052,0.4076317250728607,-0.3649902045726776,0.4113012254238129,0.3832319974899292,-0.3594018518924713,0.4645652472972870,0.3848670125007629,-0.3628061115741730,0.4117347300052643,0.3681328296661377,-0.3683693706989288,0.4675266444683075,0.3823732733726501,-0.3244270980358124,0.4154875874519348,0.3684123456478119,-0.3265973329544067,0.5170167684555054,0.5260520577430725,-0.0503224022686481,0.4692832827568054,0.5220887660980225,0.0502227693796158,0.5375801920890808,0.7027407288551331,-0.0941760316491127,0.4320168495178223,0.6875915527343750,0.0854379683732986,0.5796777606010437,0.8612451553344727,0.0601765513420105,0.4319840371608734,0.8295881152153015,0.2886805832386017,0.5841424465179443,0.8770397901535034,0.0678900182247162,0.4401664733886719,0.8530190587043762,0.3035994470119476,0.5725784897804260,0.9274477958679199,-0.0644928961992264,0.4015224277973175,0.8783671259880066,0.2102039754390717
0.4671840667724609,0.2297344207763672,-0.3114328086376190,0.4721439182758331,0.2093815803527832,-0.3076483607292175,0.4764186441898346,0.2080666571855545,-0.3076647818088531,0.4811302125453949,0.2066606879234314,-0.3077033460140228,0.4635836482048035,0.2104073017835617,-0.2951456606388092,0.4609116017818451,0.2099149525165558,-0.2951982915401459,0.4583112597465515,0.2097706049680710,-0.2951913475990295,0.4907343089580536,0.2062100619077682,-0.2131662070751190,0.4596226811408997,0.2106272429227829,-0.1538312733173370,0.4759967923164368,0.2449894696474075,-0.2697215080261230,0.4653715491294861,0.2466533184051514,-0.2531022429466248,0.5285400152206421,0.2841214239597321,-0.1533702760934830,0.4450565278530121,0.2850395441055298,-0.0067271846346557,0.5382040739059448,0.4231593310832977,-0.2079783082008362,0.4199562072753906,0.4064574241638184,-0.0593251474201679,0.4786660373210907,0.4093348681926727,-0.3498927652835846,0.4117544591426849,0.3969753086566925,-0.3301008045673370,0.4612959325313568,0.4076497554779053,-0.3900100290775299,0.4057504832744598,0.4029476046562195,-0.3713711202144623,0.4594027101993561,0.3849847018718719,-0.3876120746135712,0.4062049686908722,0.3866350352764130,-0.3875693082809448,0.4627313017845154,0.3824795782566071,-0.3483796119689941,0.4093866050243378,0.3842473626136780,-0.3425915539264679,0.5173839330673218,0.5258499979972839,-0.0515570752322674,0.4697438180446625,0.5218679904937744,0.0514487437903881,0.5374217629432678,0.7032262682914734,-0.0926916822791100,0.4326332211494446,0.6864308118820190,0.1010503619909286,0.5797282457351685,0.8613427877426147,0.0585937313735485,0.4319774806499481,0.8295085430145264,0.3020111024379730,0.5843168497085571,0.8773106932640076,0.0659037455916405,0.4403051733970642,0.8529302477836609,0.3164228200912476,0.5725405812263489,0.9274777770042419,-0.0667616128921509,0.4015836417675018,0.8785541653633118,0.2246543765068054
0.4657912552356720,0.2296471297740936,-0.3217125236988068,0.4704597294330597,0.2091871351003647,-0.3178163170814514,0.4747379422187805,0.2077895104885101,-0.3178418874740601,0.4795638620853424,0.2063020765781403,-0.3178853988647461,0.4618767797946930,0.2102458626031876,-0.3051086962223053,0.4591416716575623,0.2097735702991486,-0.3051648437976837,0.4566566050052643,0.2096481025218964,-0.3051609694957733,0.4895308911800385,0.2059800177812576,-0.2215294092893600,0.4579414427280426,0.2105731964111328,-0.1607432216405869,0.4744161069393158,0.2447589486837387,-0.2790682017803192,0.4639501273632050,0.2465109378099442,-0.2621040642261505,0.5272982120513916,0.2817995548248291,-0.1613152921199799,0.4440397024154663,0.2851213812828064,-0.0097583802416921,0.5376802682876587,0.4222441017627716,-0.2177558392286301,0.4211569428443909,0.4055244028568268,-0.0574498102068901,0.4770427346229553,0.4093229174613953,-0.3671123385429382,0.4098627269268036,0.4076354205608368,-0.3200244903564453,0.4606485366821289,0.4076540768146515,-0.4091493785381317,0.4029284715652466,0.4135933816432953,-0.3608855307102203,0.4579655528068542,0.3851059079170227,-0.4078501164913177,0.4027611613273621,0.3977188766002655,-0.3779009580612183,0.4614240229129791,0.3825779259204865,-0.3664267659187317,0.4060541987419128,0.3958125114440918,-0.3327378928661346,0.5178477168083191,0.5251960754394531,-0.0541492216289043,0.4701842367649078,0.5216276645660400,0.0540525428950787,0.5373081564903259,0.7031686902046204,-0.0933005288243294,0.4333011209964752,0.6823387742042542,0.1128983423113823,0.5797373056411743,0.8612718582153320,0.0538786761462688,0.4320322871208191,0.8295075893402100,0.3060107231140137,0.5851019024848938,0.8774276971817017,0.0604778788983822,0.4406258761882782,0.8529252409934998,0.3191850483417511,0.5723591446876526,0.9275808930397034,-0.0769657716155052,0.4016254842281342,0.8785548806190491,0.2231189161539078
0.4642499685287476,0.2285912036895752,-0.3320813179016113,0.4684919416904449,0.2076711505651474,-0.3289331495761871,0.4728563129901886,0.2060522288084030,-0.3289618492126465,0.4777674376964569,0.2043586224317551,-0.3290148377418518,0.4599728882312775,0.2090909332036972,-0.3155559599399567,0.4573455452919006,0.2087240815162659,-0.3156089484691620,0.4549056291580200,0.2087126076221466,-0.3156117796897888,0.4879600107669830,0.2039880901575089,-0.2343748956918716,0.4563991129398346,0.2099056094884872,-0.1704289913177490,0.4734461903572083,0.2433627694845200,-0.2899235188961029,0.4628289937973022,0.2457247972488403,-0.2720525860786438,0.5264646410942078,0.2779254913330078,-0.1751305311918259,0.4439529776573181,0.2848893404006958,-0.0168656148016453,0.5360804796218872,0.4218204915523529,-0.2217024862766266,0.4252230226993561,0.4039622247219086,-0.0573983564972878,0.4736002981662750,0.4089523255825043,-0.3625327050685883,0.4087624549865723,0.4158264100551605,-0.3182947337627411,0.4580909013748169,0.4075281918048859,-0.4035590589046478,0.3995114266872406,0.4251539111137390,-0.3586286306381226,0.4549888670444489,0.3850836157798767,-0.4027790725231171,0.3977009356021881,0.4096336960792542,-0.3674030303955078,0.4585456550121307,0.3825139105319977,-0.3620259463787079,0.4032237231731415,0.4063059091567993,-0.3246022164821625,0.5182992219924927,0.5243036746978760,-0.0558045953512192,0.4704764485359192,0.5206674933433533,0.0557031296193600,0.5376122593879700,0.7027249932289124,-0.0945267379283905,0.4336174130439758,0.6778783202171326,0.1223893836140633,0.5798956751823425,0.8613585829734802,0.0506093539297581,0.4323043823242188,0.8293877840042114,0.3155413568019867,0.5868617892265320,0.8775531053543091,0.0572072006762028,0.4412696659564972,0.8528853654861450,0.3289782106876373,0.5721111297607422,0.9276731610298157,-0.0790974274277687,0.4019046723842621,0.8784478306770325,0.2367386519908905
0.4625865221023560,0.2271576374769211,-0.3197844624519348,0.4666529595851898,0.2061713188886642,-0.3167214691638947,0.4708281457424164,0.2042901217937469,-0.3167544305324554,0.4756264388561249,0.2023513615131378,-0.3168006241321564,0.4584382474422455,0.2079952061176300,-0.3030511736869812,0.4558667242527008,0.2077229470014572,-0.3030986189842224,0.4536086916923523,0.2077332437038422,-0.3031136095523834,0.4863904118537903,0.2018046230077744,-0.2265626341104507,0.4556188881397247,0.2085826098918915,-0.1609509736299515,0.4717097282409668,0.2412215322256088,-0.2798048257827759,0.4616670608520508,0.2440771907567978,-0.2613755166530609,0.5256577730178833,0.2747052907943726,-0.1721132099628448,0.4445599317550659,0.2844647467136383,-0.0122195910662413,0.5350655317306519,0.4211051762104034,-0.2176563590764999,0.4295630156993866,0.4025980532169342,-0.0247279182076454,0.4692931771278381,0.4073511958122253,-0.3585097193717957,0.4041651785373688,0.4193081259727478,-0.2439666241407394,0.4534063339233398,0.4072600305080414,-0.3989044129848480,0.3904553949832916,0.4308152794837952,-0.2782004773616791,0.4508827328681946,0.3849768042564392,-0.3968780338764191,0.3875333964824677,0.4191113114356995,-0.3086186945438385,0.4554627537727356,0.3822205662727356,-0.3576160073280334,0.3935432434082031,0.4160868823528290,-0.2617471218109131,0.5186096429824829,0.5225832462310791,-0.0558407306671143,0.4712231457233429,0.5190516710281372,0.0557370595633984,0.5380186438560486,0.7016643881797791,-0.0900745689868927,0.4346356093883514,0.6756673455238342,0.1177427619695663,0.5801621675491333,0.8607976436614990,0.0508548356592655,0.4322924315929413,0.8293461203575134,0.2957910895347595,0.5874055624008179,0.8770343065261841,0.0572620220482349,0.4412316381931305,0.8528906106948853,0.3078506290912628,0.5717589855194092,0.9277484416961670,-0.0777603685855865,0.4018870890140533,0.8784121274948120,0.2141761034727097
0.4614014625549316,0.2232020497322083,-0.3154916465282440,0.4652372002601624,0.2022797018289566,-0.3127632141113281,0.4693297743797302,0.2005026638507843,-0.3128029704093933,0.4739483892917633,0.1987082362174988,-0.3128442764282227,0.4570309221744537,0.2043484598398209,-0.2980375587940216,0.4546402990818024,0.2043048739433289,-0.2980851531028748,0.4525211453437805,0.2046227157115936,-0.2981079816818237,0.4850168228149414,0.1984202712774277,-0.2263896018266678,0.4545958340167999,0.2062056064605713,-0.1562365591526031,0.4702455699443817,0.2370852679014206,-0.2773197591304779,0.4605237841606140,0.2401478588581085,-0.2574893832206726,0.5244939327239990,0.2717611193656921,-0.1791688352823257,0.4450807571411133,0.2842783033847809,-0.0077278036624193,0.5335279703140259,0.4185679554939270,-0.2228830605745316,0.4323891997337341,0.4015848338603973,0.0000896738201845,0.4670091867446899,0.4042806029319763,-0.3557725548744202,0.4005439579486847,0.4226771295070648,-0.2006820738315582,0.4503842890262604,0.4050748050212860,-0.3958334922790527,0.3832204937934875,0.4367218613624573,-0.2317730784416199,0.4479940235614777,0.3837430477142334,-0.3941015005111694,0.3806337416172028,0.4264994263648987,-0.2663637101650238,0.4526436924934387,0.3809944093227386,-0.3549755215644836,0.3876483142375946,0.4229513704776764,-0.2204435467720032,0.5188297629356384,0.5208584666252136,-0.0583084747195244,0.4732407331466675,0.5172691345214844,0.0582089647650719,0.5383045077323914,0.7003496885299683,-0.0900744646787643,0.4369307160377502,0.6712089180946350,0.1249504089355469,0.5804211497306824,0.8601580858230591,0.0339734181761742,0.4322872161865234,0.8292893171310425,0.2874099612236023,0.5879455208778381,0.8767364025115967,0.0379036143422127,0.4412045478820801,0.8529024720191956,0.2980976998806000,0.5711677074432373,0.9278301596641541,-0.0937602147459984,0.4018419682979584,0.8783828020095825,0.2057773619890213
0.4604330956935883,0.2192196100950241,-0.3088560998439789,0.4642778635025024,0.1985806673765182,-0.3056888878345490,0.4683489203453064,0.1968442201614380,-0.3057283163070679,0.4728605151176453,0.1951168328523636,-0.3057657480239868,0.4559084475040436,0.2010984569787979,-0.2914958298206329,0.4535169303417206,0.2012749165296555,-0.2915449142456055,0.4514574706554413,0.2017792761325836,-0.2915655374526978,0.4837075769901276,0.1950102299451828,-0.2179478555917740,0.4533430933952332,0.2039546519517899,-0.1506473273038864,0.4692036211490631,0.2327207475900650,-0.2702715694904327,0.4593879580497742,0.2362893819808960,-0.2512333095073700,0.5233495235443115,0.2674756944179535,-0.1727753132581711,0.4450477957725525,0.2839383482933044,-0.0052679195068777,0.5326604843139648,0.4141438603401184,-0.2184823006391525,0.4338725209236145,0.4014387428760529,-0.0022173225879669,0.4668169319629669,0.4019109606742859,-0.3529752194881439,0.4005467593669891,0.4263459742069244,-0.2136795371770859,0.4506760239601135,0.4036965966224670,-0.3923613727092743,0.3856890797615051,0.4416864216327667,-0.2459834218025208,0.4477726519107819,0.3828043937683105,-0.3937592506408691,0.3821999132633209,0.4307899475097656,-0.2753967940807343,0.4522909820079803,0.3796820342540741,-0.3533363640308380,0.3898344635963440,0.4264997839927673,-0.2313409149646759,0.5195884704589844,0.5187807679176331,-0.0608577169477940,0.4755338132381439,0.5151383280754089,0.0607603564858437,0.5384016633033752,0.6987225413322449,-0.0902377814054489,0.4401172399520874,0.6689175963401794,0.1272696405649185,0.5805144906044006,0.8597431778907776,0.0142453582957387,0.4323338270187378,0.8284676671028137,0.2801216840744019,0.5881869792938232,0.8762778043746948,0.0162993390113115,0.4411781728267670,0.8525429964065552,0.2924679815769196,0.5700614452362061,0.9278857707977295,-0.1142912730574608,0.4018215835094452,0.8778777122497559,0.1973008513450623
0.4591282010078430,0.2172196060419083,-0.2979377210140228,0.4627761840820312,0.1965275853872299,-0.3029780685901642,0.4668309092521667,0.1947939097881317,-0.3030435740947723,0.4713538587093353,0.1930601000785828,-0.3030807077884674,0.4547882974147797,0.1991786360740662,-0.2813596725463867,0.4524411261081696,0.1994281560182571,-0.2814058363437653,0.4504413008689880,0.1999625861644745,-0.2814849019050598,0.4822650849819183,0.1932132095098495,-0.2118601202964783,0.4528227150440216,0.2024395018815994,-0.1495312899351120,0.4678689241409302,0.2307487279176712,-0.2653766274452209,0.4583685100078583,0.2342452704906464,-0.2453187108039856,0.5221679210662842,0.2652186155319214,-0.1747977882623672,0.4453973174095154,0.2835980355739594,-0.0021352013573050,0.5326098799705505,0.4095917642116547,-0.2148713320493698,0.4372441470623016,0.4012186825275421,0.0094425892457366,0.4669984877109528,0.4007522165775299,-0.2858116328716278,0.4028684496879578,0.4276102185249329,-0.1818634122610092,0.4502697885036469,0.4028580486774445,-0.3170954883098602,0.3900255262851715,0.4438958764076233,-0.2103800028562546,0.4484685957431793,0.3824327886104584,-0.3185174167156219,0.3834124505519867,0.4351764917373657,-0.2394896149635315,0.4536760151386261,0.3793149292469025,-0.2853372395038605,0.3916582167148590,0.4296540021896362,-0.1993078440427780,0.5208274126052856,0.5168664455413818,-0.0636258795857430,0.4784843325614929,0.5128570795059204,0.0635284259915352,0.5388479828834534,0.6968393325805664,-0.0887498110532761,0.4439516365528107,0.6652663350105286,0.1191272214055061,0.5801946520805359,0.8592647910118103,0.0158286895602942,0.4326183497905731,0.8284586668014526,0.2422074675559998,0.5879281759262085,0.8747689723968506,0.0184927210211754,0.4411470592021942,0.8528349995613098,0.2476019114255905,0.5694561600685120,0.9279462099075317,-0.1064660921692848,0.4014917612075806,0.8773711323738098,0.1651215553283691
0.4580150842666626,0.2152820527553558,-0.2945241034030914,0.4616027772426605,0.1945639997720718,-0.2959494888782501,0.4655640423297882,0.1928459256887436,-0.2959993779659271,0.4699849188327789,0.1911356598138809,-0.2960379719734192,0.4536705017089844,0.1973995417356491,-0.2782962620258331,0.4514094293117523,0.1977219879627228,-0.2783448994159698,0.4494486749172211,0.1983411014080048,-0.2783945798873901,0.4811557233333588,0.1914739161729813,-0.2162424623966217,0.4518175423145294,0.2010167390108109,-0.1453502178192139,0.4667612314224243,0.2288777679204941,-0.2599436342716217,0.4574207961559296,0.2323671877384186,-0.2408628314733505,0.5207011699676514,0.2633760571479797,-0.1866828352212906,0.4454463422298431,0.2828850746154785,0.0026888246648014,0.5319187045097351,0.4067878723144531,-0.2097627371549606,0.4412547051906586,0.4002830684185028,-0.0027996660210192,0.4652803242206573,0.3977578282356262,-0.2476043701171875,0.4038555920124054,0.4238267838954926,-0.2140385806560516,0.4491735100746155,0.4009777009487152,-0.2741440236568451,0.3936261534690857,0.4358527064323425,-0.2446609139442444,0.4484211504459381,0.3805737793445587,-0.2752746939659119,0.3894257545471191,0.4245305955410004,-0.2682642042636871,0.4531503915786743,0.3776649832725525,-0.2456563860177994,0.3954280316829681,0.4201526939868927,-0.2296889573335648,0.5232818126678467,0.5149309635162354,-0.0672168582677841,0.4818859100341797,0.5104045867919922,0.0671743825078011,0.5395957827568054,0.6951823234558105,-0.0887746438384056,0.4467662274837494,0.6636332273483276,0.1240149214863777,0.5800655484199524,0.8592783212661743,0.0034862412139773,0.4328978955745697,0.8278899788856506,0.2400451749563217,0.5879160165786743,0.8749784231185913,0.0047817532904446,0.4411102235317230,0.8527596592903137,0.2450150698423386,0.5673602819442749,0.9278973937034607,-0.1168794780969620,0.4014834761619568,0.8765574693679810,0.1644195169210434
0.4560827314853668,0.2136590182781219,-0.2865907847881317,0.4597882926464081,0.1928661763668060,-0.2917795181274414,0.4635230004787445,0.1911507248878479,-0.2918533980846405,0.4678698480129242,0.1895479708909988,-0.2919137179851532,0.4520569145679474,0.1958575546741486,-0.2695292532444000,0.4500120580196381,0.1962942630052567,-0.2695691883563995,0.4480998218059540,0.1970155686140060,-0.2696270346641541,0.4799441397190094,0.1902390122413635,-0.2118589580059052,0.4508821368217468,0.1997966617345810,-0.1380200833082199,0.4651489853858948,0.2274850308895111,-0.2590364515781403,0.4561781883239746,0.2308917790651321,-0.2335153371095657,0.5196998715400696,0.2617846727371216,-0.1856852024793625,0.4455778002738953,0.2825221717357635,0.0171222146600485,0.5323435068130493,0.4036253988742828,-0.2068227380514145,0.4428544342517853,0.4001385569572449,0.0083059919998050,0.4647340476512909,0.3951652646064758,-0.2484011352062225,0.4056766629219055,0.4231990575790405,-0.2023957371711731,0.4491336941719055,0.3991685211658478,-0.2756739258766174,0.3968968391418457,0.4342172741889954,-0.2310739159584045,0.4482527375221252,0.3791974186897278,-0.2750101089477539,0.3937386572360992,0.4223830103874207,-0.2562843263149261,0.4528231322765350,0.3764385581016541,-0.2459757775068283,0.3992480933666229,0.4179744720458984,-0.2191692888736725,0.5259187817573547,0.5132552981376648,-0.0710869804024696,0.4847761392593384,0.5092142224311829,0.0710514858365059,0.5403320193290710,0.6943293213844299,-0.0862150639295578,0.4492586255073547,0.6623988747596741,0.1300788372755051,0.5799902677536011,0.8588265180587769,0.0121894152835011,0.4331783354282379,0.8264007568359375,0.2437947243452072,0.5878614783287048,0.8749447464942932,0.0147409774363041,0.4411422014236450,0.8512476086616516,0.2504705190658569,0.5673583149909973,0.9279243350028992,-0.1088412106037140,0.4012830853462219,0.8747717738151550,0.1682427376508713
0.4553349912166595,0.2136386334896088,-0.2902126610279083,0.4591122269630432,0.1926429569721222,-0.2935902774333954,0.4629520773887634,0.1908773034811020,-0.2936538457870483,0.4673464596271515,0.1892434507608414,-0.2937197983264923,0.4515431821346283,0.1956385225057602,-0.2719732522964478,0.4494886398315430,0.1960183382034302,-0.2720079421997070,0.4476331174373627,0.1966679394245148,-0.2720541357994080,0.4795139133930206,0.1899746060371399,-0.2237258702516556,0.4511555135250092,0.1990741938352585,-0.1376023292541504,0.4645327925682068,0.2275045961141586,-0.2620303928852081,0.4557219147682190,0.2309753596782684,-0.2355911731719971,0.5186185836791992,0.2617595493793488,-0.2057945579290390,0.4475255906581879,0.2825089693069458,0.0213042180985212,0.5313347578048706,0.4031708538532257,-0.2225906401872635,0.4447555243968964,0.4000737369060516,0.0082020964473486,0.4629139900207520,0.3932992219924927,-0.2614809870719910,0.4070945978164673,0.4247353076934814,-0.2094093263149261,0.4477481842041016,0.3973621428012848,-0.2893734574317932,0.3987747132778168,0.4337265491485596,-0.2386705875396729,0.4464992582798004,0.3786209523677826,-0.2898520231246948,0.3959259986877441,0.4221436083316803,-0.2639749348163605,0.4518626630306244,0.3757040798664093,-0.2593778371810913,0.4014593958854675,0.4179175794124603,-0.2266442924737930,0.5286805629730225,0.5130544900894165,-0.0758678019046783,0.4875229895114899,0.5088811516761780,0.0758576244115829,0.5419728755950928,0.6943677663803101,-0.0862764492630959,0.4512273669242859,0.6623856425285339,0.1429971158504486,0.5799871683120728,0.8592651486396790,0.0103322854265571,0.4334745705127716,0.8259533643722534,0.2575940787792206,0.5879908800125122,0.8781993985176086,0.0125810448080301,0.4411893784999847,0.8512350916862488,0.2618662416934967,0.5670794248580933,0.9280470013618469,-0.1094942912459373,0.4012783765792847,0.8746402859687805,0.1889079511165619
0.4542699754238129,0.2137256413698196,-0.2915874123573303,0.4581256210803986,0.1927609890699387,-0.2934099733829498,0.4618281126022339,0.1910311877727509,-0.2934655547142029,0.4661973118782043,0.1894227415323257,-0.2935291528701782,0.4506863057613373,0.1957454979419708,-0.2723691165447235,0.4488303363323212,0.1961320042610168,-0.2724030315876007,0.4471283853054047,0.1967697590589523,-0.2724393904209137,0.4789355695247650,0.1901651173830032,-0.2242586463689804,0.4510381519794464,0.1991630345582962,-0.1372650414705276,0.4637372195720673,0.2276101410388947,-0.2624693810939789,0.4549926817417145,0.2310905456542969,-0.2358102351427078,0.5182563066482544,0.2619128525257111,-0.2027078419923782,0.4495773315429688,0.2825381457805634,0.0266708750277758,0.5327765941619873,0.4024868309497833,-0.2306455820798874,0.4482508599758148,0.3999781310558319,0.0054943962022662,0.4650897979736328,0.3931056857109070,-0.2762871384620667,0.4121408462524414,0.4202446937561035,-0.2221730053424835,0.4500296413898468,0.3967073261737823,-0.3057746887207031,0.4053747057914734,0.4270216822624207,-0.2530562877655029,0.4485162794589996,0.3779540657997131,-0.3041526973247528,0.4011479914188385,0.4153977632522583,-0.2761076688766479,0.4534479379653931,0.3750998675823212,-0.2736629247665405,0.4101792871952057,0.4111142456531525,-0.2383024841547012,0.5316087007522583,0.5115207433700562,-0.0800366401672363,0.4905831515789032,0.5079645514488220,0.0800678655505180,0.5428143739700317,0.6917436718940735,-0.0925517752766609,0.4540289342403412,0.6599789857864380,0.1485824435949326,0.5800043940544128,0.8591248393058777,-0.0246655028313398,0.4335513412952423,0.8253498673439026,0.2586592733860016,0.5880894064903259,0.8791989684104919,-0.0258789733052254,0.4412555694580078,0.8509792089462280,0.2622513473033905,0.5660039186477661,0.9280869364738464,-0.1522515118122101,0.4006689190864563,0.8746003508567810,0.1888771504163742
0.4536505341529846,0.2142568230628967,-0.3158377110958099,0.4577572643756866,0.1932198554277420,-0.3178282380104065,0.4614424109458923,0.1912737637758255,-0.3178724646568298,0.4658884704113007,0.1894547045230865,-0.3179533779621124,0.4503160119056702,0.1964402943849564,-0.2958574593067169,0.4484747946262360,0.1967437714338303,-0.2958932518959045,0.4467591643333435,0.1972381919622421,-0.2959227263927460,0.4789158105850220,0.1903345882892609,-0.2507473230361938,0.4511961042881012,0.1992914080619812,-0.1530208438634872,0.4636277854442596,0.2278782278299332,-0.2863602340221405,0.4548934698104858,0.2314536273479462,-0.2579582035541534,0.5184781551361084,0.2622878253459930,-0.2242160290479660,0.4520777165889740,0.2827057540416718,0.0221170093864202,0.5335270166397095,0.4052020609378815,-0.2334683537483215,0.4501961767673492,0.3997176885604858,-0.0007085018442012,0.4668873250484467,0.3932428359985352,-0.2540306746959686,0.4154168367385864,0.4179947972297668,-0.2241454273462296,0.4513805508613586,0.3968488276004791,-0.2779073417186737,0.4082538783550262,0.4248507320880890,-0.2615410089492798,0.4504553377628326,0.3774554729461670,-0.2784239649772644,0.4034195542335510,0.4135074019432068,-0.2802063226699829,0.4552141129970551,0.3746492862701416,-0.2510086297988892,0.4152604043483734,0.4072535037994385,-0.2419610023498535,0.5349205136299133,0.5111747980117798,-0.0789843723177910,0.4930185973644257,0.5075950622558594,0.0790084823966026,0.5445922017097473,0.6918135285377502,-0.0928856804966927,0.4551037251949310,0.6591298580169678,0.1451066434383392,0.5802247524261475,0.8591777086257935,-0.0055872518569231,0.4339103102684021,0.8252090811729431,0.2666788399219513,0.5882677435874939,0.8799805045127869,-0.0037927425000817,0.4414519667625427,0.8509528636932373,0.2711105346679688,0.5659609436988831,0.9281023740768433,-0.1340458989143372,0.4006663858890533,0.8745982050895691,0.1977496445178986
0.4535216689109802,0.2148453742265701,-0.3341549038887024,0.4577037990093231,0.1933764070272446,-0.3358276188373566,0.4614026248455048,0.1914239078760147,-0.3358705639839172,0.4658701717853546,0.1896415501832962,-0.3359493017196655,0.4500834345817566,0.1966631114482880,-0.3136349022388458,0.4482388794422150,0.1970273554325104,-0.3136777877807617,0.4464438259601593,0.1975957304239273,-0.3137209713459015,0.4790292978286743,0.1907596290111542,-0.2694102823734283,0.4509792029857635,0.1997918188571930,-0.1681773364543915,0.4634623229503632,0.2284577786922455,-0.3048162460327148,0.4548289477825165,0.2321213185787201,-0.2757691442966461,0.5191043615341187,0.2634828686714172,-0.2415213286876678,0.4534863829612732,0.2832980751991272,0.0051910826005042,0.5342237949371338,0.4096871912479401,-0.2702430486679077,0.4485658705234528,0.4006721079349518,0.0005442359251902,0.4681815505027771,0.3933578729629517,-0.3076546788215637,0.4062960445880890,0.4255798161029816,-0.2111946195363998,0.4523709118366241,0.3969313800334930,-0.3344622552394867,0.3931452929973602,0.4411356747150421,-0.2402885258197784,0.4519001245498657,0.3776107132434845,-0.3355467021465302,0.3865812122821808,0.4333586990833282,-0.2706633508205414,0.4565641283988953,0.3746944069862366,-0.3056761324405670,0.3964521288871765,0.4277345240116119,-0.2312184125185013,0.5377985239028931,0.5112731456756592,-0.0773208588361740,0.4950084090232849,0.5076928138732910,0.0773159191012383,0.5453280210494995,0.6919962763786316,-0.0931844562292099,0.4555681943893433,0.6598144173622131,0.1349966377019882,0.5805907845497131,0.8577193021774292,0.0124879600480199,0.4340730905532837,0.8248967528343201,0.2655806541442871,0.5883998870849609,0.8788553476333618,0.0170294661074877,0.4414420723915100,0.8508247733116150,0.2697228789329529,0.5666885375976562,0.9278696775436401,-0.1041762605309486,0.4003637433052063,0.8745657801628113,0.1956616044044495
0.4535791575908661,0.2186169475317001,-0.3401835560798645,0.4578695297241211,0.1972043812274933,-0.3423098027706146,0.4615266919136047,0.1949988901615143,-0.3423511683940887,0.4660466909408569,0.1927543282508850,-0.3424351811408997,0.4502643346786499,0.2007247656583786,-0.3204989433288574,0.4484497606754303,0.2008982449769974,-0.3205423951148987,0.4466457664966583,0.2012089341878891,-0.3205969035625458,0.4794041216373444,0.1929795145988464,-0.2800125479698181,0.4513332545757294,0.2023829072713852,-0.1797184646129608,0.4638045728206635,0.2321186512708664,-0.3123246431350708,0.4551954865455627,0.2357285022735596,-0.2836665511131287,0.5196911096572876,0.2690664529800415,-0.2516545355319977,0.4559870958328247,0.2859353721141815,-0.0129990437999368,0.5347367525100708,0.4163092374801636,-0.2675038874149323,0.4489355385303497,0.4032590091228485,-0.0023032750468701,0.4693649411201477,0.3945865929126740,-0.3060995936393738,0.4030780494213104,0.4299315512180328,-0.2036027759313583,0.4533724784851074,0.3983349502086639,-0.3329701125621796,0.3855352699756622,0.4477483928203583,-0.2304510176181793,0.4530181586742401,0.3790975213050842,-0.3343735337257385,0.3815276026725769,0.4398535192012787,-0.2635334730148315,0.4576085209846497,0.3766770362854004,-0.3043780922889709,0.3899982273578644,0.4353811740875244,-0.2240637689828873,0.5399438142776489,0.5114174485206604,-0.0757202282547951,0.4966666996479034,0.5078037977218628,0.0757057964801788,0.5461969971656799,0.6921392679214478,-0.0962487533688545,0.4562282264232635,0.6603401899337769,0.1382459700107574,0.5807628631591797,0.8575425148010254,0.0129767842590809,0.4343510270118713,0.8237424492835999,0.2750116288661957,0.5883843302726746,0.8784939050674438,0.0172828733921051,0.4414278268814087,0.8498218059539795,0.2814616262912750,0.5664309859275818,0.9279046654701233,-0.1021042987704277,0.4002771377563477,0.8740944266319275,0.2049993723630905
0.4541879594326019,0.2229142636060715,-0.3362689614295959,0.4585100710391998,0.2018485516309738,-0.3388925790786743,0.4622284770011902,0.1994590312242508,-0.3389324545860291,0.4667451977729797,0.1968570351600647,-0.3390190899372101,0.4508298337459564,0.2056112289428711,-0.3170984089374542,0.4489946067333221,0.2057567387819290,-0.3171409070491791,0.4471571147441864,0.2059326320886612,-0.3171891272068024,0.4799337983131409,0.1961398720741272,-0.2786860764026642,0.4516854882240295,0.2065147906541824,-0.1776204258203506,0.4643939733505249,0.2361498922109604,-0.3089341521263123,0.4557243287563324,0.2397252470254898,-0.2801500558853149,0.5202089548110962,0.2735957801342010,-0.2513267397880554,0.4582237899303436,0.2892931401729584,-0.0161139369010925,0.5369385480880737,0.4194479882717133,-0.2800176441669464,0.4523808062076569,0.4050574600696564,-0.0071072042919695,0.4696439206600189,0.3982495367527008,-0.3212988078594208,0.4043458104133606,0.4312009215354919,-0.2118357568979263,0.4542089104652405,0.4015939831733704,-0.3487595915794373,0.3866075575351715,0.4480570852756500,-0.2442551255226135,0.4533589482307434,0.3831281661987305,-0.3479356765747070,0.3836478590965271,0.4410150647163391,-0.2650922834873199,0.4585978090763092,0.3805164396762848,-0.3188493549823761,0.3921597301959991,0.4364178478717804,-0.2251823842525482,0.5408591032028198,0.5129851102828979,-0.0755056217312813,0.4978612065315247,0.5084277391433716,0.0754851102828979,0.5471753478050232,0.6956493854522705,-0.0973339453339577,0.4564581215381622,0.6608625650405884,0.1352227330207825,0.5807821750640869,0.8584719300270081,0.0236570462584496,0.4344545304775238,0.8237315416336060,0.2738270759582520,0.5883304476737976,0.8790712952613831,0.0295998379588127,0.4413689672946930,0.8498409986495972,0.2810186147689819,0.5653796792030334,0.9289551377296448,-0.0892920717597008,0.4001868665218353,0.8735015392303467,0.2027650773525238
0.4548310041427612,0.2252937555313110,-0.3319145739078522,0.4591221213340759,0.2037645280361176,-0.3348112404346466,0.4628728330135345,0.2014462947845459,-0.3348433077335358,0.4673576653003693,0.1990391612052917,-0.3349147439002991,0.4513973593711853,0.2074542939662933,-0.3130709826946259,0.4495286047458649,0.2077056169509888,-0.3131250441074371,0.4476582109928131,0.2080217450857162,-0.3131716549396515,0.4804710149765015,0.1988887786865234,-0.2761382758617401,0.4519818425178528,0.2089376449584961,-0.1751655638217926,0.4650151133537292,0.2383953779935837,-0.3051220476627350,0.4562403559684753,0.2422043383121490,-0.2763959169387817,0.5205082297325134,0.2790460884571075,-0.2475184649229050,0.4621212780475616,0.2921575605869293,-0.0177512262016535,0.5389422774314880,0.4241667389869690,-0.2791537642478943,0.4563059210777283,0.4108367860317230,-0.0205730125308037,0.4701157212257385,0.4064826667308807,-0.3292584419250488,0.4075427353382111,0.4362423717975616,-0.2364837080240250,0.4549374580383301,0.4130661189556122,-0.3589000999927521,0.3895863294601440,0.4530256390571594,-0.2672041356563568,0.4534020423889160,0.3914297819137573,-0.3573926985263824,0.3866805732250214,0.4426304399967194,-0.2950949668884277,0.4586970210075378,0.3892946541309357,-0.3268147408962250,0.3931847214698792,0.4375634491443634,-0.2543932199478149,0.5427842736244202,0.5137656927108765,-0.0757184252142906,0.4999553859233856,0.5091958642005920,0.0756899416446686,0.5476773381233215,0.6960300207138062,-0.0985614582896233,0.4567295610904694,0.6613298058509827,0.1417056024074554,0.5815697312355042,0.8585578799247742,0.0232169423252344,0.4346009790897369,0.8233800530433655,0.2805195748806000,0.5892174839973450,0.8794708847999573,0.0287689976394176,0.4413620233535767,0.8497801423072815,0.2883107364177704,0.5656841993331909,0.9291837811470032,-0.0914220660924911,0.4000468254089355,0.8728724122047424,0.2099810689687729
0.4554563164710999,0.2308106273412704,-0.3508957028388977,0.4598081409931183,0.2097738981246948,-0.3536792993545532,0.4636049568653107,0.2072928547859192,-0.3537119328975677,0.4680790305137634,0.2045668363571167,-0.3537978231906891,0.4519088864326477,0.2133842855691910,-0.3322271108627319,0.4499653279781342,0.2134796828031540,-0.3322881460189819,0.4480646550655365,0.2137787640094757,-0.3323366045951843,0.4807428717613220,0.2033386230468750,-0.2908281683921814,0.4522645771503448,0.2142773270606995,-0.1913902312517166,0.4654550254344940,0.2437660545110703,-0.3224350810050964,0.4563895165920258,0.2475180178880692,-0.2939653694629669,0.5219284296035767,0.2823777198791504,-0.2534216344356537,0.4633025527000427,0.2952776253223419,-0.0320610553026199,0.5429319143295288,0.4297269880771637,-0.2831926643848419,0.4595688879489899,0.4187641143798828,-0.0396206378936768,0.4754510521888733,0.4151837527751923,-0.3434056937694550,0.4075914621353149,0.4381711184978485,-0.2635146379470825,0.4586941003799438,0.4227846562862396,-0.3752987682819366,0.3919214904308319,0.4502581059932709,-0.2949486672878265,0.4575127065181732,0.3996012508869171,-0.3755602836608887,0.3884161412715912,0.4417669475078583,-0.3244306445121765,0.4640344977378845,0.3967534303665161,-0.3420030772686005,0.3957869708538055,0.4373569488525391,-0.2825306951999664,0.5440715551376343,0.5146517157554626,-0.0747251659631729,0.5003808736801147,0.5097867846488953,0.0747012346982956,0.5483121871948242,0.6977769136428833,-0.1015325412154198,0.4573037922382355,0.6615172624588013,0.1408226490020752,0.5819308757781982,0.8592370748519897,0.0225169584155083,0.4347957372665405,0.8233903050422668,0.2848697304725647,0.5892827510833740,0.8801937699317932,0.0278112795203924,0.4413493573665619,0.8497904539108276,0.2931660115718842,0.5647628903388977,0.9298796653747559,-0.0953930839896202,0.4000796377658844,0.8728790879249573,0.2108330279588699
0.4558116793632507,0.2337817549705505,-0.3574461042881012,0.4600611329078674,0.2130437344312668,-0.3590833842754364,0.4638280570507050,0.2105577588081360,-0.3591234385967255,0.4683634340763092,0.2078071832656860,-0.3592133522033691,0.4523602426052094,0.2165571451187134,-0.3390752077102661,0.4504480361938477,0.2165396213531494,-0.3391503095626831,0.4484707415103912,0.2167751044034958,-0.3392075300216675,0.4816430509090424,0.2063892781734467,-0.2929578125476837,0.4530299901962280,0.2172786742448807,-0.1998096108436584,0.4660116434097290,0.2471171319484711,-0.3278731107711792,0.4574895799160004,0.2505106627941132,-0.3012696802616119,0.5245492458343506,0.2847036719322205,-0.2538044452667236,0.4633691608905792,0.2973439991474152,-0.0439356118440628,0.5477266311645508,0.4304544925689697,-0.2865698635578156,0.4586957395076752,0.4254583120346069,-0.0474322065711021,0.4802991449832916,0.4184148013591766,-0.3550158739089966,0.4066108465194702,0.4383243024349213,-0.2654865682125092,0.4625352621078491,0.4239954054355621,-0.3879541754722595,0.3878978490829468,0.4502454698085785,-0.2975192666053772,0.4640646874904633,0.4017656743526459,-0.3879595100879669,0.3849792480468750,0.4407967031002045,-0.3272422254085541,0.4695723652839661,0.3995851278305054,-0.3541187644004822,0.3930740356445312,0.4369959831237793,-0.2844861447811127,0.5453254580497742,0.5174385905265808,-0.0745204538106918,0.5010840892791748,0.5119739770889282,0.0744998604059219,0.5494415760040283,0.6998994350433350,-0.0932407304644585,0.4572835862636566,0.6617764234542847,0.1364224106073380,0.5821513533592224,0.8592595458030701,0.0672894418239594,0.4349242150783539,0.8233375549316406,0.2911582887172699,0.5892226696014404,0.8800545334815979,0.0759259164333344,0.4413273036479950,0.8496077656745911,0.3012591004371643,0.5657970309257507,0.9299693703651428,-0.0475275702774525,0.4000830650329590,0.8726632595062256,0.2160680592060089
0.4569943547248840,0.2342436909675598,-0.3427319526672363,0.4614138305187225,0.2136591076850891,-0.3451037108898163,0.4651187360286713,0.2114774286746979,-0.3451441228389740,0.4695845842361450,0.2091428339481354,-0.3452285826206207,0.4540269970893860,0.2168297916650772,-0.3247333765029907,0.4523426890373230,0.2168975174427032,-0.3247986137866974,0.4505716264247894,0.2171660214662552,-0.3248521983623505,0.4835037887096405,0.2083963155746460,-0.2853627800941467,0.4559642374515533,0.2179377526044846,-0.1875412613153458,0.4671197533607483,0.2476143687963486,-0.3143996298313141,0.4588158726692200,0.2508067190647125,-0.2871335148811340,0.5273298025131226,0.2847546041011810,-0.2500255703926086,0.4657816290855408,0.2982381582260132,-0.0346941947937012,0.5499576926231384,0.4312470853328705,-0.2796597182750702,0.4591770470142365,0.4246065020561218,-0.0413002520799637,0.4833432734012604,0.4208537936210632,-0.3440335094928741,0.4062431752681732,0.4372242093086243,-0.2627183496952057,0.4654423296451569,0.4266702830791473,-0.3767276406288147,0.3882130980491638,0.4471298158168793,-0.2922193408012390,0.4661297798156738,0.4063675701618195,-0.3764110505580902,0.3834930956363678,0.4396524131298065,-0.3250516057014465,0.4725318849086761,0.4029735028743744,-0.3429321050643921,0.3919889628887177,0.4361886978149414,-0.2832360565662384,0.5459352731704712,0.5195537209510803,-0.0737953111529350,0.5017489790916443,0.5132974386215210,0.0737717002630234,0.5502545833587646,0.7025098204612732,-0.0944966375827789,0.4570335149765015,0.6630862951278687,0.1340997070074081,0.5824884772300720,0.8597676753997803,0.0552434138953686,0.4350255727767944,0.8235093951225281,0.2857740521430969,0.5893902182579041,0.8802103996276855,0.0620748400688171,0.4413142800331116,0.8498104810714722,0.2953247129917145,0.5662870407104492,0.9301428794860840,-0.0625031441450119,0.4001702666282654,0.8726855516433716,0.2102200835943222
0.4602766335010529,0.2359659522771835,-0.3566415011882782,0.4643974602222443,0.2154639065265656,-0.3587048947811127,0.4679631590843201,0.2131997644901276,-0.3587638735771179,0.4723977446556091,0.2108144611120224,-0.3588734567165375,0.4572852551937103,0.2187184989452362,-0.3386993110179901,0.4555707275867462,0.2187308967113495,-0.3387704789638519,0.4536803066730499,0.2189749628305435,-0.3388436734676361,0.4863365888595581,0.2100745290517807,-0.2965072095394135,0.4586320817470551,0.2200223952531815,-0.2014878541231155,0.4702846407890320,0.2496858686208725,-0.3280965685844421,0.4623814523220062,0.2527114450931549,-0.3010384142398834,0.5306799411773682,0.2851633429527283,-0.2568274736404419,0.4671069383621216,0.3013116419315338,-0.0441911593079567,0.5542956590652466,0.4300759434700012,-0.2936054170131683,0.4602535665035248,0.4285637140274048,-0.0150999613106251,0.4905518293380737,0.4250270426273346,-0.3802842795848846,0.4035642743110657,0.4381198287010193,-0.1790139973163605,0.4758767783641815,0.4360730051994324,-0.4169964790344238,0.3843254446983337,0.4487864971160889,-0.2047636657953262,0.4751104414463043,0.4118214547634125,-0.4203669428825378,0.3797035515308380,0.4397391378879547,-0.2432857155799866,0.4798444807529449,0.4095095098018646,-0.3819330930709839,0.3878472149372101,0.4363923966884613,-0.2005679607391357,0.5467233061790466,0.5216679573059082,-0.0733313336968422,0.5023184418678284,0.5156681537628174,0.0733088031411171,0.5508826971054077,0.7046671509742737,-0.0985611677169800,0.4572812020778656,0.6634043455123901,0.1339215189218521,0.5828024744987488,0.8611732125282288,0.0491565465927124,0.4352606534957886,0.8234788179397583,0.2829445600509644,0.5901548266410828,0.8834673762321472,0.0552280619740486,0.4413151443004608,0.8496194481849670,0.2921465337276459,0.5648613572120667,0.9313831329345703,-0.0699208080768585,0.4001613557338715,0.8720481991767883,0.2087012678384781
0.4631937444210052,0.2358951419591904,-0.3458218872547150,0.4677818417549133,0.2155088484287262,-0.3468209803104401,0.4713566601276398,0.2134016007184982,-0.3468714356422424,0.4757650494575500,0.2112596333026886,-0.3469704389572144,0.4608699083328247,0.2185392528772354,-0.3282015025615692,0.4592849910259247,0.2185506820678711,-0.3282608687877655,0.4576293826103210,0.2187821418046951,-0.3283015489578247,0.4896407723426819,0.2108695358037949,-0.2798562645912170,0.4629859924316406,0.2199985831975937,-0.1900424212217331,0.4729115366935730,0.2498315572738647,-0.3148541748523712,0.4650115966796875,0.2525655925273895,-0.2896561920642853,0.5345442891120911,0.2846393883228302,-0.2410985380411148,0.4691370427608490,0.3027589023113251,-0.0342325493693352,0.5589061379432678,0.4287564456462860,-0.2797851562500000,0.4594020545482635,0.4284563362598419,0.0198480393737555,0.4991020858287811,0.4257348477840424,-0.3863735795021057,0.4013248682022095,0.4385619461536407,-0.1364708691835403,0.4820318818092346,0.4348912537097931,-0.4248560369014740,0.3823992013931274,0.4493115246295929,-0.1614201068878174,0.4809241592884064,0.4133110642433167,-0.4279082715511322,0.3777126371860504,0.4394857585430145,-0.2004380077123642,0.4877115190029144,0.4105134606361389,-0.3884881436824799,0.3844923079013824,0.4364472925662994,-0.1578119248151779,0.5470426082611084,0.5232008099555969,-0.0729450136423111,0.5027240514755249,0.5170882344245911,0.0729226619005203,0.5514848828315735,0.7067939639091492,-0.0879255309700966,0.4570358395576477,0.6641849875450134,0.1337869614362717,0.5832672715187073,0.8621429800987244,0.0482115596532822,0.4353899359703064,0.8234742879867554,0.2811908721923828,0.5908272266387939,0.8852049112319946,0.0535073392093182,0.4413243532180786,0.8495256900787354,0.2902237772941589,0.5641952157020569,0.9320955276489258,-0.0736207962036133,0.4001708924770355,0.8712236285209656,0.2060184478759766
0.4668522477149963,0.2358590662479401,-0.3393364250659943,0.4716178476810455,0.2156260162591934,-0.3403318226337433,0.4752214848995209,0.2136164754629135,-0.3403778970241547,0.4796008467674255,0.2116266787052155,-0.3404601812362671,0.4646425843238831,0.2185386121273041,-0.3216070234775543,0.4630084037780762,0.2185613512992859,-0.3216656148433685,0.4613390564918518,0.2187992185354233,-0.3217120170593262,0.4932113587856293,0.2112776786088943,-0.2738045454025269,0.4668513834476471,0.2200045734643936,-0.1839895844459534,0.4763799905776978,0.2498859316110611,-0.3088180124759674,0.4682135283946991,0.2524885535240173,-0.2834564447402954,0.5389540791511536,0.2845476567745209,-0.2333054393529892,0.4702670276165009,0.3042057454586029,-0.0307593923062086,0.5629996657371521,0.4264026880264282,-0.2781660258769989,0.4588404297828674,0.4279588460922241,0.0314529985189438,0.5029962658882141,0.4270269274711609,-0.4024921059608459,0.3989998102188110,0.4404486119747162,-0.1133830770850182,0.4861161112785339,0.4382553696632385,-0.4429999887943268,0.3797978460788727,0.4507850110530853,-0.1372246146202087,0.4840391278266907,0.4165146648883820,-0.4453951716423035,0.3732877373695374,0.4427015185356140,-0.1780825555324554,0.4890413582324982,0.4134140014648438,-0.4046688973903656,0.3816575706005096,0.4395547509193420,-0.1351971030235291,0.5475333333015442,0.5237487554550171,-0.0721712484955788,0.5028972625732422,0.5175585746765137,0.0721546187996864,0.5522043704986572,0.7072309255599976,-0.0787898823618889,0.4573626220226288,0.6642807126045227,0.1324365884065628,0.5834010243415833,0.8644480109214783,0.0546540990471840,0.4355853199958801,0.8232669830322266,0.2802995145320892,0.5913265347480774,0.8884266018867493,0.0597059093415737,0.4417077004909515,0.8488823175430298,0.2893747687339783,0.5642235875129700,0.9325349926948547,-0.0712931379675865,0.4006966650485992,0.8708936572074890,0.2046166807413101
0.4717417955398560,0.2363672107458115,-0.3431002199649811,0.4763588011264801,0.2161618173122406,-0.3439826965332031,0.4802429080009460,0.2141366302967072,-0.3440237641334534,0.4847264587879181,0.2121461033821106,-0.3441022038459778,0.4688479602336884,0.2189938873052597,-0.3271771073341370,0.4670467972755432,0.2189759910106659,-0.3272395431995392,0.4652498662471771,0.2190950214862823,-0.3272943198680878,0.4974048435688019,0.2115017324686050,-0.2755146324634552,0.4694303870201111,0.2201283425092697,-0.1946864873170853,0.4808647930622101,0.2502578496932983,-0.3116873204708099,0.4722470641136169,0.2530340552330017,-0.2886071801185608,0.5425763726234436,0.2840844392776489,-0.2303670197725296,0.4702239334583282,0.3049321174621582,-0.0450523681938648,0.5662593841552734,0.4257643222808838,-0.2786649763584137,0.4578957259654999,0.4274586439132690,0.0186060350388288,0.5054277777671814,0.4265593886375427,-0.4083470106124878,0.3963546454906464,0.4415879845619202,-0.1232515946030617,0.4880314767360687,0.4353813827037811,-0.4483899176120758,0.3751494288444519,0.4523406624794006,-0.1482170522212982,0.4852113127708435,0.4151927232742310,-0.4498724639415741,0.3695664703845978,0.4434785842895508,-0.1877610534429550,0.4898122847080231,0.4123531281948090,-0.4099921286106110,0.3781768381595612,0.4403561949729919,-0.1441701352596283,0.5476017594337463,0.5237041711807251,-0.0666944161057472,0.5028073787689209,0.5177198052406311,0.0666513890028000,0.5530215501785278,0.7070938348770142,-0.0762860253453255,0.4573979675769806,0.6643651127815247,0.0810771211981773,0.5835916399955750,0.8646723628044128,0.0699065998196602,0.4359837472438812,0.8230741620063782,0.2258474230766296,0.5915057063102722,0.8881380558013916,0.0769215002655983,0.4420975446701050,0.8484764099121094,0.2346082478761673,0.5657388567924500,0.9325312972068787,-0.0503962561488152,0.4014590680599213,0.8709294795989990,0.1386844217777252
0.4762320816516876,0.2360784709453583,-0.3607586622238159,0.4806666076183319,0.2159181535243988,-0.3602566123008728,0.4848732948303223,0.2138791084289551,-0.3603040277957916,0.4894883334636688,0.2119140475988388,-0.3603936433792114,0.4725408256053925,0.2187396436929703,-0.3456895947456360,0.4703288078308105,0.2187805920839310,-0.3457590043544769,0.4684642255306244,0.2189036607742310,-0.3458196520805359,0.5008997321128845,0.2112373262643814,-0.2862906157970428,0.4715857505798340,0.2199099659919739,-0.2146708220243454,0.4854378402233124,0.2499669641256332,-0.3272479176521301,0.4758363366127014,0.2528633773326874,-0.3068824112415314,0.5451380610466003,0.2822780609130859,-0.2349291592836380,0.4699884057044983,0.3051460683345795,-0.0682960525155067,0.5697706937789917,0.4241928458213806,-0.2887155413627625,0.4577807188034058,0.4272331595420837,0.0101248351857066,0.5072381496429443,0.4255829453468323,-0.4245707392692566,0.3909333646297455,0.4416718780994415,-0.1174968332052231,0.4913932085037231,0.4337106645107269,-0.4643377959728241,0.3688586056232452,0.4546498656272888,-0.1416249126195908,0.4874803125858307,0.4145820736885071,-0.4667664468288422,0.3648583292961121,0.4454345107078552,-0.1824507862329483,0.4926566183567047,0.4114998877048492,-0.4268267750740051,0.3726753592491150,0.4417234063148499,-0.1386319994926453,0.5472279191017151,0.5235860347747803,-0.0608618929982185,0.5022512674331665,0.5176458358764648,0.0608167238533497,0.5535845160484314,0.7068949341773987,-0.0717153996229172,0.4573037028312683,0.6648489236831665,0.0606605485081673,0.5836156606674194,0.8646623492240906,0.0840551555156708,0.4360881149768829,0.8228703141212463,0.2103672176599503,0.5914472341537476,0.8879532814025879,0.0922446399927139,0.4421907365322113,0.8476435542106628,0.2195284813642502,0.5666489005088806,0.9325270056724548,-0.0342948064208031,0.4028995931148529,0.8709592223167419,0.1195483207702637
0.4797500967979431,0.2357301115989685,-0.3653903901576996,0.4841931164264679,0.2155262231826782,-0.3648017942905426,0.4886201024055481,0.2134952545166016,-0.3648435473442078,0.4934373497962952,0.2115370333194733,-0.3649338483810425,0.4756255447864532,0.2183507829904556,-0.3507085442543030,0.4731274843215942,0.2184090167284012,-0.3507755100727081,0.4711363613605499,0.2185525894165039,-0.3508287072181702,0.5041202902793884,0.2108841389417648,-0.2899275720119476,0.4734528362751007,0.2195922136306763,-0.2209149450063705,0.4893461763858795,0.2496300935745239,-0.3315993249416351,0.4789701402187347,0.2526157796382904,-0.3119339346885681,0.5474038720130920,0.2813042104244232,-0.2374626696109772,0.4701314270496368,0.3045901358127594,-0.0748173072934151,0.5725732445716858,0.4224598407745361,-0.2976408302783966,0.4559952318668365,0.4261921346187592,0.0068392935208976,0.5091298818588257,0.4245202243328094,-0.4417671859264374,0.3885537683963776,0.4399557113647461,-0.1210049763321877,0.4924945831298828,0.4323674142360687,-0.4829102158546448,0.3653713762760162,0.4531474113464355,-0.1443982422351837,0.4883111119270325,0.4139864444732666,-0.4847066104412079,0.3608272969722748,0.4437098503112793,-0.1847872287034988,0.4925511181354523,0.4103984832763672,-0.4439054727554321,0.3702471852302551,0.4397549629211426,-0.1417022198438644,0.5470629930496216,0.5232473015785217,-0.0581780448555946,0.5019030570983887,0.5172206163406372,0.0581195130944252,0.5548249483108521,0.7067071795463562,-0.0743724629282951,0.4578106105327606,0.6649439930915833,0.0664900243282318,0.5836023688316345,0.8652428388595581,0.0702962130308151,0.4362298548221588,0.8223789930343628,0.2087485045194626,0.5913737416267395,0.8882706165313721,0.0771116241812706,0.4422635436058044,0.8462606072425842,0.2172144353389740,0.5671004652976990,0.9325453042984009,-0.0495867542922497,0.4035838842391968,0.8708579540252686,0.1190049499273300
0.4834816157817841,0.2355032265186310,-0.3793040812015533,0.4880776703357697,0.2153024524450302,-0.3769112527370453,0.4926130473613739,0.2132497429847717,-0.3769536316394806,0.4974429309368134,0.2112803459167480,-0.3770500123500824,0.4789508581161499,0.2182702720165253,-0.3650593161582947,0.4761041402816772,0.2183257639408112,-0.3651305139064789,0.4738067388534546,0.2183992564678192,-0.3651829063892365,0.5071185827255249,0.2104385644197464,-0.2943914532661438,0.4750961959362030,0.2193630635738373,-0.2350999563932419,0.4935334622859955,0.2495216429233551,-0.3424681723117828,0.4822060465812683,0.2524143755435944,-0.3257220387458801,0.5496626496315002,0.2799337208271027,-0.2373431622982025,0.4697187840938568,0.3040355145931244,-0.0888732522726059,0.5748459696769714,0.4197423160076141,-0.3056394159793854,0.4527327418327332,0.4254319667816162,-0.0102002415806055,0.5121133923530579,0.4243841469287872,-0.4678178429603577,0.3874003589153290,0.4393925964832306,-0.1336264759302139,0.4951366484165192,0.4312515556812286,-0.5107312798500061,0.3643043339252472,0.4512929022312164,-0.1571821123361588,0.4905572533607483,0.4127368628978729,-0.5119671225547791,0.3601965010166168,0.4419624209403992,-0.1972676217556000,0.4944787025451660,0.4091282188892365,-0.4702340364456177,0.3687226474285126,0.4381807446479797,-0.1540045589208603,0.5469557642936707,0.5222088694572449,-0.0544188022613525,0.5015003681182861,0.5165462493896484,0.0543433614075184,0.5564822554588318,0.7063769698143005,-0.0759245604276657,0.4580097794532776,0.6658830642700195,0.0479642152786255,0.5835873484611511,0.8652455806732178,0.0673459395766258,0.4362522959709167,0.8222926855087280,0.1804061830043793,0.5909981131553650,0.8881131410598755,0.0738166347146034,0.4422517418861389,0.8460181951522827,0.1877194195985794,0.5680529475212097,0.9325341582298279,-0.0518391393125057,0.4037680923938751,0.8708239793777466,0.0864812284708023
0.4862914085388184,0.2344833910465240,-0.3808331489562988,0.4915088117122650,0.2140122503042221,-0.3770397901535034,0.4963321089744568,0.2119129598140717,-0.3770856559276581,0.5009755492210388,0.2099651247262955,-0.3771813213825226,0.4816823005676270,0.2172616571187973,-0.3662256300449371,0.4786590933799744,0.2174794524908066,-0.3662947416305542,0.4759893417358398,0.2177206128835678,-0.3663333654403687,0.5098012685775757,0.2085882574319839,-0.2898583412170410,0.4767736196517944,0.2184950560331345,-0.2349531799554825,0.4968951344490051,0.2487144172191620,-0.3421491980552673,0.4846563339233398,0.2520071864128113,-0.3268723189830780,0.5511483550071716,0.2776020765304565,-0.2342353612184525,0.4692483246326447,0.3038479089736938,-0.0843616798520088,0.5766096115112305,0.4143723547458649,-0.3032866716384888,0.4493724107742310,0.4250530004501343,-0.0109032066538930,0.5148886442184448,0.4225558936595917,-0.4795316457748413,0.3864607214927673,0.4351355433464050,-0.1295112222433090,0.4971528947353363,0.4311284124851227,-0.5252519845962524,0.3629431724548340,0.4471904635429382,-0.1530967801809311,0.4928519427776337,0.4119043946266174,-0.5260108113288879,0.3592747151851654,0.4381278753280640,-0.1942326128482819,0.4967558085918427,0.4085910916328430,-0.4820491075515747,0.3677819073200226,0.4343871772289276,-0.1500794589519501,0.5466905832290649,0.5199559330940247,-0.0532599240541458,0.5011126995086670,0.5155777335166931,0.0531851798295975,0.5583083629608154,0.7051218152046204,-0.0799146145582199,0.4581397473812103,0.6660941839218140,0.0403272360563278,0.5836899876594543,0.8654507398605347,0.0491709634661674,0.4362444281578064,0.8220612406730652,0.1652867794036865,0.5909520983695984,0.8879621624946594,0.0540702119469643,0.4421623647212982,0.8456910252571106,0.1716047674417496,0.5685516595840454,0.9324297904968262,-0.0765628665685654,0.4039146304130554,0.8708381652832031,0.0687318593263626
0.4882379770278931,0.2318684607744217,-0.3765807747840881,0.4936045110225677,0.2108383476734161,-0.3725486397743225,0.4985028207302094,0.2085296809673309,-0.3725926578044891,0.5028716921806335,0.2065420746803284,-0.3726813495159149,0.4836417734622955,0.2147250324487686,-0.3618693649768829,0.4809234440326691,0.2151574194431305,-0.3619367182254791,0.4781077802181244,0.2157237231731415,-0.3619701266288757,0.5114251375198364,0.2047551274299622,-0.2846139073371887,0.4791685342788696,0.2164702266454697,-0.2297297865152359,0.4994354844093323,0.2461108416318893,-0.3374288380146027,0.4866895079612732,0.2504313290119171,-0.3223782777786255,0.5535089373588562,0.2761243283748627,-0.2270283102989197,0.4689655005931854,0.3037644922733307,-0.0826059207320213,0.5780395865440369,0.4100490808486938,-0.2970258891582489,0.4467221796512604,0.4220754802227020,-0.0258661378175020,0.5196993947029114,0.4177367091178894,-0.4826077818870544,0.3889764547348022,0.4275799393653870,-0.1482101082801819,0.5015148520469666,0.4250950217247009,-0.5292741060256958,0.3672043085098267,0.4370725452899933,-0.1741057038307190,0.4985494911670685,0.4070197641849518,-0.5301164388656616,0.3633497357368469,0.4244555830955505,-0.2050644010305405,0.5030252337455750,0.4027867615222931,-0.4853855371475220,0.3717348873615265,0.4215108454227448,-0.1672309488058090,0.5464152097702026,0.5188550353050232,-0.0510817021131516,0.5008678436279297,0.5148661732673645,0.0510000437498093,0.5596847534179688,0.7035700678825378,-0.0831647887825966,0.4580661654472351,0.6668860316276550,0.0482816547155380,0.5837815403938293,0.8656213283538818,0.0354572720825672,0.4362078011035919,0.8215628266334534,0.1737507432699203,0.5909084677696228,0.8880033493041992,0.0394685193896294,0.4419073462486267,0.8450647592544556,0.1802260279655457,0.5686540603637695,0.9323518872261047,-0.0931702032685280,0.4040062129497528,0.8708468675613403,0.0773607864975929
0.4898091256618500,0.2294274121522903,-0.3694303333759308,0.4950856268405914,0.2082733362913132,-0.3661688864231110,0.4999305605888367,0.2060341536998749,-0.3662014603614807,0.5044406056404114,0.2040356397628784,-0.3662751913070679,0.4850906431674957,0.2122225910425186,-0.3546189963817596,0.4822101294994354,0.2127622067928314,-0.3546824753284454,0.4794559180736542,0.2134156227111816,-0.3547032773494720,0.5132528543472290,0.2018257975578308,-0.2828957438468933,0.4804071784019470,0.2136865109205246,-0.2188937366008759,0.5004697442054749,0.2435594648122787,-0.3302536606788635,0.4881028532981873,0.2483029663562775,-0.3136101365089417,0.5544757843017578,0.2725175023078918,-0.2027558535337448,0.4688410758972168,0.2997531890869141,-0.0688260868191719,0.5791658163070679,0.4033134579658508,-0.2704913914203644,0.4462810158729553,0.4107693731784821,-0.0494264476001263,0.5221571922302246,0.4138653576374054,-0.4437231421470642,0.3927667438983917,0.4105559885501862,-0.2581655681133270,0.5048445463180542,0.4196584224700928,-0.4869955480098724,0.3703141212463379,0.4130817353725433,-0.2929832339286804,0.5018720030784607,0.4017919301986694,-0.4894011616706848,0.3672015070915222,0.4001875817775726,-0.3231643140316010,0.5064050555229187,0.3974018096923828,-0.4459056556224823,0.3745013475418091,0.3993538022041321,-0.2756187021732330,0.5463379621505737,0.5148155093193054,-0.0508073009550571,0.5006623864173889,0.5118200778961182,0.0507334694266319,0.5604112744331360,0.7000188231468201,-0.0846982151269913,0.4579343795776367,0.6670265197753906,0.0509808287024498,0.5837670564651489,0.8656049370765686,0.0268297977745533,0.4362002313137054,0.8215632438659668,0.1652747988700867,0.5898416042327881,0.8875728249549866,0.0297705326229334,0.4417577385902405,0.8450626730918884,0.1702001243829727,0.5692920088768005,0.9321730732917786,-0.1040847674012184,0.4043718278408051,0.8708632588386536,0.0653289258480072
0.4916588068008423,0.2261741906404495,-0.3676874041557312,0.4968002140522003,0.2052915692329407,-0.3591572344303131,0.5015605092048645,0.2033065855503082,-0.3591656386852264,0.5060219764709473,0.2014711350202560,-0.3592013716697693,0.4866885244846344,0.2089586108922958,-0.3540594875812531,0.4836349189281464,0.2095204293727875,-0.3541442453861237,0.4808223545551300,0.2101755291223526,-0.3542715907096863,0.5148103237152100,0.1989798843860626,-0.2534200251102448,0.4810656309127808,0.2104810476303101,-0.2108081728219986,0.5019323229789734,0.2407132983207703,-0.3174271285533905,0.4896571040153503,0.2450732737779617,-0.3079029619693756,0.5549808144569397,0.2696262896060944,-0.1748803108930588,0.4686602056026459,0.2915687263011932,-0.0485427416861057,0.5791251659393311,0.3992943465709686,-0.2501071095466614,0.4462103843688965,0.4001245498657227,-0.0408385768532753,0.5235577821731567,0.4060768485069275,-0.4387460350990295,0.3979346454143524,0.3922845721244812,-0.2598280012607574,0.5078207850456238,0.4132153689861298,-0.4843146204948425,0.3781280815601349,0.3899146020412445,-0.2947434782981873,0.5031356811523438,0.3969598412513733,-0.4854842126369476,0.3775271475315094,0.3774966895580292,-0.3240602314472198,0.5074818134307861,0.3919604718685150,-0.4404599964618683,0.3841164708137512,0.3787004947662354,-0.2768338322639465,0.5461035370826721,0.5125183463096619,-0.0506916604936123,0.5002623796463013,0.5097603797912598,0.0506365858018398,0.5606774687767029,0.6972970366477966,-0.0848767086863518,0.4578295648097992,0.6676557064056396,0.0596333965659142,0.5837049484252930,0.8659770488739014,0.0158319398760796,0.4361991882324219,0.8212068676948547,0.1909654885530472,0.5894192457199097,0.8891364336013794,0.0172508526593447,0.4417405128479004,0.8450085520744324,0.1976287215948105,0.5682466626167297,0.9309209585189819,-0.1184050962328911,0.4049739241600037,0.8707878589630127,0.0983225852251053
0.4925311505794525,0.2228001505136490,-0.3574724495410919,0.4978073239326477,0.2019173502922058,-0.3467749953269958,0.5025792717933655,0.1999901533126831,-0.3467741608619690,0.5069670081138611,0.1981489062309265,-0.3467975556850433,0.4876441955566406,0.2053047418594360,-0.3434907495975494,0.4845117628574371,0.2057440876960754,-0.3435622453689575,0.4816503226757050,0.2063257247209549,-0.3435627222061157,0.5156397819519043,0.1955524235963821,-0.2337741702795029,0.4817237257957458,0.2065417915582657,-0.1935623437166214,0.5026454329490662,0.2378959357738495,-0.3033433854579926,0.4903564751148224,0.2418107837438583,-0.2949623763561249,0.5552749037742615,0.2674756050109863,-0.1545940041542053,0.4684484302997589,0.2858343124389648,-0.0313346646726131,0.5787988901138306,0.3956369459629059,-0.2342385202646255,0.4448311030864716,0.3901728987693787,-0.0556710213422775,0.5251182913780212,0.4019669294357300,-0.4331632554531097,0.4023630321025848,0.3749488294124603,-0.3166190981864929,0.5104852318763733,0.4076333343982697,-0.4794987440109253,0.3884509205818176,0.3674156963825226,-0.3567934632301331,0.5059534907341003,0.3912246525287628,-0.4811590015888214,0.3908678293228149,0.3562504351139069,-0.3796772360801697,0.5099906325340271,0.3866717517375946,-0.4350162446498871,0.3960189223289490,0.3585393130779266,-0.3315792977809906,0.5459177494049072,0.5090564489364624,-0.0499164462089539,0.4994526207447052,0.5070663094520569,0.0498851388692856,0.5606911778450012,0.6936073303222656,-0.0870736464858055,0.4577335715293884,0.6686047315597534,0.0608957372605801,0.5836631655693054,0.8660005927085876,0.0111715598031878,0.4362626969814301,0.8204798102378845,0.1951079815626144,0.5888912677764893,0.8904418349266052,0.0124033344909549,0.4417334198951721,0.8449047207832336,0.2035574018955231,0.5668829083442688,0.9309380650520325,-0.1288276165723801,0.4051066040992737,0.8706188201904297,0.1121303066611290
0.4939514696598053,0.2201018333435059,-0.3167099654674530,0.4992457628250122,0.1989324539899826,-0.3091586530208588,0.5040938854217529,0.1970721036195755,-0.3091638684272766,0.5082881450653076,0.1952940821647644,-0.3091983199119568,0.4885932505130768,0.2021826207637787,-0.3035133779048920,0.4853903949260712,0.2025687694549561,-0.3035602271556854,0.4823665916919708,0.2031013667583466,-0.3035022914409637,0.5164888501167297,0.1922582089900970,-0.1987902820110321,0.4821656644344330,0.2029927819967270,-0.1632070839405060,0.5043226480484009,0.2354155033826828,-0.2667677700519562,0.4913582205772400,0.2390485107898712,-0.2579782903194427,0.5553236603736877,0.2644161880016327,-0.1179828271269798,0.4682703018188477,0.2797541916370392,-0.0107934772968292,0.5783172845840454,0.3916909992694855,-0.1977840214967728,0.4401555657386780,0.3904106318950653,-0.0595879405736923,0.5257297158241272,0.3982430100440979,-0.4181561172008514,0.4107738137245178,0.3560611605644226,-0.3323109745979309,0.5115177631378174,0.4034467637538910,-0.4733431637287140,0.4013452827930450,0.3420222401618958,-0.3758152127265930,0.5068129301071167,0.3868794739246368,-0.4734667837619781,0.4062102735042572,0.3288408219814301,-0.3903521895408630,0.5108084082603455,0.3830130398273468,-0.4202109277248383,0.4107600748538971,0.3338494896888733,-0.3438133895397186,0.5453625321388245,0.5076154470443726,-0.0456656552851200,0.4971335828304291,0.5056090354919434,0.0456468872725964,0.5606841444969177,0.6921571493148804,-0.0863371565937996,0.4577197730541229,0.6699244379997253,0.0671995654702187,0.5836060047149658,0.8661483526229858,0.0188264846801758,0.4362584948539734,0.8203092217445374,0.2011370658874512,0.5876212716102600,0.8912225365638733,0.0204241573810577,0.4416592717170715,0.8449274301528931,0.2081749290227890,0.5668882727622986,0.9303589463233948,-0.1227577775716782,0.4053370654582977,0.8706154823303223,0.1177158653736115
0.4952311813831329,0.2164756208658218,-0.3603543639183044,0.5002347826957703,0.1950054466724396,-0.3515586555004120,0.5050929784774780,0.1932517290115356,-0.3515565693378448,0.5091258287429810,0.1916686594486237,-0.3515779376029968,0.4890481829643250,0.1983832716941833,-0.3459966778755188,0.4859720766544342,0.1989134550094604,-0.3460612893104553,0.4828775823116302,0.1995461285114288,-0.3460022509098053,0.5168557167053223,0.1888167560100555,-0.2031360268592834,0.4822992384433746,0.1998733133077621,-0.1970210671424866,0.5055354833602905,0.2319884896278381,-0.3046773672103882,0.4922264218330383,0.2355845570564270,-0.2982484698295593,0.5553101897239685,0.2621483802795410,-0.1524332463741302,0.4680591523647308,0.2753407955169678,-0.0334636792540550,0.5778417587280273,0.3884702920913696,-0.2168754041194916,0.4358010888099670,0.3883692622184753,-0.1111864224076271,0.5255291461944580,0.3934324085712433,-0.4536751508712769,0.4176306724548340,0.3415146768093109,-0.3970526158809662,0.5118346214294434,0.3985436558723450,-0.5031739473342896,0.4152572751045227,0.3238190114498138,-0.4418710470199585,0.5065657496452332,0.3830240070819855,-0.5027311444282532,0.4204634428024292,0.3097666800022125,-0.4535340666770935,0.5103487968444824,0.3794949054718018,-0.4547018408775330,0.4231857359409332,0.3158930242061615,-0.4071481525897980,0.5448380112648010,0.5042700767517090,-0.0449504256248474,0.4953786432743073,0.5024319887161255,0.0449234284460545,0.5603218078613281,0.6850703358650208,-0.0865148976445198,0.4575004577636719,0.6693074107170105,0.0602545514702797,0.5836238861083984,0.8626703619956970,0.0365887433290482,0.4362419247627258,0.8203152418136597,0.1969337314367294,0.5869871973991394,0.8877475857734680,0.0406476035714149,0.4414072036743164,0.8453658223152161,0.2039714604616165,0.5672886371612549,0.9295056462287903,-0.1140899211168289,0.4060043394565582,0.8706211447715759,0.0923883393406868
0.4953267872333527,0.2141038477420807,-0.3162913918495178,0.5002761483192444,0.1923422068357468,-0.3101548850536346,0.5051372647285461,0.1904296278953552,-0.3101531863212585,0.5091249942779541,0.1887441128492355,-0.3101709187030792,0.4888648092746735,0.1960734575986862,-0.3027040362358093,0.4859539866447449,0.1965952664613724,-0.3027538657188416,0.4829824566841125,0.1972487717866898,-0.3027014732360840,0.5167063474655151,0.1859351247549057,-0.1969332993030548,0.4824607670307159,0.1976652741432190,-0.1621219962835312,0.5055692195892334,0.2298059165477753,-0.2673447728157043,0.4923980832099915,0.2331585288047791,-0.2573867440223694,0.5552031397819519,0.2611416280269623,-0.1202400624752045,0.4679585993289948,0.2716403305530548,-0.0138785233721137,0.5771108865737915,0.3868226110935211,-0.2053676992654800,0.4297327995300293,0.3847846090793610,-0.0896467342972755,0.5265607237815857,0.3926866948604584,-0.4509114027023315,0.4246250987052917,0.3230116963386536,-0.3632891476154327,0.5129369497299194,0.3959614932537079,-0.4964547753334045,0.4251344501972198,0.3023129701614380,-0.4066189825534821,0.5086964368820190,0.3788245618343353,-0.4950987100601196,0.4289752244949341,0.2913287281990051,-0.4122724235057831,0.5127397179603577,0.3762538731098175,-0.4487110376358032,0.4313844144344330,0.2985442280769348,-0.3708221316337585,0.5440571308135986,0.5019089579582214,-0.0435152016580105,0.4936908185482025,0.4990347325801849,0.0434686727821827,0.5601384043693542,0.6843034029006958,-0.0886243507266045,0.4574449658393860,0.6669363379478455,0.0507806576788425,0.5836163163185120,0.8610125780105591,0.0382515341043472,0.4362368285655975,0.8203126788139343,0.1912423670291901,0.5864666104316711,0.8852007389068604,0.0429017655551434,0.4411672055721283,0.8457959294319153,0.1990291029214859,0.5678439736366272,0.9276889562606812,-0.1117786020040512,0.4059235155582428,0.8706302046775818,0.0873070135712624
0.4952002465724945,0.2117008864879608,-0.2868276536464691,0.4999565482139587,0.1900204271078110,-0.2821220755577087,0.5049042105674744,0.1881820708513260,-0.2821208834648132,0.5089629292488098,0.1865610778331757,-0.2821513116359711,0.4884861409664154,0.1936184465885162,-0.2744352519512177,0.4854568839073181,0.1942068487405777,-0.2744741737842560,0.4823871850967407,0.1949390619993210,-0.2744231224060059,0.5166977643966675,0.1838192939758301,-0.1799609959125519,0.4819668233394623,0.1958360671997070,-0.1426292508840561,0.5053787231445312,0.2279928177595139,-0.2413908392190933,0.4921250641345978,0.2309814840555191,-0.2311869114637375,0.5547719597816467,0.2603551149368286,-0.1027813926339149,0.4674655199050903,0.2690621912479401,-0.0040676570497453,0.5763920545578003,0.3859801590442657,-0.1825471371412277,0.4245855510234833,0.3809751570224762,-0.0858432874083519,0.5258476138114929,0.3922535181045532,-0.3792085647583008,0.4300957322120667,0.3072357773780823,-0.3473790884017944,0.5120834708213806,0.3944965600967407,-0.4189655184745789,0.4345923066139221,0.2877220809459686,-0.3892070055007935,0.5084663033485413,0.3762578666210175,-0.4130024611949921,0.4384966790676117,0.2783813774585724,-0.3893588483333588,0.5122180581092834,0.3739511966705322,-0.3767921626567841,0.4400036036968231,0.2847908735275269,-0.3523526191711426,0.5423454642295837,0.5006091594696045,-0.0407109707593918,0.4914644360542297,0.4969523251056671,0.0406566001474857,0.5599330663681030,0.6834278106689453,-0.0891017615795135,0.4567970037460327,0.6665303111076355,0.0515036657452583,0.5836244821548462,0.8596763610839844,0.0469065643846989,0.4361398518085480,0.8202689886093140,0.1992929726839066,0.5861862897872925,0.8822433352470398,0.0532224141061306,0.4407919943332672,0.8458139300346375,0.2069930583238602,0.5692818760871887,0.9263697266578674,-0.0917227342724800,0.4060942828655243,0.8706296086311340,0.1009038984775543
0.4961551129817963,0.2090621739625931,-0.2270945608615875,0.5009697675704956,0.1872925311326981,-0.2203577309846878,0.5055834650993347,0.1853591203689575,-0.2203675061464310,0.5094762444496155,0.1837715059518814,-0.2203943878412247,0.4888538718223572,0.1914590150117874,-0.2144225388765335,0.4858328998088837,0.1921049654483795,-0.2144515812397003,0.4827075600624084,0.1928762793540955,-0.2144002020359039,0.5165831446647644,0.1816259622573853,-0.1224717199802399,0.4817825257778168,0.1942774653434753,-0.0935534089803696,0.5061518549919128,0.2248994708061218,-0.1844586580991745,0.4926438629627228,0.2285761088132858,-0.1766303628683090,0.5542653203010559,0.2606261372566223,-0.0597444213926792,0.4671364724636078,0.2664690315723419,0.0223668813705444,0.5755345821380615,0.3846770823001862,-0.1428872942924500,0.4247500598430634,0.3741043508052826,-0.0746331438422203,0.5253607034683228,0.3917761147022247,-0.3186586201190948,0.4392175078392029,0.2974737882614136,-0.3178494274616241,0.5122555494308472,0.3941432237625122,-0.3559707403182983,0.4452837705612183,0.2800402045249939,-0.3582530021667480,0.5081054568290710,0.3764446675777435,-0.3478355109691620,0.4499441087245941,0.2680422365665436,-0.3589151203632355,0.5119510293006897,0.3739846944808960,-0.3160605430603027,0.4505060613155365,0.2750982344150543,-0.3226427137851715,0.5407789945602417,0.5003238916397095,-0.0374853387475014,0.4896144568920135,0.4963542222976685,0.0374407730996609,0.5597614049911499,0.6820070743560791,-0.0892057940363884,0.4559946060180664,0.6663531661033630,0.0456316806375980,0.5836014151573181,0.8580057621002197,0.0518985651433468,0.4360962212085724,0.8200757503509521,0.1972635835409164,0.5855563282966614,0.8792361021041870,0.0588516965508461,0.4407938122749329,0.8456642031669617,0.2061740756034851,0.5700007081031799,0.9253590703010559,-0.0783115103840828,0.4063557982444763,0.8706173896789551,0.1017399728298187
0.4958683550357819,0.2073498219251633,-0.2132074087858200,0.5005930662155151,0.1857782602310181,-0.2067636549472809,0.5052003264427185,0.1839667856693268,-0.2067639231681824,0.5089833140373230,0.1824903190135956,-0.2067763656377792,0.4884983003139496,0.1895597428083420,-0.1996237188577652,0.4854784905910492,0.1901478618383408,-0.1996568739414215,0.4822042286396027,0.1908901035785675,-0.1996100991964340,0.5161321759223938,0.1806236058473587,-0.1131822541356087,0.4812188148498535,0.1927586793899536,-0.0787464678287506,0.5056452155113220,0.2232144325971603,-0.1725532561540604,0.4922419190406799,0.2269048690795898,-0.1631249785423279,0.5535420179367065,0.2600052952766418,-0.0561070367693901,0.4654396772384644,0.2652775943279266,0.0374755412340164,0.5748872160911560,0.3829889893531799,-0.1379484683275223,0.4248600900173187,0.3741839528083801,-0.0684526264667511,0.5253559350967407,0.3919817507266998,-0.3063265979290009,0.4442643821239471,0.2960055172443390,-0.2961032092571259,0.5123708248138428,0.3934229016304016,-0.3433318436145782,0.4515177607536316,0.2750782966613770,-0.3345723450183868,0.5084397792816162,0.3751211464405060,-0.3359874188899994,0.4554769396781921,0.2621961236000061,-0.3575901389122009,0.5120967626571655,0.3727153539657593,-0.3038109838962555,0.4560352265834808,0.2695170044898987,-0.3060520887374878,0.5381352305412292,0.4992236196994781,-0.0397975221276283,0.4871712923049927,0.4949178695678711,0.0397543162107468,0.5596787333488464,0.6785479784011841,-0.0915268287062645,0.4550436139106750,0.6652557253837585,0.0515756346285343,0.5835619568824768,0.8576123714447021,0.0252879895269871,0.4360917806625366,0.8200646638870239,0.1988909095525742,0.5854735970497131,0.8780464529991150,0.0290944762527943,0.4411229193210602,0.8456800580024719,0.2069044709205627,0.5703526139259338,0.9248818159103394,-0.1072363555431366,0.4063351452350616,0.8704959154129028,0.1023281514644623
0.4958331286907196,0.2058345675468445,-0.2189455330371857,0.5004906654357910,0.1846039891242981,-0.2113334834575653,0.5049108862876892,0.1828791946172714,-0.2113387882709503,0.5086333155632019,0.1814969182014465,-0.2113499790430069,0.4884340465068817,0.1884042471647263,-0.2047088295221329,0.4854604899883270,0.1890361458063126,-0.2047456800937653,0.4822983741760254,0.1897867769002914,-0.2046972960233688,0.5156235098838806,0.1801617592573166,-0.1139307767152786,0.4808228611946106,0.1920739263296127,-0.0818809121847153,0.5054080486297607,0.2216263711452484,-0.1773222535848618,0.4920616149902344,0.2257049381732941,-0.1685566753149033,0.5530427694320679,0.2603865563869476,-0.0554969497025013,0.4640342295169830,0.2656740844249725,0.0336608216166496,0.5747968554496765,0.3837360739707947,-0.1378615945577621,0.4247645735740662,0.3764600157737732,-0.0638806670904160,0.5244581699371338,0.3909658193588257,-0.3110418021678925,0.4468192458152771,0.2914799153804779,-0.2973819077014923,0.5117056965827942,0.3916676342487335,-0.3496118187904358,0.4543623924255371,0.2674470543861389,-0.3384225666522980,0.5078076124191284,0.3734202086925507,-0.3429895043373108,0.4578699171543121,0.2558594942092896,-0.3441599607467651,0.5113493204116821,0.3709365427494049,-0.3092032074928284,0.4583930969238281,0.2626703083515167,-0.3022132515907288,0.5357336401939392,0.4994279146194458,-0.0396857149899006,0.4847884476184845,0.4949850440025330,0.0396408103406429,0.5595592260360718,0.6786094307899475,-0.0896716415882111,0.4531509280204773,0.6653085350990295,0.0559264905750751,0.5835403203964233,0.8576532602310181,0.0275875367224216,0.4359863102436066,0.8203100562095642,0.2018356025218964,0.5852783918380737,0.8781213164329529,0.0316758491098881,0.4411920905113220,0.8456858992576599,0.2100747972726822,0.5711097121238708,0.9238855242729187,-0.1040819957852364,0.4064661264419556,0.8707476854324341,0.1057387590408325
0.4951661229133606,0.2062797099351883,-0.2140792310237885,0.4998336434364319,0.1851327568292618,-0.2070214748382568,0.5042558908462524,0.1834855973720551,-0.2070336639881134,0.5080332756042480,0.1821307837963104,-0.2070501297712326,0.4878582060337067,0.1886968612670898,-0.1997374892234802,0.4849243164062500,0.1893097758293152,-0.1997785270214081,0.4817944169044495,0.1900718510150909,-0.1997351050376892,0.5150612592697144,0.1808394044637680,-0.1104401722550392,0.4804459214210510,0.1923096626996994,-0.0748822689056396,0.5048233270645142,0.2220172286033630,-0.1724834889173508,0.4914294183254242,0.2261093854904175,-0.1627932935953140,0.5529186129570007,0.2602405548095703,-0.0536681786179543,0.4630571603775024,0.2657967209815979,0.0411111041903496,0.5740444660186768,0.3845374286174774,-0.1377603411674500,0.4256987273693085,0.3759893178939819,-0.0608845017850399,0.5232794284820557,0.3885861635208130,-0.3066668808460236,0.4485850334167480,0.2881936728954315,-0.2921046018600464,0.5105291604995728,0.3898710608482361,-0.3443638980388641,0.4561182260513306,0.2621793150901794,-0.3327426016330719,0.5064254403114319,0.3730284869670868,-0.3370581269264221,0.4594466984272003,0.2497622221708298,-0.3393678367137909,0.5099467039108276,0.3702326714992523,-0.3043460249900818,0.4599787294864655,0.2585708796977997,-0.2967314720153809,0.5334764719009399,0.4996996223926544,-0.0408413372933865,0.4825262725353241,0.4953241348266602,0.0407999008893967,0.5595123171806335,0.6790612339973450,-0.0912048369646072,0.4514516890048981,0.6653279066085815,0.0611508302390575,0.5835759043693542,0.8577515482902527,0.0212043263018131,0.4359270334243774,0.8203269243240356,0.2213203161954880,0.5853132009506226,0.8782808184623718,0.0249112620949745,0.4414825141429901,0.8456955552101135,0.2314290106296539,0.5716400742530823,0.9223749041557312,-0.1121572181582451,0.4065698087215424,0.8707560896873474,0.1265982091426849
0.4943822324275970,0.2068038135766983,-0.2009492516517639,0.4990684390068054,0.1855103969573975,-0.1919658780097961,0.5034793615341187,0.1838621348142624,-0.1919885426759720,0.5072478652000427,0.1825162023305893,-0.1920102238655090,0.4872519671916962,0.1892063617706299,-0.1860008835792542,0.4843448698520660,0.1898222863674164,-0.1860360503196716,0.4812552034854889,0.1905791610479355,-0.1859896332025528,0.5145591497421265,0.1814367324113846,-0.0923310816287994,0.4802985191345215,0.1927640885114670,-0.0626849383115768,0.5040426850318909,0.2222820371389389,-0.1588057428598404,0.4907979369163513,0.2264565974473953,-0.1507798582315445,0.5516689419746399,0.2605471312999725,-0.0400177389383316,0.4608290493488312,0.2668454945087433,0.0476028770208359,0.5715560913085938,0.3851638436317444,-0.1300668716430664,0.4260651469230652,0.3762567341327667,-0.0586043037474155,0.5223280191421509,0.3882178068161011,-0.3038602471351624,0.4508271515369415,0.2879378497600555,-0.2907354533672333,0.5097314715385437,0.3896613121032715,-0.3429583311080933,0.4573988616466522,0.2631148099899292,-0.3323622047901154,0.5053200721740723,0.3731730282306671,-0.3355637490749359,0.4603272974491119,0.2502628564834595,-0.3348155915737152,0.5088544487953186,0.3702334761619568,-0.3018783628940582,0.4610754847526550,0.2584304213523865,-0.2944381535053253,0.5310200452804565,0.5000644922256470,-0.0412773415446281,0.4801286756992340,0.4958654940128326,0.0412520542740822,0.5588126778602600,0.6793033480644226,-0.0941476598381996,0.4477321803569794,0.6668791174888611,0.0634884536266327,0.5835769772529602,0.8578417897224426,0.0126133905723691,0.4357002377510071,0.8204573392868042,0.2309387475252151,0.5853393077850342,0.8783585429191589,0.0157991088926792,0.4415082037448883,0.8457190990447998,0.2415990978479385,0.5725240111351013,0.9214780330657959,-0.1226690337061882,0.4065316319465637,0.8708934187889099,0.1378708034753799
0.4939066767692566,0.2075498402118683,-0.1974966377019882,0.4985350370407104,0.1862847357988358,-0.1899618059396744,0.5029583573341370,0.1846098601818085,-0.1899851709604263,0.5067925453186035,0.1832194775342941,-0.1900121122598648,0.4870208501815796,0.1899348348379135,-0.1826467067003250,0.4840882718563080,0.1905286759138107,-0.1826792508363724,0.4809637963771820,0.1912665665149689,-0.1826380938291550,0.5142903923988342,0.1821010261774063,-0.0951905176043510,0.4800888597965240,0.1933411210775375,-0.0591976046562195,0.5035488009452820,0.2229501157999039,-0.1570176482200623,0.4906794428825378,0.2270779907703400,-0.1471766382455826,0.5498118996620178,0.2607556283473969,-0.0414391085505486,0.4601548314094543,0.2679436802864075,0.0499743409454823,0.5684461593627930,0.3860665559768677,-0.1262469291687012,0.4257594645023346,0.3781238198280334,-0.0550618395209312,0.5217839479446411,0.3874477446079254,-0.2922426760196686,0.4492705762386322,0.2908861935138702,-0.2862568497657776,0.5088403820991516,0.3884905278682709,-0.3292842209339142,0.4556295275688171,0.2654094398021698,-0.3262814581394196,0.5044650435447693,0.3721525669097900,-0.3222507536411285,0.4583809971809387,0.2535972893238068,-0.3260646164417267,0.5080719590187073,0.3691145181655884,-0.2901528179645538,0.4591307342052460,0.2623595297336578,-0.2929964959621429,0.5285922884941101,0.5004364252090454,-0.0408825501799583,0.4781834781169891,0.4962473511695862,0.0408597216010094,0.5574750304222107,0.6794155836105347,-0.0961665660142899,0.4448924362659454,0.6686283946037292,0.0634888336062431,0.5835720896720886,0.8576003909111023,0.0151781300082803,0.4351641535758972,0.8204650282859802,0.2340566217899323,0.5853541493415833,0.8775579929351807,0.0190949235111475,0.4414753019809723,0.8456224799156189,0.2458379268646240,0.5729225277900696,0.9204195141792297,-0.1170702055096626,0.4066604077816010,0.8709847331047058,0.1452318876981735
0.4936070442199707,0.2080862224102020,-0.1782493740320206,0.4982458055019379,0.1868027299642563,-0.1706810295581818,0.5027186870574951,0.1850786060094833,-0.1707048267126083,0.5064350962638855,0.1836153119802475,-0.1707317829132080,0.4865621626377106,0.1904262602329254,-0.1633841544389725,0.4835417866706848,0.1909749954938889,-0.1634124666452408,0.4802334010601044,0.1916794180870056,-0.1633617132902145,0.5135165452957153,0.1824136227369308,-0.0782051458954811,0.4789312183856964,0.1936980932950974,-0.0420492887496948,0.5033965706825256,0.2234482467174530,-0.1387732177972794,0.4900776445865631,0.2275349646806717,-0.1288715898990631,0.5476213693618774,0.2608909904956818,-0.0284618418663740,0.4587177932262421,0.2687494754791260,0.0649764463305473,0.5658071637153625,0.3866856098175049,-0.1090461686253548,0.4249208569526672,0.3789097964763641,-0.0335484892129898,0.5210054516792297,0.3880999088287354,-0.2625674903392792,0.4488431215286255,0.2946403026580811,-0.2612859308719635,0.5082407593727112,0.3893342316150665,-0.2978214919567108,0.4550409018993378,0.2694655954837799,-0.3033619225025177,0.5041679143905640,0.3730440437793732,-0.2901548147201538,0.4574013948440552,0.2573264837265015,-0.2922690212726593,0.5074372887611389,0.3699882924556732,-0.2600487768650055,0.4585539996623993,0.2654592990875244,-0.2623615860939026,0.5263028740882874,0.5007103085517883,-0.0410933718085289,0.4762725532054901,0.4965405464172363,0.0410659871995449,0.5556340813636780,0.6797243356704712,-0.0969115048646927,0.4418379068374634,0.6707822680473328,0.0434920191764832,0.5834348201751709,0.8558915257453918,0.0158952008932829,0.4347492158412933,0.8211089968681335,0.2070134431123734,0.5848722457885742,0.8738588094711304,0.0201978124678135,0.4414716660976410,0.8458130955696106,0.2185444533824921,0.5748710036277771,0.9195891618728638,-0.1118372008204460,0.4064667820930481,0.8710184693336487,0.1185741052031517
0.4924100935459137,0.2083889096975327,-0.1984183788299561,0.4971573650836945,0.1868510693311691,-0.1908611953258514,0.5017209649085999,0.1851478964090347,-0.1908888816833496,0.5052726864814758,0.1837859302759171,-0.1909161359071732,0.4851184487342834,0.1906721591949463,-0.1841511726379395,0.4819321632385254,0.1912957131862640,-0.1841827929019928,0.4784366488456726,0.1920198053121567,-0.1841397136449814,0.5118682980537415,0.1827007681131363,-0.0961575731635094,0.4765719473361969,0.1938970237970352,-0.0624756664037704,0.5023618936538696,0.2236139476299286,-0.1577714979648590,0.4886363148689270,0.2277298569679260,-0.1485802680253983,0.5448495149612427,0.2619188725948334,-0.0421409606933594,0.4560734629631042,0.2691669166088104,0.0498404651880264,0.5631273984909058,0.3869570493698120,-0.1249020472168922,0.4238187968730927,0.3828242421150208,-0.0337472409009933,0.5192356705665588,0.3885304629802704,-0.2923753857612610,0.4476217925548553,0.3023225665092468,-0.2733276188373566,0.5072635412216187,0.3903129994869232,-0.3296701014041901,0.4534795582294464,0.2801488637924194,-0.3170108497142792,0.5031954646110535,0.3738120496273041,-0.3229306340217590,0.4554499089717865,0.2667403221130371,-0.2993189692497253,0.5058268308639526,0.3707539141178131,-0.2904344499111176,0.4563745558261871,0.2734033167362213,-0.2718010544776917,0.5243052840232849,0.5009730458259583,-0.0406464710831642,0.4744929075241089,0.4973041117191315,0.0406097844243050,0.5534667968750000,0.6801405549049377,-0.0990007743239403,0.4389263093471527,0.6727582216262817,0.0381209515035152,0.5833433270454407,0.8551805019378662,0.0172025151550770,0.4345509707927704,0.8211299777030945,0.2027550786733627,0.5846787095069885,0.8718582391738892,0.0232263747602701,0.4415121972560883,0.8457280397415161,0.2140612155199051,0.5760738253593445,0.9195060729980469,-0.1093739792704582,0.4063034951686859,0.8710222244262695,0.1123013496398926
0.4896607398986816,0.2098977267742157,-0.1873319298028946,0.4945813119411469,0.1885738521814346,-0.1800226867198944,0.4990777075290680,0.1870472282171249,-0.1800482124090195,0.5025758147239685,0.1857801228761673,-0.1800698488950729,0.4825342297554016,0.1921466439962387,-0.1730906516313553,0.4793633520603180,0.1928609162569046,-0.1731178015470505,0.4759518802165985,0.1936856657266617,-0.1730782985687256,0.5089783072471619,0.1844414323568344,-0.0870691537857056,0.4739916026592255,0.1951144933700562,-0.0525555722415447,0.4997363388538361,0.2252727150917053,-0.1473091542720795,0.4859419167041779,0.2290910035371780,-0.1378784328699112,0.5419422388076782,0.2632167339324951,-0.0348874777555466,0.4538801014423370,0.2693441808223724,0.0559689924120903,0.5595200061798096,0.3889798820018768,-0.1174859777092934,0.4233389496803284,0.3865689933300018,-0.0330323800444603,0.5167870521545410,0.3890347182750702,-0.2869196534156799,0.4464907050132751,0.3075912892818451,-0.2722683846950531,0.5060803294181824,0.3910396695137024,-0.3243051767349243,0.4520922005176544,0.2860938906669617,-0.3164917826652527,0.5016217827796936,0.3744278252124786,-0.3181571364402771,0.4535093307495117,0.2727696597576141,-0.3018747568130493,0.5042691230773926,0.3713550567626953,-0.2853343188762665,0.4543761610984802,0.2788147628307343,-0.2713045179843903,0.5226777195930481,0.5012342333793640,-0.0404999256134033,0.4726517796516418,0.4981860816478729,0.0404564812779427,0.5513633489608765,0.6804894804954529,-0.0992047935724258,0.4377968013286591,0.6738381385803223,0.0344682522118092,0.5832332968711853,0.8541548252105713,0.0258469786494970,0.4342370331287384,0.8211855292320251,0.2008174508810043,0.5845546722412109,0.8697605133056641,0.0333468131721020,0.4415116310119629,0.8457092642784119,0.2122590392827988,0.5766641497612000,0.9190257191658020,-0.0980895832180977,0.4057903885841370,0.8714576959609985,0.1111794188618660
0.4867887198925018,0.2110080868005753,-0.1979999840259552,0.4919260144233704,0.1897413730621338,-0.1904612481594086,0.4964425265789032,0.1883377283811569,-0.1904912292957306,0.4999581575393677,0.1871625632047653,-0.1905212551355362,0.4797729849815369,0.1931051015853882,-0.1840564310550690,0.4765947461128235,0.1938919723033905,-0.1840823739767075,0.4731325209140778,0.1947867721319199,-0.1840443611145020,0.5063956379890442,0.1861778497695923,-0.0965247452259064,0.4710861444473267,0.1964576393365860,-0.0641122087836266,0.4968304038047791,0.2268947213888168,-0.1576069295406342,0.4830447733402252,0.2302702069282532,-0.1487662941217422,0.5393505096435547,0.2654717564582825,-0.0426503904163837,0.4507206082344055,0.2705361247062683,0.0460379868745804,0.5559734702110291,0.3918035030364990,-0.1224322170019150,0.4217151105403900,0.3952943980693817,-0.0369407199323177,0.5140748620033264,0.3922773897647858,-0.2913646996021271,0.4452333748340607,0.3118722140789032,-0.2808627784252167,0.5035744309425354,0.3915875852108002,-0.3280021250247955,0.4505363106727600,0.2911652028560638,-0.3251245915889740,0.4995393753051758,0.3747337162494659,-0.3232213556766510,0.4513611495494843,0.2775633037090302,-0.3126446306705475,0.5025500655174255,0.3714517951011658,-0.2902850806713104,0.4526070654392242,0.2832053899765015,-0.2808143198490143,0.5211800932884216,0.5022109150886536,-0.0392243415117264,0.4710114598274231,0.5010963678359985,0.0391725823283195,0.5499322414398193,0.6805998682975769,-0.1023461669683456,0.4353146255016327,0.6786936521530151,0.0279727745801210,0.5829695463180542,0.8535096049308777,0.0288048591464758,0.4340444207191467,0.8212330341339111,0.2024162560701370,0.5843154788017273,0.8690681457519531,0.0370349995791912,0.4416198730468750,0.8456827402114868,0.2143668979406357,0.5772878527641296,0.9187843799591064,-0.0929312184453011,0.4053158760070801,0.8714718222618103,0.1195657774806023
0.4836797714233398,0.2129063606262207,-0.2060301303863525,0.4887586236000061,0.1918752044439316,-0.1993214935064316,0.4932578802108765,0.1905535012483597,-0.1993483453989029,0.4969438314437866,0.1893934905529022,-0.1993772685527802,0.4765188992023468,0.1948817968368530,-0.1918262988328934,0.4736028909683228,0.1955900639295578,-0.1918514072895050,0.4704741239547729,0.1964910179376602,-0.1918136179447174,0.5033838152885437,0.1884179711341858,-0.1067208051681519,0.4686887562274933,0.1982205212116241,-0.0695235356688499,0.4938213527202606,0.2290623188018799,-0.1659790426492691,0.4801169037818909,0.2322710156440735,-0.1557531207799911,0.5371907353401184,0.2670232057571411,-0.0513987876474857,0.4495945274829865,0.2720690667629242,0.0436422340571880,0.5538322925567627,0.3932078182697296,-0.1303917616605759,0.4205802381038666,0.4010982811450958,-0.0378944948315620,0.5096667408943176,0.3942050933837891,-0.2981416881084442,0.4433713257312775,0.3140078485012054,-0.2854174077510834,0.4988166987895966,0.3926202356815338,-0.3347004354000092,0.4476018249988556,0.2958750426769257,-0.3294644355773926,0.4951821267604828,0.3752703666687012,-0.3300948441028595,0.4486524760723114,0.2828639745712280,-0.3206085264682770,0.4979645013809204,0.3721897602081299,-0.2968813478946686,0.4499449729919434,0.2881813347339630,-0.2868589162826538,0.5195031166076660,0.5036939382553101,-0.0394540876150131,0.4695273041725159,0.5034002661705017,0.0393962375819683,0.5478630065917969,0.6817023158073425,-0.1023692414164543,0.4336444437503815,0.6805032491683960,0.0352516360580921,0.5825960636138916,0.8535267710685730,0.0291357524693012,0.4337774515151978,0.8210730552673340,0.2203758805990219,0.5842354893684387,0.8694317936897278,0.0374371819198132,0.4416140019893646,0.8450661897659302,0.2353967279195786,0.5770675539970398,0.9189216494560242,-0.0930228009819984,0.4051330387592316,0.8714684844017029,0.1434229016304016
0.4796139001846313,0.2156272828578949,-0.2053588479757309,0.4845897555351257,0.1949826925992966,-0.1989538073539734,0.4892783761024475,0.1937457770109177,-0.1989860236644745,0.4932591617107391,0.1926259845495224,-0.1990128606557846,0.4732615053653717,0.1973937153816223,-0.1904857754707336,0.4703601896762848,0.1979222297668457,-0.1905084252357483,0.4673292040824890,0.1985625624656677,-0.1904699355363846,0.5004668831825256,0.1914501190185547,-0.1081520467996597,0.4664327204227448,0.1999328285455704,-0.0667097643017769,0.4896118044853210,0.2316313534975052,-0.1661496609449387,0.4766608178615570,0.2343244403600693,-0.1547009348869324,0.5342603921890259,0.2683112621307373,-0.0568354129791260,0.4482699632644653,0.2747667133808136,0.0489560924470425,0.5512878894805908,0.3953070044517517,-0.1401683539152145,0.4201427400112152,0.4052194952964783,-0.0351187661290169,0.5051476359367371,0.3942359387874603,-0.3081138730049133,0.4424161314964294,0.3181456029415131,-0.2847935855388641,0.4937047362327576,0.3929596245288849,-0.3455864489078522,0.4451124072074890,0.2961144745349884,-0.3281492292881012,0.4901025593280792,0.3756590187549591,-0.3408853411674500,0.4461896121501923,0.2842099666595459,-0.3220214247703552,0.4929348528385162,0.3725736141204834,-0.3068822324275970,0.4478489756584167,0.2883246243000031,-0.2875280976295471,0.5183128714561462,0.5078579187393188,-0.0398728437721729,0.4686093926429749,0.5079205632209778,0.0398184061050415,0.5460385084152222,0.6826630234718323,-0.1027312949299812,0.4324660301208496,0.6814914345741272,0.0330297499895096,0.5819894671440125,0.8529891967773438,0.0345630869269371,0.4335971772670746,0.8210754394531250,0.2195733487606049,0.5837410092353821,0.8683938980102539,0.0429174862802029,0.4416138529777527,0.8450746536254883,0.2348821312189102,0.5771669745445251,0.9187763333320618,-0.0884003713726997,0.4047871232032776,0.8714822530746460,0.1401998698711395
0.4757263064384460,0.2185622602701187,-0.2269807308912277,0.4804995954036713,0.1982221603393555,-0.2234844267368317,0.4852714240550995,0.1967534571886063,-0.2235012501478195,0.4893506765365601,0.1953133940696716,-0.2235399633646011,0.4697557687759399,0.2002859115600586,-0.2127507627010345,0.4668954014778137,0.2003888785839081,-0.2127750664949417,0.4640123248100281,0.2007826864719391,-0.2127386927604675,0.4971667528152466,0.1938573271036148,-0.1344317048788071,0.4638130068778992,0.2019249945878983,-0.0825553461909294,0.4857087135314941,0.2340832799673080,-0.1873471587896347,0.4728292524814606,0.2365148663520813,-0.1728840768337250,0.5324011445045471,0.2701350748538971,-0.0720752477645874,0.4468836188316345,0.2773896753787994,0.0450086258351803,0.5495247244834900,0.3991407454013824,-0.1615754961967468,0.4176166355609894,0.4083208143711090,-0.0477272756397724,0.5013483762741089,0.3942609429359436,-0.3459497988224030,0.4387296438217163,0.3329143226146698,-0.3138268291950226,0.4885571897029877,0.3929967284202576,-0.3849357366561890,0.4429834783077240,0.3091771006584167,-0.3575143516063690,0.4855926334857941,0.3758852779865265,-0.3793934881687164,0.4447345733642578,0.2967393398284912,-0.3542869985103607,0.4887767136096954,0.3727698624134064,-0.3440891802310944,0.4458554089069366,0.3017235696315765,-0.3178904950618744,0.5169736742973328,0.5107590556144714,-0.0401842445135117,0.4675228297710419,0.5098521113395691,0.0401007086038589,0.5448936223983765,0.6865726709365845,-0.1035856232047081,0.4310840070247650,0.6830126047134399,0.0383576303720474,0.5816065669059753,0.8531183600425720,0.0400671400129795,0.4332670867443085,0.8212192654609680,0.2453736215829849,0.5836673378944397,0.8688138723373413,0.0487518347799778,0.4415968060493469,0.8450816869735718,0.2618315815925598,0.5769999027252197,0.9188311100006104,-0.0830971971154213,0.4044637382030487,0.8717367053031921,0.1703351885080338
0.4721996188163757,0.2216856181621552,-0.2289684563875198,0.4768147170543671,0.2011766135692596,-0.2236547172069550,0.4814564585685730,0.1997709870338440,-0.2236744612455368,0.4858416616916656,0.1982252150774002,-0.2237102389335632,0.4667991697788239,0.2030492871999741,-0.2141121774911880,0.4639264047145844,0.2030437588691711,-0.2141430824995041,0.4611259996891022,0.2033501267433167,-0.2141054570674896,0.4942728579044342,0.1962796598672867,-0.1373516172170639,0.4614429175853729,0.2040060609579086,-0.0856899768114090,0.4820249974727631,0.2369019538164139,-0.1891081184148788,0.4700039625167847,0.2394921779632568,-0.1760398447513580,0.5300653576850891,0.2708746492862701,-0.0743962302803993,0.4449045956134796,0.2777079343795776,0.0396890677511692,0.5472488999366760,0.4020840823650360,-0.1627520769834518,0.4168015718460083,0.4093779027462006,-0.0466585233807564,0.4971965551376343,0.3959628343582153,-0.3434306979179382,0.4322773516178131,0.3454350233078003,-0.3036229312419891,0.4815821647644043,0.3955082893371582,-0.3821085393428802,0.4372863769531250,0.3258109688758850,-0.3457024395465851,0.4801396727561951,0.3761698901653290,-0.3769019246101379,0.4386364519596100,0.3120191097259521,-0.3452757894992828,0.4838997721672058,0.3729133903980255,-0.3417074382305145,0.4389171302318573,0.3163176178932190,-0.3087297081947327,0.5162320733070374,0.5141945481300354,-0.0402181334793568,0.4669769406318665,0.5127833485603333,0.0401519201695919,0.5434230566024780,0.6887365579605103,-0.1063198968768120,0.4304027259349823,0.6827759742736816,0.0380051769316196,0.5811333060264587,0.8529228568077087,0.0434340760111809,0.4327453374862671,0.8212217688560486,0.2393131852149963,0.5834862589836121,0.8686836361885071,0.0523335076868534,0.4412467181682587,0.8450300097465515,0.2540916800498962,0.5769051313400269,0.9189221858978271,-0.0797037780284882,0.4044043421745300,0.8718736767768860,0.1599026769399643
0.4697613418102264,0.2240360230207443,-0.2573078572750092,0.4743447005748749,0.2032174021005630,-0.2545855939388275,0.4788547456264496,0.2018672972917557,-0.2546045482158661,0.4834419190883636,0.2003059089183807,-0.2546426355838776,0.4645880162715912,0.2049372047185898,-0.2435597926378250,0.4615713059902191,0.2049219757318497,-0.2436023652553558,0.4587908387184143,0.2052211314439774,-0.2435789853334427,0.4918650686740875,0.1982100903987885,-0.1657665371894836,0.4591054618358612,0.2057053148746490,-0.1106268391013145,0.4790752232074738,0.2391870915889740,-0.2164993286132812,0.4676682651042938,0.2418008893728256,-0.2015566229820251,0.5282398462295532,0.2714276313781738,-0.1023142263293266,0.4429754912853241,0.2784969210624695,0.0250080730766058,0.5447229743003845,0.4049121737480164,-0.1703414916992188,0.4153516590595245,0.4088590145111084,-0.0504635646939278,0.4922052025794983,0.3985361158847809,-0.3426706194877625,0.4265956580638885,0.3580155670642853,-0.3064796626567841,0.4748361706733704,0.3987997472286224,-0.3801537752151489,0.4293633699417114,0.3413451910018921,-0.3480077683925629,0.4732579886913300,0.3779977560043335,-0.3757209777832031,0.4303134083747864,0.3294178247451782,-0.3509569764137268,0.4773316085338593,0.3745855689048767,-0.3405433893203735,0.4309463798999786,0.3335748612880707,-0.3130966126918793,0.5163072943687439,0.5163616538047791,-0.0429597087204456,0.4675834774971008,0.5147315263748169,0.0428653322160244,0.5420997142791748,0.6906965374946594,-0.1052845641970634,0.4305966496467590,0.6823487281799316,0.0564324259757996,0.5806958079338074,0.8526660203933716,0.0536190606653690,0.4326562583446503,0.8217635750770569,0.2555097043514252,0.5830898880958557,0.8677191734313965,0.0630250945687294,0.4412377476692200,0.8456227779388428,0.2699096500873566,0.5768745541572571,0.9189640283584595,-0.0690583437681198,0.4034181535243988,0.8719754219055176,0.1748142540454865
0.4671427905559540,0.2254817932844162,-0.2694553136825562,0.4718819856643677,0.2045680284500122,-0.2662436664104462,0.4763405025005341,0.2031801491975784,-0.2662646472454071,0.4809801280498505,0.2015377730131149,-0.2663077414035797,0.4621683061122894,0.2063408046960831,-0.2549748122692108,0.4590882360935211,0.2063091248273849,-0.2550201416015625,0.4563157856464386,0.2065978944301605,-0.2549907267093658,0.4893867075443268,0.1991839408874512,-0.1722364723682404,0.4564660489559174,0.2067033797502518,-0.1175027862191200,0.4759997129440308,0.2403947114944458,-0.2270874828100204,0.4649834334850311,0.2430849373340607,-0.2119875103235245,0.5261369943618774,0.2713828980922699,-0.1089833900332451,0.4408155083656311,0.2786836326122284,0.0249121412634850,0.5419452190399170,0.4069600999355316,-0.1710482388734818,0.4165942966938019,0.4078960716724396,-0.0447245649993420,0.4873947799205780,0.3989922404289246,-0.3359052836894989,0.4205786883831024,0.3721789419651031,-0.3041124939918518,0.4689473807811737,0.4003523588180542,-0.3744656741619110,0.4182856678962708,0.3593385517597198,-0.3457244932651520,0.4666125476360321,0.3787889480590820,-0.3704631626605988,0.4181208610534668,0.3475337922573090,-0.3544645011425018,0.4698680043220520,0.3752107620239258,-0.3335606455802917,0.4206542968750000,0.3500965237617493,-0.3132728934288025,0.5156271457672119,0.5163377523422241,-0.0471134260296822,0.4673807322978973,0.5147398114204407,0.0470497496426105,0.5397441983222961,0.6906887888908386,-0.1051014363765717,0.4306997060775757,0.6822582483291626,0.0815823152661324,0.5802844166755676,0.8527502417564392,0.0502125397324562,0.4323830306529999,0.8218039870262146,0.2775516510009766,0.5830546021461487,0.8679741024971008,0.0585262775421143,0.4412235915660858,0.8456240296363831,0.2913789749145508,0.5749603509902954,0.9190294146537781,-0.0777321606874466,0.4033369421958923,0.8721272945404053,0.1965117901563644
0.4642947912216187,0.2257689833641052,-0.2874783575534821,0.4690271019935608,0.2047442346811295,-0.2836632728576660,0.4735093116760254,0.2032748609781265,-0.2836847305297852,0.4780946671962738,0.2015733867883682,-0.2837356626987457,0.4595094919204712,0.2067731618881226,-0.2721812427043915,0.4565528333187103,0.2068155109882355,-0.2722367346286774,0.4537536203861237,0.2071690261363983,-0.2722160220146179,0.4867449700832367,0.1991333216428757,-0.1869511604309082,0.4542894363403320,0.2070966064929962,-0.1315014362335205,0.4737016260623932,0.2404070794582367,-0.2443381398916245,0.4624686837196350,0.2434490025043488,-0.2289755344390869,0.5243421792984009,0.2712721526622772,-0.1219568029046059,0.4398189485073090,0.2787699997425079,0.0155639229342341,0.5397564172744751,0.4092760384082794,-0.1791068166494370,0.4171226322650909,0.4069134891033173,-0.0457513183355331,0.4840040206909180,0.3996438384056091,-0.3359069228172302,0.4142550528049469,0.3852471113204956,-0.3084360659122467,0.4652749300003052,0.4013975262641907,-0.3746712803840637,0.4086677134037018,0.3804503977298737,-0.3503876626491547,0.4624096155166626,0.3796227574348450,-0.3709476888179779,0.4092283248901367,0.3664923608303070,-0.3626443147659302,0.4655705988407135,0.3757451474666595,-0.3338857591152191,0.4124320447444916,0.3672850430011749,-0.3193958103656769,0.5154396295547485,0.5162591934204102,-0.0496258251368999,0.4677805602550507,0.5149914026260376,0.0495557226240635,0.5386847853660583,0.6909695863723755,-0.1045122817158699,0.4308896362781525,0.6820998787879944,0.0864975601434708,0.5799797177314758,0.8528160452842712,0.0522968880832195,0.4322431683540344,0.8219215869903564,0.2840218245983124,0.5830476284027100,0.8682268261909485,0.0606027022004128,0.4412392973899841,0.8457331061363220,0.2981074154376984,0.5740833878517151,0.9190890789031982,-0.0740189626812935,0.4029140770435333,0.8723104596138000,0.2024323493242264
0.4612687826156616,0.2255299836397171,-0.3208924233913422,0.4660718142986298,0.2045126110315323,-0.3172887861728668,0.4704951345920563,0.2030091732740402,-0.3172999918460846,0.4752122759819031,0.2013272196054459,-0.3173439800739288,0.4568245112895966,0.2066713869571686,-0.3048675656318665,0.4539370536804199,0.2067421823740005,-0.3049222826957703,0.4512864947319031,0.2071069926023483,-0.3049111068248749,0.4841723144054413,0.1989820450544357,-0.2213882952928543,0.4521823227405548,0.2070264220237732,-0.1615321338176727,0.4707829356193542,0.2401883155107498,-0.2782741189002991,0.4598456025123596,0.2432620525360107,-0.2615947425365448,0.5226694941520691,0.2707322537899017,-0.1564697474241257,0.4389905631542206,0.2789713442325592,-0.0120434155687690,0.5380849838256836,0.4087875783443451,-0.2169224768877029,0.4177093505859375,0.4044183194637299,-0.0611225850880146,0.4786897301673889,0.3997232615947723,-0.3743715584278107,0.4061013162136078,0.3912453949451447,-0.3281130194664001,0.4610128402709961,0.4016475379467010,-0.4152931571006775,0.3981981277465820,0.3909985721111298,-0.3701028525829315,0.4579411745071411,0.3798071146011353,-0.4121478796005249,0.3990345001220703,0.3774116039276123,-0.3869002461433411,0.4608392417430878,0.3758365511894226,-0.3730033636093140,0.4036205410957336,0.3769074380397797,-0.3412995636463165,0.5157828330993652,0.5160280466079712,-0.0500050932168961,0.4682281315326691,0.5146854519844055,0.0499167367815971,0.5380578637123108,0.6910828948020935,-0.1030346900224686,0.4316153526306152,0.6811689734458923,0.0794915780425072,0.5792048573493958,0.8525376319885254,0.0675987526774406,0.4319983720779419,0.8219796419143677,0.2773966789245605,0.5826770663261414,0.8678948283195496,0.0769773200154305,0.4412075281143188,0.8457249402999878,0.2917546331882477,0.5731735825538635,0.9193584918975830,-0.0578279644250870,0.4029211997985840,0.8728386163711548,0.1945427358150482
0.4586004018783569,0.2253218591213226,-0.3383159339427948,0.4630999565124512,0.2043525427579880,-0.3347769677639008,0.4674408733844757,0.2026440054178238,-0.3347913920879364,0.4722959697246552,0.2007379233837128,-0.3348438441753387,0.4540658891201019,0.2066296786069870,-0.3223850131034851,0.4512568712234497,0.2067045271396637,-0.3224376440048218,0.4487958252429962,0.2070565521717072,-0.3224346339702606,0.4818818867206573,0.1983975321054459,-0.2382050603628159,0.4498632550239563,0.2068362236022949,-0.1783664971590042,0.4679968059062958,0.2396233975887299,-0.2953695654869080,0.4573433101177216,0.2427792847156525,-0.2786710858345032,0.5210809707641602,0.2692360579967499,-0.1697347760200500,0.4373140335083008,0.2789747118949890,-0.0291648935526609,0.5366016030311584,0.4087192118167877,-0.2256331890821457,0.4181666970252991,0.4039320051670074,-0.0695938169956207,0.4755579233169556,0.3997244834899902,-0.3820702135562897,0.4033355116844177,0.4004164040088654,-0.3303821384906769,0.4582589268684387,0.4016599655151367,-0.4234425127506256,0.3959683775901794,0.4038978219032288,-0.3716958761215210,0.4548617005348206,0.3798617422580719,-0.4217124879360199,0.3963989913463593,0.3910581469535828,-0.3906081616878510,0.4580626487731934,0.3759245574474335,-0.3813561797142029,0.4001364409923553,0.3897174596786499,-0.3441621065139771,0.5161291956901550,0.5159366130828857,-0.0499922558665276,0.4683879017829895,0.5144329667091370,0.0498987063765526,0.5383645892143250,0.6911615729331970,-0.1016784533858299,0.4322212040424347,0.6796803474426270,0.0909506157040596,0.5790303349494934,0.8526012301445007,0.0651793852448463,0.4319002330303192,0.8220878243446350,0.3028974831104279,0.5826982259750366,0.8680065870285034,0.0738494843244553,0.4411695599555969,0.8457282185554504,0.3185547888278961,0.5723050236701965,0.9197219610214233,-0.0602680891752243,0.4029011726379395,0.8733523488044739,0.2264744192361832
0.4565128087997437,0.2246509790420532,-0.3306670784950256,0.4607135951519012,0.2037566900253296,-0.3264681398868561,0.4649664461612701,0.2018128633499146,-0.3264941573143005,0.4698334336280823,0.1996124833822250,-0.3265458643436432,0.4518210589885712,0.2062447667121887,-0.3143756091594696,0.4490539729595184,0.2063766270875931,-0.3144231140613556,0.4467340409755707,0.2067404240369797,-0.3144275844097137,0.4797259867191315,0.1971754878759384,-0.2287093997001648,0.4479460120201111,0.2062862366437912,-0.1704874485731125,0.4660587906837463,0.2386315017938614,-0.2874623239040375,0.4556129276752472,0.2420677244663239,-0.2711670100688934,0.5197682976722717,0.2655087113380432,-0.1627275794744492,0.4367140531539917,0.2788675129413605,-0.0228921808302402,0.5349997282028198,0.4084224402904510,-0.2148540318012238,0.4185521304607391,0.4025099575519562,-0.0649105459451675,0.4710647463798523,0.3997189998626709,-0.3706736564636230,0.4004722833633423,0.4115532338619232,-0.3175379335880280,0.4556205570697784,0.4016045033931732,-0.4121860563755035,0.3910424113273621,0.4224913418292999,-0.3558591306209564,0.4520574212074280,0.3797496557235718,-0.4113240540027618,0.3907362222671509,0.4117142856121063,-0.3732633590698242,0.4555596113204956,0.3759689033031464,-0.3704558610916138,0.3961818516254425,0.4053057432174683,-0.3384632766246796,0.5165409445762634,0.5153258442878723,-0.0503263510763645,0.4689493477344513,0.5141406655311584,0.0502342619001865,0.5386360883712769,0.6909319758415222,-0.0972077324986458,0.4326613545417786,0.6767740845680237,0.0940077379345894,0.5785920619964600,0.8520094752311707,0.0635010078549385,0.4317333102226257,0.8221117258071899,0.2884621620178223,0.5827046632766724,0.8668930530548096,0.0714424848556519,0.4410905838012695,0.8456965684890747,0.3019843101501465,0.5719096064567566,0.9197618365287781,-0.0621204786002636,0.4028244316577911,0.8733677268028259,0.2069695591926575
0.4540145099163055,0.2232493758201599,-0.3082775175571442,0.4579302072525024,0.2023564875125885,-0.3045250475406647,0.4621055424213409,0.2001175135374069,-0.3045520484447479,0.4669062495231628,0.1976273953914642,-0.3046001791954041,0.4495014846324921,0.2051187753677368,-0.2923167943954468,0.4469387233257294,0.2053074538707733,-0.2923590838909149,0.4447537362575531,0.2056703567504883,-0.2923600375652313,0.4773601293563843,0.1952636390924454,-0.2123041898012161,0.4466331601142883,0.2049061357975006,-0.1533637046813965,0.4633686244487762,0.2367045134305954,-0.2673202455043793,0.4535090029239655,0.2402316033840179,-0.2508835494518280,0.5181496739387512,0.2627877891063690,-0.1557427048683167,0.4368921518325806,0.2785181999206543,-0.0136115364730358,0.5322778224945068,0.4082772433757782,-0.2043882757425308,0.4187274575233459,0.3990702629089355,-0.0285265799611807,0.4659189581871033,0.3976750075817108,-0.3345679640769958,0.3947471082210541,0.4108597338199615,-0.2556863129138947,0.4506324231624603,0.4005946218967438,-0.3727092146873474,0.3812822103500366,0.4244720041751862,-0.2906017005443573,0.4483506083488464,0.3787377178668976,-0.3750730752944946,0.3782269060611725,0.4151984155178070,-0.3206070065498352,0.4521996676921844,0.3753197789192200,-0.3354315161705017,0.3862454295158386,0.4106614887714386,-0.2759330868721008,0.5170667171478271,0.5147256255149841,-0.0517304986715317,0.4690337777137756,0.5135868787765503,0.0516319721937180,0.5391356348991394,0.6909095048904419,-0.0910426601767540,0.4332906603813171,0.6740404367446899,0.0945480614900589,0.5786072015762329,0.8518604040145874,0.0672578066587448,0.4314204156398773,0.8224896788597107,0.2750691771507263,0.5826800465583801,0.8659672737121582,0.0752094164490700,0.4408909380435944,0.8461865186691284,0.2891373932361603,0.5714978575706482,0.9199331402778625,-0.0527369156479836,0.4009863138198853,0.8736582398414612,0.1916897445917130
0.4527472853660583,0.2219377607107162,-0.3004258871078491,0.4562596082687378,0.2010297626256943,-0.2966732680797577,0.4604053199291229,0.1986338496208191,-0.2967004477977753,0.4650040864944458,0.1960654258728027,-0.2967464327812195,0.4478767216205597,0.2039559185504913,-0.2843359708786011,0.4453470110893250,0.2042191028594971,-0.2843788564205170,0.4431916773319244,0.2045518010854721,-0.2843858599662781,0.4756619632244110,0.1936149299144745,-0.2060352861881256,0.4451633393764496,0.2038735449314117,-0.1467923820018768,0.4617947936058044,0.2352231591939926,-0.2603616714477539,0.4522828161716461,0.2388082444667816,-0.2437704056501389,0.5168705582618713,0.2607327103614807,-0.1523283123970032,0.4369911551475525,0.2784790694713593,-0.0079822652041912,0.5309031009674072,0.4070093631744385,-0.1999847441911697,0.4194275140762329,0.3988648951053619,-0.0254414994269609,0.4630336463451385,0.3951790630817413,-0.3133772015571594,0.3941022455692291,0.4162320196628571,-0.2504462003707886,0.4484165310859680,0.3986786305904388,-0.3488952219486237,0.3806820809841156,0.4291442930698395,-0.2847810983657837,0.4464286863803864,0.3777073919773102,-0.3508719801902771,0.3788918852806091,0.4187975823879242,-0.3111522793769836,0.4507081210613251,0.3744560182094574,-0.3139946162700653,0.3865141272544861,0.4144348204135895,-0.2676890194416046,0.5174431204795837,0.5133894085884094,-0.0529598779976368,0.4695465266704559,0.5122123360633850,0.0528630129992962,0.5393434762954712,0.6898703575134277,-0.0892434418201447,0.4344521760940552,0.6717109680175781,0.0984621793031693,0.5779936909675598,0.8519017696380615,0.0575949624180794,0.4313122332096100,0.8227318525314331,0.2669377624988556,0.5822909474372864,0.8660236597061157,0.0630266442894936,0.4402458369731903,0.8464676737785339,0.2747305929660797,0.5705073475837708,0.9201831221580505,-0.0558341294527054,0.4001438319683075,0.8739098906517029,0.1852363049983978
0.4508376121520996,0.2202851772308350,-0.2939788699150085,0.4541860520839691,0.1991495490074158,-0.2902561724185944,0.4583416581153870,0.1966272145509720,-0.2902852892875671,0.4628897011280060,0.1940406858921051,-0.2903334200382233,0.4460360705852509,0.2022923082113266,-0.2782595455646515,0.4435580968856812,0.2026210129261017,-0.2783018648624420,0.4414910078048706,0.2029715925455093,-0.2783022224903107,0.4738254845142365,0.1917749941349030,-0.2033670097589493,0.4434929192066193,0.2026576101779938,-0.1425830721855164,0.4597587585449219,0.2336000353097916,-0.2542126476764679,0.4505285620689392,0.2371672987937927,-0.2379363030195236,0.5152441859245300,0.2579692602157593,-0.1525137722492218,0.4363169968128204,0.2783214151859283,-0.0048288898542523,0.5303455591201782,0.4037099182605743,-0.1889552921056747,0.4224945604801178,0.3988072872161865,-0.0280273780226707,0.4642390608787537,0.3936187326908112,-0.2697706222534180,0.3995836973190308,0.4114972949028015,-0.2528841495513916,0.4500114619731903,0.3964282572269440,-0.2989392578601837,0.3903165459632874,0.4200207293033600,-0.2859047353267670,0.4485230743885040,0.3754899203777313,-0.2996274530887604,0.3884933590888977,0.4138860404491425,-0.3068467676639557,0.4532683193683624,0.3725127875804901,-0.2690908610820770,0.3954142332077026,0.4046737253665924,-0.2675284743309021,0.5177707672119141,0.5113818049430847,-0.0542537979781628,0.4703110158443451,0.5107756853103638,0.0541666373610497,0.5397165417671204,0.6895388960838318,-0.0803920999169350,0.4367026984691620,0.6685426831245422,0.1017803102731705,0.5773786902427673,0.8516972661018372,0.0599304996430874,0.4313216507434845,0.8225035071372986,0.2605046033859253,0.5820001959800720,0.8652688860893250,0.0657150447368622,0.4396910965442657,0.8462620377540588,0.2656281590461731,0.5704841613769531,0.9201807379722595,-0.0543617010116577,0.3999466001987457,0.8736494183540344,0.1828408092260361
0.4494124948978424,0.2182712852954865,-0.2953200638294220,0.4526415169239044,0.1971873342990875,-0.2938629984855652,0.4567940533161163,0.1946155279874802,-0.2938952744007111,0.4612931311130524,0.1920693665742874,-0.2939471006393433,0.4447008371353149,0.2004500329494476,-0.2795896232128143,0.4422559440135956,0.2008322924375534,-0.2796350717544556,0.4402739703655243,0.2011878192424774,-0.2796552777290344,0.4723615646362305,0.1902934163808823,-0.2167985588312149,0.4429116547107697,0.2012454867362976,-0.1462509632110596,0.4585016667842865,0.2315915971994400,-0.2597669661045074,0.4494045674800873,0.2353641837835312,-0.2403859943151474,0.5140537619590759,0.2555017769336700,-0.1767041385173798,0.4370389282703400,0.2783246934413910,-0.0047071552835405,0.5302446484565735,0.3995779454708099,-0.1988896578550339,0.4241241812705994,0.3986214101314545,-0.0224163495004177,0.4625834226608276,0.3921819329261780,-0.2793531417846680,0.3934249281883240,0.4179303348064423,-0.2273524254560471,0.4478998482227325,0.3947245478630066,-0.3092481195926666,0.3807422518730164,0.4317784011363983,-0.2568934857845306,0.4470156729221344,0.3742284774780273,-0.3094013035297394,0.3765867650508881,0.4240935146808624,-0.2820616960525513,0.4517917931079865,0.3716090023517609,-0.2783611416816711,0.3862925469875336,0.4179363846778870,-0.2437237948179245,0.5179004669189453,0.5094363689422607,-0.0601323172450066,0.4724983274936676,0.5091972351074219,0.0600508004426956,0.5400065779685974,0.6887965798377991,-0.0810958668589592,0.4398846328258514,0.6654080152511597,0.1218112185597420,0.5771424770355225,0.8516061305999756,0.0395308136940002,0.4313561618328094,0.8221313357353210,0.2593356966972351,0.5819786190986633,0.8650052547454834,0.0428966395556927,0.4393078982830048,0.8461000919342041,0.2654580771923065,0.5694497227668762,0.9201548099517822,-0.0737814903259277,0.3993813395500183,0.8730837702751160,0.1826536953449249
0.4483495056629181,0.2165185362100601,-0.3002931773662567,0.4511729478836060,0.1953504979610443,-0.3003236353397369,0.4552117288112640,0.1926166862249374,-0.3003543913364410,0.4595438838005066,0.1900618225336075,-0.3003919720649719,0.4433985352516174,0.1992831379175186,-0.2843386232852936,0.4410875737667084,0.1998457759618759,-0.2843961715698242,0.4392395317554474,0.2003166973590851,-0.2844324111938477,0.4709948897361755,0.1885374635457993,-0.2270461469888687,0.4419978857040405,0.2004911005496979,-0.1509638875722885,0.4576348364353180,0.2295109182596207,-0.2668272554874420,0.4485681354999542,0.2337451428174973,-0.2454427629709244,0.5130172967910767,0.2545908987522125,-0.1894832700490952,0.4374438226222992,0.2783270776271820,-0.0048143560998142,0.5290132164955139,0.3973620533943176,-0.2207849025726318,0.4260297417640686,0.3985934853553772,-0.0208008047193289,0.4608575105667114,0.3904462754726410,-0.2927477955818176,0.3976939022541046,0.4190278649330139,-0.2262257933616638,0.4459744989871979,0.3938861191272736,-0.3288925290107727,0.3854083120822906,0.4348605275154114,-0.2552892863750458,0.4442423284053802,0.3732720911502838,-0.3274822235107422,0.3813689351081848,0.4251921474933624,-0.2801203727722168,0.4491502642631531,0.3705277144908905,-0.2924161851406097,0.3906854987144470,0.4190530478954315,-0.2419935613870621,0.5187112689018250,0.5078282952308655,-0.0645148381590843,0.4752996563911438,0.5076711177825928,0.0644248425960541,0.5402330756187439,0.6861317157745361,-0.0826231464743614,0.4427066147327423,0.6618682742118835,0.1218726709485054,0.5771764516830444,0.8509352803230286,0.0237090792506933,0.4313260018825531,0.8216117024421692,0.2534409761428833,0.5820252299308777,0.8650441169738770,0.0259830020368099,0.4390320777893066,0.8455582857131958,0.2572831213474274,0.5694512128829956,0.9201071262359619,-0.0941216573119164,0.3993952572345734,0.8719707131385803,0.1797387897968292
0.4467678070068359,0.2157196849584579,-0.3022883236408234,0.4496011435985565,0.1945548057556152,-0.3043780028820038,0.4535039961338043,0.1918430477380753,-0.3044109344482422,0.4578202664852142,0.1893247663974762,-0.3044670224189758,0.4421155154705048,0.1985402405261993,-0.2862313091754913,0.4399093985557556,0.1991581171751022,-0.2862845659255981,0.4380818903446198,0.1996663957834244,-0.2863211333751678,0.4697309732437134,0.1879458278417587,-0.2394437789916992,0.4412484467029572,0.1999967545270920,-0.1538293808698654,0.4562220871448517,0.2288567274808884,-0.2719030678272247,0.4473610818386078,0.2331844121217728,-0.2478414177894592,0.5111053586006165,0.2542562186717987,-0.2104728072881699,0.4380213916301727,0.2783737778663635,-0.0036787176504731,0.5278402566909790,0.3968895077705383,-0.2304178178310394,0.4271722435951233,0.3985015153884888,-0.0244315098971128,0.4586444795131683,0.3897665441036224,-0.2813695073127747,0.4001448452472687,0.4154266715049744,-0.2432620674371719,0.4427980780601501,0.3936103880405426,-0.3096508383750916,0.3899148404598236,0.4258390367031097,-0.2767832875251770,0.4419219195842743,0.3727764189243317,-0.3096825182437897,0.3876075744628906,0.4182256460189819,-0.2960756123065948,0.4465673267841339,0.3701799809932709,-0.2793587744235992,0.3951140642166138,0.4104850888252258,-0.2561429738998413,0.5205686092376709,0.5066826939582825,-0.0697695016860962,0.4787770509719849,0.5069736242294312,0.0697281807661057,0.5404154658317566,0.6861329078674316,-0.0833686590194702,0.4453040659427643,0.6608098149299622,0.1334435641765594,0.5770238041877747,0.8506617546081543,0.0253536831587553,0.4313322901725769,0.8213940858840942,0.2594030201435089,0.5822552442550659,0.8653036355972290,0.0284159556031227,0.4390043616294861,0.8455601334571838,0.2636736929416656,0.5678313970565796,0.9204037785530090,-0.0935948640108109,0.3991779386997223,0.8719670772552490,0.1866565793752670
0.4451333582401276,0.2155470848083496,-0.3219012320041656,0.4482386410236359,0.1943245381116867,-0.3241048157215118,0.4521423876285553,0.1916103363037109,-0.3241345584392548,0.4565535783767700,0.1890962272882462,-0.3242014646530151,0.4408078789710999,0.1983520239591599,-0.3040095567703247,0.4386401176452637,0.1989688426256180,-0.3040598034858704,0.4367879629135132,0.1994817107915878,-0.3040901422500610,0.4689467549324036,0.1878111213445663,-0.2568035423755646,0.4405868947505951,0.1998078674077988,-0.1645477712154388,0.4548037648200989,0.2287145406007767,-0.2914441823959351,0.4460670650005341,0.2330349683761597,-0.2650134861469269,0.5102123618125916,0.2546776235103607,-0.2270956635475159,0.4384440183639526,0.2785984575748444,-0.0046213860623538,0.5276521444320679,0.3968767225742340,-0.2499545067548752,0.4289420545101166,0.3985257148742676,-0.0310157015919685,0.4573005139827728,0.3898530900478363,-0.2936508953571320,0.4020906090736389,0.4105014801025391,-0.2677804231643677,0.4419739842414856,0.3936713039875031,-0.3234073519706726,0.3931764960289001,0.4171711504459381,-0.2979460954666138,0.4417418539524078,0.3728694021701813,-0.3234386444091797,0.3911021947860718,0.4079173505306244,-0.3218533098697662,0.4462934136390686,0.3703515529632568,-0.2918064296245575,0.3979593217372894,0.4030126333236694,-0.2846570014953613,0.5230138301849365,0.5050663948059082,-0.0732960253953934,0.4809817075729370,0.5054932236671448,0.0732972621917725,0.5404411554336548,0.6856738328933716,-0.0887051522731781,0.4475035071372986,0.6583428382873535,0.1433404982089996,0.5770543217658997,0.8506597280502319,0.0105772344395518,0.4312405884265900,0.8213061690330505,0.2761214375495911,0.5826348066329956,0.8662836551666260,0.0124549204483628,0.4387707412242889,0.8455434441566467,0.2818381488323212,0.5661125183105469,0.9206325411796570,-0.1177768856287003,0.3981781303882599,0.8726301789283752,0.2014841735363007
0.4444755911827087,0.2160867005586624,-0.3261269629001617,0.4476982355117798,0.1949126869440079,-0.3279806673526764,0.4516109228134155,0.1921259462833405,-0.3280048072338104,0.4560335874557495,0.1894596368074417,-0.3280753493309021,0.4401189386844635,0.1991593986749649,-0.3081413209438324,0.4380854964256287,0.1998402178287506,-0.3081880807876587,0.4363243281841278,0.2003919035196304,-0.3082173168659210,0.4685200154781342,0.1878698766231537,-0.2575531303882599,0.4402184486389160,0.2005171477794647,-0.1668708175420761,0.4544874131679535,0.2291007339954376,-0.2943330705165863,0.4459239244461060,0.2335619926452637,-0.2684310674667358,0.5093574523925781,0.2548443973064423,-0.2252664566040039,0.4386593401432037,0.2789545655250549,-0.0041480245999992,0.5266279578208923,0.3975755274295807,-0.2370001971721649,0.4293001592159271,0.3983753323554993,-0.0371512249112129,0.4575630724430084,0.3893595039844513,-0.2602107226848602,0.4038462042808533,0.4071400463581085,-0.2791104018688202,0.4425195455551147,0.3936649858951569,-0.2847740054130554,0.4025735855102539,0.4146324396133423,-0.3084506988525391,0.4410337209701538,0.3730224967002869,-0.2859698534011841,0.4016132354736328,0.4027157425880432,-0.3297847807407379,0.4462300240993500,0.3704246580600739,-0.2573070228099823,0.4023991823196411,0.4003791809082031,-0.2950288653373718,0.5259512066841125,0.5046272873878479,-0.0735774263739586,0.4839214682579041,0.5049951672554016,0.0735962167382240,0.5407257676124573,0.6861994266510010,-0.0909188464283943,0.4489192962646484,0.6581640243530273,0.1426561176776886,0.5771528482437134,0.8506901264190674,0.0132595784962177,0.4311958551406860,0.8212430477142334,0.2805084884166718,0.5837047696113586,0.8686671257019043,0.0158601086586714,0.4387282133102417,0.8455492258071899,0.2873048186302185,0.5645745992660522,0.9212541580200195,-0.1139494851231575,0.3979862332344055,0.8729030489921570,0.2068380564451218
0.4436883330345154,0.2165850400924683,-0.3166807889938354,0.4469665288925171,0.1952235847711563,-0.3170630037784576,0.4508598148822784,0.1924276798963547,-0.3170863687992096,0.4552985131740570,0.1897373795509338,-0.3171469867229462,0.4396170079708099,0.1993809938430786,-0.2985010445117950,0.4375997185707092,0.2000152617692947,-0.2985439598560333,0.4357681870460510,0.2005398571491241,-0.2985660433769226,0.4678247272968292,0.1882537305355072,-0.2451753765344620,0.4400791823863983,0.2007874697446823,-0.1595942378044128,0.4535931646823883,0.2296919077634811,-0.2846117913722992,0.4451668858528137,0.2340762764215469,-0.2596863210201263,0.5092567205429077,0.2549283504486084,-0.2134821116924286,0.4401342272758484,0.2810665667057037,-0.0006109616952017,0.5278340578079224,0.3982330560684204,-0.2318432778120041,0.4349214732646942,0.3983526527881622,-0.0358139537274837,0.4586386978626251,0.3894153535366058,-0.2626813650131226,0.4074348807334900,0.4053468108177185,-0.2788977921009064,0.4431917369365692,0.3936705589294434,-0.2885245382785797,0.4079878032207489,0.4115530848503113,-0.3085316717624664,0.4421972036361694,0.3731572926044464,-0.2885018587112427,0.4061793982982635,0.4008686542510986,-0.3297924697399139,0.4471889138221741,0.3705490231513977,-0.2598087489604950,0.4055275321006775,0.3998722434043884,-0.2944485247135162,0.5296034812927246,0.5040972828865051,-0.0730586424469948,0.4868878424167633,0.5047245025634766,0.0730870664119720,0.5407438874244690,0.6858577728271484,-0.0935373008251190,0.4498612284660339,0.6579324007034302,0.1395393908023834,0.5771434307098389,0.8506699800491333,-0.0015299365622923,0.4311167299747467,0.8212167620658875,0.2741743922233582,0.5836919546127319,0.8686770200729370,-0.0007469720439985,0.4380675852298737,0.8455500006675720,0.2821461856365204,0.5633877515792847,0.9213674068450928,-0.1293826550245285,0.3970289230346680,0.8728017210960388,0.1993701159954071
0.4433386921882629,0.2193722724914551,-0.3310891389846802,0.4468098878860474,0.1983510106801987,-0.3318088650703430,0.4505616426467896,0.1955626159906387,-0.3318284749984741,0.4549171328544617,0.1926095932722092,-0.3318981230258942,0.4393864572048187,0.2026749253273010,-0.3114554584026337,0.4374417960643768,0.2032112330198288,-0.3115005791187286,0.4355712831020355,0.2035928219556808,-0.3115334212779999,0.4677009582519531,0.1902792602777481,-0.2607020437717438,0.4399842619895935,0.2033239901065826,-0.1672184467315674,0.4535383582115173,0.2321372032165527,-0.2996905744075775,0.4451109468936920,0.2366113513708115,-0.2728061079978943,0.5095872282981873,0.2587422132492065,-0.2271340489387512,0.4409917593002319,0.2833096385002136,-0.0036204238422215,0.5291355252265930,0.4019989669322968,-0.2521367073059082,0.4355436265468597,0.3983326554298401,-0.0377400331199169,0.4604767262935638,0.3898111581802368,-0.2685696482658386,0.4077984094619751,0.4070409834384918,-0.2857872247695923,0.4448368251323700,0.3947285413742065,-0.3055790662765503,0.4051605761051178,0.4125181138515472,-0.3159690797328949,0.4441246986389160,0.3734362125396729,-0.3038415908813477,0.3965028822422028,0.4045069515705109,-0.3389306664466858,0.4488636851310730,0.3709556460380554,-0.2683626413345337,0.4047156870365143,0.4003953039646149,-0.3023505210876465,0.5314616560935974,0.5041126012802124,-0.0733828768134117,0.4884861707687378,0.5045711994171143,0.0734105110168457,0.5411106348037720,0.6863165497779846,-0.1000087633728981,0.4501078724861145,0.6582680940628052,0.1409096717834473,0.5771648287773132,0.8511590957641602,-0.0120328254997730,0.4310929179191589,0.8212603926658630,0.2739740312099457,0.5837867856025696,0.8702416419982910,-0.0116634322330356,0.4375804662704468,0.8461059927940369,0.2812136709690094,0.5624368786811829,0.9222844839096069,-0.1425398141145706,0.3965993523597717,0.8727871775627136,0.1996440291404724
0.4435427784919739,0.2225965708494186,-0.3576087653636932,0.4473052322864532,0.2014147788286209,-0.3581949770450592,0.4511752426624298,0.1986368745565414,-0.3582085072994232,0.4555655121803284,0.1956956684589386,-0.3582822084426880,0.4395562112331390,0.2058568000793457,-0.3379289507865906,0.4375688731670380,0.2064095884561539,-0.3379916846752167,0.4356608092784882,0.2068010568618774,-0.3380323052406311,0.4681055843830109,0.1931067258119583,-0.2865063846111298,0.4399618506431580,0.2068586200475693,-0.1933310776948929,0.4539037048816681,0.2355566620826721,-0.3260332942008972,0.4453190267086029,0.2397788763046265,-0.2994243800640106,0.5103799700737000,0.2650661468505859,-0.2506498396396637,0.4430544078350067,0.2882175445556641,-0.0264736786484718,0.5300079584121704,0.4100778400897980,-0.2701568901538849,0.4378046989440918,0.4027147889137268,-0.0539255477488041,0.4614827334880829,0.3934879004955292,-0.2898155748844147,0.4093188047409058,0.4148398041725159,-0.2939134836196899,0.4447762370109558,0.3981294929981232,-0.3174364268779755,0.4055882990360260,0.4253355562686920,-0.3242838978767395,0.4436479806900024,0.3792082071304321,-0.3171830773353577,0.3971624076366425,0.4155735373497009,-0.3468676209449768,0.4496833682060242,0.3765829503536224,-0.2872582077980042,0.4051766097545624,0.4118484258651733,-0.3100711703300476,0.5335285067558289,0.5043047666549683,-0.0736586153507233,0.4899162054061890,0.5047164559364319,0.0736618787050247,0.5414089560508728,0.6880338788032532,-0.1016762256622314,0.4504378139972687,0.6586683988571167,0.1495036035776138,0.5771781206130981,0.8533524870872498,0.0000645365362288,0.4310704171657562,0.8212634921073914,0.2953670620918274,0.5840177536010742,0.8732550740242004,0.0023437708150595,0.4372963309288025,0.8466995954513550,0.3037795126438141,0.5612391829490662,0.9239495992660522,-0.1279758363962173,0.3964852094650269,0.8727229237556458,0.2247169017791748
0.4439568519592285,0.2268555462360382,-0.3472145199775696,0.4478501081466675,0.2055580615997314,-0.3481388986110687,0.4516484141349792,0.2027310878038406,-0.3481644392013550,0.4559797346591949,0.1996600776910782,-0.3482424914836884,0.4400552809238434,0.2100962400436401,-0.3274677991867065,0.4380879700183868,0.2105028331279755,-0.3275321424007416,0.4361601769924164,0.2107389271259308,-0.3275717496871948,0.4686030447483063,0.1970626115798950,-0.2802291512489319,0.4405733942985535,0.2105927467346191,-0.1843203902244568,0.4544013738632202,0.2393603622913361,-0.3170903325080872,0.4458005130290985,0.2437281906604767,-0.2897592782974243,0.5112375020980835,0.2719300985336304,-0.2475808262825012,0.4463592767715454,0.2927804589271545,-0.0217173006385565,0.5307148098945618,0.4153440296649933,-0.2863456904888153,0.4401928782463074,0.4047780036926270,-0.0518215261399746,0.4631195068359375,0.3991616964340210,-0.3400032222270966,0.4019232094287872,0.4191632270812988,-0.2941299080848694,0.4466820359230042,0.4050408899784088,-0.3700712621212006,0.3898727595806122,0.4299070239067078,-0.3256504833698273,0.4455307722091675,0.3844490051269531,-0.3683737218379974,0.3801306188106537,0.4210482835769653,-0.3502001762390137,0.4511305093765259,0.3822135627269745,-0.3374482989311218,0.3913691341876984,0.4194873571395874,-0.3114681243896484,0.5354955792427063,0.5055651664733887,-0.0738129690289497,0.4914238750934601,0.5058503150939941,0.0738021060824394,0.5419007539749146,0.6904406547546387,-0.1012526825070381,0.4506956040859222,0.6588076949119568,0.1426658034324646,0.5773078799247742,0.8533703088760376,0.0135669531300664,0.4310900270938873,0.8212343454360962,0.2913745343685150,0.5846704840660095,0.8732178807258606,0.0183853693306446,0.4372625946998596,0.8468129038810730,0.3000027537345886,0.5615635514259338,0.9245886206626892,-0.1057091578841209,0.3965637981891632,0.8724832534790039,0.2191810458898544
0.4444856047630310,0.2305843234062195,-0.3429907858371735,0.4484089612960815,0.2090712189674377,-0.3450498878955841,0.4522003531455994,0.2063577026128769,-0.3450812399387360,0.4565888941287994,0.2033550590276718,-0.3451634645462036,0.4405060708522797,0.2133866846561432,-0.3234935700893402,0.4385186433792114,0.2135917544364929,-0.3235574066638947,0.4365393519401550,0.2137691229581833,-0.3236007392406464,0.4692946076393127,0.2009307891130447,-0.2816316187381744,0.4410692751407623,0.2138619869947433,-0.1812325567007065,0.4549873769283295,0.2432050704956055,-0.3142820298671722,0.4463992416858673,0.2474364638328552,-0.2857646346092224,0.5119290351867676,0.2767302691936493,-0.2499192059040070,0.4493827521800995,0.2960028052330017,-0.0202677752822638,0.5328719615936279,0.4217354357242584,-0.2834321856498718,0.4425143897533417,0.4087837338447571,-0.0504391007125378,0.4639801084995270,0.4073199331760406,-0.3364536166191101,0.4009789526462555,0.4212222993373871,-0.2921325862407684,0.4478316009044647,0.4126333296298981,-0.3664444386959076,0.3873554766178131,0.4329177737236023,-0.3243503868579865,0.4460584223270416,0.3914294540882111,-0.3655552566051483,0.3781034052371979,0.4262581467628479,-0.3486238121986389,0.4518560171127319,0.3891232013702393,-0.3342739641666412,0.3899398148059845,0.4226899743080139,-0.3094163239002228,0.5365055203437805,0.5091116428375244,-0.0740065798163414,0.4925322830677032,0.5076841115951538,0.0739908739924431,0.5423094034194946,0.6945132613182068,-0.1007011681795120,0.4505228102207184,0.6592754721641541,0.1425230801105499,0.5773950219154358,0.8534309864044189,0.0406537428498268,0.4310831725597382,0.8207126855850220,0.3005475699901581,0.5849445462226868,0.8731732368469238,0.0480822250247002,0.4371743202209473,0.8467940092086792,0.3103387057781219,0.5617665052413940,0.9255101680755615,-0.0753432661294937,0.3966354429721832,0.8721600770950317,0.2295738607645035
0.4452752172946930,0.2342459261417389,-0.3413195013999939,0.4489970207214355,0.2129949033260345,-0.3427348434925079,0.4527756869792938,0.2101968824863434,-0.3427643477916718,0.4571529328823090,0.2069599330425262,-0.3428401648998260,0.4411626160144806,0.2176115959882736,-0.3215358853340149,0.4391464889049530,0.2180731743574142,-0.3216038942337036,0.4371157884597778,0.2186991125345230,-0.3216524720191956,0.4699071049690247,0.2041348814964294,-0.2785996794700623,0.4415722191333771,0.2188239544630051,-0.1799765229225159,0.4558447897434235,0.2465818077325821,-0.3127640783786774,0.4471243917942047,0.2517058551311493,-0.2845904231071472,0.5122765302658081,0.2810238897800446,-0.2463138252496719,0.4525980651378632,0.2997191548347473,-0.0209324359893799,0.5349686145782471,0.4250082373619080,-0.2826820611953735,0.4444543123245239,0.4118567109107971,-0.0461920499801636,0.4644872248172760,0.4137945175170898,-0.3421036303043365,0.3993414342403412,0.4227874577045441,-0.2759931981563568,0.4479895532131195,0.4207305312156677,-0.3732737600803375,0.3815661072731018,0.4341942667961121,-0.3058858811855316,0.4465400278568268,0.3976644277572632,-0.3720115721225739,0.3759156167507172,0.4260129034519196,-0.3352637887001038,0.4531617462635040,0.3958226740360260,-0.3401801884174347,0.3866943418979645,0.4222370088100433,-0.2957424521446228,0.5380089282989502,0.5125164389610291,-0.0742738544940948,0.4941333830356598,0.5099583864212036,0.0742488801479340,0.5427195429801941,0.6976100206375122,-0.1003847420215607,0.4503264129161835,0.6611992120742798,0.1407513916492462,0.5774243474006653,0.8545259237289429,0.0397677533328533,0.4310185313224792,0.8208392262458801,0.2919983267784119,0.5849831104278564,0.8748309612274170,0.0464165881276131,0.4369260966777802,0.8478256464004517,0.3012888133525848,0.5601211190223694,0.9270054697990417,-0.0781993716955185,0.3961734473705292,0.8720273375511169,0.2187597900629044
0.4460556805133820,0.2361911088228226,-0.3341003060340881,0.4496732354164124,0.2146819084882736,-0.3340357542037964,0.4534562528133392,0.2119997590780258,-0.3340624868869781,0.4577794969081879,0.2090795338153839,-0.3341307342052460,0.4418589472770691,0.2193832695484161,-0.3160717189311981,0.4398045837879181,0.2200383692979813,-0.3161258697509766,0.4377547204494476,0.2208568006753922,-0.3161438703536987,0.4705070555210114,0.2068851739168167,-0.2684978842735291,0.4416852295398712,0.2212578356266022,-0.1744197160005569,0.4565473794937134,0.2480724453926086,-0.3027053177356720,0.4476394653320312,0.2533610165119171,-0.2769359946250916,0.5128318071365356,0.2821925878524780,-0.2387669086456299,0.4555207192897797,0.3021074533462524,-0.0179514791816473,0.5375807881355286,0.4270915985107422,-0.2804241478443146,0.4471063315868378,0.4159554243087769,-0.0206024404615164,0.4685259461402893,0.4196325838565826,-0.3500714302062988,0.3973495662212372,0.4237644672393799,-0.2305667847394943,0.4509819746017456,0.4269249141216278,-0.3829233944416046,0.3767355680465698,0.4339083135128021,-0.2586870193481445,0.4504431188106537,0.4028019011020660,-0.3817484974861145,0.3714816272258759,0.4255960583686829,-0.2888358235359192,0.4577218294143677,0.4008181095123291,-0.3487872183322906,0.3806823790073395,0.4229617118835449,-0.2500932216644287,0.5390166044235229,0.5167284011840820,-0.0745153799653053,0.4958251118659973,0.5138319134712219,0.0744741633534431,0.5430748462677002,0.7017827630043030,-0.1013235673308372,0.4500521421432495,0.6620514988899231,0.1383754611015320,0.5775232911109924,0.8557910323143005,0.0387529544532299,0.4309846162796021,0.8207111358642578,0.2901264131069183,0.5852050781250000,0.8752047419548035,0.0452128797769547,0.4369367361068726,0.8477981090545654,0.2996205687522888,0.5598400831222534,0.9278549551963806,-0.0769178718328476,0.3962092995643616,0.8715705871582031,0.2201816439628601
0.4466131031513214,0.2382771223783493,-0.3328734636306763,0.4502740502357483,0.2164945602416992,-0.3339945077896118,0.4540824890136719,0.2139468640089035,-0.3340280950069427,0.4583698213100433,0.2112862318754196,-0.3341011404991150,0.4423336088657379,0.2211154699325562,-0.3141134977340698,0.4402274787425995,0.2217595130205154,-0.3141779601573944,0.4381370842456818,0.2225808203220367,-0.3142190873622894,0.4709332287311554,0.2091567963361740,-0.2719915509223938,0.4420970678329468,0.2229356914758682,-0.1738770306110382,0.4570370316505432,0.2500386834144592,-0.3040706813335419,0.4478678107261658,0.2549439668655396,-0.2765134274959564,0.5149903893470764,0.2822100222110748,-0.2389945834875107,0.4560228586196899,0.3046899437904358,-0.0195926148444414,0.5417007207870483,0.4255580902099609,-0.2838278710842133,0.4491063058376312,0.4208400547504425,-0.0247722975909710,0.4736931025981903,0.4239236712455750,-0.3626617193222046,0.3980862498283386,0.4276397526264191,-0.2454702854156494,0.4558858573436737,0.4337007105350494,-0.3973608613014221,0.3796924650669098,0.4369059205055237,-0.2763223350048065,0.4552176892757416,0.4122432768344879,-0.3972671926021576,0.3734131753444672,0.4278836846351624,-0.3022793829441071,0.4631462395191193,0.4087200164794922,-0.3621611893177032,0.3828611373901367,0.4243797361850739,-0.2632794976234436,0.5400242209434509,0.5192741155624390,-0.0742951855063438,0.4963731467723846,0.5164619684219360,0.0742556378245354,0.5434077978134155,0.7043616771697998,-0.1007113680243492,0.4498153030872345,0.6641436815261841,0.1486751884222031,0.5777150392532349,0.8576193451881409,0.0378047078847885,0.4309262931346893,0.8206214904785156,0.3047243952751160,0.5858590006828308,0.8776025176048279,0.0439076609909534,0.4367506206035614,0.8477920889854431,0.3146289587020874,0.5587242841720581,0.9285643696784973,-0.0789507701992989,0.3962836861610413,0.8712593913078308,0.2338058501482010
0.4472790956497192,0.2406119406223297,-0.3304392397403717,0.4507395327091217,0.2185900509357452,-0.3326373994350433,0.4544939100742340,0.2161241918802261,-0.3326695263385773,0.4588177800178528,0.2135476917028427,-0.3327418863773346,0.4429803788661957,0.2226829379796982,-0.3121542632579803,0.4409571588039398,0.2231462448835373,-0.3122213482856750,0.4388907551765442,0.2238110899925232,-0.3122740387916565,0.4722176194190979,0.2115798294544220,-0.2759240567684174,0.4439275860786438,0.2243968397378922,-0.1755692213773727,0.4578406512737274,0.2530786097049713,-0.3031789362430573,0.4491193592548370,0.2572646737098694,-0.2750925421714783,0.5177274942398071,0.2834593951702118,-0.2423698455095291,0.4572569727897644,0.3046599924564362,-0.0235569402575493,0.5447587370872498,0.4256392121315002,-0.2812590301036835,0.4493759274482727,0.4216574430465698,-0.0149296261370182,0.4761494100093842,0.4265124499797821,-0.3558011353015900,0.3959615528583527,0.4270946681499481,-0.2087839990854263,0.4583707749843597,0.4381153285503387,-0.3894866704940796,0.3763324618339539,0.4352941811084747,-0.2366747856140137,0.4575776755809784,0.4151087403297424,-0.3898980021476746,0.3704425096511841,0.4270810186862946,-0.2675598859786987,0.4655117988586426,0.4109550416469574,-0.3553948700428009,0.3794362843036652,0.4250795841217041,-0.2279964089393616,0.5404517650604248,0.5216223001480103,-0.0738147348165512,0.4964629709720612,0.5179274082183838,0.0737732723355293,0.5437522530555725,0.7053219676017761,-0.1005065143108368,0.4496766328811646,0.6648544669151306,0.1509044021368027,0.5779637098312378,0.8586727976799011,0.0329755693674088,0.4309021830558777,0.8202316164970398,0.3080206513404846,0.5862225890159607,0.8791897296905518,0.0383933968842030,0.4366774260997772,0.8475900888442993,0.3181788623332977,0.5579416155815125,0.9291787743568420,-0.0849787220358849,0.3963428139686584,0.8710863590240479,0.2391273528337479
0.4495905339717865,0.2425130754709244,-0.3352839350700378,0.4526894688606262,0.2211177945137024,-0.3377225995063782,0.4562872052192688,0.2184926569461823,-0.3377562761306763,0.4605755507946014,0.2157058268785477,-0.3378265500068665,0.4455318450927734,0.2250906527042389,-0.3169297575950623,0.4436020553112030,0.2253759801387787,-0.3169998228549957,0.4415082633495331,0.2259186506271362,-0.3170673251152039,0.4746570289134979,0.2131308168172836,-0.2789690792560577,0.4470456838607788,0.2260371744632721,-0.1797169744968414,0.4601258635520935,0.2549454271793365,-0.3080410361289978,0.4519324600696564,0.2590497136116028,-0.2797187566757202,0.5215123891830444,0.2835451364517212,-0.2409211099147797,0.4582899510860443,0.3050819635391235,-0.0250238683074713,0.5488659739494324,0.4251838326454163,-0.2810131907463074,0.4488885104656219,0.4224075376987457,0.0154491523280740,0.4829911589622498,0.4297247231006622,-0.3682833909988403,0.3930341303348541,0.4271945357322693,-0.1474305242300034,0.4663757979869843,0.4466961622238159,-0.4037270843982697,0.3721847534179688,0.4345752894878387,-0.1728453934192657,0.4646791517734528,0.4209126234054565,-0.4048862755298615,0.3670154809951782,0.4280439615249634,-0.2083651870489120,0.4717491865158081,0.4162872731685638,-0.3687828481197357,0.3747346997261047,0.4252238869667053,-0.1676951497793198,0.5409952402114868,0.5242968201637268,-0.0731607377529144,0.4967279434204102,0.5195645689964294,0.0731196478009224,0.5441201925277710,0.7060449719429016,-0.0972400233149529,0.4498082697391510,0.6656254529953003,0.1087026372551918,0.5780891180038452,0.8589018583297729,0.0471895523369312,0.4308948814868927,0.8204882740974426,0.2593725025653839,0.5863353610038757,0.8795034289360046,0.0538856275379658,0.4365488886833191,0.8478078246116638,0.2689529061317444,0.5582631230354309,0.9295181632041931,-0.0709921419620514,0.3963428437709808,0.8710901141166687,0.1803133636713028
0.4527904391288757,0.2442223429679871,-0.3332263231277466,0.4558097124099731,0.2232807427644730,-0.3356730341911316,0.4593278169631958,0.2205684334039688,-0.3357001245021820,0.4636243879795074,0.2175961732864380,-0.3357601165771484,0.4488032758235931,0.2272241264581680,-0.3152329325675964,0.4468423426151276,0.2273707985877991,-0.3152994811534882,0.4446745216846466,0.2277912348508835,-0.3153553009033203,0.4778486788272858,0.2142550200223923,-0.2744997441768646,0.4501318633556366,0.2271806001663208,-0.1778189688920975,0.4632068872451782,0.2566373944282532,-0.3050009608268738,0.4551960825920105,0.2605392336845398,-0.2774008214473724,0.5254676938056946,0.2830445468425751,-0.2342113554477692,0.4589414894580841,0.3049798309803009,-0.0224125590175390,0.5528375506401062,0.4245423674583435,-0.2759112417697906,0.4489723443984985,0.4236839711666107,0.0055351709015667,0.4859732985496521,0.4288828670978546,-0.3733230829238892,0.3947387635707855,0.4295375645160675,-0.1893087178468704,0.4688912332057953,0.4414972662925720,-0.4105771481990814,0.3749919533729553,0.4371639788150787,-0.2177501767873764,0.4662213325500488,0.4181217849254608,-0.4099393188953400,0.3686619400978088,0.4291421771049500,-0.2492265999317169,0.4726132750511169,0.4138726592063904,-0.3727701306343079,0.3771387934684753,0.4260823428630829,-0.2082522660493851,0.5408455133438110,0.5250500440597534,-0.0726813524961472,0.4965562224388123,0.5197300314903259,0.0726399719715118,0.5446574091911316,0.7065159082412720,-0.0952598005533218,0.4497962594032288,0.6666907668113708,0.1148862764239311,0.5783920288085938,0.8600600361824036,0.0417983457446098,0.4308312833309174,0.8209280967712402,0.2628636062145233,0.5867208838462830,0.8810998797416687,0.0469806864857674,0.4362643957138062,0.8481453657150269,0.2723028361797333,0.5582436919212341,0.9314764142036438,-0.0783022716641426,0.3959475457668304,0.8710635304450989,0.1851569861173630
0.4553878903388977,0.2430790662765503,-0.3317745923995972,0.4587345719337463,0.2221604883670807,-0.3338671028614044,0.4623237252235413,0.2195202261209488,-0.3338926434516907,0.4667072296142578,0.2166807800531387,-0.3339614570140839,0.4516320824623108,0.2260273396968842,-0.3136763572692871,0.4497136473655701,0.2261898219585419,-0.3137418627738953,0.4475847482681274,0.2265977412462234,-0.3137966692447662,0.4808917343616486,0.2137129306793213,-0.2709740102291107,0.4529055655002594,0.2262069731950760,-0.1766307651996613,0.4654230177402496,0.2555846273899078,-0.3031643331050873,0.4574391245841980,0.2594166398048401,-0.2761555314064026,0.5283563137054443,0.2823629677295685,-0.2294897288084030,0.4591118693351746,0.3052300512790680,-0.0220610480755568,0.5564458370208740,0.4243154227733612,-0.2727701067924500,0.4482868015766144,0.4233056604862213,0.0112482374534011,0.4933143854141235,0.4270596802234650,-0.4004679024219513,0.3948923349380493,0.4336984455585480,-0.1826714575290680,0.4757740795612335,0.4375023841857910,-0.4412002265453339,0.3765561878681183,0.4406117796897888,-0.2113773524761200,0.4716623723506927,0.4153810441493988,-0.4399844408035278,0.3691260218620300,0.4313166737556458,-0.2456800043582916,0.4773526787757874,0.4114925265312195,-0.4005090892314911,0.3781670928001404,0.4291030466556549,-0.2026656717061996,0.5408118963241577,0.5251374840736389,-0.0719090625643730,0.4964980185031891,0.5208940505981445,0.0718619748950005,0.5456495881080627,0.7067838907241821,-0.0814933478832245,0.4500853717327118,0.6684085130691528,0.1158140674233437,0.5784258246421814,0.8611485362052917,0.0524867139756680,0.4308238625526428,0.8209567666053772,0.2649162709712982,0.5867195725440979,0.8829075694084167,0.0575034990906715,0.4362121820449829,0.8479636311531067,0.2742830216884613,0.5585407614707947,0.9318621158599854,-0.0718138515949249,0.3959721326828003,0.8705192208290100,0.1871348023414612
0.4593642950057983,0.2423547208309174,-0.3418887257575989,0.4629384279251099,0.2214435786008835,-0.3430094420909882,0.4667154550552368,0.2188662886619568,-0.3430387377738953,0.4711461067199707,0.2161594182252884,-0.3431070446968079,0.4553451240062714,0.2251851111650467,-0.3256609737873077,0.4534367620944977,0.2253263890743256,-0.3257197141647339,0.4513123929500580,0.2256986051797867,-0.3257679045200348,0.4845700562000275,0.2133236676454544,-0.2736569941043854,0.4556787908077240,0.2254980355501175,-0.1906760036945343,0.4691026806831360,0.2549834251403809,-0.3102208971977234,0.4605188369750977,0.2587866783142090,-0.2865223586559296,0.5314682722091675,0.2820110023021698,-0.2260601967573166,0.4587843716144562,0.3053132891654968,-0.0376455225050449,0.5604401230812073,0.4227044284343719,-0.2697796821594238,0.4474967718124390,0.4236355423927307,0.0112114548683167,0.4977082312107086,0.4252458214759827,-0.3959666192531586,0.3891412019729614,0.4349905252456665,-0.1472051143646240,0.4803161919116974,0.4348687529563904,-0.4353421926498413,0.3677606582641602,0.4440729916095734,-0.1727653443813324,0.4758397638797760,0.4134341180324554,-0.4357213377952576,0.3624406158924103,0.4334460496902466,-0.2115814387798309,0.4807691574096680,0.4094467163085938,-0.3966480493545532,0.3714498877525330,0.4307434260845184,-0.1680151820182800,0.5408509373664856,0.5244876146316528,-0.0668204650282860,0.4960381090641022,0.5205736160278320,0.0667773485183716,0.5469020605087280,0.7064091563224792,-0.0696497410535812,0.4505408704280853,0.6691768169403076,0.1101154088973999,0.5784959197044373,0.8618031740188599,0.0628873407840729,0.4308116137981415,0.8211393356323242,0.2534299194812775,0.5867017507553101,0.8841382265090942,0.0680692195892334,0.4360170364379883,0.8479145765304565,0.2620857954025269,0.5585964322090149,0.9317263364791870,-0.0615560188889503,0.3960207998752594,0.8703485131263733,0.1701550334692001
0.4629279077053070,0.2417543530464172,-0.3626435697078705,0.4664660990238190,0.2206453084945679,-0.3627761900424957,0.4703911840915680,0.2180563658475876,-0.3628161847591400,0.4748454391956329,0.2153501510620117,-0.3629043400287628,0.4585975706577301,0.2245285063982010,-0.3478946089744568,0.4565592706203461,0.2247230559587479,-0.3479566872119904,0.4545135498046875,0.2251332402229309,-0.3480101227760315,0.4875526428222656,0.2126135826110840,-0.2886165976524353,0.4579822719097137,0.2247697263956070,-0.2162239998579025,0.4721626341342926,0.2543855309486389,-0.3289218246936798,0.4631312787532806,0.2581949830055237,-0.3083090782165527,0.5337597131729126,0.2812265753746033,-0.2334413528442383,0.4584383368492126,0.3052456974983215,-0.0644445270299911,0.5633110404014587,0.4204038381576538,-0.2882556021213531,0.4472544491291046,0.4249100387096405,0.0081989783793688,0.5008748173713684,0.4238987267017365,-0.4329662919044495,0.3818174600601196,0.4373518228530884,-0.1146684214472771,0.4839812219142914,0.4329599142074585,-0.4743221104145050,0.3588154911994934,0.4484582245349884,-0.1371381878852844,0.4790967702865601,0.4118283689022064,-0.4751141369342804,0.3551941812038422,0.4363605082035065,-0.1792113035917282,0.4834828376770020,0.4078259170055389,-0.4344166219234467,0.3637782037258148,0.4336307644844055,-0.1360001713037491,0.5406973958015442,0.5240104794502258,-0.0619591735303402,0.4955748319625854,0.5201945304870605,0.0619265809655190,0.5480852723121643,0.7060003280639648,-0.0721807777881622,0.4510681033134460,0.6692730784416199,0.0955539494752884,0.5785276293754578,0.8621401786804199,0.0638229399919510,0.4307528436183929,0.8211233615875244,0.2459058016538620,0.5866936445236206,0.8845139741897583,0.0695986598730087,0.4359740614891052,0.8473996520042419,0.2550822794437408,0.5593569278717041,0.9316475987434387,-0.0610737912356853,0.3960326910018921,0.8703965544700623,0.1591632068157196
0.4657333195209503,0.2416084855794907,-0.3811145722866058,0.4694973528385162,0.2202266007661819,-0.3804456591606140,0.4737413823604584,0.2176611125469208,-0.3804872632026672,0.4784924387931824,0.2149462699890137,-0.3805899024009705,0.4613507091999054,0.2242065221071243,-0.3672202229499817,0.4590871036052704,0.2243637144565582,-0.3672946393489838,0.4571571648120880,0.2248168289661407,-0.3673529028892517,0.4904223382472992,0.2122803628444672,-0.3032366931438446,0.4598833024501801,0.2245480120182037,-0.2382243275642395,0.4750259518623352,0.2542213499546051,-0.3461323082447052,0.4652995169162750,0.2579712867736816,-0.3276772201061249,0.5357589721679688,0.2791076302528381,-0.2430938631296158,0.4580287039279938,0.3046993017196655,-0.0900978744029999,0.5657460093498230,0.4175002574920654,-0.3065360188484192,0.4442555308341980,0.4248217046260834,0.0039544268511236,0.5033410191535950,0.4229154884815216,-0.4594807028770447,0.3762098550796509,0.4367100298404694,-0.1317407786846161,0.4859710037708282,0.4317142367362976,-0.5015647411346436,0.3524616360664368,0.4499770998954773,-0.1556227803230286,0.4813941717147827,0.4107062518596649,-0.5018880367279053,0.3489177823066711,0.4371163845062256,-0.1963217556476593,0.4853671789169312,0.4067280590534210,-0.4611587524414062,0.3568773865699768,0.4346895813941956,-0.1524293124675751,0.5403296947479248,0.5238136053085327,-0.0559439025819302,0.4953227341175079,0.5195948481559753,0.0559074841439724,0.5488288998603821,0.7056272625923157,-0.0730480998754501,0.4513826668262482,0.6695985198020935,0.0530587658286095,0.5784812569618225,0.8621218800544739,0.0735716074705124,0.4307163059711456,0.8215886950492859,0.1980654448270798,0.5861635208129883,0.8841494917869568,0.0808122605085373,0.4358693361282349,0.8473993539810181,0.2069127857685089,0.5594578385353088,0.9315577745437622,-0.0475044474005699,0.3960508108139038,0.8709216713905334,0.1041948422789574
0.4690931141376495,0.2403243184089661,-0.3739113807678223,0.4730590581893921,0.2190358936786652,-0.3722390234470367,0.4774628877639771,0.2166289836168289,-0.3722696006298065,0.4822722971439362,0.2141093909740448,-0.3723563253879547,0.4643326699733734,0.2229326069355011,-0.3596731424331665,0.4616306722164154,0.2233292907476425,-0.3597494363784790,0.4594529867172241,0.2239729911088943,-0.3597988784313202,0.4927971959114075,0.2115757167339325,-0.2929537892341614,0.4612448811531067,0.2244892120361328,-0.2305710911750793,0.4791407287120819,0.2536740005016327,-0.3382889032363892,0.4683906137943268,0.2577606141567230,-0.3206993341445923,0.5369904637336731,0.2763346433639526,-0.2366180270910263,0.4576713144779205,0.3044305145740509,-0.0835835114121437,0.5666217207908630,0.4118807613849640,-0.3028723001480103,0.4396067857742310,0.4239850342273712,-0.0014402136439458,0.5059408545494080,0.4222599267959595,-0.4694701433181763,0.3720971345901489,0.4346250891685486,-0.1254284381866455,0.4881048202514648,0.4311057925224304,-0.5134398937225342,0.3483845591545105,0.4482217729091644,-0.1485862433910370,0.4829384386539459,0.4097726345062256,-0.5140293240547180,0.3455029129981995,0.4352611899375916,-0.1895829290151596,0.4876288771629333,0.4058406949043274,-0.4717333614826202,0.3533005118370056,0.4321162402629852,-0.1459028273820877,0.5400040149688721,0.5225464701652527,-0.0554345436394215,0.4952291846275330,0.5188812613487244,0.0553915463387966,0.5498444437980652,0.7051429748535156,-0.0755714997649193,0.4518332183361053,0.6695894598960876,0.0776544436812401,0.5784076452255249,0.8633922934532166,0.0494282133877277,0.4306334853172302,0.8215606212615967,0.2237061858177185,0.5859975814819336,0.8863906860351562,0.0535271987318993,0.4357065260410309,0.8468992114067078,0.2322185486555099,0.5593643188476562,0.9315134286880493,-0.0809279382228851,0.3961953818798065,0.8709205985069275,0.1353119462728500
0.4710579514503479,0.2368058562278748,-0.3877978026866913,0.4753301739692688,0.2156194597482681,-0.3841831386089325,0.4799659848213196,0.2132865190505981,-0.3842152357101440,0.4848557114601135,0.2108932733535767,-0.3843061029911041,0.4661455750465393,0.2195386886596680,-0.3734557926654816,0.4632226824760437,0.2201508730649948,-0.3735225498676300,0.4608976244926453,0.2209057211875916,-0.3735562860965729,0.4946514964103699,0.2086709439754486,-0.2958941459655762,0.4620043933391571,0.2220487594604492,-0.2419054359197617,0.4814930260181427,0.2505072355270386,-0.3487841486930847,0.4700344204902649,0.2552768290042877,-0.3336499631404877,0.5376370549201965,0.2734240591526031,-0.2347534596920013,0.4575867652893066,0.3041055798530579,-0.0897018983960152,0.5671777725219727,0.4065850973129272,-0.3080949485301971,0.4352217912673950,0.4233089387416840,-0.0031163177918643,0.5081245303153992,0.4190175235271454,-0.4954311251640320,0.3709669709205627,0.4330790042877197,-0.1283136159181595,0.4901586174964905,0.4284587204456329,-0.5422593951225281,0.3472575545310974,0.4454583823680878,-0.1517771780490875,0.4854470193386078,0.4082871675491333,-0.5427222847938538,0.3448767960071564,0.4331580102443695,-0.1928162425756454,0.4901407957077026,0.4037798643112183,-0.4979707896709442,0.3528394699096680,0.4301024377346039,-0.1486621946096420,0.5399225354194641,0.5201637148857117,-0.0528599545359612,0.4942404329776764,0.5178527235984802,0.0527955330908298,0.5507218837738037,0.7042105197906494,-0.0761402845382690,0.4517076313495636,0.6707831025123596,0.0665615499019623,0.5782312154769897,0.8633083105087280,0.0545062795281410,0.4305070340633392,0.8215774297714233,0.2158750742673874,0.5855429172515869,0.8860695958137512,0.0604687333106995,0.4355602264404297,0.8464329242706299,0.2247309386730194,0.5594785809516907,0.9314531683921814,-0.0742058530449867,0.3963150084018707,0.8710277676582336,0.1225159987807274
0.4725226759910583,0.2330318391323090,-0.3862435221672058,0.4770617187023163,0.2117370665073395,-0.3822077512741089,0.4819110929965973,0.2094151079654694,-0.3822407126426697,0.4866533875465393,0.2071290612220764,-0.3823257088661194,0.4673123359680176,0.2158996462821960,-0.3718024492263794,0.4642820954322815,0.2167042344808578,-0.3718734085559845,0.4617241024971008,0.2176686674356461,-0.3718971908092499,0.4958165585994720,0.2048908323049545,-0.2923617959022522,0.4625262022018433,0.2192172408103943,-0.2402079552412033,0.4836266636848450,0.2470789551734924,-0.3467035889625549,0.4712440371513367,0.2524531185626984,-0.3320779800415039,0.5390206575393677,0.2716791629791260,-0.2324269562959671,0.4572039842605591,0.3040031790733337,-0.0897733271121979,0.5675621032714844,0.4027974903583527,-0.3009855449199677,0.4328726828098297,0.4228886663913727,-0.0186656583100557,0.5103285312652588,0.4161742925643921,-0.4858622848987579,0.3726444840431213,0.4285940825939178,-0.1534035801887512,0.4932993054389954,0.4241025745868683,-0.5324159860610962,0.3502578735351562,0.4419714808464050,-0.1787512600421906,0.4899135231971741,0.4025734364986420,-0.5329843163490295,0.3482275605201721,0.4283050894737244,-0.2167897820472717,0.4944575428962708,0.3987295329570770,-0.4883976578712463,0.3564480245113373,0.4246171414852142,-0.1729395091533661,0.5397446751594543,0.5177881717681885,-0.0517945028841496,0.4928480386734009,0.5164397954940796,0.0517233461141586,0.5515517592430115,0.7032010555267334,-0.0768059119582176,0.4516089856624603,0.6709532141685486,0.0733043923974037,0.5781380534172058,0.8632495403289795,0.0472041219472885,0.4301605224609375,0.8215227127075195,0.2113491743803024,0.5845825672149658,0.8857398629188538,0.0522865429520607,0.4352237284183502,0.8462628126144409,0.2189606726169586,0.5612695813179016,0.9313558936119080,-0.0809679701924324,0.3963397443294525,0.8710895776748657,0.1177963390946388
0.4739335477352142,0.2284861952066422,-0.3881298899650574,0.4787855446338654,0.2070624530315399,-0.3833594918251038,0.4837175905704498,0.2048030644655228,-0.3833855390548706,0.4882961511611938,0.2026449143886566,-0.3834504485130310,0.4688286781311035,0.2111174762248993,-0.3731490671634674,0.4657471776008606,0.2118964493274689,-0.3732191622257233,0.4629807472229004,0.2129252701997757,-0.3732277452945709,0.4971957504749298,0.2005637288093567,-0.2881730794906616,0.4635767936706543,0.2147143632173538,-0.2358747571706772,0.4848875105381012,0.2428423911333084,-0.3460749387741089,0.4725162684917450,0.2484133690595627,-0.3317263722419739,0.5399159193038940,0.2690811157226562,-0.2223599106073380,0.4568179845809937,0.3018240630626678,-0.0785143598914146,0.5675382018089294,0.3979538381099701,-0.3000893592834473,0.4306216239929199,0.4202661812305450,-0.0399272963404655,0.5116110444068909,0.4110507369041443,-0.4670302271842957,0.3761692941188812,0.4103413522243500,-0.2182171195745468,0.4955416619777679,0.4178390204906464,-0.5131239295005798,0.3555985689163208,0.4199013113975525,-0.2489685416221619,0.4919483959674835,0.3963524103164673,-0.5162701010704041,0.3530834019184113,0.4067859649658203,-0.2851885855197906,0.4964327812194824,0.3923904001712799,-0.4699096083641052,0.3612540662288666,0.4030016064643860,-0.2371037751436234,0.5394052863121033,0.5133149623870850,-0.0521502457559109,0.4916390180587769,0.5127797722816467,0.0520869456231594,0.5523861050605774,0.7011572122573853,-0.0799853056669235,0.4515567123889923,0.6712063550949097,0.0786540880799294,0.5780767202377319,0.8648465871810913,0.0098690222948790,0.4296025931835175,0.8215292096138000,0.2226764261722565,0.5844331383705139,0.8879304528236389,0.0105455908924341,0.4344099164009094,0.8461919426918030,0.2297747433185577,0.5610086917877197,0.9315290451049805,-0.1291312873363495,0.3962275087833405,0.8714162111282349,0.1291989237070084
0.4750332832336426,0.2239824980497360,-0.3776453435420990,0.4798552393913269,0.2027019411325455,-0.3737832009792328,0.4848074018955231,0.2005459070205688,-0.3738063275814056,0.4893430173397064,0.1985124498605728,-0.3738662004470825,0.4696375429630280,0.2066967040300369,-0.3628700673580170,0.4664444029331207,0.2075297236442566,-0.3629362285137177,0.4636755883693695,0.2086054682731628,-0.3629421293735504,0.4980044066905975,0.1962255537509918,-0.2820437252521515,0.4638304412364960,0.2103285938501358,-0.2248193323612213,0.4859550297260284,0.2388361841440201,-0.3367540240287781,0.4733757674694061,0.2442705780267715,-0.3208236098289490,0.5402128100395203,0.2653573453426361,-0.1977382302284241,0.4552243351936340,0.2974748909473419,-0.0681245177984238,0.5671979784965515,0.3934623003005981,-0.2758129239082336,0.4293464422225952,0.4137549102306366,-0.0577097460627556,0.5124049186706543,0.4056506454944611,-0.4586097598075867,0.3776290714740753,0.3982296586036682,-0.2843159735202789,0.4976085126399994,0.4118241667747498,-0.5047541260719299,0.3559929430484772,0.3976201117038727,-0.3199910819530487,0.4934588372707367,0.3927735686302185,-0.5082510709762573,0.3574919104576111,0.3850199580192566,-0.3483007848262787,0.4975087344646454,0.3881686329841614,-0.4613205492496490,0.3655931651592255,0.3853328526020050,-0.3005055785179138,0.5384055376052856,0.5093744993209839,-0.0522495321929455,0.4899487495422363,0.5093497633934021,0.0521928295493126,0.5526694059371948,0.6975920796394348,-0.0889985784888268,0.4515009224414825,0.6712436079978943,0.0852112397551537,0.5778713822364807,0.8649594783782959,-0.0108191007748246,0.4291245639324188,0.8216485977172852,0.2174415886402130,0.5835227966308594,0.8890076875686646,-0.0113047976046801,0.4336552619934082,0.8462767601013184,0.2231571972370148,0.5606297254562378,0.9305734634399414,-0.1516110897064209,0.3961005210876465,0.8716899156570435,0.1202918663620949
0.4759231507778168,0.2201008200645447,-0.3610688745975494,0.4807156026363373,0.1987992078065872,-0.3538808226585388,0.4856509268283844,0.1967649012804031,-0.3538894057273865,0.4900140762329102,0.1949548125267029,-0.3539202809333801,0.4702679216861725,0.2026534825563431,-0.3475657701492310,0.4671347439289093,0.2034802883863449,-0.3476229012012482,0.4641705751419067,0.2045398205518723,-0.3475656807422638,0.4984612762928009,0.1924868673086166,-0.2455175817012787,0.4642049372196198,0.2059995383024216,-0.2047109305858612,0.4869727194309235,0.2352035343647003,-0.3121075034141541,0.4740210175514221,0.2403008341789246,-0.3017879128456116,0.5402622818946838,0.2616959512233734,-0.1655951887369156,0.4543243050575256,0.2914766669273376,-0.0432391203939915,0.5667324662208557,0.3889023065567017,-0.2429330199956894,0.4289466738700867,0.4017137885093689,-0.0560546666383743,0.5123968720436096,0.4005497097969055,-0.4405237734317780,0.3818829357624054,0.3873208761215210,-0.3024381697177887,0.4984886050224304,0.4063359498977661,-0.4851589202880859,0.3658877611160278,0.3802546262741089,-0.3407524228096008,0.4938321411609650,0.3894438147544861,-0.4875248968601227,0.3693952262401581,0.3676466047763824,-0.3651172518730164,0.4975051283836365,0.3849391341209412,-0.4424605965614319,0.3757132589817047,0.3699996173381805,-0.3175240755081177,0.5371806025505066,0.5064550042152405,-0.0520344115793705,0.4880514442920685,0.5061780810356140,0.0519940517842770,0.5526546835899353,0.6931402087211609,-0.0892113745212555,0.4513127207756042,0.6712355613708496,0.0876621752977371,0.5774220824241638,0.8648531436920166,-0.0076645892113447,0.4289005398750305,0.8216481208801270,0.2099966406822205,0.5824251174926758,0.8889165520668030,-0.0078514767810702,0.4333274066448212,0.8463281393051147,0.2149124443531036,0.5606302618980408,0.9289898872375488,-0.1458670645952225,0.3957841992378235,0.8720727562904358,0.1116382926702499
0.4769633412361145,0.2161891013383865,-0.3515809774398804,0.4815096557140350,0.1950462013483047,-0.3430455029010773,0.4864411056041718,0.1931231766939163,-0.3430598080158234,0.4907185435295105,0.1914253383874893,-0.3430918157100677,0.4708867371082306,0.1988864988088608,-0.3368382751941681,0.4677071571350098,0.1998030841350555,-0.3368884325027466,0.4646586179733276,0.2008678913116455,-0.3368019759654999,0.4989437162876129,0.1889192014932632,-0.2305536717176437,0.4643951952457428,0.2026904225349426,-0.1884177774190903,0.4880889058113098,0.2313691526651382,-0.3006455600261688,0.4748807549476624,0.2362591475248337,-0.2902916371822357,0.5402451157569885,0.2590125501155853,-0.1543252766132355,0.4535688161849976,0.2861556708812714,-0.0243241004645824,0.5662286877632141,0.3855301439762115,-0.2416236996650696,0.4259274303913116,0.3941631317138672,-0.0659323930740356,0.5130293965339661,0.3927283883094788,-0.4502991735935211,0.3892286121845245,0.3656787872314453,-0.3435496389865875,0.5002152919769287,0.3986332118511200,-0.4981455802917480,0.3764721155166626,0.3525657057762146,-0.3851303160190582,0.4947949051856995,0.3839582800865173,-0.4991693496704102,0.3834279179573059,0.3395906686782837,-0.4040286242961884,0.4981287419795990,0.3797073066234589,-0.4519678354263306,0.3889665007591248,0.3451445102691650,-0.3570439219474792,0.5350781083106995,0.5046609640121460,-0.0517082363367081,0.4853216111660004,0.5044424533843994,0.0516809783875942,0.5524953603744507,0.6887267231941223,-0.0870791971683502,0.4505302309989929,0.6716953516006470,0.0797728747129440,0.5766717791557312,0.8646878004074097,0.0080828499048948,0.4284485280513763,0.8216364383697510,0.2020741105079651,0.5809343457221985,0.8887133598327637,0.0078962231054902,0.4329815208911896,0.8468074202537537,0.2073583304882050,0.5606316328048706,0.9272241592407227,-0.1448959857225418,0.3958110213279724,0.8722332119941711,0.0988357365131378
0.4776352047920227,0.2139180153608322,-0.3601159751415253,0.4822026491165161,0.1923968195915222,-0.3515843451023102,0.4871353805065155,0.1904687881469727,-0.3515949547290802,0.4913075864315033,0.1887553483247757,-0.3516219556331635,0.4713644981384277,0.1961618214845657,-0.3459218144416809,0.4680835008621216,0.1969842910766602,-0.3459769785404205,0.4649831354618073,0.1979584097862244,-0.3459118604660034,0.4992589652538300,0.1861968338489532,-0.2397899031639099,0.4644810259342194,0.1995465755462646,-0.1971397846937180,0.4884207844734192,0.2289935648441315,-0.3050293922424316,0.4751809537410736,0.2338473051786423,-0.2983601987361908,0.5402113795280457,0.2574414908885956,-0.1535107642412186,0.4521878063678741,0.2825349867343903,-0.0345977023243904,0.5656261444091797,0.3833492398262024,-0.2348468899726868,0.4218365848064423,0.3954173922538757,-0.1028518304228783,0.5137899518013000,0.3914395868778229,-0.4473747611045837,0.3970801532268524,0.3535017073154449,-0.3848885297775269,0.5004130601882935,0.3955369889736176,-0.4943909347057343,0.3901918828487396,0.3364388048648834,-0.4295400083065033,0.4953382313251495,0.3803922235965729,-0.4953778088092804,0.3969671130180359,0.3228671550750732,-0.4431673586368561,0.4986629784107208,0.3770168721675873,-0.4491119682788849,0.4013267159461975,0.3289240002632141,-0.3957131505012512,0.5329931378364563,0.5034112334251404,-0.0442229472100735,0.4822266399860382,0.5027065873146057,0.0441889651119709,0.5523603558540344,0.6871789693832397,-0.0840624198317528,0.4488607048988342,0.6716767549514771,0.0517265647649765,0.5756729245185852,0.8640695810317993,0.0559817515313625,0.4282025098800659,0.8216280937194824,0.1929807215929031,0.5779359936714172,0.8876848220825195,0.0614749193191528,0.4325030446052551,0.8469603657722473,0.2004950791597366,0.5605974793434143,0.9263843894004822,-0.0863351300358772,0.3958399593830109,0.8723520636558533,0.0844175070524216
0.4773996770381927,0.2123331725597382,-0.3173331320285797,0.4817841947078705,0.1904835850000381,-0.3101329505443573,0.4867306053638458,0.1885857135057449,-0.3101441264152527,0.4909610748291016,0.1868973821401596,-0.3101654052734375,0.4709832966327667,0.1943410187959671,-0.3032647073268890,0.4677742123603821,0.1952230632305145,-0.3033079802989960,0.4646912515163422,0.1962116062641144,-0.3032490313053131,0.4990172684192657,0.1842672526836395,-0.2008468657732010,0.4643355011940002,0.1977341920137405,-0.1628094315528870,0.4881608188152313,0.2273937612771988,-0.2681398987770081,0.4750494658946991,0.2321673631668091,-0.2589251101016998,0.5398645997047424,0.2561933398246765,-0.1185817644000053,0.4512499272823334,0.2785430848598480,-0.0184909962117672,0.5651226639747620,0.3816687762737274,-0.2079021185636520,0.4187351763248444,0.3940612375736237,-0.0943505838513374,0.5143874287605286,0.3890078067779541,-0.4365463554859161,0.4054687321186066,0.3355642259120941,-0.3760806322097778,0.5014656782150269,0.3915936648845673,-0.4885211586952209,0.4026786983013153,0.3153013586997986,-0.4214884340763092,0.4964680969715118,0.3763395249843597,-0.4837892651557922,0.4082983434200287,0.3035164475440979,-0.4287969470024109,0.4998129606246948,0.3734797239303589,-0.4372848868370056,0.4124001860618591,0.3101036846637726,-0.3846620619297028,0.5305402278900146,0.5020592808723450,-0.0407307967543602,0.4793631434440613,0.5010410547256470,0.0406869053840637,0.5523451566696167,0.6851630806922913,-0.0849166437983513,0.4470219314098358,0.6715897917747498,0.0367758460342884,0.5756447315216064,0.8633027076721191,0.0535826720297337,0.4279414713382721,0.8216353058815002,0.1845578104257584,0.5777081251144409,0.8866441845893860,0.0590334534645081,0.4321199059486389,0.8473252058029175,0.1929996311664581,0.5609175562858582,0.9259074330329895,-0.0858300030231476,0.3961115479469299,0.8724516630172729,0.0779347494244576
0.4770028889179230,0.2101140767335892,-0.3126901388168335,0.4812976717948914,0.1881417632102966,-0.3062390387058258,0.4862426221370697,0.1862040311098099,-0.3062525987625122,0.4905034005641937,0.1845116764307022,-0.3062792420387268,0.4704893231391907,0.1922173798084259,-0.2974652051925659,0.4673072099685669,0.1931729167699814,-0.2975086569786072,0.4642258882522583,0.1941981911659241,-0.2974629700183868,0.4985921978950500,0.1819953322410583,-0.2003854066133499,0.4639879167079926,0.1960891783237457,-0.1561713814735413,0.4876262247562408,0.2250922620296478,-0.2661771476268768,0.4746420085430145,0.2298041284084320,-0.2542870640754700,0.5393171310424805,0.2555179297924042,-0.1226859539747238,0.4499443769454956,0.2762613296508789,-0.0108439382165670,0.5645145177841187,0.3808513283729553,-0.2138504981994629,0.4141331911087036,0.3915441334247589,-0.0880292728543282,0.5153005719184875,0.3866035044193268,-0.4318335354328156,0.4113897979259491,0.3199591040611267,-0.3655868470668793,0.5027412772178650,0.3880967795848846,-0.4795874059200287,0.4132605791091919,0.2975056171417236,-0.4098918735980988,0.4975693523883820,0.3714591562747955,-0.4770857989788055,0.4165785908699036,0.2874762713909149,-0.4149720966815948,0.5012798309326172,0.3685261309146881,-0.4326280355453491,0.4192131757736206,0.2946218252182007,-0.3731317520141602,0.5280945301055908,0.5006218552589417,-0.0425431802868843,0.4768941998481750,0.4995872676372528,0.0424978844821453,0.5518360137939453,0.6807884573936462,-0.0910116434097290,0.4461040496826172,0.6700100898742676,0.0505010522902012,0.5753837227821350,0.8609192967414856,0.0509321354329586,0.4271884262561798,0.8225834965705872,0.1947317421436310,0.5767775177955627,0.8821308016777039,0.0569922551512718,0.4310345053672791,0.8498910665512085,0.2028417438268661,0.5625440478324890,0.9250776767730713,-0.0939126014709473,0.3953283131122589,0.8729091882705688,0.0908696576952934
0.4769240021705627,0.2077135145664215,-0.2664014697074890,0.4811685979366302,0.1858886778354645,-0.2611822783946991,0.4861202239990234,0.1839661598205566,-0.2611940205097198,0.4903189539909363,0.1823489814996719,-0.2612171769142151,0.4701989889144897,0.1898977458477020,-0.2523710429668427,0.4670931696891785,0.1908525973558426,-0.2524041235446930,0.4639431536197662,0.1919390559196472,-0.2523604333400726,0.4982632398605347,0.1802465468645096,-0.1634041965007782,0.4636851251125336,0.1943957358598709,-0.1203424707055092,0.4874006211757660,0.2230623513460159,-0.2234555780887604,0.4743616878986359,0.2272807955741882,-0.2116139382123947,0.5388410687446594,0.2554740011692047,-0.0945277363061905,0.4483367204666138,0.2724536657333374,0.0122648235410452,0.5644644498825073,0.3803323209285736,-0.1827256977558136,0.4126492142677307,0.3892502188682556,-0.0755063146352768,0.5149467587471008,0.3862377107143402,-0.3850212693214417,0.4181013107299805,0.3104612529277802,-0.3375544250011444,0.5030028223991394,0.3881403207778931,-0.4281319677829742,0.4219551682472229,0.2862699925899506,-0.3806259036064148,0.4983298480510712,0.3703551590442657,-0.4236404597759247,0.4250612854957581,0.2757135033607483,-0.3832304775714874,0.5018436908721924,0.3674384951591492,-0.3844347298145294,0.4271448254585266,0.2823654711246490,-0.3438876867294312,0.5250424146652222,0.5003045201301575,-0.0428421124815941,0.4737100899219513,0.4987166225910187,0.0427945852279663,0.5511357784271240,0.6795278787612915,-0.0913007333874702,0.4428340494632721,0.6702892780303955,0.0598786137998104,0.5750693082809448,0.8599877953529358,0.0472863093018532,0.4268273711204529,0.8230422139167786,0.2127823531627655,0.5759722590446472,0.8814284801483154,0.0534102916717529,0.4309290647506714,0.8501575589179993,0.2235250771045685,0.5627737641334534,0.9248131513595581,-0.0961789265275002,0.3953403532505035,0.8734897971153259,0.1083466261625290
0.4770797193050385,0.2069013118743896,-0.2689870595932007,0.4812393784523010,0.1849426478147507,-0.2631475627422333,0.4861057102680206,0.1830165088176727,-0.2631605565547943,0.4901818335056305,0.1814429461956024,-0.2631869018077850,0.4699908792972565,0.1891985982656479,-0.2549400031566620,0.4668956398963928,0.1901612132787704,-0.2549858689308167,0.4636772871017456,0.1912676990032196,-0.2549465894699097,0.4979760944843292,0.1795045882463455,-0.1639658957719803,0.4634336531162262,0.1937200278043747,-0.1238802000880241,0.4874578118324280,0.2223550230264664,-0.2255846709012985,0.4742671251296997,0.2268157005310059,-0.2145689874887466,0.5385659337043762,0.2559350430965424,-0.0967901423573494,0.4458728730678558,0.2702959477901459,0.0087250331416726,0.5635748505592346,0.3803848624229431,-0.1824093014001846,0.4120190441608429,0.3880766928195953,-0.0791020691394806,0.5141327977180481,0.3878005146980286,-0.3732212185859680,0.4246440529823303,0.3060498535633087,-0.3395820558071136,0.5023326277732849,0.3898403048515320,-0.4140889346599579,0.4305188357830048,0.2853344082832336,-0.3825131952762604,0.4977623522281647,0.3713843226432800,-0.4083846807479858,0.4330109059810638,0.2705281078815460,-0.3803463280200958,0.5014364719390869,0.3689068555831909,-0.3718216121196747,0.4335747361183167,0.2763711512088776,-0.3436250984668732,0.5224772095680237,0.5003859400749207,-0.0439476743340492,0.4714339375495911,0.4985808134078979,0.0438960269093513,0.5506829023361206,0.6801044940948486,-0.0964134261012077,0.4420750439167023,0.6696090102195740,0.0659980848431587,0.5744136571884155,0.8597472906112671,0.0461221821606159,0.4267850816249847,0.8230499625205994,0.2231677621603012,0.5755404829978943,0.8807566761970520,0.0513002239167690,0.4312923848628998,0.8501430153846741,0.2352146506309509,0.5631848573684692,0.9246744513511658,-0.0960308834910393,0.3953683674335480,0.8738066554069519,0.1231154352426529
0.4769643843173981,0.2051741033792496,-0.2457214891910553,0.4810355901718140,0.1835798770189285,-0.2389836162328720,0.4857933223247528,0.1817621141672134,-0.2389957606792450,0.4897902607917786,0.1803021132946014,-0.2390065491199493,0.4696789979934692,0.1877879202365875,-0.2312664538621902,0.4666655957698822,0.1888032108545303,-0.2313113510608673,0.4634526968002319,0.1899997144937515,-0.2312772572040558,0.4975696504116058,0.1789028942584991,-0.1416323930025101,0.4633137583732605,0.1930412799119949,-0.1036398410797119,0.4871732294559479,0.2209795117378235,-0.2036416083574295,0.4740177690982819,0.2255653142929077,-0.1932323873043060,0.5383614301681519,0.2564100623130798,-0.0803807601332664,0.4440052807331085,0.2702374756336212,0.0190005078911781,0.5601196289062500,0.3812672495841980,-0.1700269579887390,0.4112408757209778,0.3878190517425537,-0.0749770551919937,0.5132295489311218,0.3889663219451904,-0.3623404204845428,0.4277688264846802,0.3026579618453979,-0.3302616477012634,0.5012559890747070,0.3905059695243835,-0.4033848047256470,0.4341103136539459,0.2780981361865997,-0.3735404014587402,0.4975176751613617,0.3718388974666595,-0.3977602720260620,0.4365259706974030,0.2636716961860657,-0.3710065782070160,0.5007780790328979,0.3695335984230042,-0.3611829578876495,0.4371323585510254,0.2707109451293945,-0.3342271745204926,0.5195653438568115,0.5000193119049072,-0.0442876853048801,0.4682094454765320,0.4983796775341034,0.0442319437861443,0.5492715239524841,0.6796695590019226,-0.0985536053776741,0.4393434524536133,0.6695501804351807,0.0696959123015404,0.5737349987030029,0.8595213294029236,0.0339005626738071,0.4265391230583191,0.8235334753990173,0.2341882884502411,0.5751057863235474,0.8800897598266602,0.0385043695569038,0.4313953518867493,0.8502361178398132,0.2460526078939438,0.5632311701774597,0.9246227145195007,-0.1083490997552872,0.3953946530818939,0.8743506669998169,0.1352213770151138
0.4764967262744904,0.2045950293540955,-0.2292843163013458,0.4805695712566376,0.1831308603286743,-0.2219659686088562,0.4852888286113739,0.1813593655824661,-0.2219892442226410,0.4892664551734924,0.1799480170011520,-0.2220150381326675,0.4692910611629486,0.1874289661645889,-0.2149156779050827,0.4663029909133911,0.1885093748569489,-0.2149557769298553,0.4631637930870056,0.1897352039813995,-0.2149166464805603,0.4972304999828339,0.1787053048610687,-0.1235649138689041,0.4629105925559998,0.1926843822002411,-0.0884369835257530,0.4866988062858582,0.2201739400625229,-0.1869419217109680,0.4736481308937073,0.2250816971063614,-0.1773564219474792,0.5370794534683228,0.2565557360649109,-0.0629540607333183,0.4424240291118622,0.2693275213241577,0.0290086828172207,0.5578189492225647,0.3817307054996490,-0.1502149105072021,0.4109729528427124,0.3888233602046967,-0.0702580511569977,0.5128260850906372,0.3892354071140289,-0.3364292085170746,0.4300203621387482,0.3002960085868835,-0.3182909786701202,0.5007348656654358,0.3900880217552185,-0.3770214319229126,0.4357680976390839,0.2725418210029602,-0.3611821830272675,0.4972333908081055,0.3710830509662628,-0.3708912134170532,0.4379177987575531,0.2595673799514771,-0.3607037365436554,0.5002750754356384,0.3686398267745972,-0.3350946009159088,0.4389606118202209,0.2668103873729706,-0.3230154812335968,0.5175072550773621,0.5003935098648071,-0.0434764437377453,0.4662278294563293,0.4987059533596039,0.0434354394674301,0.5479937195777893,0.6801049113273621,-0.0979115292429924,0.4365392625331879,0.6717652082443237,0.0720801874995232,0.5737581849098206,0.8595207929611206,0.0322452262043953,0.4256772994995117,0.8264876604080200,0.2386319041252136,0.5753744840621948,0.8798429369926453,0.0369714945554733,0.4314016997814178,0.8525087833404541,0.2502708733081818,0.5633056163787842,0.9245186448097229,-0.1075954288244247,0.3953570127487183,0.8760205507278442,0.1402784436941147
0.4760600030422211,0.2046980410814285,-0.2333109229803085,0.4801379740238190,0.1836600899696350,-0.2256493717432022,0.4848400950431824,0.1819319427013397,-0.2256737649440765,0.4888805747032166,0.1805362552404404,-0.2256944626569748,0.4690733253955841,0.1876704692840576,-0.2186466306447983,0.4661015272140503,0.1886725872755051,-0.2186877131462097,0.4630629718303680,0.1898632645606995,-0.2186521589756012,0.4970777332782745,0.1793604195117950,-0.1261058598756790,0.4622330367565155,0.1928747594356537,-0.0912290662527084,0.4862864911556244,0.2201899737119675,-0.1907369941473007,0.4736002385616302,0.2250348478555679,-0.1812134385108948,0.5345569252967834,0.2568144500255585,-0.0656079724431038,0.4410166740417480,0.2696401476860046,0.0277716144919395,0.5545605421066284,0.3822796642780304,-0.1570224761962891,0.4109030067920685,0.3896469771862030,-0.0703914836049080,0.5122504830360413,0.3886101543903351,-0.3512368500232697,0.4306274354457855,0.2988469898700714,-0.3243425786495209,0.5000282526016235,0.3892080485820770,-0.3931462466716766,0.4362217187881470,0.2702346146106720,-0.3688130080699921,0.4965811967849731,0.3705348968505859,-0.3878855109214783,0.4384940266609192,0.2585366070270538,-0.3643898367881775,0.4995495676994324,0.3674326837062836,-0.3504772484302521,0.4394983947277069,0.2653445005416870,-0.3276071846485138,0.5149474143981934,0.5006727576255798,-0.0436529926955700,0.4634836912155151,0.4989574253559113,0.0436155907809734,0.5460587143898010,0.6803833842277527,-0.0981736034154892,0.4334475696086884,0.6726194024085999,0.0721767917275429,0.5736950635910034,0.8593956828117371,0.0234303083270788,0.4251009523868561,0.8270372152328491,0.2474198490381241,0.5753110051155090,0.8791342377662659,0.0274054370820522,0.4314551949501038,0.8529505133628845,0.2591477334499359,0.5639518499374390,0.9242392778396606,-0.1167514473199844,0.3951495289802551,0.8763339519500732,0.1512220352888107
0.4756990969181061,0.2053938955068588,-0.2177794724702835,0.4797807931900024,0.1843432039022446,-0.2101227641105652,0.4844798743724823,0.1826317310333252,-0.2101609706878662,0.4885954856872559,0.1812232136726379,-0.2101898789405823,0.4689722359180450,0.1883275508880615,-0.2042181491851807,0.4660447239875793,0.1893009245395660,-0.2042494267225266,0.4630164206027985,0.1904749572277069,-0.2042103409767151,0.4964509308338165,0.1800229698419571,-0.1110504418611526,0.4610852003097534,0.1933665126562119,-0.0807618871331215,0.4859656393527985,0.2207944542169571,-0.1751164942979813,0.4735744595527649,0.2256178408861160,-0.1669576466083527,0.5317066907882690,0.2569973468780518,-0.0524336136877537,0.4395675659179688,0.2701922357082367,0.0341065712273121,0.5520364642143250,0.3828309178352356,-0.1428041756153107,0.4110513925552368,0.3904222249984741,-0.0694257393479347,0.5120947360992432,0.3871714472770691,-0.3335691392421722,0.4330070316791534,0.2991083264350891,-0.3131814301013947,0.4991303384304047,0.3880863189697266,-0.3738381564617157,0.4379939436912537,0.2719444632530212,-0.3543495535850525,0.4956960678100586,0.3698531985282898,-0.3681032061576843,0.4396712183952332,0.2606220841407776,-0.3589647710323334,0.4991406798362732,0.3662731051445007,-0.3326412141323090,0.4408082067966461,0.2672382891178131,-0.3232936263084412,0.5128661990165710,0.5007664561271667,-0.0424788482487202,0.4613599479198456,0.4990861117839813,0.0424519926309586,0.5440419912338257,0.6807500123977661,-0.0982320010662079,0.4317783415317535,0.6732888221740723,0.0666359141469002,0.5731868743896484,0.8583917021751404,0.0226938482373953,0.4243710637092590,0.8272532820701599,0.2444921433925629,0.5742670297622681,0.8775681257247925,0.0268601514399052,0.4314747154712677,0.8529443144798279,0.2585841715335846,0.5642005801200867,0.9242498874664307,-0.1148516610264778,0.3947022557258606,0.8768835067749023,0.1493318080902100
0.4754808545112610,0.2061693668365479,-0.2256396412849426,0.4795516133308411,0.1850516945123672,-0.2178350389003754,0.4843322634696960,0.1833122223615646,-0.2178720533847809,0.4884812533855438,0.1818551123142242,-0.2179028540849686,0.4687196016311646,0.1890564113855362,-0.2115317136049271,0.4656073451042175,0.1900051236152649,-0.2115667015314102,0.4627136886119843,0.1911440193653107,-0.2115259766578674,0.4954860508441925,0.1805982738733292,-0.1174379810690880,0.4595852792263031,0.1939024180173874,-0.0854266434907913,0.4858127832412720,0.2214331626892090,-0.1824818253517151,0.4731978476047516,0.2262213677167892,-0.1738023757934570,0.5294964313507080,0.2571981847286224,-0.0585004240274429,0.4375814497470856,0.2711676359176636,0.0353651829063892,0.5489996075630188,0.3833994567394257,-0.1479133218526840,0.4097158610820770,0.3906705081462860,-0.0676758959889412,0.5107878446578979,0.3878731429576874,-0.3374561965465546,0.4321172833442688,0.3035000264644623,-0.3116441369056702,0.4988174736499786,0.3888701200485229,-0.3781644999980927,0.4378232955932617,0.2779489755630493,-0.3545555770397186,0.4955619275569916,0.3707635998725891,-0.3732151985168457,0.4389600455760956,0.2653956115245819,-0.3550710082054138,0.4983838498592377,0.3672952950000763,-0.3367581665515900,0.4398543238639832,0.2715632021427155,-0.3183599710464478,0.5101752877235413,0.5010608434677124,-0.0431263446807861,0.4594357907772064,0.4994888305664062,0.0430996753275394,0.5422900915145874,0.6808520555496216,-0.0992057323455811,0.4303685128688812,0.6733256578445435,0.0710089951753616,0.5730771422386169,0.8586247563362122,0.0163638349622488,0.4239250719547272,0.8272415399551392,0.2522652745246887,0.5744536519050598,0.8776312470436096,0.0199319664388895,0.4314766526222229,0.8529523015022278,0.2648452520370483,0.5642898678779602,0.9242596030235291,-0.1239515021443367,0.3942026495933533,0.8771892786026001,0.1584651768207550
0.4742649793624878,0.2067276686429977,-0.2115755975246429,0.4784520864486694,0.1855375021696091,-0.2039978653192520,0.4830411076545715,0.1837462782859802,-0.2040426880121231,0.4869313538074493,0.1822485476732254,-0.2040764689445496,0.4671182334423065,0.1895755678415298,-0.1977614015340805,0.4639425575733185,0.1905031800270081,-0.1977874934673309,0.4608191847801208,0.1916071325540543,-0.1977437138557434,0.4933066070079803,0.1808421909809113,-0.1069837361574173,0.4575043320655823,0.1942707598209381,-0.0751787498593330,0.4845188856124878,0.2219192683696747,-0.1697086989879608,0.4712137281894684,0.2266984283924103,-0.1610906720161438,0.5266541242599487,0.2573798596858978,-0.0521487668156624,0.4357082247734070,0.2715945839881897,0.0413841456174850,0.5458794832229614,0.3838385939598083,-0.1413853168487549,0.4087234139442444,0.3922820091247559,-0.0574806593358517,0.5079691410064697,0.3881730139255524,-0.3260536193847656,0.4307073950767517,0.3078921139240265,-0.3079647123813629,0.4978561401367188,0.3893285393714905,-0.3656809031963348,0.4361821413040161,0.2835650444030762,-0.3528975844383240,0.4941229820251465,0.3713421225547791,-0.3603531718254089,0.4369080364704132,0.2702761292457581,-0.3417785763740540,0.4961949884891510,0.3678184151649475,-0.3250753283500671,0.4380864500999451,0.2762586474418640,-0.3084457814693451,0.5082273483276367,0.5022095441818237,-0.0419877134263515,0.4576062560081482,0.5007005929946899,0.0419505089521408,0.5396416783332825,0.6811564564704895,-0.0990007817745209,0.4275588095188141,0.6768210530281067,0.0511302538216114,0.5723236799240112,0.8571136593818665,0.0427014194428921,0.4229510128498077,0.8278918266296387,0.2266348451375961,0.5737531185150146,0.8740034103393555,0.0501307770609856,0.4312354624271393,0.8530333638191223,0.2392117679119110,0.5650359988212585,0.9238961338996887,-0.0855813249945641,0.3936114013195038,0.8787675499916077,0.1326918303966522
0.4719999730587006,0.2070201337337494,-0.2169564664363861,0.4763145744800568,0.1856478303670883,-0.2096596509218216,0.4808212518692017,0.1838215440511703,-0.2096989005804062,0.4846624433994293,0.1824230700731277,-0.2097247242927551,0.4645532071590424,0.1898166984319687,-0.2031554579734802,0.4614476859569550,0.1907489150762558,-0.2031822502613068,0.4583325684070587,0.1918368786573410,-0.2031455338001251,0.4907082021236420,0.1811549514532089,-0.1130611449480057,0.4551058411598206,0.1944614797830582,-0.0801780447363853,0.4822808504104614,0.2221055924892426,-0.1752737611532211,0.4685508608818054,0.2269796580076218,-0.1663402020931244,0.5242474675178528,0.2578800916671753,-0.0564916320145130,0.4343325197696686,0.2717839479446411,0.0364027693867683,0.5433837771415710,0.3839817345142365,-0.1463176906108856,0.4074055552482605,0.3933275640010834,-0.0574717521667480,0.5039246082305908,0.3883646428585052,-0.3345363736152649,0.4298793673515320,0.3106722533702850,-0.3070134520530701,0.4947384595870972,0.3895986974239349,-0.3748114705085754,0.4352602660655975,0.2879944145679474,-0.3511288762092590,0.4897657930850983,0.3716657757759094,-0.3696663081645966,0.4361011683940887,0.2751607298851013,-0.3430314362049103,0.4916748404502869,0.3679694533348083,-0.3336373269557953,0.4371214807033539,0.2804687619209290,-0.3088949322700500,0.5063478350639343,0.5042442083358765,-0.0417479537427425,0.4553661346435547,0.5032278299331665,0.0417079553008080,0.5374509096145630,0.6812822222709656,-0.0987146049737930,0.4250507652759552,0.6784719228744507,0.0576820932328701,0.5717022418975830,0.8565000891685486,0.0409026183187962,0.4224477708339691,0.8278430700302124,0.2279281318187714,0.5732514858245850,0.8727586269378662,0.0481248050928116,0.4311318397521973,0.8529980182647705,0.2410812377929688,0.5655034184455872,0.9238008260726929,-0.0887992829084396,0.3931876718997955,0.8789567351341248,0.1363425999879837
0.4692321121692657,0.2080310285091400,-0.2124734818935394,0.4733670949935913,0.1867254674434662,-0.2051910012960434,0.4777284264564514,0.1849807947874069,-0.2052382528781891,0.4814049601554871,0.1835078448057175,-0.2052720189094543,0.4616701900959015,0.1905104815959930,-0.1983885169029236,0.4585897624492645,0.1913670003414154,-0.1984111517667770,0.4551785886287689,0.1923580467700958,-0.1983706951141357,0.4876128137111664,0.1824288517236710,-0.1090595424175262,0.4522781372070312,0.1950166076421738,-0.0746417418122292,0.4793151021003723,0.2233943045139313,-0.1709481924772263,0.4654091894626617,0.2280617505311966,-0.1615684032440186,0.5213233232498169,0.2598446607589722,-0.0533321164548397,0.4322223663330078,0.2732650935649872,0.0414507724344730,0.5407199859619141,0.3857435584068298,-0.1430435180664062,0.4061092138290405,0.3977159857749939,-0.0520958900451660,0.5001844167709351,0.3885170519351959,-0.3290105760097504,0.4285230040550232,0.3156298995018005,-0.3061599135398865,0.4904249310493469,0.3900808691978455,-0.3686536848545074,0.4339169263839722,0.2940045297145844,-0.3475472331047058,0.4859224855899811,0.3721305429935455,-0.3634227812290192,0.4347384274005890,0.2809060215950012,-0.3395748436450958,0.4880463778972626,0.3684248030185699,-0.3280281126499176,0.4358028471469879,0.2858451902866364,-0.3062004148960114,0.5043782591819763,0.5079355239868164,-0.0415617041289806,0.4537034630775452,0.5073651075363159,0.0415161475539207,0.5356701612472534,0.6828132271766663,-0.0985066667199135,0.4233446717262268,0.6814883947372437,0.0529272817075253,0.5706800818443298,0.8561031818389893,0.0509513244032860,0.4220103621482849,0.8278580904006958,0.2279148101806641,0.5724866390228271,0.8716316223144531,0.0587061308324337,0.4310105144977570,0.8530129194259644,0.2409520894289017,0.5658086538314819,0.9237030148506165,-0.0761181116104126,0.3923320770263672,0.8792989253997803,0.1365218758583069
0.4649182260036469,0.2105291634798050,-0.2063297778367996,0.4690297245979309,0.1895250678062439,-0.2000066787004471,0.4734048545360565,0.1878192871809006,-0.2000446915626526,0.4771638810634613,0.1862347126007080,-0.2000727951526642,0.4579894840717316,0.1927895992994308,-0.1918294131755829,0.4551860392093658,0.1934813410043716,-0.1918486654758453,0.4518715441226959,0.1942800730466843,-0.1918090879917145,0.4842613041400909,0.1847323626279831,-0.1076091229915619,0.4499526917934418,0.1965457648038864,-0.0668259039521217,0.4750877916812897,0.2259126603603363,-0.1661467254161835,0.4618110060691833,0.2303227186203003,-0.1549187302589417,0.5188637971878052,0.2612697780132294,-0.0535167604684830,0.4317715764045715,0.2738085985183716,0.0496706701815128,0.5383776426315308,0.3870740532875061,-0.1470168977975845,0.4052651226520538,0.4006012678146362,-0.0401079915463924,0.4948402345180511,0.3887214958667755,-0.3354144096374512,0.4268724024295807,0.3190025389194489,-0.2985325455665588,0.4841283559799194,0.3904385864734650,-0.3756456077098846,0.4312391579151154,0.2983937263488770,-0.3428874313831329,0.4795519113540649,0.3724862933158875,-0.3693140745162964,0.4322742819786072,0.2855920791625977,-0.3318475186824799,0.4820646345615387,0.3686399161815643,-0.3338573276996613,0.4335954785346985,0.2903885841369629,-0.2980989515781403,0.5032708048820496,0.5105424523353577,-0.0418676547706127,0.4526255726814270,0.5098706483840942,0.0418185256421566,0.5334584712982178,0.6845466494560242,-0.1000765860080719,0.4219165444374084,0.6825737357139587,0.0467844121158123,0.5698554515838623,0.8561074733734131,0.0476351231336594,0.4215742051601410,0.8278923034667969,0.2272237688302994,0.5720830559730530,0.8716872334480286,0.0543167814612389,0.4307274222373962,0.8529717922210693,0.2404826730489731,0.5658045411109924,0.9237275719642639,-0.0812133476138115,0.3921474218368530,0.8798217177391052,0.1366663128137589
0.4614557027816772,0.2131561338901520,-0.2143602967262268,0.4656451344490051,0.1923976838588715,-0.2083905786275864,0.4702160954475403,0.1907266676425934,-0.2084281593561172,0.4741526842117310,0.1890814602375031,-0.2084635943174362,0.4549773037433624,0.1952665746212006,-0.2004248797893524,0.4520430862903595,0.1957677751779556,-0.2004456222057343,0.4487368166446686,0.1964253336191177,-0.2004007846117020,0.4817291200160980,0.1873403936624527,-0.1155976280570030,0.4474324882030487,0.1983662992715836,-0.0757582262158394,0.4717451035976410,0.2284668534994125,-0.1738044619560242,0.4587691724300385,0.2326770573854446,-0.1628686487674713,0.5161907672882080,0.2628330886363983,-0.0585780851542950,0.4301590621471405,0.2749149203300476,0.0438352264463902,0.5361395478248596,0.3899191915988922,-0.1417917758226395,0.4042863547801971,0.4041720628738403,-0.0404387377202511,0.4890037178993225,0.3897258639335632,-0.3177671134471893,0.4256510734558105,0.3193343281745911,-0.2978935837745667,0.4778460562229156,0.3921877443790436,-0.3561401367187500,0.4288493990898132,0.3013919591903687,-0.3419563472270966,0.4736254513263702,0.3738702535629272,-0.3503507971763611,0.4299404323101044,0.2891189157962799,-0.3317604362964630,0.4764605164527893,0.3696804940700531,-0.3158826828002930,0.4315557777881622,0.2932870686054230,-0.2973570525646210,0.5018470287322998,0.5128827691078186,-0.0416873097419739,0.4513363540172577,0.5121966600418091,0.0416336096823215,0.5309407711029053,0.6864392757415771,-0.0991992875933647,0.4206360578536987,0.6840062737464905,0.0511633753776550,0.5691367387771606,0.8561056256294250,0.0469068996608257,0.4208445549011230,0.8278655409812927,0.2315965741872787,0.5718101859092712,0.8717957735061646,0.0534654334187508,0.4302384555339813,0.8529539108276367,0.2458291351795197,0.5656739473342896,0.9239368438720703,-0.0818280950188637,0.3916635215282440,0.8800488114356995,0.1459528803825378
0.4570842981338501,0.2158348113298416,-0.2201737314462662,0.4612355530261993,0.1953376978635788,-0.2155084013938904,0.4658497273921967,0.1935845464468002,-0.2155376225709915,0.4701277911663055,0.1916941851377487,-0.2155690640211105,0.4513773024082184,0.1980555802583694,-0.2055683732032776,0.4485150873661041,0.1984292417764664,-0.2055920213460922,0.4454219043254852,0.1990121901035309,-0.2055539190769196,0.4786241650581360,0.1895439773797989,-0.1258532851934433,0.4453037977218628,0.2003422677516937,-0.0772466883063316,0.4676801562309265,0.2310950458049774,-0.1808082759380341,0.4552570283412933,0.2351343780755997,-0.1672541350126266,0.5141326189041138,0.2643416523933411,-0.0693540424108505,0.4300738871097565,0.2767178416252136,0.0456094369292259,0.5343817472457886,0.3931524455547333,-0.1514029204845428,0.4023446142673492,0.4074605405330658,-0.0357185192406178,0.4848547577857971,0.3913463354110718,-0.3215975761413574,0.4239001274108887,0.3247936666011810,-0.2948628365993500,0.4724950492382050,0.3936448395252228,-0.3590019345283508,0.4280247986316681,0.3038968741893768,-0.3394467532634735,0.4686634838581085,0.3740823268890381,-0.3530648052692413,0.4283713400363922,0.2914005815982819,-0.3296417891979218,0.4721149206161499,0.3699505627155304,-0.3193664848804474,0.4306441247463226,0.2964297533035278,-0.2951989769935608,0.5012074112892151,0.5157722234725952,-0.0419243611395359,0.4514144659042358,0.5144921541213989,0.0418511517345905,0.5290200114250183,0.6883452534675598,-0.0988225117325783,0.4196544289588928,0.6849840879440308,0.0538551583886147,0.5686357617378235,0.8561156392097473,0.0488515011966228,0.4203991591930389,0.8278900384902954,0.2407279759645462,0.5719163417816162,0.8719154596328735,0.0560730472207069,0.4298986196517944,0.8529165983200073,0.2557822465896606,0.5654555559158325,0.9240438938140869,-0.0791788026690483,0.3913485705852509,0.8802978992462158,0.1592815667390823
0.4548620879650116,0.2194301038980484,-0.2267984598875046,0.4589073061943054,0.1988868415355682,-0.2219025790691376,0.4634014368057251,0.1972016096115112,-0.2219322770833969,0.4679086506366730,0.1951570361852646,-0.2219652086496353,0.4487659633159637,0.2013404220342636,-0.2127048820257187,0.4455398321151733,0.2016002982854843,-0.2127305865287781,0.4425954222679138,0.2020808160305023,-0.2126940339803696,0.4762110710144043,0.1921872198581696,-0.1304505616426468,0.4420830905437469,0.2026946693658829,-0.0849978700280190,0.4649355113506317,0.2344252467155457,-0.1865053176879883,0.4528874456882477,0.2380375564098358,-0.1739436835050583,0.5119300484657288,0.2655449807643890,-0.0701134577393532,0.4264011383056641,0.2783275842666626,0.0380698926746845,0.5317199230194092,0.3959437906742096,-0.1490880399942398,0.4000777602195740,0.4098441004753113,-0.0382140986621380,0.4795657694339752,0.3915575444698334,-0.3207608163356781,0.4220476746559143,0.3402598202228546,-0.2952977418899536,0.4656389057636261,0.3944027423858643,-0.3579286336898804,0.4270886778831482,0.3194894492626190,-0.3392824530601501,0.4626804888248444,0.3741130232810974,-0.3515028357505798,0.4276409745216370,0.3047853112220764,-0.3297768235206604,0.4656062722206116,0.3699758946895599,-0.3184379339218140,0.4290024340152740,0.3115955889225006,-0.2959643602371216,0.5003642439842224,0.5178576111793518,-0.0409171245992184,0.4502072036266327,0.5164322257041931,0.0408276952803135,0.5284521579742432,0.6910102963447571,-0.1010193452239037,0.4178974926471710,0.6860843300819397,0.0294016674160957,0.5680993199348450,0.8561244606971741,0.0523295886814594,0.4198667109012604,0.8279857635498047,0.2350707054138184,0.5713236331939697,0.8719618916511536,0.0607820600271225,0.4293180406093597,0.8528918027877808,0.2528733313083649,0.5654343366622925,0.9242496490478516,-0.0725279599428177,0.3912940323352814,0.8807694911956787,0.1564436405897141
0.4516901373863220,0.2211207002401352,-0.2273042798042297,0.4559737145900726,0.2002708911895752,-0.2248501181602478,0.4605515897274017,0.1984157413244247,-0.2248757630586624,0.4649448692798615,0.1962861716747284,-0.2249073386192322,0.4457948505878448,0.2028575390577316,-0.2145017236471176,0.4425786137580872,0.2030812948942184,-0.2145302891731262,0.4396021664142609,0.2036061435937881,-0.2144860327243805,0.4731463789939880,0.1933121681213379,-0.1331398785114288,0.4393244683742523,0.2038660049438477,-0.0875177681446075,0.4617152214050293,0.2358349710702896,-0.1878237426280975,0.4494670033454895,0.2393205761909485,-0.1765003502368927,0.5095635056495667,0.2665143311023712,-0.0746924355626106,0.4232336580753326,0.2799905240535736,0.0354005470871925,0.5291606783866882,0.3993836939334869,-0.1561699807643890,0.3975453674793243,0.4121282994747162,-0.0419244058430195,0.4759238660335541,0.3928710520267487,-0.3275347650051117,0.4173817634582520,0.3569977581501007,-0.3031580746173859,0.4601832926273346,0.3959702253341675,-0.3658670485019684,0.4217892587184906,0.3372233211994171,-0.3469621241092682,0.4581745266914368,0.3744423985481262,-0.3600837588310242,0.4221323132514954,0.3236796855926514,-0.3427526652812958,0.4612207114696503,0.3704755008220673,-0.3255391716957092,0.4233796000480652,0.3308337628841400,-0.3062994778156281,0.4995387792587280,0.5196941494941711,-0.0410502925515175,0.4500999450683594,0.5185462832450867,0.0409732796251774,0.5278614163398743,0.6934927701950073,-0.1009239479899406,0.4168296754360199,0.6862508654594421,0.0397142991423607,0.5679289102554321,0.8561922311782837,0.0540014728903770,0.4196807742118835,0.8290037512779236,0.2471783310174942,0.5713262557983398,0.8720759153366089,0.0624889023602009,0.4291346371173859,0.8537659049034119,0.2635598778724670,0.5654270052909851,0.9244483113288879,-0.0721514448523521,0.3908912241458893,0.8814579844474792,0.1669959276914597
0.4482048749923706,0.2225902974605560,-0.2645767927169800,0.4526990056037903,0.2014628201723099,-0.2615008056163788,0.4573151171207428,0.1993928104639053,-0.2615280747413635,0.4616327881813049,0.1971163898706436,-0.2615848481655121,0.4426293671131134,0.2043559104204178,-0.2494030296802521,0.4395188093185425,0.2045699357986450,-0.2494455724954605,0.4365680515766144,0.2051118910312653,-0.2494242191314697,0.4697739183902740,0.1939743459224701,-0.1652698069810867,0.4368672072887421,0.2049040198326111,-0.1075782403349876,0.4583327174186707,0.2368611842393875,-0.2218156158924103,0.4460153877735138,0.2405441850423813,-0.2062292844057083,0.5078951120376587,0.2670724391937256,-0.1008813157677650,0.4224256277084351,0.2811379134654999,0.0350997447967529,0.5262458920478821,0.4025079309940338,-0.1627190709114075,0.3976714015007019,0.4116621315479279,-0.0408713072538376,0.4694053828716278,0.3954465687274933,-0.3331166505813599,0.4099749028682709,0.3923452794551849,-0.3024980723857880,0.4521789848804474,0.3976576924324036,-0.3723552525043488,0.4099304378032684,0.3830719888210297,-0.3457606732845306,0.4503988325595856,0.3755949139595032,-0.3670232594013214,0.4112896919250488,0.3609046936035156,-0.3439947068691254,0.4529388546943665,0.3723987936973572,-0.3313655555248260,0.4139610528945923,0.3655159473419189,-0.3058381974697113,0.4990799725055695,0.5207456350326538,-0.0466310009360313,0.4505644440650940,0.5196844339370728,0.0465595945715904,0.5272735953330994,0.6963800787925720,-0.1016757860779762,0.4167166352272034,0.6860316395759583,0.0733994245529175,0.5679693222045898,0.8579090237617493,0.0523581095039845,0.4196352958679199,0.8303274512290955,0.2829588651657104,0.5714589953422546,0.8740460872650146,0.0598239190876484,0.4291175603866577,0.8547754883766174,0.2983237504959106,0.5647526383399963,0.9254240989685059,-0.0748054757714272,0.3902145624160767,0.8828361630439758,0.2033738791942596
0.4447247684001923,0.2229285240173340,-0.2636248171329498,0.4489496052265167,0.2019142061471939,-0.2601272761821747,0.4533037543296814,0.1996983140707016,-0.2601512074470520,0.4579561650753021,0.1973179131746292,-0.2602005302906036,0.4394202232360840,0.2050455063581467,-0.2492725402116776,0.4364745020866394,0.2053543329238892,-0.2493088245391846,0.4339114725589752,0.2058679759502411,-0.2492860704660416,0.4670064747333527,0.1942916065454483,-0.1637361347675323,0.4346674680709839,0.2053846865892410,-0.1030884310603142,0.4542869627475739,0.2369735687971115,-0.2217452675104141,0.4430398941040039,0.2407533675432205,-0.2048621177673340,0.5057511925697327,0.2670142352581024,-0.1007925197482109,0.4212174415588379,0.2811453640460968,0.0420454032719135,0.5230253338813782,0.4026835858821869,-0.1646389663219452,0.3989575207233429,0.4004547894001007,-0.0150592485442758,0.4633261263370514,0.3953877389431000,-0.3325750529766083,0.4047159850597382,0.4053192734718323,-0.2750979661941528,0.4455247223377228,0.3979277014732361,-0.3742852509021759,0.4023395776748657,0.4139172732830048,-0.3178767263889313,0.4422090351581573,0.3756996989250183,-0.3693245351314545,0.4021851420402527,0.3895871639251709,-0.3307776153087616,0.4456018209457397,0.3724370896816254,-0.3309278190135956,0.4048137664794922,0.3888156116008759,-0.2861730754375458,0.4988109767436981,0.5208930969238281,-0.0505127348005772,0.4505106210708618,0.5204462409019470,0.0504729487001896,0.5262847542762756,0.6969882249832153,-0.1012842431664467,0.4167222678661346,0.6857424974441528,0.0848959311842918,0.5679703950881958,0.8585081100463867,0.0483488887548447,0.4195457994937897,0.8319563865661621,0.2855087220668793,0.5715862512588501,0.8746427297592163,0.0549350567162037,0.4290542900562286,0.8562334179878235,0.2995403409004211,0.5632787346839905,0.9264339804649353,-0.0818251073360443,0.3894831538200378,0.8839516639709473,0.2054113000631332
0.4419426620006561,0.2228291034698486,-0.2626609206199646,0.4460332989692688,0.2018313556909561,-0.2587362527847290,0.4502620697021484,0.1995757967233658,-0.2587620615959167,0.4549655318260193,0.1971967369318008,-0.2588088214397430,0.4368468225002289,0.2050882428884506,-0.2489627897739410,0.4340415000915527,0.2054295539855957,-0.2490013390779495,0.4315484762191772,0.2059662640094757,-0.2489798665046692,0.4640913307666779,0.1942831575870514,-0.1628341078758240,0.4325643479824066,0.2054675668478012,-0.0995678156614304,0.4515989720821381,0.2368480712175369,-0.2209042161703110,0.4407348930835724,0.2407275736331940,-0.2045716792345047,0.5035538673400879,0.2665023505687714,-0.1060981750488281,0.4210693240165710,0.2811942398548126,0.0467203184962273,0.5189324617385864,0.4025084376335144,-0.1755214035511017,0.4001383483409882,0.3976671993732452,-0.0134207671508193,0.4548287093639374,0.3946595489978790,-0.3328313827514648,0.3963305056095123,0.4004508554935455,-0.2781157195568085,0.4395900964736938,0.3977826237678528,-0.3785538077354431,0.3918981552124023,0.4029689431190491,-0.3197968602180481,0.4362558126449585,0.3756444454193115,-0.3732355237007141,0.3924517333507538,0.3832638263702393,-0.3373000323772430,0.4399105906486511,0.3724602460861206,-0.3319683372974396,0.3963987231254578,0.3822352886199951,-0.2881709933280945,0.4985655844211578,0.5204954147338867,-0.0538133755326271,0.4507875442504883,0.5201803445816040,0.0537733547389507,0.5249511003494263,0.6970998048782349,-0.0970992147922516,0.4165782034397125,0.6855004429817200,0.0888839885592461,0.5676253437995911,0.8589521050453186,0.0475935153663158,0.4194064140319824,0.8330439329147339,0.2819142639636993,0.5715596079826355,0.8748356103897095,0.0539247877895832,0.4290631413459778,0.8578125238418579,0.2950887084007263,0.5616931915283203,0.9267898797988892,-0.0828312784433365,0.3893696963787079,0.8852257132530212,0.2001691013574600
0.4388165175914764,0.2226912379264832,-0.2625035047531128,0.4421633183956146,0.2016853094100952,-0.2588644921779633,0.4462789595127106,0.1994611620903015,-0.2588926255702972,0.4508872032165527,0.1971631497144699,-0.2589372694492340,0.4335562884807587,0.2050446718931198,-0.2479852586984634,0.4309710860252380,0.2054497748613358,-0.2480233311653137,0.4286847412586212,0.2059860825538635,-0.2480000555515289,0.4613472819328308,0.1942673623561859,-0.1666192859411240,0.4303902089595795,0.2054534703493118,-0.0993739515542984,0.4483301937580109,0.2367288768291473,-0.2216636240482330,0.4380916059017181,0.2406925112009048,-0.2043904811143875,0.5018554329872131,0.2648037075996399,-0.1189003437757492,0.4199245870113373,0.2812248766422272,0.0453387461602688,0.5163274407386780,0.4023581445217133,-0.1846263557672501,0.3987312018871307,0.3940990269184113,-0.0126416850835085,0.4504554569721222,0.3934177756309509,-0.3327917754650116,0.3914951682090759,0.4034029841423035,-0.2760534286499023,0.4367624521255493,0.3972732722759247,-0.3762478232383728,0.3846833407878876,0.4118249714374542,-0.3174491822719574,0.4325389564037323,0.3756172358989716,-0.3720338046550751,0.3867598772048950,0.3987391591072083,-0.3353439271450043,0.4365442097187042,0.3723839819431305,-0.3315581381320953,0.3897945284843445,0.3923696577548981,-0.2879288494586945,0.4983936846256256,0.5201432108879089,-0.0577547922730446,0.4512342810630798,0.5198141932487488,0.0577083900570869,0.5238403677940369,0.6972426176071167,-0.0972639620304108,0.4169978797435760,0.6854723691940308,0.1129517927765846,0.5674588680267334,0.8603690862655640,0.0410242453217506,0.4192249476909637,0.8333374857902527,0.3016760051250458,0.5716449022293091,0.8763217926025391,0.0465787760913372,0.4290584921836853,0.8581210374832153,0.3144769370555878,0.5584064126014709,0.9278897643089294,-0.0911736339330673,0.3887646794319153,0.8855964541435242,0.2209433913230896
0.4367360770702362,0.2225961685180664,-0.2665941417217255,0.4395171403884888,0.2015715241432190,-0.2635563015937805,0.4435122311115265,0.1994046717882156,-0.2635868191719055,0.4478306472301483,0.1970640122890472,-0.2636212110519409,0.4311728179454803,0.2049943357706070,-0.2499618232250214,0.4287906885147095,0.2054426670074463,-0.2499961256980896,0.4266507029533386,0.2059878706932068,-0.2499806582927704,0.4585910141468048,0.1940164864063263,-0.1740466952323914,0.4282309710979462,0.2054341137409210,-0.0997825413942337,0.4461111724376678,0.2363810241222382,-0.2268073260784149,0.4363597035408020,0.2406472116708755,-0.2071172595024109,0.5002318620681763,0.2627222537994385,-0.1299237012863159,0.4190539121627808,0.2812351584434509,0.0424308702349663,0.5129696130752563,0.4020813405513763,-0.1979891806840897,0.3996204733848572,0.3947491347789764,-0.0104990880936384,0.4468189477920532,0.3902232348918915,-0.3364998400211334,0.3939360976219177,0.4130056500434875,-0.2680994868278503,0.4333157837390900,0.3936894834041595,-0.3808839023113251,0.3869164586067200,0.4225075244903564,-0.3076415359973907,0.4294548332691193,0.3718619644641876,-0.3767702281475067,0.3885141611099243,0.4045709669589996,-0.3263033926486969,0.4335620701313019,0.3693778812885284,-0.3348253965377808,0.3919097781181335,0.4005897641181946,-0.2812527418136597,0.4988225400447845,0.5198984742164612,-0.0607835799455643,0.4518009424209595,0.5194873809814453,0.0607252195477486,0.5234314203262329,0.6970571279525757,-0.0972870960831642,0.4178963303565979,0.6835178136825562,0.1281195133924484,0.5669499635696411,0.8604130744934082,0.0339115597307682,0.4190473556518555,0.8336408734321594,0.3081059753894806,0.5717150568962097,0.8763644099235535,0.0386651717126369,0.4290200769901276,0.8583073019981384,0.3200781047344208,0.5572862029075623,0.9286413192749023,-0.0990483239293098,0.3888616561889648,0.8857787251472473,0.2270175069570541
0.4339758157730103,0.2214554548263550,-0.2684868574142456,0.4364716708660126,0.2001606822013855,-0.2657261788845062,0.4402917921543121,0.1977240294218063,-0.2657675147056580,0.4445925056934357,0.1952809393405914,-0.2658067345619202,0.4284102618694305,0.2044070810079575,-0.2506776750087738,0.4260943233966827,0.2050214260816574,-0.2507034838199615,0.4239557981491089,0.2056328803300858,-0.2506918609142303,0.4560174047946930,0.1927177309989929,-0.1783003658056259,0.4261247813701630,0.2050998955965042,-0.1006159782409668,0.4437241554260254,0.2344943135976791,-0.2297536283731461,0.4340989887714386,0.2392126023769379,-0.2086291015148163,0.4987814128398895,0.2603552639484406,-0.1377179771661758,0.4190133213996887,0.2811200320720673,0.0412858799099922,0.5083137154579163,0.4018211066722870,-0.2047159373760223,0.4019769728183746,0.3936655819416046,0.0015349090099335,0.4414145648479462,0.3872274756431580,-0.3378999829292297,0.3858830332756042,0.4151680767536163,-0.2512466907501221,0.4279979765415192,0.3896200060844421,-0.3833743333816528,0.3759306073188782,0.4273819029331207,-0.2898985445499420,0.4246327280998230,0.3687912821769714,-0.3812966644763947,0.3752583563327789,0.4160502851009369,-0.3153954148292542,0.4285297393798828,0.3671381771564484,-0.3370266556739807,0.3806970715522766,0.4113582074642181,-0.2684533298015594,0.4991789162158966,0.5196610689163208,-0.0602967888116837,0.4523255527019501,0.5192385911941528,0.0602348484098911,0.5240707993507385,0.6978915333747864,-0.0927119553089142,0.4186402857303619,0.6821478009223938,0.1224151700735092,0.5669870376586914,0.8604682087898254,0.0432002209126949,0.4188362061977386,0.8337664008140564,0.3003823459148407,0.5717534422874451,0.8762600421905518,0.0486321374773979,0.4289904534816742,0.8582395911216736,0.3120172619819641,0.5571030974388123,0.9299376606941223,-0.0856663137674332,0.3886565566062927,0.8862012624740601,0.2192540168762207
0.4307979941368103,0.2194692939519882,-0.2810587882995605,0.4333325326442719,0.1976220458745956,-0.2796054184436798,0.4368260204792023,0.1950362324714661,-0.2796559333801270,0.4410860240459442,0.1924509704113007,-0.2796995937824249,0.4255923926830292,0.2029158473014832,-0.2607317268848419,0.4234359860420227,0.2038701772689819,-0.2607474029064178,0.4214304387569427,0.2047071158885956,-0.2607407867908478,0.4534574151039124,0.1902219951152802,-0.1994040757417679,0.4246097803115845,0.2041684538125992,-0.1067372635006905,0.4408460855484009,0.2318525910377502,-0.2455272674560547,0.4318033754825592,0.2370652109384537,-0.2198526859283447,0.4968574345111847,0.2577991187572479,-0.1693018525838852,0.4200324714183807,0.2809211015701294,0.0410040207207203,0.5063393115997314,0.4016092121601105,-0.2410108894109726,0.4062582254409790,0.3938955962657928,0.0167408473789692,0.4380307793617249,0.3848661780357361,-0.3725284337997437,0.3794125914573669,0.4221613407135010,-0.2292411774396896,0.4241056740283966,0.3867727518081665,-0.4179444909095764,0.3669197261333466,0.4356307685375214,-0.2641161978244781,0.4212260246276855,0.3669932186603546,-0.4148595035076141,0.3652111291885376,0.4294881820678711,-0.2951107323169708,0.4252394437789917,0.3656496703624725,-0.3713633418083191,0.3708154559135437,0.4234824776649475,-0.2490985393524170,0.4996330142021179,0.5195541381835938,-0.0663302168250084,0.4527377784252167,0.5191494226455688,0.0662718787789345,0.5245649814605713,0.6977135539054871,-0.0928398296236992,0.4188465774059296,0.6807358264923096,0.1450818628072739,0.5670816302299500,0.8605857491493225,0.0370459817349911,0.4187339842319489,0.8344282507896423,0.3133656084537506,0.5718720555305481,0.8762644529342651,0.0415492393076420,0.4289106726646423,0.8588567376136780,0.3237600326538086,0.5570873618125916,0.9310972094535828,-0.0908474549651146,0.3873783946037292,0.8862380981445312,0.2354680746793747
0.4276455938816071,0.2172963917255402,-0.2887635231018066,0.4305998384952545,0.1954264342784882,-0.2878299951553345,0.4341984093189240,0.1929654181003571,-0.2878837585449219,0.4384361505508423,0.1904550194740295,-0.2879298627376556,0.4230323433876038,0.2006911486387253,-0.2681056261062622,0.4209410548210144,0.2017663270235062,-0.2681234776973724,0.4189828038215637,0.2027349621057510,-0.2681216299533844,0.4515099227428436,0.1886175125837326,-0.2115799486637115,0.4226374030113220,0.2025620490312576,-0.1170459613204002,0.4378056526184082,0.2297078073024750,-0.2550588548183441,0.4291228353977203,0.2345418781042099,-0.2286778837442398,0.4945664405822754,0.2564003467559814,-0.1861893534660339,0.4205095469951630,0.2808740139007568,0.0391953550279140,0.5044018626213074,0.4015386998653412,-0.2490589916706085,0.4071190953254700,0.3951105475425720,0.0187906511127949,0.4356721937656403,0.3835625052452087,-0.3682790994644165,0.3745788633823395,0.4308276176452637,-0.2133123725652695,0.4205688536167145,0.3860301375389099,-0.4117687940597534,0.3616343736648560,0.4456063210964203,-0.2452692985534668,0.4177933931350708,0.3655953407287598,-0.4083035290241241,0.3591348528862000,0.4387952685356140,-0.2768169939517975,0.4222958683967590,0.3643734455108643,-0.3668955266475677,0.3630592525005341,0.4360781013965607,-0.2333296835422516,0.5001708865165710,0.5192105770111084,-0.0698040053248405,0.4533360600471497,0.5183825492858887,0.0697509944438934,0.5249763131141663,0.6975795626640320,-0.0885041430592537,0.4201599657535553,0.6788845062255859,0.1477414816617966,0.5670729279518127,0.8604637980461121,0.0371148660778999,0.4183999300003052,0.8351947665214539,0.3040977120399475,0.5719072222709656,0.8756828904151917,0.0416290573775768,0.4286638796329498,0.8602047562599182,0.3135992288589478,0.5569137930870056,0.9314854741096497,-0.0900622084736824,0.3856030702590942,0.8863016963005066,0.2259507924318314
0.4263530075550079,0.2155485600233078,-0.2939145267009735,0.4293819367885590,0.1936829388141632,-0.2938767671585083,0.4329372942447662,0.1912935972213745,-0.2939274609088898,0.4371967017650604,0.1887517869472504,-0.2939731776714325,0.4218406975269318,0.1987904310226440,-0.2745580673217773,0.4199187159538269,0.1998803615570068,-0.2745862603187561,0.4179999232292175,0.2010058611631393,-0.2746030986309052,0.4503446817398071,0.1870392113924026,-0.2226674109697342,0.4219488501548767,0.2014520168304443,-0.1313901692628860,0.4365817010402679,0.2279910445213318,-0.2620241940021515,0.4278964698314667,0.2329787760972977,-0.2362851202487946,0.4931122660636902,0.2551361918449402,-0.1958168148994446,0.4209285676479340,0.2808842658996582,0.0286739487200975,0.5037236809730530,0.4014458954334259,-0.2420838922262192,0.4096414446830750,0.3971214592456818,0.0342911072075367,0.4360672831535339,0.3835701942443848,-0.3519517779350281,0.3740126192569733,0.4326376616954803,-0.1522963345050812,0.4201135635375977,0.3854873180389404,-0.3903828859329224,0.3581798374652863,0.4515123665332794,-0.1784089058637619,0.4184129834175110,0.3652414679527283,-0.3888388574123383,0.3557887971401215,0.4451324641704559,-0.2138698399066925,0.4228892028331757,0.3643038868904114,-0.3508113324642181,0.3618491590023041,0.4404956102371216,-0.1729662716388702,0.5005850195884705,0.5181165933609009,-0.0712163895368576,0.4547745883464813,0.5174812078475952,0.0711467415094376,0.5254266858100891,0.6974743604660034,-0.0818118080496788,0.4220990836620331,0.6775768399238586,0.1399149149656296,0.5658651590347290,0.8604522943496704,0.0378921963274479,0.4182067215442657,0.8356592059135437,0.3038905262947083,0.5713447928428650,0.8754445314407349,0.0420281961560249,0.4275210499763489,0.8612545728683472,0.3039360940456390,0.5552120208740234,0.9320002794265747,-0.0837239325046539,0.3846669793128967,0.8864986896514893,0.2137765437364578
0.4247313141822815,0.2149222046136856,-0.3122780025005341,0.4276225864887238,0.1928239613771439,-0.3125084936618805,0.4312821030616760,0.1903726309537888,-0.3125625848770142,0.4356058239936829,0.1877742260694504,-0.3126220405101776,0.4200982451438904,0.1981022655963898,-0.2929168939590454,0.4181586503982544,0.1992613673210144,-0.2929430305957794,0.4162178635597229,0.2004331499338150,-0.2929759323596954,0.4488980174064636,0.1859713941812515,-0.2410589158535004,0.4204505383968353,0.2008658349514008,-0.1486518532037735,0.4352807104587555,0.2270743548870087,-0.2801720201969147,0.4266377687454224,0.2321083098649979,-0.2537844479084015,0.4912300705909729,0.2538038492202759,-0.2113201618194580,0.4213657379150391,0.2808731794357300,0.0166502315551043,0.5030246376991272,0.4004770815372467,-0.2534620463848114,0.4101766645908356,0.3985634744167328,0.0572479031980038,0.4353979825973511,0.3828274011611938,-0.3520350158214569,0.3686571717262268,0.4396228492259979,-0.0855932459235191,0.4201069772243500,0.3832909762859344,-0.3900420367717743,0.3525297343730927,0.4608896076679230,-0.1056512817740440,0.4188812077045441,0.3638969361782074,-0.3888525664806366,0.3502420485019684,0.4556216001510620,-0.1441942155361176,0.4233626425266266,0.3630557358264923,-0.3511657714843750,0.3565445542335510,0.4480591118335724,-0.1065744832158089,0.5007687211036682,0.5166501998901367,-0.0737289413809776,0.4566187560558319,0.5164884924888611,0.0736574605107307,0.5258287191390991,0.6973545551300049,-0.0829640179872513,0.4249769151210785,0.6751958727836609,0.1438422650098801,0.5654987692832947,0.8607957959175110,0.0315080061554909,0.4182377159595490,0.8355566263198853,0.2959758341312408,0.5712867379188538,0.8754663467407227,0.0348783284425735,0.4266422688961029,0.8610876202583313,0.3033502995967865,0.5547824501991272,0.9323302507400513,-0.0875138193368912,0.3840938210487366,0.8864670395851135,0.2067589908838272
0.4221510589122772,0.2147605121135712,-0.2996629774570465,0.4250713884830475,0.1925813555717468,-0.2975986599922180,0.4286251068115234,0.1900907009840012,-0.2976455390453339,0.4326705932617188,0.1874876320362091,-0.2976978719234467,0.4180006682872772,0.1978925466537476,-0.2812632620334625,0.4161833524703979,0.1989934742450714,-0.2812880277633667,0.4143810868263245,0.2001122236251831,-0.2812857329845428,0.4468611776828766,0.1856103092432022,-0.2326175719499588,0.4195699989795685,0.2004033476114273,-0.1394181996583939,0.4328793883323669,0.2268040031194687,-0.2649550735950470,0.4247888624668121,0.2317071557044983,-0.2413586825132370,0.4897491037845612,0.2532244324684143,-0.2114249020814896,0.4217473268508911,0.2809210717678070,0.0177802238613367,0.5026782155036926,0.4000192284584045,-0.2472522407770157,0.4118543267250061,0.3985316157341003,0.0307863857597113,0.4346297979354858,0.3822172880172729,-0.3108731508255005,0.3710842132568359,0.4393773078918457,-0.1647047698497772,0.4192682802677155,0.3818135559558868,-0.3413195610046387,0.3549724519252777,0.4593241214752197,-0.1929715722799301,0.4197185635566711,0.3627758622169495,-0.3412812054157257,0.3520549237728119,0.4558252692222595,-0.2218596637248993,0.4241289794445038,0.3621145784854889,-0.3093794882297516,0.3585548400878906,0.4464767277240753,-0.1827987730503082,0.5008409619331360,0.5148608684539795,-0.0767237618565559,0.4586077034473419,0.5153051018714905,0.0766703933477402,0.5260886549949646,0.6965526342391968,-0.0834382325410843,0.4271054267883301,0.6734430193901062,0.1613788604736328,0.5655687451362610,0.8609626889228821,0.0040146657265723,0.4182833433151245,0.8353510499000549,0.2942915558815002,0.5714331865310669,0.8760000467300415,0.0044090067967772,0.4263803660869598,0.8610324263572693,0.3014472126960754,0.5532211661338806,0.9326577186584473,-0.1183360964059830,0.3840412795543671,0.8859983086585999,0.2197400629520416
0.4211374521255493,0.2147859632968903,-0.2980246245861053,0.4240335524082184,0.1926411986351013,-0.2904559671878815,0.4276025891304016,0.1901422441005707,-0.2904954254627228,0.4315242469310760,0.1875298321247101,-0.2905410826206207,0.4167440831661224,0.1979012787342072,-0.2807520031929016,0.4148429334163666,0.1990059912204742,-0.2807836830615997,0.4129079282283783,0.2001235485076904,-0.2807025611400604,0.4459118843078613,0.1856015920639038,-0.2237891256809235,0.4183595478534698,0.2004014253616333,-0.1347029954195023,0.4322241246700287,0.2268857806921005,-0.2566228806972504,0.4239991605281830,0.2317731678485870,-0.2372406125068665,0.4887700080871582,0.2530431747436523,-0.2079031467437744,0.4220552742481232,0.2813518941402435,0.0201005581766367,0.5018695592880249,0.3990085422992706,-0.2493748068809509,0.4122843444347382,0.3984207808971405,0.0221046395599842,0.4307853877544403,0.3804635107517242,-0.3105577230453491,0.3730295300483704,0.4391711056232452,-0.1865808963775635,0.4160414338111877,0.3808195292949677,-0.3423034548759460,0.3600466847419739,0.4553643763065338,-0.2157338112592697,0.4157066047191620,0.3621766269207001,-0.3422162830829620,0.3532922863960266,0.4546960890293121,-0.2437129467725754,0.4207587540149689,0.3613376915454865,-0.3091283142566681,0.3609514832496643,0.4433329403400421,-0.2048534452915192,0.5012931227684021,0.5142555832862854,-0.0779219865798950,0.4605041742324829,0.5151297450065613,0.0778840556740761,0.5263298153877258,0.6953765153884888,-0.0830386802554131,0.4304434955120087,0.6727721691131592,0.1555595695972443,0.5655092597007751,0.8605865836143494,0.0043037068098783,0.4183176457881927,0.8352956175804138,0.2940831780433655,0.5715065002441406,0.8760010004043579,0.0051176268607378,0.4261802136898041,0.8609090447425842,0.2950234711170197,0.5526988506317139,0.9327011704444885,-0.1185921281576157,0.3834317624568939,0.8859414458274841,0.2115938216447830
0.4204521775245667,0.2150273472070694,-0.2803712189197540,0.4233862757682800,0.1928082406520844,-0.2817909121513367,0.4270640313625336,0.1902418583631516,-0.2818383276462555,0.4309723675251007,0.1875870525836945,-0.2818832993507385,0.4159215688705444,0.1981377750635147,-0.2622258365154266,0.4138948023319244,0.1991767138242722,-0.2622646987438202,0.4118601381778717,0.2002588510513306,-0.2622665464878082,0.4451830685138702,0.1856602877378464,-0.2147719413042068,0.4171454608440399,0.2005010098218918,-0.1261460781097412,0.4316036999225616,0.2270753085613251,-0.2543625235557556,0.4232217371463776,0.2319070398807526,-0.2247968316078186,0.4882158637046814,0.2532986700534821,-0.2005629688501358,0.4223629236221313,0.2827143073081970,0.0308084730058908,0.5013230443000793,0.3988737463951111,-0.2370510101318359,0.4123048484325409,0.3992349505424500,0.0168798137456179,0.4302410185337067,0.3798625171184540,-0.2660028934478760,0.3764749169349670,0.4341941177845001,-0.2023225873708725,0.4160407483577728,0.3807154595851898,-0.2937380075454712,0.3627703487873077,0.4544566273689270,-0.2329901605844498,0.4155443608760834,0.3621050417423248,-0.2940277159214020,0.3585021197795868,0.4478586912155151,-0.2576102912425995,0.4206589162349701,0.3611123859882355,-0.2637964189052582,0.3658322691917419,0.4405824542045593,-0.2190089076757431,0.5027632117271423,0.5133399367332458,-0.0798689052462578,0.4629046022891998,0.5143066048622131,0.0798556283116341,0.5264753103256226,0.6950336694717407,-0.0837381333112717,0.4324121773242950,0.6715498566627502,0.1521867066621780,0.5653467774391174,0.8608908653259277,-0.0106981191784143,0.4182450175285339,0.8352342247962952,0.2750928103923798,0.5715550780296326,0.8776821494102478,-0.0113704018294811,0.4256768822669983,0.8608002066612244,0.2754330337047577,0.5508645176887512,0.9331847429275513,-0.1334224343299866,0.3832144439220428,0.8859114050865173,0.2051974684000015
0.4189670979976654,0.2157022953033447,-0.2553170025348663,0.4221991300582886,0.1934273093938828,-0.2611266076564789,0.4257223904132843,0.1908451616764069,-0.2611661851406097,0.4295268058776855,0.1882066428661346,-0.2612053751945496,0.4148076176643372,0.1987055987119675,-0.2373779714107513,0.4130834937095642,0.1996258497238159,-0.2374062687158585,0.4113851487636566,0.2005882561206818,-0.2374341189861298,0.4441014230251312,0.1864069104194641,-0.2094178348779678,0.4177416861057281,0.2005901187658310,-0.1110824346542358,0.4303368628025055,0.2274724394083023,-0.2375781089067459,0.4222671091556549,0.2321714013814926,-0.2043803334236145,0.4873673319816589,0.2539286911487579,-0.1991414874792099,0.4226268827915192,0.2848546802997589,0.0402110815048218,0.4986308217048645,0.3992055654525757,-0.2193122357130051,0.4162045121192932,0.3999194800853729,0.0155892260372639,0.4287866652011871,0.3801937699317932,-0.1981055885553360,0.3774164915084839,0.4288908541202545,-0.2090613543987274,0.4152583777904510,0.3807360529899597,-0.2184904366731644,0.3668017387390137,0.4466809928417206,-0.2401268184185028,0.4147710800170898,0.3625304400920868,-0.2208471298217773,0.3635522425174713,0.4409405589103699,-0.2621187567710876,0.4198215305805206,0.3614030182361603,-0.1952123492956161,0.3697915971279144,0.4307114779949188,-0.2250306159257889,0.5046455860137939,0.5130329132080078,-0.0790345594286919,0.4645115435123444,0.5137530565261841,0.0790153741836548,0.5266152024269104,0.6950042843818665,-0.0843164697289467,0.4336203932762146,0.6712149977684021,0.1425247490406036,0.5651958584785461,0.8609803318977356,0.0005742636276409,0.4180336296558380,0.8351526260375977,0.2566961348056793,0.5717622637748718,0.8800794482231140,0.0020456777419895,0.4253002107143402,0.8608478903770447,0.2594647109508514,0.5493344664573669,0.9341204762458801,-0.1246261596679688,0.3834272623062134,0.8864772915840149,0.1927105635404587
0.4182601869106293,0.2178107947111130,-0.3046284317970276,0.4217465817928314,0.1958208680152893,-0.3076609671115875,0.4252995848655701,0.1931445300579071,-0.3077107071876526,0.4290660023689270,0.1904372423887253,-0.3077743649482727,0.4143691062927246,0.2006092667579651,-0.2838788926601410,0.4126742184162140,0.2012175321578979,-0.2839088141918182,0.4109670519828796,0.2019016593694687,-0.2839592695236206,0.4436839520931244,0.1885270625352859,-0.2506406605243683,0.4178151488304138,0.2015689313411713,-0.1445888578891754,0.4297415316104889,0.2296528816223145,-0.2806581556797028,0.4218642413616180,0.2339617162942886,-0.2489821463823318,0.4872017800807953,0.2561571300029755,-0.2373326718807220,0.4234042763710022,0.2888633310794830,0.0193142797797918,0.4988081753253937,0.4005059897899628,-0.2831713557243347,0.4162617921829224,0.4036114513874054,0.0342514775693417,0.4287871122360229,0.3804879784584045,-0.3223125338554382,0.3720508515834808,0.4401112496852875,-0.1414870470762253,0.4152167737483978,0.3804585337638855,-0.3514391779899597,0.3559952676296234,0.4621531069278717,-0.1641025245189667,0.4151562750339508,0.3628875017166138,-0.3537504076957703,0.3525147438049316,0.4568078517913818,-0.2005780786275864,0.4206305742263794,0.3616313934326172,-0.3215861618518829,0.3566749691963196,0.4522702395915985,-0.1627251952886581,0.5067096352577209,0.5130287408828735,-0.0800810605287552,0.4662129580974579,0.5137307047843933,0.0800507292151451,0.5267187952995300,0.6951011419296265,-0.0942482054233551,0.4342658221721649,0.6711812615394592,0.1433970034122467,0.5648409724235535,0.8609573841094971,0.0037523277569562,0.4176691770553589,0.8350802659988403,0.2569102048873901,0.5717989206314087,0.8808217048645020,0.0062932376749814,0.4249869287014008,0.8608534932136536,0.2625522613525391,0.5492056608200073,0.9355406165122986,-0.1198952347040176,0.3826533555984497,0.8873186707496643,0.1935079395771027
0.4183899164199829,0.2210978120565414,-0.2970818281173706,0.4219958484172821,0.1994101703166962,-0.3003079295158386,0.4254793226718903,0.1967249810695648,-0.3003523647785187,0.4293776750564575,0.1939306706190109,-0.3004206120967865,0.4147308170795441,0.2038436233997345,-0.2776389420032501,0.4130879044532776,0.2041084319353104,-0.2776705324649811,0.4114092290401459,0.2044302523136139,-0.2777042388916016,0.4440606534481049,0.1917224228382111,-0.2473419457674026,0.4184393882751465,0.2033154815435410,-0.1411394923925400,0.4300543069839478,0.2328956574201584,-0.2722781002521515,0.4221552908420563,0.2368529140949249,-0.2421692907810211,0.4871448278427124,0.2614520192146301,-0.2319620251655579,0.4263512194156647,0.2911698222160339,0.0200896393507719,0.5009258389472961,0.4037152528762817,-0.2764968276023865,0.4267539083957672,0.4062269926071167,0.0312823764979839,0.4312069118022919,0.3829370141029358,-0.1980106681585312,0.3794734179973602,0.4336245357990265,-0.1440391242504120,0.4170191586017609,0.3845677375793457,-0.2140088826417923,0.3648153841495514,0.4508530199527740,-0.1860937774181366,0.4160307645797729,0.3657582402229309,-0.2149057239294052,0.3579019308090210,0.4449621737003326,-0.2180542647838593,0.4219364225864410,0.3649009764194489,-0.1937293559312820,0.3649185895919800,0.4403662681579590,-0.1715841293334961,0.5089023113250732,0.5132303833961487,-0.0802602544426918,0.4684596359729767,0.5137138366699219,0.0802309587597847,0.5268114209175110,0.6964977979660034,-0.0940903574228287,0.4354118704795837,0.6708792448043823,0.1416678428649902,0.5648600459098816,0.8622914552688599,0.0071524125523865,0.4174838960170746,0.8356301188468933,0.2570861577987671,0.5724546313285828,0.8850233554840088,0.0098612336441875,0.4246226847171783,0.8619374632835388,0.2628615200519562,0.5456297993659973,0.9412160515785217,-0.1163049489259720,0.3824464380741119,0.8876152038574219,0.1934707760810852
0.4189769923686981,0.2252894788980484,-0.3092731237411499,0.4224148392677307,0.2040820866823196,-0.3134036362171173,0.4259161353111267,0.2013148665428162,-0.3134425580501556,0.4297261536121368,0.1985412389039993,-0.3135302662849426,0.4152613580226898,0.2080834954977036,-0.2893477380275726,0.4135149419307709,0.2081287503242493,-0.2893853485584259,0.4117811918258667,0.2082113325595856,-0.2894231379032135,0.4442379176616669,0.1955790817737579,-0.2574578821659088,0.4187014698982239,0.2063468098640442,-0.1479913294315338,0.4304850399494171,0.2372803241014481,-0.2835854291915894,0.4225716888904572,0.2408438473939896,-0.2522583007812500,0.4873972237110138,0.2660909593105316,-0.2393464297056198,0.4268652796745300,0.2915998399257660,0.0183062646538019,0.5014356374740601,0.4075624346733093,-0.2558792829513550,0.4245510697364807,0.4094275832176208,-0.0109476651996374,0.4292844533920288,0.3875719904899597,-0.1993574947118759,0.3868339657783508,0.4325550794601440,-0.2522590458393097,0.4157905280590057,0.3913865685462952,-0.2173327654600143,0.3783869147300720,0.4495296180248260,-0.2852162420749664,0.4153748750686646,0.3711391091346741,-0.2190175503492355,0.3748819530010223,0.4439377188682556,-0.3033271729946136,0.4200278222560883,0.3703440129756927,-0.1955117881298065,0.3811639249324799,0.4395302832126617,-0.2693516314029694,0.5122193694114685,0.5137962102890015,-0.0808809176087379,0.4712768495082855,0.5139576196670532,0.0808733850717545,0.5269102454185486,0.6977246403694153,-0.0967238396406174,0.4355417788028717,0.6709725260734558,0.1407940089702606,0.5649103522300720,0.8633865714073181,0.0188237596303225,0.4174185097217560,0.8360136151313782,0.2679697871208191,0.5730874538421631,0.8876584172248840,0.0235808882862329,0.4245980083942413,0.8624286055564880,0.2744001746177673,0.5465468764305115,0.9416323900222778,-0.1004022285342216,0.3824874162673950,0.8883029222488403,0.2040755450725555
0.4196455776691437,0.2290239930152893,-0.3063783347606659,0.4232068955898285,0.2076028138399124,-0.3106279373168945,0.4267849922180176,0.2048183232545853,-0.3106605708599091,0.4308192133903503,0.2019605636596680,-0.3107376396656036,0.4158339500427246,0.2115204781293869,-0.2871386706829071,0.4141044616699219,0.2114491015672684,-0.2871767580509186,0.4123729765415192,0.2114385217428207,-0.2872120141983032,0.4452299177646637,0.1992964595556259,-0.2566098272800446,0.4190995395183563,0.2099929749965668,-0.1490666419267654,0.4311369657516479,0.2413512915372849,-0.2813412249088287,0.4231490790843964,0.2446797192096710,-0.2507003843784332,0.4881421327590942,0.2727712988853455,-0.2384119778871536,0.4273540377616882,0.2933691442012787,0.0140726901590824,0.5017234086990356,0.4135984480381012,-0.2458739578723907,0.4276769757270813,0.4092730283737183,-0.0167493484914303,0.4313565194606781,0.3952289819717407,-0.1995376795530319,0.3912535905838013,0.4286673367023468,-0.2552450597286224,0.4168087840080261,0.3993859291076660,-0.2167498916387558,0.3846008181571960,0.4428886175155640,-0.2855437099933624,0.4171266853809357,0.3798450231552124,-0.2176852375268936,0.3809293210506439,0.4366332590579987,-0.3045191466808319,0.4224830865859985,0.3779479563236237,-0.1954510658979416,0.3879176378250122,0.4316362738609314,-0.2711600661277771,0.5139958262443542,0.5150710940361023,-0.0796268880367279,0.4721362888813019,0.5140588879585266,0.0796123072504997,0.5270006060600281,0.7004464864730835,-0.1002128645777702,0.4353911280632019,0.6710692048072815,0.1461978703737259,0.5649586319923401,0.8663939833641052,0.0116258701309562,0.4170465469360352,0.8362039923667908,0.2813998162746429,0.5729606151580811,0.8885329961776733,0.0152158429846168,0.4232344031333923,0.8638411760330200,0.2887674868106842,0.5473794937133789,0.9440582394599915,-0.1085723489522934,0.3817316591739655,0.8886975049972534,0.2185750454664230
0.4207513928413391,0.2321120053529739,-0.3168347477912903,0.4243302345275879,0.2106264531612396,-0.3210053741931915,0.4279708862304688,0.2078002244234085,-0.3210369944572449,0.4320889115333557,0.2049057036638260,-0.3211151659488678,0.4168269336223602,0.2146270126104355,-0.2983189225196838,0.4150545299053192,0.2145195007324219,-0.2983633875846863,0.4132756888866425,0.2145049870014191,-0.2984040975570679,0.4461674392223358,0.2024774849414825,-0.2656859457492828,0.4196749329566956,0.2134816795587540,-0.1625883877277374,0.4321924149990082,0.2446862608194351,-0.2913992106914520,0.4240482449531555,0.2480299770832062,-0.2619248628616333,0.4890435636043549,0.2773956358432770,-0.2434909641742706,0.4277309775352478,0.2962414026260376,-0.0001916522014653,0.5025166869163513,0.4189352393150330,-0.2403040230274200,0.4286246001720428,0.4097344577312469,-0.0290879271924496,0.4330634176731110,0.4004831612110138,-0.2077877372503281,0.3976020514965057,0.4303094744682312,-0.2601480782032013,0.4180861711502075,0.4058841168880463,-0.2261455655097961,0.3929018974304199,0.4395445585250854,-0.2897491455078125,0.4185295104980469,0.3871654272079468,-0.2261864542961121,0.3872356116771698,0.4326160848140717,-0.3090879619121552,0.4240798950195312,0.3842950761318207,-0.2035482525825500,0.3929332494735718,0.4274591803550720,-0.2755526602268219,0.5156810879707336,0.5165135860443115,-0.0785859748721123,0.4729765057563782,0.5151521563529968,0.0785680562257767,0.5270718336105347,0.7012844085693359,-0.0946804955601692,0.4353702366352081,0.6722755432128906,0.1523666530847549,0.5650051832199097,0.8667710423469543,0.0294829718768597,0.4166840910911560,0.8366007208824158,0.2992211878299713,0.5729588270187378,0.8885067105293274,0.0340064428746700,0.4224132299423218,0.8638603687286377,0.3080583214759827,0.5472628474235535,0.9452481865882874,-0.0899772346019745,0.3810890018939972,0.8888604044914246,0.2353306412696838
0.4217087030410767,0.2351717501878738,-0.3156462013721466,0.4253020286560059,0.2134654223918915,-0.3206456899642944,0.4289844930171967,0.2106920927762985,-0.3206827938556671,0.4331260025501251,0.2079393416643143,-0.3207635879516602,0.4177590608596802,0.2174946814775467,-0.2968125939369202,0.4159528315067291,0.2175511121749878,-0.2968599200248718,0.4141507744789124,0.2176149338483810,-0.2969124019145966,0.4470407068729401,0.2063548266887665,-0.2723741829395294,0.4201137125492096,0.2168943732976913,-0.1620358526706696,0.4330844879150391,0.2480774819850922,-0.2927334606647491,0.4247834384441376,0.2511607110500336,-0.2613576352596283,0.4897416234016418,0.2817010283470154,-0.2583657205104828,0.4335217475891113,0.3003955483436584,-0.0038710997905582,0.5034328103065491,0.4220174252986908,-0.2740637660026550,0.4362989366054535,0.4118932187557220,-0.0232818163931370,0.4317303299903870,0.4130194187164307,-0.2250436991453171,0.3974770903587341,0.4328539967536926,-0.2536572217941284,0.4139640927314758,0.4196489453315735,-0.2618606686592102,0.3880864977836609,0.4451054036617279,-0.2879775762557983,0.4142259657382965,0.4026303589344025,-0.2646419107913971,0.3785668909549713,0.4359045028686523,-0.3035274147987366,0.4207592606544495,0.3993585705757141,-0.2283747196197510,0.3874793350696564,0.4303902983665466,-0.2676950693130493,0.5164605975151062,0.5206947326660156,-0.0786119475960732,0.4744094908237457,0.5187389850616455,0.0785669535398483,0.5271419882774353,0.7058803439140320,-0.0968029573559761,0.4352103769779205,0.6744826436042786,0.1536482721567154,0.5650416016578674,0.8690522313117981,0.0292222313582897,0.4164766669273376,0.8371208906173706,0.3009385764598846,0.5730397105216980,0.8911213278770447,0.0334042534232140,0.4217468202114105,0.8647870421409607,0.3100710213184357,0.5404566526412964,0.9503404498100281,-0.0916376858949661,0.3805722296237946,0.8894994258880615,0.2374872565269470
0.4224548935890198,0.2409662902355194,-0.3138597905635834,0.4260929226875305,0.2189999967813492,-0.3198427855968475,0.4297976195812225,0.2160082608461380,-0.3198799490928650,0.4339509010314941,0.2131306976079941,-0.3199576139450073,0.4183616340160370,0.2233422696590424,-0.2953111529350281,0.4165024757385254,0.2235243469476700,-0.2953658699989319,0.4146527647972107,0.2237476557493210,-0.2954154610633850,0.4475811421871185,0.2106310725212097,-0.2724340558052063,0.4203123152256012,0.2224266827106476,-0.1591022759675980,0.4337030351161957,0.2537121176719666,-0.2910164296627045,0.4249957501888275,0.2574124634265900,-0.2587819695472717,0.4906358122825623,0.2852597534656525,-0.2489773929119110,0.4356735050678253,0.3023991584777832,-0.0014059941750020,0.5088180899620056,0.4305569529533386,-0.2635900974273682,0.4347582757472992,0.4151122570037842,-0.0262558106333017,0.4372138977050781,0.4181084632873535,-0.2494094967842102,0.3968005478382111,0.4310569763183594,-0.2676733732223511,0.4165979623794556,0.4227017164230347,-0.2797798514366150,0.3782569169998169,0.4443290829658508,-0.2997397184371948,0.4198863804340363,0.4047232866287231,-0.2799044251441956,0.3727274835109711,0.4335571825504303,-0.3214872479438782,0.4278686940670013,0.4019655287265778,-0.2491684556007385,0.3833840787410736,0.4279964864253998,-0.2847140133380890,0.5180450081825256,0.5248367786407471,-0.0785070583224297,0.4759034216403961,0.5215759277343750,0.0784699916839600,0.5271819829940796,0.7098092436790466,-0.0998764112591743,0.4354783892631531,0.6751720309257507,0.1498752087354660,0.5651212930679321,0.8711445927619934,0.0291375294327736,0.4162548482418060,0.8373308181762695,0.2975447773933411,0.5737003684043884,0.8942388296127319,0.0337143950164318,0.4216561019420624,0.8646628856658936,0.3065537810325623,0.5420196056365967,0.9508827328681946,-0.0917636081576347,0.3806881904602051,0.8894428610801697,0.2306092828512192
0.4233183562755585,0.2433689832687378,-0.3142318427562714,0.4265579283237457,0.2212088108062744,-0.3195907771587372,0.4301826059818268,0.2183813005685806,-0.3196316659450531,0.4342919886112213,0.2156257033348083,-0.3197048604488373,0.4193166494369507,0.2257354259490967,-0.2951547503471375,0.4175918698310852,0.2260774224996567,-0.2952121496200562,0.4158290624618530,0.2265282273292542,-0.2952613532543182,0.4484559893608093,0.2135314792394638,-0.2701251804828644,0.4220978915691376,0.2260994613170624,-0.1577823162078857,0.4347716569900513,0.2562115490436554,-0.2910850942134857,0.4264991879463196,0.2604156732559204,-0.2588735818862915,0.4926195144653320,0.2870287597179413,-0.2476623207330704,0.4390359222888947,0.3056667149066925,-0.0001116396815632,0.5115767121315002,0.4359580278396606,-0.2715322673320770,0.4354506134986877,0.4177556037902832,-0.0229838173836470,0.4408175349235535,0.4224031269550323,-0.2844741642475128,0.3937869071960449,0.4336184859275818,-0.2621892988681793,0.4201146662235260,0.4298003911972046,-0.3129631280899048,0.3753084540367126,0.4459231495857239,-0.2938353419303894,0.4224783778190613,0.4111457765102386,-0.3112369477748871,0.3673307597637177,0.4354352653026581,-0.3186332583427429,0.4309028089046478,0.4076973199844360,-0.2820516526699066,0.3791711926460266,0.4331098198890686,-0.2802694737911224,0.5194913744926453,0.5292431116104126,-0.0780623704195023,0.4767972528934479,0.5251253247261047,0.0780228450894356,0.5273547172546387,0.7128831744194031,-0.0976939573884010,0.4354487359523773,0.6772446632385254,0.1470560282468796,0.5651473999023438,0.8717674016952515,0.0546938553452492,0.4160136282444000,0.8381115198135376,0.2987759411334991,0.5738803148269653,0.8943519592285156,0.0620731152594090,0.4212642312049866,0.8650725483894348,0.3083117902278900,0.5430400967597961,0.9510572552680969,-0.0615763254463673,0.3802606761455536,0.8895267248153687,0.2293516099452972
0.4260753691196442,0.2442683428525925,-0.3110122084617615,0.4291710257530212,0.2221454530954361,-0.3157620728015900,0.4327283501625061,0.2195824235677719,-0.3158050179481506,0.4368228912353516,0.2170414179563522,-0.3158743083477020,0.4222405254840851,0.2264167964458466,-0.2919037640094757,0.4204922914505005,0.2268415242433548,-0.2919574975967407,0.4186472594738007,0.2273674756288528,-0.2920029461383820,0.4513049125671387,0.2153491675853729,-0.2647114992141724,0.4251365065574646,0.2276503145694733,-0.1544951647520065,0.4370549321174622,0.2571614980697632,-0.2872020006179810,0.4290724992752075,0.2613032162189484,-0.2556493580341339,0.4966548085212708,0.2892869412899017,-0.2422555983066559,0.4412646591663361,0.3067629933357239,0.0022848725784570,0.5181025266647339,0.4384205639362335,-0.2748607397079468,0.4356041550636292,0.4205809831619263,-0.0197187624871731,0.4468691647052765,0.4267098605632782,-0.3136686980724335,0.3906319737434387,0.4358097910881042,-0.2619043290615082,0.4261742532253265,0.4348029494285583,-0.3440061807632446,0.3695014715194702,0.4476797282695770,-0.2914979159832001,0.4292796850204468,0.4147504866123199,-0.3413164019584656,0.3633689880371094,0.4372038245201111,-0.3117694854736328,0.4359089434146881,0.4119644165039062,-0.3109314143657684,0.3747276365756989,0.4342656731605530,-0.2752027511596680,0.5207535624504089,0.5343231558799744,-0.0780665352940559,0.4776177108287811,0.5291723608970642,0.0780241414904594,0.5276235938072205,0.7169832587242126,-0.0961863026022911,0.4354298412799835,0.6799372434616089,0.1481971144676208,0.5652525424957275,0.8731574416160583,0.0505559444427490,0.4157777428627014,0.8392791748046875,0.2988064885139465,0.5743824839591980,0.8971606492996216,0.0568882152438164,0.4209766685962677,0.8657128810882568,0.3081696927547455,0.5425280928611755,0.9515805840492249,-0.0676905065774918,0.3798823952674866,0.8897888064384460,0.2292668521404266
0.4300831854343414,0.2454261779785156,-0.3079571723937988,0.4329738616943359,0.2233045995235443,-0.3152896761894226,0.4365786314010620,0.2207947969436646,-0.3153299093246460,0.4406946301460266,0.2182692289352417,-0.3153786957263947,0.4260567426681519,0.2276707887649536,-0.2894153892993927,0.4242074787616730,0.2281980663537979,-0.2894760966300964,0.4223040044307709,0.2288261801004410,-0.2895298600196838,0.4549115896224976,0.2162350714206696,-0.2566736638545990,0.4284308552742004,0.2291966080665588,-0.1532305330038071,0.4408016800880432,0.2578469812870026,-0.2865467071533203,0.4327134490013123,0.2619761526584625,-0.2528411448001862,0.5018874406814575,0.2887332141399384,-0.2353886663913727,0.4415450394153595,0.3079757094383240,0.0026823671068996,0.5227950215339661,0.4368571043014526,-0.2637104690074921,0.4359381496906281,0.4233905673027039,-0.0097749801352620,0.4530041813850403,0.4279592037200928,-0.3194536268711090,0.3892340362071991,0.4370195865631104,-0.2484655976295471,0.4346209168434143,0.4363336265087128,-0.3513459861278534,0.3659733235836029,0.4483872354030609,-0.2778361737728119,0.4353147447109222,0.4165438115596771,-0.3480864167213440,0.3605921864509583,0.4381030797958374,-0.3073242008686066,0.4418807923793793,0.4132687747478485,-0.3169150054454803,0.3696144819259644,0.4350335597991943,-0.2668307423591614,0.5213978886604309,0.5368352532386780,-0.0779062062501907,0.4778054356575012,0.5316175818443298,0.0778655260801315,0.5281244516372681,0.7207952141761780,-0.0839937925338745,0.4353715479373932,0.6818121075630188,0.1471768766641617,0.5652719736099243,0.8768994212150574,0.0541487410664558,0.4155226647853851,0.8395489454269409,0.2961226403713226,0.5746243596076965,0.9011698365211487,0.0596441477537155,0.4208256006240845,0.8656468391418457,0.3053306639194489,0.5424618124961853,0.9522286653518677,-0.0661592409014702,0.3799816370010376,0.8898906707763672,0.2256155908107758
0.4336770474910736,0.2465562373399734,-0.2977910339832306,0.4366815984249115,0.2245181053876877,-0.3054718971252441,0.4403686821460724,0.2219097614288330,-0.3055141866207123,0.4447103738784790,0.2193346768617630,-0.3055702149868011,0.4296864867210388,0.2289014160633087,-0.2809315323829651,0.4278704524040222,0.2293183207511902,-0.2809816598892212,0.4259627759456635,0.2298539131879807,-0.2810319364070892,0.4592818915843964,0.2170457392930984,-0.2553276717662811,0.4321461021900177,0.2297737002372742,-0.1493925899267197,0.4443984925746918,0.2589022517204285,-0.2761175036430359,0.4361270070075989,0.2628453075885773,-0.2438788414001465,0.5064898133277893,0.2877080440521240,-0.2219486236572266,0.4420286417007446,0.3087210655212402,0.0041082529351115,0.5275586843490601,0.4351731240749359,-0.2292961329221725,0.4380532205104828,0.4251164793968201,-0.0094460546970367,0.4578934013843536,0.4288375973701477,-0.2686096429824829,0.3989785611629486,0.4424563646316528,-0.2469830065965652,0.4402321279048920,0.4380603432655334,-0.2963042557239532,0.3776298761367798,0.4533087015151978,-0.2771668136119843,0.4393430054187775,0.4177564382553101,-0.2944746315479279,0.3740533590316772,0.4403411746025085,-0.3066681325435638,0.4460692107677460,0.4136118888854980,-0.2657032012939453,0.3851964175701141,0.4360844492912292,-0.2659687399864197,0.5216024518013000,0.5383536219596863,-0.0724363848567009,0.4774900376796722,0.5332055091857910,0.0724069699645042,0.5287327170372009,0.7234179973602295,-0.0574710182845592,0.4352912306785583,0.6845684647560120,0.1385521441698074,0.5653029084205627,0.8784201145172119,0.1095028668642044,0.4154587090015411,0.8405098915100098,0.2948003411293030,0.5746309161186218,0.9009622931480408,0.1182594746351242,0.4209140837192535,0.8656915426254272,0.3047439754009247,0.5428239107131958,0.9527992606163025,-0.0060525834560394,0.3800895810127258,0.8914772868156433,0.2232590168714523
0.4385530054569244,0.2482175230979919,-0.3017884790897369,0.4415505826473236,0.2269402444362640,-0.3069020509719849,0.4451746940612793,0.2241248190402985,-0.3069449961185455,0.4494681656360626,0.2211271077394485,-0.3070008456707001,0.4346852302551270,0.2311693578958511,-0.2842493951320648,0.4328203797340393,0.2314721941947937,-0.2843061387538910,0.4308055341243744,0.2319250702857971,-0.2843519151210785,0.4633354842662811,0.2177533805370331,-0.2511424720287323,0.4361647367477417,0.2311016917228699,-0.1480696797370911,0.4491328895092010,0.2603629231452942,-0.2760418057441711,0.4408348798751831,0.2644228041172028,-0.2456127852201462,0.5116087794303894,0.2863957583904266,-0.2124381959438324,0.4429339766502380,0.3102847039699554,0.0055614681914449,0.5346038341522217,0.4336185455322266,-0.2492995560169220,0.4368248283863068,0.4289913177490234,-0.0008688173838891,0.4701220691204071,0.4293538928031921,-0.3732466995716095,0.3910474181175232,0.4410225152969360,-0.2306766957044601,0.4520739912986755,0.4368003904819489,-0.4125805795192719,0.3660294115543365,0.4506779909133911,-0.2612091004848480,0.4491949677467346,0.4156484603881836,-0.4091887772083282,0.3588778078556061,0.4386342167854309,-0.2935837209224701,0.4560083746910095,0.4120609164237976,-0.3720636069774628,0.3689449727535248,0.4349356293678284,-0.2504567503929138,0.5220782756805420,0.5385402441024780,-0.0720233097672462,0.4776056408882141,0.5336088538169861,0.0719918087124825,0.5296353697776794,0.7232928276062012,-0.0646555200219154,0.4355622529983521,0.6854983568191528,0.1387313902378082,0.5653269290924072,0.8834794759750366,0.0825065448880196,0.4153323173522949,0.8404685258865356,0.2972992360591888,0.5746351480484009,0.9071810841560364,0.0890367329120636,0.4209436476230621,0.8656445145606995,0.3075897395610809,0.5413273572921753,0.9534618258476257,-0.0389196649193764,0.3804262876510620,0.8915386199951172,0.2218988090753555
0.4429400265216827,0.2482300698757172,-0.3177933394908905,0.4462673962116241,0.2274109721183777,-0.3197015821933746,0.4500258862972260,0.2247381210327148,-0.3197443783283234,0.4545156061649323,0.2217912673950195,-0.3198009729385376,0.4390211701393127,0.2313289940357208,-0.2999585568904877,0.4370735287666321,0.2315190881490707,-0.3000164926052094,0.4349102079868317,0.2318673282861710,-0.3000567257404327,0.4679432511329651,0.2180366367101669,-0.2520381212234497,0.4395850300788879,0.2307176589965820,-0.1573643237352371,0.4533135294914246,0.2606601715087891,-0.2860947847366333,0.4447111487388611,0.2648075819015503,-0.2591589987277985,0.5159724950790405,0.2855667471885681,-0.2101264744997025,0.4436229169368744,0.3108490407466888,0.0012298820074648,0.5390099883079529,0.4318583905696869,-0.2624419629573822,0.4353339374065399,0.4306740164756775,0.0139936804771423,0.4744642078876495,0.4287233948707581,-0.4128077328205109,0.3867851495742798,0.4440842866897583,-0.1929691284894943,0.4569807946681976,0.4348185956478119,-0.4559619128704071,0.3618799746036530,0.4502096474170685,-0.2225608676671982,0.4538295865058899,0.4137758314609528,-0.4533576071262360,0.3561540544033051,0.4376995265483856,-0.2577481865882874,0.4595730602741241,0.4103916287422180,-0.4124867618083954,0.3668915331363678,0.4351268708705902,-0.2132525891065598,0.5225415825843811,0.5385960936546326,-0.0702628195285797,0.4774956107139587,0.5337409973144531,0.0702161565423012,0.5308932065963745,0.7234374284744263,-0.0662737339735031,0.4360499978065491,0.6861146092414856,0.1137340515851974,0.5653420686721802,0.8848260045051575,0.0811972320079803,0.4152368903160095,0.8403921723365784,0.2664588987827301,0.5746129751205444,0.9082570672035217,0.0879268869757652,0.4209681749343872,0.8655824661254883,0.2761269807815552,0.5419258475303650,0.9534879326820374,-0.0424639694392681,0.3807339668273926,0.8916985988616943,0.1787836998701096
0.4465029537677765,0.2470161765813828,-0.3373871147632599,0.4499204754829407,0.2261891514062881,-0.3375340104103088,0.4536248147487640,0.2235762029886246,-0.3375830054283142,0.4580855071544647,0.2207587063312531,-0.3376547396183014,0.4423396289348602,0.2300891876220703,-0.3209678530693054,0.4403255283832550,0.2302900850772858,-0.3210173547267914,0.4380782842636108,0.2306453734636307,-0.3210656046867371,0.4710943102836609,0.2172668576240540,-0.2618260979652405,0.4420987963676453,0.2297264337539673,-0.1808662265539169,0.4565615057945251,0.2594605684280396,-0.3025459051132202,0.4474455118179321,0.2636217474937439,-0.2795671224594116,0.5184075236320496,0.2850349247455597,-0.2104017436504364,0.4437573850154877,0.3109326660633087,-0.0261175520718098,0.5416123867034912,0.4312172830104828,-0.2631466686725616,0.4338168203830719,0.4300018548965454,0.0323294699192047,0.4770296216011047,0.4272852241992950,-0.4079881012439728,0.3714733719825745,0.4429715275764465,-0.1025478616356850,0.4605731964111328,0.4327193498611450,-0.4501236379146576,0.3490006625652313,0.4502133131027222,-0.1261481195688248,0.4566701948642731,0.4124325215816498,-0.4502289891242981,0.3426352739334106,0.4384496808052063,-0.1683314293622971,0.4618291854858398,0.4090184867382050,-0.4091549217700958,0.3518554568290710,0.4358913600444794,-0.1243711486458778,0.5228829979896545,0.5376752018928528,-0.0635464340448380,0.4773490726947784,0.5332376360893250,0.0634996592998505,0.5319811701774597,0.7225779294967651,-0.0631847828626633,0.4363633394241333,0.6874634623527527,0.0877709910273552,0.5653452277183533,0.8850449323654175,0.0900022983551025,0.4149504005908966,0.8405436277389526,0.2333843410015106,0.5743752717971802,0.9067175388336182,0.0974571406841278,0.4204827845096588,0.8655002713203430,0.2423938065767288,0.5423281788825989,0.9534091353416443,-0.0332228429615498,0.3810083568096161,0.8919556140899658,0.1411315500736237
0.4495035409927368,0.2460085600614548,-0.3508119583129883,0.4531805813312531,0.2250840812921524,-0.3504076898097992,0.4569581747055054,0.2224746495485306,-0.3504605591297150,0.4614521563053131,0.2196944802999496,-0.3505473434925079,0.4454143345355988,0.2290384322404861,-0.3345371186733246,0.4434836506843567,0.2292664945125580,-0.3345885872840881,0.4413664937019348,0.2296397387981415,-0.3346324563026428,0.4743431508541107,0.2163946777582169,-0.2722479403018951,0.4448088705539703,0.2288215160369873,-0.1945686042308807,0.4593517184257507,0.2585150897502899,-0.3151544630527496,0.4499514400959015,0.2626515924930573,-0.2930547297000885,0.5207985043525696,0.2848765552043915,-0.2177002727985382,0.4439776837825775,0.3106155991554260,-0.0369756482541561,0.5461109280586243,0.4297939836978912,-0.2869257628917694,0.4303713738918304,0.4307079315185547,0.0427288189530373,0.4801374673843384,0.4260047674179077,-0.4513819813728333,0.3648443520069122,0.4419025182723999,-0.0732881948351860,0.4631736874580383,0.4309374392032623,-0.4961067140102386,0.3404184281826019,0.4510990977287292,-0.0945176035165787,0.4585744142532349,0.4111152589321136,-0.4943856894969940,0.3367161154747009,0.4388917386531830,-0.1367837488651276,0.4629103839397430,0.4078147113323212,-0.4523273706436157,0.3461672663688660,0.4356675744056702,-0.0945805236697197,0.5232408642768860,0.5373467206954956,-0.0625116974115372,0.4772990047931671,0.5333783030509949,0.0624543204903603,0.5335218310356140,0.7224201560020447,-0.0674896165728569,0.4365181922912598,0.6898057460784912,0.0829976275563240,0.5653547048568726,0.8855366110801697,0.0848148837685585,0.4149048626422882,0.8405476808547974,0.2296635657548904,0.5741720795631409,0.9063330292701721,0.0927501022815704,0.4202999174594879,0.8653029799461365,0.2387986183166504,0.5429347157478333,0.9541613459587097,-0.0365518964827061,0.3810327351093292,0.8924168944358826,0.1384692788124084
0.4537218213081360,0.2454527914524078,-0.3600107431411743,0.4572730660438538,0.2244950234889984,-0.3584085404872894,0.4613963663578033,0.2219054698944092,-0.3584595024585724,0.4660412371158600,0.2191200703382492,-0.3585490286350250,0.4490068852901459,0.2285296916961670,-0.3445234000682831,0.4466947615146637,0.2287438660860062,-0.3445761501789093,0.4445958137512207,0.2291496843099594,-0.3446164429187775,0.4777968823909760,0.2158712893724442,-0.2770545780658722,0.4471149742603302,0.2282370328903198,-0.2080861777067184,0.4632464945316315,0.2579827904701233,-0.3232254087924957,0.4531035423278809,0.2619699835777283,-0.3036440312862396,0.5229746103286743,0.2846355438232422,-0.2210748940706253,0.4437495768070221,0.3100374341011047,-0.0536409877240658,0.5494578480720520,0.4278003573417664,-0.2791966199874878,0.4283579289913177,0.4312865734100342,0.0297988243401051,0.4839603006839752,0.4250288307666779,-0.4261556565761566,0.3615120053291321,0.4410603642463684,-0.0960862934589386,0.4669744670391083,0.4299608170986176,-0.4678903222084045,0.3378003537654877,0.4498618245124817,-0.1187512502074242,0.4615166485309601,0.4102063775062561,-0.4678485989570618,0.3344344794750214,0.4381077587604523,-0.1600374281406403,0.4660996496677399,0.4069079458713531,-0.4272906482219696,0.3435549437999725,0.4351761639118195,-0.1171100065112114,0.5232277512550354,0.5366778969764709,-0.0610336586833000,0.4770265519618988,0.5328029990196228,0.0609723143279552,0.5345769524574280,0.7216550707817078,-0.0670337900519371,0.4369093477725983,0.6907551288604736,0.0938780754804611,0.5653082728385925,0.8862414956092834,0.0760486349463463,0.4147635400295258,0.8407754898071289,0.2364736944437027,0.5737370252609253,0.9067223668098450,0.0828745588660240,0.4199399650096893,0.8652597665786743,0.2450547814369202,0.5432480573654175,0.9553130269050598,-0.0461984537541866,0.3811061680316925,0.8925988078117371,0.1479149311780930
0.4566412270069122,0.2452076077461243,-0.3529567122459412,0.4604032933712006,0.2241633236408234,-0.3504315316677094,0.4645657539367676,0.2215914130210876,-0.3504754006862640,0.4693054258823395,0.2188755720853806,-0.3505552113056183,0.4519255757331848,0.2282771915197372,-0.3369904458522797,0.4494262337684631,0.2284206897020340,-0.3370504081249237,0.4473406374454498,0.2288107275962830,-0.3370757102966309,0.4802810847759247,0.2157402187585831,-0.2688164710998535,0.4494510889053345,0.2281568944454193,-0.1993899941444397,0.4663459360599518,0.2578390836715698,-0.3153055012226105,0.4557994604110718,0.2614943683147430,-0.2963687181472778,0.5244262218475342,0.2840948104858398,-0.2139219790697098,0.4434897601604462,0.3095056712627411,-0.0436937250196934,0.5518357753753662,0.4248108267784119,-0.2752079069614410,0.4259409904479980,0.4303825795650482,0.0361396335065365,0.4900284707546234,0.4240281283855438,-0.4507617354393005,0.3603883683681488,0.4368762373924255,-0.0801844671368599,0.4717143476009369,0.4288928508758545,-0.4970394670963287,0.3369539380073547,0.4491508305072784,-0.1025985330343246,0.4661963284015656,0.4095198214054108,-0.4973066747188568,0.3347688615322113,0.4355531334877014,-0.1439456641674042,0.4702337980270386,0.4060133695602417,-0.4528743028640747,0.3441255986690521,0.4309879243373871,-0.1007856577634811,0.5229805707931519,0.5361287593841553,-0.0614952892065048,0.4767903685569763,0.5323676466941833,0.0614341087639332,0.5362823605537415,0.7210009694099426,-0.0843893066048622,0.4368860423564911,0.6918373107910156,0.0986945927143097,0.5653216242790222,0.8877776861190796,0.0175657998770475,0.4147146642208099,0.8410945534706116,0.2467303425073624,0.5734393596649170,0.9081388115882874,0.0205231364816427,0.4198161065578461,0.8653461337089539,0.2552554309368134,0.5433366894721985,0.9559487700462341,-0.1152361556887627,0.3809839189052582,0.8930514454841614,0.1605553925037384
0.4589420258998871,0.2440637350082397,-0.3493382632732391,0.4632051587104797,0.2231225371360779,-0.3463159203529358,0.4674964845180511,0.2204769402742386,-0.3463459312915802,0.4722280204296112,0.2176690995693207,-0.3464092016220093,0.4544932544231415,0.2270226478576660,-0.3337721824645996,0.4518434107303619,0.2271758466959000,-0.3338367342948914,0.4495225250720978,0.2275778949260712,-0.3338487446308136,0.4827381968498230,0.2143927067518234,-0.2645132243633270,0.4514595568180084,0.2266087979078293,-0.1963914036750793,0.4685602188110352,0.2567598223686218,-0.3106536865234375,0.4577572941780090,0.2607271671295166,-0.2928754389286041,0.5262811779975891,0.2835366725921631,-0.1988634318113327,0.4433058202266693,0.3091791570186615,-0.0416461676359177,0.5535489320755005,0.4214829504489899,-0.2732971012592316,0.4232953488826752,0.4296717643737793,0.0138853145763278,0.4925437867641449,0.4231627285480499,-0.4340765774250031,0.3635646700859070,0.4273942708969116,-0.1066961288452148,0.4741639792919159,0.4280467629432678,-0.4787490963935852,0.3414675295352936,0.4380590617656708,-0.1256022006273270,0.4683842360973358,0.4088600575923920,-0.4792690873146057,0.3392718136310577,0.4236115813255310,-0.1539621502161026,0.4723172783851624,0.4052998721599579,-0.4358123242855072,0.3483154177665710,0.4183343350887299,-0.1255112886428833,0.5227842926979065,0.5360671877861023,-0.0603364966809750,0.4765859544277191,0.5321395993232727,0.0602706894278526,0.5375865101814270,0.7208923697471619,-0.0847736820578575,0.4368929266929626,0.6922519803047180,0.1046030819416046,0.5652899146080017,0.8909081816673279,0.0050530168227851,0.4144724905490875,0.8414778709411621,0.2433879077434540,0.5729162693023682,0.9127018451690674,0.0061613037250936,0.4194352328777313,0.8654530048370361,0.2503892183303833,0.5423781871795654,0.9573075175285339,-0.1303552240133286,0.3809616267681122,0.8939648866653442,0.1534418463706970
0.4604650735855103,0.2409961223602295,-0.3498668372631073,0.4648717045783997,0.2200259715318680,-0.3466490209102631,0.4692196547985077,0.2173541337251663,-0.3466774821281433,0.4740667045116425,0.2145899236202240,-0.3467412590980530,0.4560366570949554,0.2237698882818222,-0.3338891267776489,0.4533478617668152,0.2240268588066101,-0.3339438438415527,0.4509722292423248,0.2244448810815811,-0.3339459300041199,0.4845877289772034,0.2116325050592422,-0.2615510225296021,0.4528466761112213,0.2234693467617035,-0.1931588202714920,0.4699240326881409,0.2537051439285278,-0.3099997639656067,0.4591841399669647,0.2579494416713715,-0.2919515371322632,0.5271092653274536,0.2820660769939423,-0.1945646554231644,0.4431516826152802,0.3089313805103302,-0.0337872765958309,0.5551449060440063,0.4177870750427246,-0.2722477316856384,0.4207119047641754,0.4291640818119049,0.0137690734118223,0.4954191148281097,0.4215561151504517,-0.4690184891223907,0.3662148416042328,0.4126995801925659,-0.1404530107975006,0.4770998954772949,0.4257328212261200,-0.5158397555351257,0.3456662595272064,0.4145657718181610,-0.1655178815126419,0.4717476665973663,0.4078114330768585,-0.5146778821945190,0.3433246314525604,0.4011168777942657,-0.1958930343389511,0.4765774011611938,0.4038145840167999,-0.4703842103481293,0.3519439101219177,0.3989889621734619,-0.1586506664752960,0.5225944519042969,0.5358607172966003,-0.0608336068689823,0.4764516651630402,0.5318872928619385,0.0607633404433727,0.5386729836463928,0.7204703092575073,-0.0955035984516144,0.4368587136268616,0.6931601762771606,0.0976250395178795,0.5650088191032410,0.8911833167076111,0.0134327355772257,0.4142601788043976,0.8415446877479553,0.2314663976430893,0.5715724229812622,0.9133551716804504,0.0169449411332607,0.4191816747188568,0.8654205799102783,0.2384252399206161,0.5424205064773560,0.9574704766273499,-0.1172130107879639,0.3808535635471344,0.8942293524742126,0.1387018561363220
0.4616937041282654,0.2373449504375458,-0.3440374433994293,0.4661776721477509,0.2161542177200317,-0.3413176536560059,0.4705039858818054,0.2135224044322968,-0.3413457572460175,0.4753382802009583,0.2108773887157440,-0.3414037823677063,0.4572247862815857,0.2197790741920471,-0.3282702863216400,0.4544753432273865,0.2200985848903656,-0.3283253014087677,0.4520644545555115,0.2205280661582947,-0.3283266723155975,0.4858737289905548,0.2081614136695862,-0.2541025578975677,0.4537954926490784,0.2198627144098282,-0.1879863142967224,0.4709693491458893,0.2500913739204407,-0.3051740527153015,0.4601343870162964,0.2541662454605103,-0.2863782346248627,0.5281069874763489,0.2801575362682343,-0.1801900863647461,0.4428814351558685,0.3062537610530853,-0.0304464194923639,0.5550003051757812,0.4140140414237976,-0.2714040875434875,0.4200485646724701,0.4249008595943451,-0.0172788798809052,0.4958305656909943,0.4152802228927612,-0.4567012488842010,0.3665052652359009,0.4047178030014038,-0.2315822243690491,0.4790603518486023,0.4222575724124908,-0.5028105974197388,0.3476706445217133,0.4032403826713562,-0.2654960453510284,0.4734792113304138,0.4057021737098694,-0.5012442469596863,0.3433928489685059,0.3902526497840881,-0.2946782410144806,0.4780257344245911,0.4002901315689087,-0.4575022459030151,0.3522650897502899,0.3900797665119171,-0.2486003488302231,0.5223909020423889,0.5337668657302856,-0.0588598512113094,0.4760827124118805,0.5309159159660339,0.0587886981666088,0.5389044284820557,0.7184711694717407,-0.0946459472179413,0.4368075132369995,0.6930037140846252,0.0938298255205154,0.5646373033523560,0.8909739851951599,0.0060609052889049,0.4141422212123871,0.8415628671646118,0.2188778817653656,0.5698714852333069,0.9127078652381897,0.0080746170133352,0.4189912378787994,0.8653919100761414,0.2248275876045227,0.5424495339393616,0.9570900201797485,-0.1273502707481384,0.3809994757175446,0.8944206237792969,0.1238817349076271
0.4631697833538055,0.2332600802183151,-0.3487163782119751,0.4682540893554688,0.2119019329547882,-0.3441678881645203,0.4730553925037384,0.2092034369707108,-0.3441919386386871,0.4777150154113770,0.2067208737134933,-0.3442462086677551,0.4586404263973236,0.2155456691980362,-0.3323053121566772,0.4557830989360809,0.2157914191484451,-0.3323574066162109,0.4531558156013489,0.2162131369113922,-0.3323358893394470,0.4875756800174713,0.2045059353113174,-0.2490448504686356,0.4544591307640076,0.2157239764928818,-0.1861467659473419,0.4729520678520203,0.2463493943214417,-0.3052989840507507,0.4613608121871948,0.2501890957355499,-0.2883901894092560,0.5284487605094910,0.2780849039554596,-0.1727814227342606,0.4426560699939728,0.3005105257034302,-0.0268349889665842,0.5554420351982117,0.4104978740215302,-0.2684101164340973,0.4197889864444733,0.4152169525623322,-0.0276663117110729,0.4976743459701538,0.4092196822166443,-0.4753348529338837,0.3696639239788055,0.3965012431144714,-0.2711735665798187,0.4821276366710663,0.4172442555427551,-0.5251461267471313,0.3538970351219177,0.3888755738735199,-0.3083483874797821,0.4764032363891602,0.4005511701107025,-0.5233809351921082,0.3538984656333923,0.3763232827186584,-0.3350982069969177,0.4804013967514038,0.3943211734294891,-0.4763019979000092,0.3606138825416565,0.3779994249343872,-0.2874986827373505,0.5221891999244690,0.5319383740425110,-0.0586896501481533,0.4750849306583405,0.5296649932861328,0.0586305744946003,0.5389273166656494,0.7166393995285034,-0.0982343256473541,0.4360143542289734,0.6939053535461426,0.0956754982471466,0.5641025304794312,0.8905072808265686,0.0138542484492064,0.4139963388442993,0.8417266011238098,0.2322265058755875,0.5691354274749756,0.9127374887466431,0.0170964039862156,0.4188427329063416,0.8661096692085266,0.2393940538167953,0.5427056550979614,0.9573335051536560,-0.1204421892762184,0.3809389472007751,0.8949688673019409,0.1391143202781677
0.4641315340995789,0.2291736453771591,-0.3449146449565887,0.4693896174430847,0.2075868397951126,-0.3409762978553772,0.4744778573513031,0.2048642337322235,-0.3409987688064575,0.4791599810123444,0.2025078386068344,-0.3410528004169464,0.4593260586261749,0.2113566845655441,-0.3287094533443451,0.4563709497451782,0.2116196453571320,-0.3287611603736877,0.4536682665348053,0.2120824009180069,-0.3287357985973358,0.4886630177497864,0.2006261050701141,-0.2416007220745087,0.4546128213405609,0.2118641138076782,-0.1829499602317810,0.4744849205017090,0.2426685243844986,-0.3027005791664124,0.4621237814426422,0.2464906722307205,-0.2847499549388885,0.5293157100677490,0.2764745056629181,-0.1649415940046310,0.4424966573715210,0.2958118617534637,-0.0258486550301313,0.5555284619331360,0.4075533449649811,-0.2653650045394897,0.4166496098041534,0.4110150337219238,-0.0470573417842388,0.4973106980323792,0.4053598344326019,-0.4672111570835114,0.3751652836799622,0.3796879649162292,-0.3120698332786560,0.4814124703407288,0.4126060903072357,-0.5151244401931763,0.3625788688659668,0.3654353320598602,-0.3519230782985687,0.4761663377285004,0.3962831795215607,-0.5115513801574707,0.3667197823524475,0.3513710796833038,-0.3716490864753723,0.4801764488220215,0.3906791806221008,-0.4670653045177460,0.3723060786724091,0.3552730083465576,-0.3258713781833649,0.5218905210494995,0.5309813618659973,-0.0575091242790222,0.4735581278800964,0.5284701585769653,0.0574555806815624,0.5391799807548523,0.7165545225143433,-0.0976281017065048,0.4349916279315948,0.6941273808479309,0.0960583388805389,0.5634454488754272,0.8915151357650757,0.0150236655026674,0.4138290286064148,0.8418012857437134,0.2354765534400940,0.5680170059204102,0.9152091741561890,0.0194822233170271,0.4186067283153534,0.8664950132369995,0.2452146559953690,0.5421834588050842,0.9577576518058777,-0.1113396733999252,0.3809291720390320,0.8950309157371521,0.1498679518699646
0.4651540219783783,0.2251734584569931,-0.3415622413158417,0.4704174995422363,0.2039761841297150,-0.3406509757041931,0.4755178093910217,0.2014043778181076,-0.3406986296176910,0.4802284538745880,0.1991953998804092,-0.3407758474349976,0.4602300226688385,0.2075227946043015,-0.3249755203723907,0.4572280049324036,0.2077843993902206,-0.3250253498554230,0.4544769525527954,0.2083091884851456,-0.3250206410884857,0.4895285665988922,0.1975826919078827,-0.2287094891071320,0.4549976289272308,0.2085228562355042,-0.1819282919168472,0.4753628075122833,0.2388568967580795,-0.2977007627487183,0.4628500342369080,0.2425903528928757,-0.2833659350872040,0.5296052098274231,0.2747438251972198,-0.1524173319339752,0.4424367249011993,0.2921279072761536,-0.0211967043578625,0.5546578764915466,0.4043953120708466,-0.2511227726936340,0.4123996794223785,0.4093291163444519,-0.0607788823544979,0.4981508255004883,0.3997004330158234,-0.4527544379234314,0.3815882503986359,0.3644230961799622,-0.3410420417785645,0.4835202097892761,0.4061862826347351,-0.5001368522644043,0.3725939095020294,0.3485719263553619,-0.3840236961841583,0.4775968492031097,0.3904482722282410,-0.4971347153186798,0.3795473277568817,0.3345430195331573,-0.3985809683799744,0.4812125861644745,0.3857592046260834,-0.4526829123497009,0.3840495645999908,0.3403382897377014,-0.3529025018215179,0.5216222405433655,0.5282396674156189,-0.0563030987977982,0.4717130959033966,0.5266281962394714,0.0562633462250233,0.5390319228172302,0.7132616639137268,-0.0976449996232986,0.4339136779308319,0.6938039660453796,0.0927229151129723,0.5634395480155945,0.8908891677856445,0.0190748907625675,0.4134415090084076,0.8419927954673767,0.2402440011501312,0.5672531723976135,0.9144484400749207,0.0234242249280214,0.4182745516300201,0.8671066164970398,0.2494594007730484,0.5412248373031616,0.9576846361160278,-0.1069322302937508,0.3809010088443756,0.8954314589500427,0.1468576639890671
0.4659486711025238,0.2218954712152481,-0.3603089749813080,0.4713360071182251,0.2007981836795807,-0.3561977446079254,0.4764706492424011,0.1984191536903381,-0.3562089502811432,0.4809935986995697,0.1963833123445511,-0.3562538921833038,0.4608666598796844,0.2040879279375076,-0.3453115224838257,0.4578979611396790,0.2041140198707581,-0.3453832864761353,0.4549827873706818,0.2045390456914902,-0.3453604578971863,0.4899395406246185,0.1948662698268890,-0.2407147735357285,0.4551264643669128,0.2051285654306412,-0.2001163810491562,0.4762943387031555,0.2361076325178146,-0.3129767179489136,0.4632957875728607,0.2395674586296082,-0.3002264797687531,0.5294292569160461,0.2728223502635956,-0.1663368493318558,0.4418694674968719,0.2887854278087616,-0.0348797217011452,0.5539070963859558,0.4012712538242340,-0.2610450983047485,0.4082306325435638,0.4095354080200195,-0.1090770587325096,0.4987314939498901,0.3977892696857452,-0.4783080518245697,0.3895613849163055,0.3472577333450317,-0.4011366963386536,0.4846187531948090,0.4029121994972229,-0.5255680680274963,0.3859146833419800,0.3270913064479828,-0.4452193379402161,0.4793367981910706,0.3865403234958649,-0.5233023762702942,0.3916013538837433,0.3145642876625061,-0.4535645246505737,0.4827814102172852,0.3825812041759491,-0.4782642126083374,0.3949962258338928,0.3219035267829895,-0.4101081788539886,0.5211293101310730,0.5228882431983948,-0.0557795539498329,0.4698726534843445,0.5230183005332947,0.0557405278086662,0.5388277173042297,0.7087480425834656,-0.1013362780213356,0.4325795471668243,0.6935937404632568,0.0955723077058792,0.5633733272552490,0.8904277086257935,0.0160974897444248,0.4131075739860535,0.8419725298881531,0.2543379366397858,0.5667578577995300,0.9149138927459717,0.0196812748908997,0.4179334044456482,0.8671535849571228,0.2643295228481293,0.5397529006004333,0.9576297402381897,-0.1232556402683258,0.3809215724468231,0.8956249952316284,0.1492104232311249
0.4657754600048065,0.2186181843280792,-0.2901602685451508,0.4711059033870697,0.1973403096199036,-0.2854401767253876,0.4761958420276642,0.1953551471233368,-0.2854415476322174,0.4807412922382355,0.1936478614807129,-0.2854561805725098,0.4606319069862366,0.2004986554384232,-0.2744794487953186,0.4579763114452362,0.2007945626974106,-0.2745284438133240,0.4550710916519165,0.2014681100845337,-0.2744929492473602,0.4897092282772064,0.1921621114015579,-0.1875939965248108,0.4555450379848480,0.2025806009769440,-0.1367784887552261,0.4762890040874481,0.2338476628065109,-0.2478479892015457,0.4631979763507843,0.2371322363615036,-0.2335745394229889,0.5293719768524170,0.2713845968246460,-0.1267998069524765,0.4417807459831238,0.2861526608467102,0.0084271403029561,0.5532612204551697,0.3982836902141571,-0.2287683933973312,0.4057236313819885,0.4067007303237915,-0.0684770569205284,0.4988341629505157,0.3974452614784241,-0.4484485089778900,0.3977697491645813,0.3348202109336853,-0.3393397033214569,0.4847407341003418,0.4010830819606781,-0.4910608530044556,0.3972686827182770,0.3116448819637299,-0.3817883431911469,0.4803510010242462,0.3847316503524780,-0.4909332394599915,0.4009617269039154,0.3010246455669403,-0.3876379728317261,0.4839901030063629,0.3817141354084015,-0.4488542973995209,0.4039401113986969,0.3082305788993835,-0.3474951684474945,0.5196319818496704,0.5206456184387207,-0.0542685389518738,0.4677371978759766,0.5202849507331848,0.0542073324322701,0.5386928319931030,0.7074278593063354,-0.0995402857661247,0.4306612908840179,0.6934463381767273,0.0817647203803062,0.5623852014541626,0.8902301192283630,0.0230349712073803,0.4124761223793030,0.8419892787933350,0.2383453696966171,0.5653430819511414,0.9142253994941711,0.0282500721514225,0.4172346293926239,0.8674082756042480,0.2481101453304291,0.5400510430335999,0.9574906229972839,-0.1202888488769531,0.3813152909278870,0.8962717652320862,0.1377229541540146
0.4659152030944824,0.2154547423124313,-0.2501367032527924,0.4712865650653839,0.1944158077239990,-0.2442479580640793,0.4763997793197632,0.1927188336849213,-0.2442624121904373,0.4810474812984467,0.1912059634923935,-0.2442863285541534,0.4607152640819550,0.1969426721334457,-0.2347479015588760,0.4577759206295013,0.1970501542091370,-0.2347684055566788,0.4548805654048920,0.1976442188024521,-0.2347206473350525,0.4900213181972504,0.1902781426906586,-0.1483160108327866,0.4551858603954315,0.1994688510894775,-0.1028807088732719,0.4762525856494904,0.2316058427095413,-0.2086832821369171,0.4633063673973083,0.2341607362031937,-0.1960677802562714,0.5289173722267151,0.2705976366996765,-0.0909777954220772,0.4414521157741547,0.2807806134223938,0.0317331477999687,0.5521336793899536,0.3965811133384705,-0.1776792407035828,0.4045551121234894,0.4007769823074341,-0.0525573343038559,0.4985232353210449,0.3962911665439606,-0.3722629249095917,0.4036516249179840,0.3222800195217133,-0.3117824792861938,0.4846188426017761,0.3994315862655640,-0.4132271111011505,0.4041444659233093,0.2989032864570618,-0.3539509177207947,0.4806989729404449,0.3825786709785461,-0.4093203842639923,0.4061124920845032,0.2890131473541260,-0.3586640954017639,0.4843362867832184,0.3799154758453369,-0.3711845576763153,0.4090059995651245,0.2963272929191589,-0.3195212483406067,0.5180237889289856,0.5187169313430786,-0.0495162084698677,0.4653640985488892,0.5179209113121033,0.0494566373527050,0.5387614965438843,0.7067236304283142,-0.0984422340989113,0.4287388026714325,0.6928691267967224,0.0736118704080582,0.5622438788414001,0.8888860344886780,0.0378841981291771,0.4114140272140503,0.8418808579444885,0.2361419498920441,0.5649513602256775,0.9132413864135742,0.0447713658213615,0.4165599048137665,0.8673588037490845,0.2465256005525589,0.5404878258705139,0.9565750956535339,-0.0993599519133568,0.3813216388225555,0.8965477347373962,0.1397163867950439
0.4659201800823212,0.2136577963829041,-0.2242106348276138,0.4713746905326843,0.1928355246782303,-0.2179207056760788,0.4763940870761871,0.1912455707788467,-0.2179315984249115,0.4808559119701385,0.1898298561573029,-0.2179486304521561,0.4608663022518158,0.1953343451023102,-0.2090680599212646,0.4579935371875763,0.1954389512538910,-0.2090868353843689,0.4549005329608917,0.1960142552852631,-0.2090375572443008,0.4898200631141663,0.1891994178295135,-0.1231901720166206,0.4551398158073425,0.1980613917112350,-0.0810068622231483,0.4761897623538971,0.2299697399139404,-0.1835439354181290,0.4632020294666290,0.2326076775789261,-0.1718368977308273,0.5283872485160828,0.2699502408504486,-0.0666321069002151,0.4411777555942535,0.2781351208686829,0.0433644987642765,0.5510103106498718,0.3953325152397156,-0.1559837162494659,0.4039827585220337,0.3985109329223633,-0.0466858334839344,0.4979725480079651,0.3922452628612518,-0.3499292433261871,0.4109673202037811,0.3184759914875031,-0.3095594942569733,0.4849667251110077,0.3963148593902588,-0.3917424380779266,0.4119570553302765,0.2947698831558228,-0.3535588383674622,0.4803850352764130,0.3796851336956024,-0.3855582475662231,0.4138424694538116,0.2844581007957458,-0.3541348874568939,0.4836429953575134,0.3768787384033203,-0.3481966257095337,0.4163236021995544,0.2911045253276825,-0.3154849708080292,0.5164358019828796,0.5183434486389160,-0.0440435372292995,0.4635476469993591,0.5165984630584717,0.0439620576798916,0.5391102433204651,0.7067983746528625,-0.0957390740513802,0.4262646734714508,0.6929135918617249,0.0571834295988083,0.5619112849235535,0.8885977268218994,0.0566289275884628,0.4101466238498688,0.8420320153236389,0.2270523905754089,0.5640150308609009,0.9128528833389282,0.0645935982465744,0.4150128364562988,0.8674843311309814,0.2384878844022751,0.5419816970825195,0.9559347629547119,-0.0727447718381882,0.3812225759029388,0.8973920941352844,0.1333726942539215
0.4659966528415680,0.2124063670635223,-0.2234934270381927,0.4714399278163910,0.1915225237607956,-0.2161704003810883,0.4763532578945160,0.1900620758533478,-0.2161814719438553,0.4806405305862427,0.1887772232294083,-0.2161950320005417,0.4608708918094635,0.1939153671264648,-0.2079649120569229,0.4579880535602570,0.1940320283174515,-0.2079884707927704,0.4547214210033417,0.1945599019527435,-0.2079413086175919,0.4894794523715973,0.1884910911321640,-0.1201104074716568,0.4546933472156525,0.1969053000211716,-0.0806130096316338,0.4760967493057251,0.2288632243871689,-0.1826745122671127,0.4630137383937836,0.2314531654119492,-0.1717133671045303,0.5277332067489624,0.2697310149669647,-0.0632460713386536,0.4397717714309692,0.2771425247192383,0.0382533855736256,0.5507389903068542,0.3948812484741211,-0.1538587361574173,0.4033918380737305,0.3971271514892578,-0.0535524450242519,0.4968608319759369,0.3907471001148224,-0.3484088182449341,0.4153661727905273,0.3139639794826508,-0.3157828152179718,0.4844214320182800,0.3948788046836853,-0.3905433416366577,0.4186081588268280,0.2881154716014862,-0.3605647981166840,0.4797293543815613,0.3783859610557556,-0.3835333585739136,0.4209446609020233,0.2770160138607025,-0.3577311635017395,0.4827925860881805,0.3755846321582794,-0.3466461002826691,0.4221836030483246,0.2844965755939484,-0.3200224637985229,0.5143523812294006,0.5176121592521667,-0.0404574833810329,0.4610723257064819,0.5155604481697083,0.0403633788228035,0.5390037298202515,0.7064139842987061,-0.0953400135040283,0.4236857593059540,0.6930004358291626,0.0486773476004601,0.5615474581718445,0.8873800635337830,0.0634264275431633,0.4093995094299316,0.8423284292221069,0.2182196974754333,0.5618635416030884,0.9080140590667725,0.0717679932713509,0.4147275388240814,0.8677818179130554,0.2296584546566010,0.5479736328125000,0.9536982774734497,-0.0644514709711075,0.3811884820461273,0.8981043100357056,0.1224798485636711
0.4656626582145691,0.2119719088077545,-0.2183850705623627,0.4709368348121643,0.1909046918153763,-0.2108179181814194,0.4758089184761047,0.1893811672925949,-0.2108342945575714,0.4800574481487274,0.1880252212285995,-0.2108440697193146,0.4604264497756958,0.1934084743261337,-0.2022564411163330,0.4576025307178497,0.1935625821352005,-0.2022879719734192,0.4542913734912872,0.1940617263317108,-0.2022542357444763,0.4888858497142792,0.1878982931375504,-0.1160737276077271,0.4541869759559631,0.1964860409498215,-0.0746426507830620,0.4756908714771271,0.2283896654844284,-0.1783631742000580,0.4626255929470062,0.2309651225805283,-0.1669007837772369,0.5271731019020081,0.2696752548217773,-0.0627996549010277,0.4387232959270477,0.2767144143581390,0.0402145273983479,0.5504556298255920,0.3951888978481293,-0.1557741910219193,0.4027859270572662,0.3969313800334930,-0.0546112507581711,0.4964806735515594,0.3899526000022888,-0.3431386351585388,0.4189583957195282,0.3072342872619629,-0.3102654516696930,0.4839034080505371,0.3936013877391815,-0.3840110898017883,0.4228353798389435,0.2795421481132507,-0.3541342616081238,0.4794412851333618,0.3768809735774994,-0.3768286406993866,0.4254398941993713,0.2680770158767700,-0.3510341346263885,0.4823669791221619,0.3739758729934692,-0.3413418829441071,0.4266276955604553,0.2773022353649139,-0.3142892420291901,0.5117802619934082,0.5174898505210876,-0.0413004048168659,0.4586986303329468,0.5150812268257141,0.0412168391048908,0.5388061404228210,0.7058029174804688,-0.0918941646814346,0.4222798049449921,0.6937746405601501,0.0610634014010429,0.5609235167503357,0.8864075541496277,0.0590645223855972,0.4086370170116425,0.8440336585044861,0.2252475917339325,0.5612900853157043,0.9069367647171021,0.0661870166659355,0.4146188199520111,0.8692027330398560,0.2360179573297501,0.5482961535453796,0.9527963399887085,-0.0700486600399017,0.3811921477317810,0.8997811675071716,0.1300225704908371
0.4651855230331421,0.2118390053510666,-0.2254981100559235,0.4703499674797058,0.1908522695302963,-0.2173688560724258,0.4752020537853241,0.1894145756959915,-0.2173921018838882,0.4794607460498810,0.1881160587072372,-0.2173993885517120,0.4598690271377563,0.1933153718709946,-0.2090535908937454,0.4569844007492065,0.1935190111398697,-0.2090902626514435,0.4536692798137665,0.1940251737833023,-0.2090641856193542,0.4882797598838806,0.1881580650806427,-0.1194482222199440,0.4537008702754974,0.1967254430055618,-0.0791749507188797,0.4750660657882690,0.2283497005701065,-0.1843702495098114,0.4621143937110901,0.2310143113136292,-0.1732329875230789,0.5269705057144165,0.2697044014930725,-0.0630659088492393,0.4369462430477142,0.2772950828075409,0.0368175245821476,0.5483893752098083,0.3958047628402710,-0.1594843268394470,0.4032295346260071,0.3971170186996460,-0.0600694939494133,0.4956210553646088,0.3907104134559631,-0.3510905206203461,0.4201944470405579,0.3092253208160400,-0.3184880316257477,0.4829551875591278,0.3934922218322754,-0.3924119770526886,0.4242066442966461,0.2814992070198059,-0.3633862137794495,0.4787184894084930,0.3763285279273987,-0.3859423100948334,0.4267612993717194,0.2697638869285583,-0.3590759336948395,0.4815494418144226,0.3734148442745209,-0.3497178256511688,0.4279577136039734,0.2782590389251709,-0.3220382034778595,0.5092010498046875,0.5175080895423889,-0.0414536669850349,0.4564546346664429,0.5150423049926758,0.0413770489394665,0.5380889177322388,0.7052899599075317,-0.0901858955621719,0.4215905070304871,0.6936394572257996,0.0655850321054459,0.5605947971343994,0.8867167234420776,0.0562037266790867,0.4082112014293671,0.8452417254447937,0.2284220308065414,0.5607405304908752,0.9080447554588318,0.0619120933115482,0.4146566987037659,0.8703250288963318,0.2388739138841629,0.5482606887817383,0.9516534805297852,-0.0840740501880646,0.3811880946159363,0.9013605713844299,0.1301775723695755
0.4646148383617401,0.2121398746967316,-0.2270074039697647,0.4697236120700836,0.1912688910961151,-0.2185206264257431,0.4745173454284668,0.1897981315851212,-0.2185382544994354,0.4787451326847076,0.1884643137454987,-0.2185420989990234,0.4592391252517700,0.1938032209873199,-0.2105024307966232,0.4564164280891418,0.1940572261810303,-0.2105409950017929,0.4531500041484833,0.1945730596780777,-0.2105140239000320,0.4876385927200317,0.1885321736335754,-0.1202354952692986,0.4534045755863190,0.1972998380661011,-0.0811277255415916,0.4744559526443481,0.2285477370023727,-0.1858683526515961,0.4616068899631500,0.2312818318605423,-0.1750914603471756,0.5263529419898987,0.2702252864837646,-0.0655484050512314,0.4353617131710052,0.2782100439071655,0.0349722355604172,0.5458067655563354,0.3963599205017090,-0.1659377962350845,0.4019204974174500,0.3979748785495758,-0.0643217191100121,0.4947391450405121,0.3902355432510376,-0.3607650399208069,0.4205418825149536,0.3085409998893738,-0.3222889602184296,0.4820630848407745,0.3926811814308167,-0.4026063382625580,0.4249555468559265,0.2800990939140320,-0.3672291338443756,0.4777578115463257,0.3756324350833893,-0.3964399397373199,0.4276401102542877,0.2684037089347839,-0.3623962998390198,0.4806111156940460,0.3726411759853363,-0.3594404160976410,0.4287382960319519,0.2763746082782745,-0.3255483508110046,0.5063728094100952,0.5177020430564880,-0.0419706553220749,0.4541935622692108,0.5152130722999573,0.0418966896831989,0.5367012619972229,0.7049915790557861,-0.0901758819818497,0.4200935363769531,0.6944239735603333,0.0712842717766762,0.5602509379386902,0.8867794871330261,0.0481543689966202,0.4076700508594513,0.8467547893524170,0.2380258291959763,0.5609140396118164,0.9081666469573975,0.0529163964092731,0.4146746397018433,0.8716995120048523,0.2503753900527954,0.5483156442642212,0.9510192871093750,-0.0959925353527069,0.3810721337795258,0.9031615853309631,0.1332690864801407
0.4640833139419556,0.2128582298755646,-0.2136209756135941,0.4691510796546936,0.1919702291488647,-0.2052223533391953,0.4739320576190948,0.1904299855232239,-0.2052449882030487,0.4781611263751984,0.1890202164649963,-0.2052595913410187,0.4587318003177643,0.1945891827344894,-0.1972742825746536,0.4559358060359955,0.1948484033346176,-0.1973132342100143,0.4527514576911926,0.1953611522912979,-0.1972863674163818,0.4871746003627777,0.1889109909534454,-0.1089270040392876,0.4532415270805359,0.1978990286588669,-0.0694762468338013,0.4739679694175720,0.2290554642677307,-0.1732078641653061,0.4612584710121155,0.2318846881389618,-0.1623867452144623,0.5249999165534973,0.2709178626537323,-0.0560886524617672,0.4339461624622345,0.2789394557476044,0.0409006923437119,0.5426739454269409,0.3968680799007416,-0.1572692096233368,0.4007843136787415,0.3983592987060547,-0.0588850863277912,0.4940554797649384,0.3904670178890228,-0.3488669991493225,0.4204505383968353,0.3104818165302277,-0.3091082870960236,0.4810689389705658,0.3923107087612152,-0.3898338973522186,0.4244694113731384,0.2808595299720764,-0.3527653515338898,0.4769092202186584,0.3753579556941986,-0.3824841678142548,0.4271478652954102,0.2692808508872986,-0.3516970574855804,0.4798183143138885,0.3724235892295837,-0.3473870158195496,0.4285558462142944,0.2773309350013733,-0.3139581680297852,0.5039973258972168,0.5177723765373230,-0.0415496863424778,0.4518553316593170,0.5153501629829407,0.0414832718670368,0.5352111458778381,0.7049837708473206,-0.0920634716749191,0.4186691045761108,0.6956376433372498,0.0737155452370644,0.5601884126663208,0.8868502378463745,0.0342589169740677,0.4069256782531738,0.8486033082008362,0.2434032112360001,0.5609618425369263,0.9082539081573486,0.0385124199092388,0.4143417179584503,0.8734139800071716,0.2564750313758850,0.5486684441566467,0.9496051669120789,-0.1087594553828239,0.3809342682361603,0.9039433002471924,0.1381623446941376
0.4636829793453217,0.2134667634963989,-0.1877428442239761,0.4686813950538635,0.1925431489944458,-0.1787614673376083,0.4734190404415131,0.1909138113260269,-0.1787899136543274,0.4776809513568878,0.1893919110298157,-0.1788128912448883,0.4585245251655579,0.1952506750822067,-0.1717479526996613,0.4558650553226471,0.1955132037401199,-0.1717772930860519,0.4525136351585388,0.1960230469703674,-0.1717320084571838,0.4871116280555725,0.1889464259147644,-0.0839180573821068,0.4519103169441223,0.1983024477958679,-0.0484446622431278,0.4735930562019348,0.2293827235698700,-0.1480548381805420,0.4611568152904510,0.2323438227176666,-0.1383410990238190,0.5226069688796997,0.2726697623729706,-0.0339219681918621,0.4310868680477142,0.2793554961681366,0.0538619793951511,0.5398709177970886,0.3981606066226959,-0.1255791336297989,0.3986325562000275,0.4007189273834229,-0.0509649328887463,0.4936322271823883,0.3938574492931366,-0.3006786108016968,0.4194711148738861,0.3149397969245911,-0.2895143330097198,0.4804402887821198,0.3927167952060699,-0.3390468657016754,0.4234522283077240,0.2866936326026917,-0.3379053771495819,0.4761794209480286,0.3755333423614502,-0.3324962258338928,0.4254498779773712,0.2750804424285889,-0.3236041665077209,0.4792416691780090,0.3730947673320770,-0.2995516657829285,0.4268952310085297,0.2824018895626068,-0.2890896499156952,0.5012468099594116,0.5186678767204285,-0.0392417311668396,0.4491148293018341,0.5160664319992065,0.0391762331128120,0.5332195162773132,0.7050039768218994,-0.0874811783432961,0.4166445136070251,0.7012845277786255,0.0498685501515865,0.5598212480545044,0.8860044479370117,0.0615918263792992,0.4062424004077911,0.8539910912513733,0.2208675593137741,0.5604993700981140,0.9046464562416077,0.0693130716681480,0.4140129089355469,0.8791331648826599,0.2331943511962891,0.5506350994110107,0.9490603804588318,-0.0676456838846207,0.3802765905857086,0.9067071080207825,0.1226473227143288
0.4635348320007324,0.2138444334268570,-0.1971044838428497,0.4686269462108612,0.1930385679006577,-0.1881745904684067,0.4733387529850006,0.1915076971054077,-0.1882068365812302,0.4775208234786987,0.1900870054960251,-0.1882304549217224,0.4580070078372955,0.1956565529108047,-0.1813934147357941,0.4553666710853577,0.1959050148725510,-0.1814208775758743,0.4519479572772980,0.1963835805654526,-0.1813773363828659,0.4861072897911072,0.1904309093952179,-0.0915164723992348,0.4504853188991547,0.1992280781269073,-0.0577119104564190,0.4732424616813660,0.2302776575088501,-0.1565429866313934,0.4601626396179199,0.2331928312778473,-0.1472672075033188,0.5201712250709534,0.2755012512207031,-0.0389175601303577,0.4288563430309296,0.2806271910667419,0.0491527058184147,0.5359259247779846,0.4010193347930908,-0.1337783187627792,0.3965888023376465,0.4037840366363525,-0.0493544526398182,0.4922963976860046,0.3941361308097839,-0.3198944330215454,0.4178598225116730,0.3205459415912628,-0.2911973297595978,0.4802450835704803,0.3935631811618805,-0.3601304590702057,0.4217918217182159,0.2949137687683105,-0.3374925553798676,0.4760347604751587,0.3761328756809235,-0.3534722626209259,0.4234393537044525,0.2821934521198273,-0.3261495530605316,0.4791835248470306,0.3735426664352417,-0.3187373578548431,0.4247986078262329,0.2890462577342987,-0.2917742729187012,0.4993066489696503,0.5200206041336060,-0.0366191454231739,0.4471632242202759,0.5172228217124939,0.0365460291504860,0.5308570265769958,0.7052642107009888,-0.0875458270311356,0.4150967597961426,0.7043173909187317,0.0295566394925117,0.5594604015350342,0.8839617371559143,0.0742835924029350,0.4055690467357635,0.8549419045448303,0.2042350322008133,0.5598423480987549,0.8991103768348694,0.0838118940591812,0.4137170016765594,0.8796181082725525,0.2164858132600784,0.5537823438644409,0.9482252597808838,-0.0500221364200115,0.3797369301319122,0.9072656035423279,0.1072824150323868
0.4622988104820251,0.2158365249633789,-0.1998189389705658,0.4673610031604767,0.1952369958162308,-0.1914674490690231,0.4720845818519592,0.1938518732786179,-0.1914977431297302,0.4761514961719513,0.1925692111253738,-0.1915249377489090,0.4564096331596375,0.1976359933614731,-0.1839607059955597,0.4537587165832520,0.1978787481784821,-0.1839864552021027,0.4502202272415161,0.1983283013105392,-0.1839391589164734,0.4840153455734253,0.1931495964527130,-0.0952975526452065,0.4482558071613312,0.2015058100223541,-0.0582353733479977,0.4719722568988800,0.2323958724737167,-0.1592068076133728,0.4584678411483765,0.2351144254207611,-0.1490057557821274,0.5177410840988159,0.2786921560764313,-0.0413064509630203,0.4269942045211792,0.2824119925498962,0.0525064282119274,0.5333027243614197,0.4047947824001312,-0.1354176849126816,0.3946673572063446,0.4079670310020447,-0.0480797924101353,0.4889653623104095,0.3949818611145020,-0.3235387206077576,0.4160201847553253,0.3253773748874664,-0.2918260395526886,0.4787622392177582,0.3936872780323029,-0.3644938170909882,0.4194841384887695,0.3020973205566406,-0.3377855718135834,0.4745168089866638,0.3763937354087830,-0.3580133020877838,0.4210222065448761,0.2894207835197449,-0.3288279771804810,0.4769273102283478,0.3735921084880829,-0.3223333060741425,0.4223096966743469,0.2955991923809052,-0.2934693098068237,0.4965155720710754,0.5225326418876648,-0.0375678315758705,0.4447392821311951,0.5191907286643982,0.0374924466013908,0.5285373330116272,0.7062657475471497,-0.0873459577560425,0.4123010337352753,0.7080937027931213,0.0373522713780403,0.5592859387397766,0.8839504718780518,0.0687722489237785,0.4050097465515137,0.8579644560813904,0.2127479463815689,0.5595436692237854,0.8992042541503906,0.0770858377218246,0.4135327637195587,0.8823053240776062,0.2247235327959061,0.5542909502983093,0.9481806755065918,-0.0573967508971691,0.3787338137626648,0.9081969261169434,0.1182063892483711
0.4599272906780243,0.2191163897514343,-0.1966716647148132,0.4651310145854950,0.1989348381757736,-0.1884586364030838,0.4699209332466125,0.1977394223213196,-0.1884935349225998,0.4738860130310059,0.1966250985860825,-0.1885227859020233,0.4540306925773621,0.2009581327438354,-0.1807225346565247,0.4511922299861908,0.2010789662599564,-0.1807480305433273,0.4475053250789642,0.2014881819486618,-0.1806943416595459,0.4814381599426270,0.1973513364791870,-0.0929694697260857,0.4453554153442383,0.2049320191144943,-0.0548835918307304,0.4694983661174774,0.2356438785791397,-0.1563542634248734,0.4558258354663849,0.2379899770021439,-0.1458607017993927,0.5149369239807129,0.2817821502685547,-0.0396044626832008,0.4243768155574799,0.2862418889999390,0.0582780763506889,0.5298627614974976,0.4094935953617096,-0.1318486481904984,0.3925479054450989,0.4120685458183289,-0.0368725582957268,0.4848889112472534,0.3958614468574524,-0.3183632194995880,0.4142743349075317,0.3288188874721527,-0.2911096513271332,0.4754388630390167,0.3943861126899719,-0.3595370650291443,0.4161859452724457,0.3071006238460541,-0.3349535763263702,0.4713731408119202,0.3769338428974152,-0.3535590171813965,0.4176832437515259,0.2946622073650360,-0.3272726237773895,0.4734463393688202,0.3744160234928131,-0.3172786533832550,0.4194630980491638,0.3005081117153168,-0.2913451492786407,0.4934652447700500,0.5259573459625244,-0.0379517562687397,0.4420434236526489,0.5225013494491577,0.0378795713186264,0.5255211591720581,0.7079788446426392,-0.0837091505527496,0.4104143381118774,0.7098999023437500,0.0425890646874905,0.5588509440422058,0.8842855095863342,0.0676731169223785,0.4044676125049591,0.8606368303298950,0.2158491611480713,0.5597559809684753,0.8993146419525146,0.0753853768110275,0.4133862555027008,0.8840560913085938,0.2276504933834076,0.5540421009063721,0.9482259154319763,-0.0596218146383762,0.3773584365844727,0.9089703559875488,0.1208551675081253
0.4560248553752899,0.2233363538980484,-0.1963525414466858,0.4617973566055298,0.2029918879270554,-0.1877594739198685,0.4666398167610168,0.2015948742628098,-0.1878018081188202,0.4707055091857910,0.2004301398992538,-0.1878335326910019,0.4508268237113953,0.2051233351230621,-0.1800077706575394,0.4476817250251770,0.2051472514867783,-0.1800301820039749,0.4442038834095001,0.2055655270814896,-0.1799788624048233,0.4782408475875854,0.2017375528812408,-0.0904801562428474,0.4424800276756287,0.2090990543365479,-0.0525388792157173,0.4655624032020569,0.2395816892385483,-0.1554148942232132,0.4520217478275299,0.2414842694997787,-0.1449394226074219,0.5111723542213440,0.2852883636951447,-0.0382697731256485,0.4220533967018127,0.2916049957275391,0.0599642060697079,0.5270254611968994,0.4139523804187775,-0.1333401054143906,0.3913062810897827,0.4139940440654755,-0.0337644554674625,0.4817894995212555,0.3971135914325714,-0.3201498985290527,0.4134026467800140,0.3308882117271423,-0.2896997332572937,0.4723164141178131,0.3957597017288208,-0.3606880605220795,0.4138630330562592,0.3093596994876862,-0.3331216871738434,0.4687432348728180,0.3781209588050842,-0.3551340103149414,0.4152714908123016,0.2973327338695526,-0.3272806107997894,0.4711976349353790,0.3758286833763123,-0.3192152678966522,0.4174344837665558,0.3016358017921448,-0.2912463545799255,0.4921839833259583,0.5314756035804749,-0.0368864387273788,0.4412455856800079,0.5282020568847656,0.0368053168058395,0.5231280922889709,0.7120584845542908,-0.0875117480754852,0.4080836474895477,0.7139680981636047,0.0104532688856125,0.5585414171218872,0.8837764263153076,0.0888662263751030,0.4041185975074768,0.8621928095817566,0.2021608799695969,0.5596039295196533,0.8982455134391785,0.1004890352487564,0.4129739701747894,0.8847870826721191,0.2158014476299286,0.5540270209312439,0.9482028484344482,-0.0320736579596996,0.3761248588562012,0.9104918241500854,0.1094578281044960
0.4518719911575317,0.2262395769357681,-0.2118095755577087,0.4576449096202850,0.2060120403766632,-0.2037897109985352,0.4625073969364166,0.2046294361352921,-0.2038281559944153,0.4667271673679352,0.2034942805767059,-0.2038623988628387,0.4470108747482300,0.2080133706331253,-0.1954692304134369,0.4440273046493530,0.2079972475767136,-0.1954939216375351,0.4408413767814636,0.2083761245012283,-0.1954499036073685,0.4746208786964417,0.2054492980241776,-0.1064787805080414,0.4395669996738434,0.2125311940908432,-0.0663930997252464,0.4616483747959137,0.2420542687177658,-0.1709161698818207,0.4479301869869232,0.2437533289194107,-0.1597021371126175,0.5082708001136780,0.2887874841690063,-0.0520086064934731,0.4191910326480865,0.2958846390247345,0.0516377314925194,0.5233938694000244,0.4188527762889862,-0.1442598253488541,0.3897169530391693,0.4171311259269714,-0.0357470698654652,0.4782219827175140,0.3984394073486328,-0.3304325044155121,0.4097594916820526,0.3441161215305328,-0.2967623770236969,0.4678062498569489,0.3974931836128235,-0.3712521195411682,0.4114091992378235,0.3210252821445465,-0.3419132828712463,0.4646839797496796,0.3786304891109467,-0.3662301599979401,0.4122440516948700,0.3072752654552460,-0.3396365940570831,0.4675413072109222,0.3770242929458618,-0.3296622633934021,0.4137048125267029,0.3131915032863617,-0.3010126054286957,0.4902446568012238,0.5357699990272522,-0.0371825210750103,0.4392669498920441,0.5335353016853333,0.0370967574417591,0.5206376314163208,0.7148640155792236,-0.0871058180928230,0.4057107567787170,0.7169997692108154,0.0218248069286346,0.5579398274421692,0.8840317726135254,0.0830632522702217,0.4034586548805237,0.8615016341209412,0.2104102075099945,0.5595282912254333,0.8984678983688354,0.0929507315158844,0.4127703309059143,0.8844903707504272,0.2304349988698959,0.5537213683128357,0.9485862255096436,-0.0420301035046577,0.3755317032337189,0.9114028811454773,0.1313190609216690
0.4477184414863586,0.2301143407821655,-0.2149104773998260,0.4533250033855438,0.2096884250640869,-0.2073356658220291,0.4582105278968811,0.2082497924566269,-0.2073646932840347,0.4626197814941406,0.2070275396108627,-0.2073917388916016,0.4430158734321594,0.2113955914974213,-0.1988526284694672,0.4401694238185883,0.2112751305103302,-0.1988785862922668,0.4372453093528748,0.2115461528301239,-0.1988367438316345,0.4709152281284332,0.2086745500564575,-0.1114697903394699,0.4367118179798126,0.2156786918640137,-0.0702128335833549,0.4574645757675171,0.2453602552413940,-0.1742403358221054,0.4440063238143921,0.2469631880521774,-0.1628314852714539,0.5052506327629089,0.2912520468235016,-0.0566037930548191,0.4165782630443573,0.2995043694972992,0.0480889305472374,0.5205678343772888,0.4218977689743042,-0.1501436084508896,0.3880813419818878,0.4211004972457886,-0.0358537994325161,0.4744058847427368,0.4004171788692474,-0.3359449505805969,0.4050712585449219,0.3547024428844452,-0.2965827584266663,0.4630647003650665,0.4006494879722595,-0.3768878579139709,0.4060867130756378,0.3335946798324585,-0.3412837386131287,0.4601703286170959,0.3801446557044983,-0.3720124959945679,0.4067148864269257,0.3186674416065216,-0.3399903476238251,0.4629704654216766,0.3787034451961517,-0.3351264595985413,0.4080714285373688,0.3247070908546448,-0.3014746904373169,0.4885113537311554,0.5372698307037354,-0.0378609448671341,0.4376130998134613,0.5349885225296021,0.0377662554383278,0.5175595283508301,0.7160850763320923,-0.0916889458894730,0.4048256874084473,0.7157238721847534,0.0156027358025312,0.5571687221527100,0.8827730417251587,0.0786333456635475,0.4029601514339447,0.8607821464538574,0.2126049995422363,0.5592738389968872,0.8965818285942078,0.0884124934673309,0.4126474559307098,0.8841042518615723,0.2296517491340637,0.5536472797393799,0.9486670494079590,-0.0468449741601944,0.3745901286602020,0.9122379422187805,0.1294510066509247
0.4439949691295624,0.2342392951250076,-0.2284622937440872,0.4495697021484375,0.2133948951959610,-0.2217908203601837,0.4545885324478149,0.2117597013711929,-0.2218284159898758,0.4591956436634064,0.2103637158870697,-0.2218731343746185,0.4392893016338348,0.2151840925216675,-0.2129528522491455,0.4363813102245331,0.2149260789155960,-0.2129766792058945,0.4335342645645142,0.2150922417640686,-0.2129383534193039,0.4677178561687469,0.2115605324506760,-0.1221906617283821,0.4335246384143829,0.2185825109481812,-0.0794047638773918,0.4538687169551849,0.2496224641799927,-0.1854851841926575,0.4407986402511597,0.2514527440071106,-0.1737163066864014,0.5028564333915710,0.2927357852458954,-0.0568007268011570,0.4142532348632812,0.3020420968532562,0.0455479584634304,0.5182967782020569,0.4254632592201233,-0.1553613096475601,0.3862138390541077,0.4255038499832153,-0.0366967357695103,0.4686191976070404,0.4032050371170044,-0.3513066172599792,0.3956467211246490,0.3663643002510071,-0.3029819726943970,0.4540433585643768,0.4044973254203796,-0.3929022848606110,0.3955225646495819,0.3477443158626556,-0.3480237722396851,0.4521023333072662,0.3829583525657654,-0.3885471522808075,0.3955130875110626,0.3321827054023743,-0.3501930236816406,0.4556984007358551,0.3818469941616058,-0.3505824506282806,0.3966087698936462,0.3378213047981262,-0.3096405267715454,0.4869856834411621,0.5405710339546204,-0.0384522937238216,0.4364293217658997,0.5381686687469482,0.0383549816906452,0.5162075757980347,0.7190905809402466,-0.0929062515497208,0.4022364020347595,0.7194389700889587,0.0166610367596149,0.5570161342620850,0.8827888369560242,0.0916102975606918,0.4026323854923248,0.8613852262496948,0.2178467810153961,0.5594262480735779,0.8968335390090942,0.1036267504096031,0.4124643206596375,0.8842135667800903,0.2383747845888138,0.5534543991088867,0.9488743543624878,-0.0304345153272152,0.3741080462932587,0.9136211276054382,0.1388255804777145
0.4409268796443939,0.2382678538560867,-0.2511110603809357,0.4464516639709473,0.2170345634222031,-0.2447997629642487,0.4513469636440277,0.2153745293617249,-0.2448395639657974,0.4560508430004120,0.2138863205909729,-0.2448855340480804,0.4362538158893585,0.2185793966054916,-0.2355578243732452,0.4331735372543335,0.2182335555553436,-0.2355898320674896,0.4302525520324707,0.2183479517698288,-0.2355529665946960,0.4646613895893097,0.2143681198358536,-0.1419791728258133,0.4303544461727142,0.2210736870765686,-0.0972847416996956,0.4501471221446991,0.2531147003173828,-0.2064398080110550,0.4377739727497101,0.2553507089614868,-0.1941771507263184,0.5002206563949585,0.2938872873783112,-0.0725354626774788,0.4115159809589386,0.3028326630592346,0.0379060097038746,0.5151839852333069,0.4284842014312744,-0.1666786372661591,0.3856729269027710,0.4272566139698029,-0.0385858193039894,0.4639983475208282,0.4070625007152557,-0.3622550070285797,0.3877547383308411,0.3740305900573730,-0.3127536773681641,0.4465802311897278,0.4089639782905579,-0.4045266807079315,0.3839668333530426,0.3608625531196594,-0.3579104542732239,0.4451643228530884,0.3864328265190125,-0.3997616171836853,0.3845957219600677,0.3456896543502808,-0.3650589585304260,0.4485699832439423,0.3851757943630219,-0.3612750172615051,0.3866125047206879,0.3491094410419464,-0.3219299614429474,0.4859853386878967,0.5424566268920898,-0.0387920998036861,0.4353186190128326,0.5409601926803589,0.0386989079415798,0.5142952799797058,0.7204214334487915,-0.0940406471490860,0.4021079838275909,0.7177314162254333,0.0279500856995583,0.5566245317459106,0.8828029036521912,0.0832838118076324,0.4025243222713470,0.8610099554061890,0.2325449585914612,0.5594496130943298,0.8970108032226562,0.0933953672647476,0.4124043583869934,0.8843910694122314,0.2506219744682312,0.5533424615859985,0.9490393996238708,-0.0410527363419533,0.3736867904663086,0.9135922193527222,0.1472534090280533
0.4369412660598755,0.2391471564769745,-0.2512903213500977,0.4424569308757782,0.2174439430236816,-0.2449297010898590,0.4472519755363464,0.2157027423381805,-0.2449709475040436,0.4520444273948669,0.2141589820384979,-0.2450198233127594,0.4327724575996399,0.2193410694599152,-0.2352790683507919,0.4299138784408569,0.2191296666860580,-0.2353070527315140,0.4271356463432312,0.2193770259618759,-0.2352696955204010,0.4611057937145233,0.2148526161909103,-0.1431158035993576,0.4279322326183319,0.2221129089593887,-0.0971607193350792,0.4463308751583099,0.2538962066173553,-0.2073068171739578,0.4342718720436096,0.2564614415168762,-0.