0.2649454474449158,0.8063526153564453,-1.2849756479263306,0.3086637854576111,0.7479727268218994,-1.2038130760192871,0.3356639742851257,0.7510961890220642,-1.2048244476318359,0.3540180325508118,0.7556887865066528,-1.2045310735702515,0.2579001784324646,0.7436609268188477,-1.1768637895584106,0.2445297539234161,0.7434480190277100,-1.1783694028854370,0.2329854071140289,0.7437788248062134,-1.1791964769363403,0.4087062478065491,0.7967301607131958,-0.6999500393867493,0.2374649941921234,0.7832639217376709,-0.5722837448120117,0.3083707094192505,0.8802014589309692,-1.0824658870697021,0.2429431974887848,0.8694068193435669,-1.0551514625549316,0.5267373919487000,1.0844452381134033,-0.4256165027618408,0.1094372496008873,1.1094657182693481,-0.1904516369104385,0.6153777241706848,1.5478096008300781,-0.5699278116226196,0.0809930562973022,1.5612888336181641,-0.3022187948226929,0.6333085298538208,1.8702044486999512,-1.1497657299041748,0.0104203820228577,1.7650630474090576,-0.9262102842330933,0.6675873994827271,1.9609953165054321,-1.2989915609359741,-0.0215969681739807,1.8229860067367554,-1.0764770507812500,0.6428965330123901,1.9541113376617432,-1.4010189771652222,-0.0232507884502411,1.8116872310638428,-1.2011685371398926,0.6224641799926758,1.9207844734191895,-1.1995592117309570,-0.0036915838718414,1.7891044616699219,-0.9976552128791809,0.4746685922145844,1.9865263700485229,-0.0604974515736103,0.2001708000898361,1.9769217967987061,0.0590998642146587,0.5406971573829651,2.7990624904632568,-0.3944914638996124,0.2261810749769211,2.7075185775756836,-0.4134031236171722,0.5272578001022339,3.4740557670593262,-0.2247047871351242,0.2170909196138382,3.4038724899291992,0.3425902724266052,0.5423780083656311,3.5806505680084229,-0.2449598014354706,0.2232300043106079,3.5085206031799316,0.3992854058742523,0.4444461762905121,3.6233682632446289,-0.9233577847480774,0.2082386314868927,3.5833678245544434,-0.0784717127680779
0.2649454474449158,0.8063526153564453,-1.2849756479263306,0.3086637854576111,0.7479727268218994,-1.2038130760192871,0.3356639742851257,0.7510961890220642,-1.2048244476318359,0.3540180325508118,0.7556887865066528,-1.2045310735702515,0.2579001784324646,0.7436609268188477,-1.1768637895584106,0.2445297539234161,0.7434480190277100,-1.1783694028854370,0.2329854071140289,0.7437788248062134,-1.1791964769363403,0.4087062478065491,0.7967301607131958,-0.6999500393867493,0.2374649941921234,0.7832639217376709,-0.5722837448120117,0.3083707094192505,0.8802014589309692,-1.0824658870697021,0.2429431974887848,0.8694068193435669,-1.0551514625549316,0.5267373919487000,1.0844452381134033,-0.4256165027618408,0.1094372496008873,1.1094657182693481,-0.1904516369104385,0.6153777241706848,1.5478096008300781,-0.5699278116226196,0.0809930562973022,1.5612888336181641,-0.3022187948226929,0.6333085298538208,1.8702044486999512,-1.1497657299041748,0.0104203820228577,1.7650630474090576,-0.9262102842330933,0.6675873994827271,1.9609953165054321,-1.2989915609359741,-0.0215969681739807,1.8229860067367554,-1.0764770507812500,0.6428965330123901,1.9541113376617432,-1.4010189771652222,-0.0232507884502411,1.8116872310638428,-1.2011685371398926,0.6224641799926758,1.9207844734191895,-1.1995592117309570,-0.0036915838718414,1.7891044616699219,-0.9976552128791809,0.4746685922145844,1.9865263700485229,-0.0604974515736103,0.2001708000898361,1.9769217967987061,0.0590998642146587,0.5406971573829651,2.7990624904632568,-0.3944914638996124,0.2261810749769211,2.7075185775756836,-0.4134031236171722,0.5272578001022339,3.4740557670593262,-0.2247047871351242,0.2170909196138382,3.4038724899291992,0.3425902724266052,0.5423780083656311,3.5806505680084229,-0.2449598014354706,0.2232300043106079,3.5085206031799316,0.3992854058742523,0.4444461762905121,3.6233682632446289,-0.9233577847480774,0.2082386314868927,3.5833678245544434,-0.0784717127680779
0.2649423778057098,0.8067919611930847,-1.0872375965118408,0.3088732361793518,0.7478309869766235,-1.0026010274887085,0.3356965184211731,0.7509292364120483,-1.0038181543350220,0.3557457923889160,0.7556349039077759,-1.0035908222198486,0.2571191191673279,0.7436655759811401,-0.9802660942077637,0.2428825199604034,0.7436049580574036,-0.9816346168518066,0.2311067879199982,0.7442463636398315,-0.9826745986938477,0.4085897803306580,0.7966560721397400,-0.5257210731506348,0.2361077815294266,0.7832962870597839,-0.4273214340209961,0.3084034323692322,0.8827323317527771,-0.8985159993171692,0.2427864372730255,0.8709331750869751,-0.8800017237663269,0.5251656174659729,1.1104820966720581,-0.2644976377487183,0.1089745312929153,1.1112132072448730,-0.1595479547977448,0.6692782640457153,1.2729986906051636,-0.5107561349868774,0.0813480764627457,1.3951307535171509,-0.2328609228134155,0.6787710189819336,1.1372075080871582,-1.1044899225234985,0.0720573440194130,1.2735502719879150,-0.6451207399368286,0.6929141283035278,1.0979177951812744,-1.2559202909469604,0.0741822198033333,1.2371174097061157,-0.7832306623458862,0.6713567376136780,1.0600361824035645,-1.3056585788726807,0.0687357261776924,1.1975569725036621,-0.8533099293708801,0.6616162657737732,1.0753239393234253,-1.1415122747421265,0.0718102604150772,1.2075990438461304,-0.6916970014572144,0.4386939108371735,2.0356438159942627,-0.0327711403369904,0.2013343870639801,2.0004682540893555,0.0313654281198978,0.3671452403068542,2.0258553028106689,0.1016419306397438,0.2007533311843872,1.6276210546493530,-0.4182646870613098,0.3393742442131042,2.2973551750183105,0.5997523665428162,0.2387297153472900,1.9484674930572510,0.2882699370384216,0.3625357747077942,2.3802437782287598,0.6321595907211304,0.2518524527549744,2.0366806983947754,0.3553092777729034,0.2633263170719147,2.2280306816101074,0.1913147866725922,0.2531227171421051,1.8987547159194946,-0.0134989563375711
0.2696744203567505,0.8068158626556396,-1.1648782491683960,0.3130074441432953,0.7442290782928467,-1.0835735797882080,0.3382490873336792,0.7475463151931763,-1.0846796035766602,0.3603324294090271,0.7530196309089661,-1.0844248533248901,0.2575562298297882,0.7414194345474243,-1.0582420825958252,0.2427153587341309,0.7418762445449829,-1.0597087144851685,0.2306388914585114,0.7427868247032166,-1.0606302022933960,0.4068579673767090,0.7950369119644165,-0.5921462774276733,0.2320524901151657,0.7823185324668884,-0.4870195388793945,0.3116042613983154,0.8829957246780396,-0.9680961370468140,0.2437901049852371,0.8728875517845154,-0.9468366503715515,0.5159623622894287,1.1362692117691040,-0.3062033951282501,0.1151084303855896,1.1384065151214600,-0.2338151186704636,0.6252425312995911,1.2894248962402344,-0.4759904444217682,0.0687917396426201,1.4876613616943359,-0.5105614662170410,0.5950616002082825,1.5008836984634399,-1.0364618301391602,0.0605865009129047,1.3433851003646851,-1.2263213396072388,0.6030136346817017,1.5451791286468506,-1.1745839118957520,0.0494532436132431,1.3916625976562500,-1.4116822481155396,0.5812040567398071,1.5494365692138672,-1.2554433345794678,0.0429638549685478,1.4118461608886719,-1.4917154312133789,0.5733953714370728,1.5264670848846436,-1.0793254375457764,0.0535803362727165,1.3855473995208740,-1.2827682495117188,0.4326079487800598,2.0461685657501221,0.0049924007616937,0.1890980601310730,2.0141899585723877,-0.0059371683746576,0.3968231379985809,2.5907588005065918,-0.0108239538967609,0.1995809674263000,2.3194928169250488,-0.6834363341331482,0.3763456940650940,3.1921210289001465,0.3676960766315460,0.1840292513370514,3.0414311885833740,-0.3583344519138336,0.3914688825607300,3.3197259902954102,0.3719023764133453,0.1792633831501007,3.1804549694061279,-0.3457695841789246,0.3067249655723572,3.1970269680023193,-0.1843077689409256,0.2116218358278275,3.0200300216674805,-0.8699493408203125
0.2703590691089630,0.8067115545272827,-1.0687949657440186,0.3148539364337921,0.7436546683311462,-0.9832938909530640,0.3398970365524292,0.7472421526908875,-0.9845578074455261,0.3614632189273834,0.7530016303062439,-0.9843963384628296,0.2583137452602386,0.7405261397361755,-0.9760812520980835,0.2437051832675934,0.7408376336097717,-0.9774012565612793,0.2306772023439407,0.7417516112327576,-0.9785016775131226,0.4087529778480530,0.7975663542747498,-0.4996883869171143,0.2320607602596283,0.7817113995552063,-0.4687486588954926,0.3115902841091156,0.8840996026992798,-0.8781749606132507,0.2438050061464310,0.8734263181686401,-0.8792495727539062,0.4934256672859192,1.1512190103530884,-0.2471353262662888,0.1139672249555588,1.1285825967788696,-0.2607013583183289,0.4996406137943268,1.3055227994918823,-0.4867927134037018,0.0683959573507309,1.3236155509948730,-0.6003853082656860,0.4378364682197571,1.1754928827285767,-1.0493646860122681,0.0926981940865517,1.0719122886657715,-1.1957653760910034,0.4248336851596832,1.1338856220245361,-1.1917018890380859,0.1005148887634277,1.0040684938430786,-1.3698699474334717,0.4234938621520996,1.1016319990158081,-1.2496143579483032,0.1205766201019287,0.9443584680557251,-1.4133148193359375,0.4219556450843811,1.1167587041854858,-1.0879616737365723,0.1251015812158585,0.9740980267524719,-1.2344554662704468,0.3817041218280792,2.0620532035827637,0.0280691944062710,0.1839093863964081,2.0157270431518555,-0.0293413512408733,0.3697776496410370,1.8713116645812988,0.1907777786254883,0.1884530335664749,1.3755720853805542,-0.2769850492477417,0.3318315446376801,1.9883824586868286,0.4980212748050690,0.2515777647495270,1.5645941495895386,0.0363997817039490,0.3462923765182495,2.0530686378479004,0.5117565989494324,0.2637652754783630,1.6511820554733276,0.0610754564404488,0.2717795968055725,1.8712904453277588,0.0750322490930557,0.2946846783161163,1.4445985555648804,-0.2044257223606110
0.2703590691089630,0.8067115545272827,-1.0687949657440186,0.3148539364337921,0.7436546683311462,-0.9832938909530640,0.3398970365524292,0.7472421526908875,-0.9845578074455261,0.3614632189273834,0.7530016303062439,-0.9843963384628296,0.2583137452602386,0.7405261397361755,-0.9760812520980835,0.2437051832675934,0.7408376336097717,-0.9774012565612793,0.2306772023439407,0.7417516112327576,-0.9785016775131226,0.4087529778480530,0.7975663542747498,-0.4996883869171143,0.2320607602596283,0.7817113995552063,-0.4687486588954926,0.3115902841091156,0.8840996026992798,-0.8781749606132507,0.2438050061464310,0.8734263181686401,-0.8792495727539062,0.4934256672859192,1.1512190103530884,-0.2471353262662888,0.1139672249555588,1.1285825967788696,-0.2607013583183289,0.4996406137943268,1.3055227994918823,-0.4867927134037018,0.0683959573507309,1.3236155509948730,-0.6003853082656860,0.4378364682197571,1.1754928827285767,-1.0493646860122681,0.0926981940865517,1.0719122886657715,-1.1957653760910034,0.4248336851596832,1.1338856220245361,-1.1917018890380859,0.1005148887634277,1.0040684938430786,-1.3698699474334717,0.4234938621520996,1.1016319990158081,-1.2496143579483032,0.1205766201019287,0.9443584680557251,-1.4133148193359375,0.4219556450843811,1.1167587041854858,-1.0879616737365723,0.1251015812158585,0.9740980267524719,-1.2344554662704468,0.3817041218280792,2.0620532035827637,0.0280691944062710,0.1839093863964081,2.0157270431518555,-0.0293413512408733,0.3697776496410370,1.8713116645812988,0.1907777786254883,0.1884530335664749,1.3755720853805542,-0.2769850492477417,0.3318315446376801,1.9883824586868286,0.4980212748050690,0.2515777647495270,1.5645941495895386,0.0363997817039490,0.3462923765182495,2.0530686378479004,0.5117565989494324,0.2637652754783630,1.6511820554733276,0.0610754564404488,0.2717795968055725,1.8712904453277588,0.0750322490930557,0.2946846783161163,1.4445985555648804,-0.2044257223606110
0.2710069715976715,0.8061352968215942,-1.1518822908401489,0.3154236674308777,0.7415285706520081,-1.0554311275482178,0.3402525782585144,0.7435982823371887,-1.0562244653701782,0.3614853322505951,0.7482106685638428,-1.0561079978942871,0.2592856287956238,0.7395838499069214,-1.0530402660369873,0.2446636408567429,0.7402409315109253,-1.0542597770690918,0.2308013141155243,0.7414876818656921,-1.0552356243133545,0.4085621237754822,0.7924119234085083,-0.5198075771331787,0.2320709526538849,0.7781237363815308,-0.4870065748691559,0.3115969300270081,0.8827523589134216,-0.9335458874702454,0.2456473410129547,0.8733680844306946,-0.9356719255447388,0.5096193552017212,1.1167693138122559,-0.2637329995632172,0.1102988272905350,1.1276272535324097,-0.2525538802146912,0.5388603806495667,1.4346381425857544,-0.3986138105392456,0.0701690241694450,1.4694330692291260,-0.4114779829978943,0.5479394793510437,1.7128366231918335,-1.0020420551300049,0.0855145752429962,1.7488833665847778,-0.8984222412109375,0.5781002640724182,1.7980505228042603,-1.1456252336502075,0.0985889807343483,1.8342537879943848,-1.0455505847930908,0.5578446388244629,1.7964509725570679,-1.2411419153213501,0.1105677261948586,1.8356529474258423,-1.1496425867080688,0.5377859473228455,1.7634053230285645,-1.0528423786163330,0.1118696779012680,1.7993284463882446,-0.9555374383926392,0.4502500593662262,1.9843504428863525,0.0225629564374685,0.1850724369287491,1.9505908489227295,-0.0238576568663120,0.4681769013404846,2.5253126621246338,-0.3592040836811066,0.2069624364376068,2.4862437248229980,-0.4092122018337250,0.4429031312465668,3.1258425712585449,-0.1388403475284576,0.2502790391445160,3.1181073188781738,0.2196348011493683,0.4571506083011627,3.2246978282928467,-0.1515548527240753,0.2587342560291290,3.2080705165863037,0.2745465934276581,0.3562559485435486,3.2556271553039551,-0.8242359161376953,0.2871032357215881,3.2998692989349365,-0.1722132861614227
0.2710443437099457,0.8057402968406677,-1.2307035923004150,0.3154777884483337,0.7415447831153870,-1.1335762739181519,0.3402588367462158,0.7436980605125427,-1.1343537569046021,0.3617300093173981,0.7482098937034607,-1.1341882944107056,0.2591056227684021,0.7406164407730103,-1.1298879384994507,0.2430409491062164,0.7422331571578979,-1.1310942173004150,0.2294024974107742,0.7437174320220947,-1.1319382190704346,0.4066866338253021,0.7906750440597534,-0.5550721883773804,0.2276839464902878,0.7781525254249573,-0.5539976358413696,0.3122622072696686,0.8826305270195007,-1.0105121135711670,0.2456864118576050,0.8733052015304565,-1.0130140781402588,0.5207926034927368,1.1158587932586670,-0.2794490456581116,0.1005591750144958,1.1157978773117065,-0.2674028575420380,0.5978984236717224,1.4423764944076538,-0.4146168828010559,0.0657748356461525,1.4777847528457642,-0.4521966576576233,0.5536233782768250,1.7456849813461304,-1.0269887447357178,0.0555548667907715,1.7174807786941528,-1.0589916706085205,0.5856096148490906,1.8422296047210693,-1.1716859340667725,0.0427368506789207,1.7840282917022705,-1.2244113683700562,0.5596368908882141,1.8313344717025757,-1.2630660533905029,0.0576384961605072,1.7749158143997192,-1.3244603872299194,0.5441664457321167,1.7953264713287354,-1.0746273994445801,0.0709093213081360,1.7488287687301636,-1.1163500547409058,0.4521939754486084,1.9061423540115356,0.0191569849848747,0.1853326410055161,1.8877085447311401,-0.0203973539173603,0.4575498700141907,2.5790815353393555,-0.3593334257602692,0.2066978216171265,2.5273916721343994,-0.7663472890853882,0.4429985582828522,3.2021958827972412,-0.1381568759679794,0.2122902870178223,3.1706812381744385,-0.3293059170246124,0.4573286175727844,3.3093423843383789,-0.1522114574909210,0.2119451761245728,3.2774455547332764,-0.3063515126705170,0.3628339171409607,3.3059761524200439,-0.7755490541458130,0.2355314195156097,3.2927634716033936,-0.8317034840583801
0.2713226974010468,0.8030502796173096,-0.9734056591987610,0.3157324790954590,0.7387231588363647,-0.8885496258735657,0.3403969407081604,0.7416660785675049,-0.8896582722663879,0.3618045151233673,0.7473819851875305,-0.8895271420478821,0.2586057484149933,0.7392969727516174,-0.8746039271354675,0.2422621250152588,0.7413262128829956,-0.8757731318473816,0.2290940731763840,0.7432073354721069,-0.8767707943916321,0.4065098166465759,0.7907637357711792,-0.4275110363960266,0.2264126539230347,0.7782067060470581,-0.3701144754886627,0.3129166960716248,0.8823716044425964,-0.7940441966056824,0.2456718683242798,0.8731712102890015,-0.7853015661239624,0.5105122327804565,1.1374341249465942,-0.1922833621501923,0.1007313132286072,1.1199669837951660,-0.1591574698686600,0.6061022877693176,1.3305027484893799,-0.4157269895076752,0.0790059790015221,1.3774266242980957,-0.3312487006187439,0.5593067407608032,1.1916781663894653,-0.9277882575988770,0.1119487732648849,1.1791685819625854,-0.7491765618324280,0.5658673048019409,1.1459937095642090,-1.0622237920761108,0.1220153197646141,1.1130068302154541,-0.8903187513351440,0.5497128963470459,1.1139155626296997,-1.0927350521087646,0.1181649342179298,1.0761946439743042,-0.9252508878707886,0.5428762435913086,1.1323891878128052,-0.9547476768493652,0.1194778904318810,1.0988881587982178,-0.7812415361404419,0.4109556674957275,1.9747818708419800,0.0147076025605202,0.1923047155141830,1.9432830810546875,-0.0159507747739553,0.3501349389553070,1.8357396125793457,0.1598560512065887,0.2067619562149048,1.5762380361557007,-0.2449989020824432,0.3657336831092834,2.0685796737670898,0.6356151700019836,0.2688028216362000,1.8181731700897217,0.4219148159027100,0.3958465456962585,2.1482853889465332,0.6687257289886475,0.2815465033054352,1.9017601013183594,0.4893984198570251,0.2914161980152130,1.9829469919204712,0.2768643200397491,0.2880829274654388,1.7327033281326294,0.2064697742462158
0.2714217305183411,0.8030340075492859,-0.9964982867240906,0.3156695663928986,0.7391033768653870,-0.9242679476737976,0.3400508761405945,0.7419583797454834,-0.9256204366683960,0.3616865277290344,0.7473660707473755,-0.9255420565605164,0.2585814893245697,0.7393285036087036,-0.8933441042900085,0.2421484291553497,0.7413142919540405,-0.8948396444320679,0.2288550138473511,0.7431677579879761,-0.8962335586547852,0.4051244258880615,0.7893311381340027,-0.4381392002105713,0.2257727384567261,0.7777251005172729,-0.4165378212928772,0.3128534257411957,0.8823352456092834,-0.7966162562370300,0.2457929551601410,0.8733798265457153,-0.8282775878906250,0.5108765959739685,1.1381770372390747,-0.2089880257844925,0.1160025596618652,1.1320661306381226,-0.1050776615738869,0.6009198427200317,1.4459065198898315,-0.4247022271156311,0.0735793933272362,1.4979422092437744,-0.3105430006980896,0.5595569014549255,1.6141934394836426,-0.9606504440307617,0.0634252429008484,1.5474849939346313,-0.9538024067878723,0.5705279111862183,1.6702864170074463,-1.0997626781463623,0.0490788668394089,1.5701782703399658,-1.1340476274490356,0.5582878589630127,1.6392270326614380,-1.1477758884429932,0.0530632324516773,1.5361841917037964,-1.2245808839797974,0.5485728979110718,1.6247060298919678,-0.9956809878349304,0.0674512833356857,1.5280984640121460,-1.0142887830734253,0.4119324088096619,1.9990961551666260,-0.0188109800219536,0.1923999935388565,1.9547340869903564,0.0177752431482077,0.3708365559577942,2.4863455295562744,0.0100152418017387,0.1979614794254303,1.8665019273757935,-0.5777748823165894,0.3742628693580627,3.0158936977386475,0.4139122366905212,0.2186779081821442,2.7649271488189697,-0.1728577613830566,0.3963083624839783,3.1315467357635498,0.4293598234653473,0.2297674119472504,2.9197931289672852,-0.1477096676826477,0.3049681782722473,3.0508074760437012,-0.0750356614589691,0.1992920935153961,2.8283343315124512,-0.5849856734275818
0.2714217305183411,0.8030340075492859,-0.9964982867240906,0.3156695663928986,0.7391033768653870,-0.9242679476737976,0.3400508761405945,0.7419583797454834,-0.9256204366683960,0.3616865277290344,0.7473660707473755,-0.9255420565605164,0.2585814893245697,0.7393285036087036,-0.8933441042900085,0.2421484291553497,0.7413142919540405,-0.8948396444320679,0.2288550138473511,0.7431677579879761,-0.8962335586547852,0.4051244258880615,0.7893311381340027,-0.4381392002105713,0.2257727384567261,0.7777251005172729,-0.4165378212928772,0.3128534257411957,0.8823352456092834,-0.7966162562370300,0.2457929551601410,0.8733798265457153,-0.8282775878906250,0.5108765959739685,1.1381770372390747,-0.2089880257844925,0.1160025596618652,1.1320661306381226,-0.1050776615738869,0.6009198427200317,1.4459065198898315,-0.4247022271156311,0.0735793933272362,1.4979422092437744,-0.3105430006980896,0.5595569014549255,1.6141934394836426,-0.9606504440307617,0.0634252429008484,1.5474849939346313,-0.9538024067878723,0.5705279111862183,1.6702864170074463,-1.0997626781463623,0.0490788668394089,1.5701782703399658,-1.1340476274490356,0.5582878589630127,1.6392270326614380,-1.1477758884429932,0.0530632324516773,1.5361841917037964,-1.2245808839797974,0.5485728979110718,1.6247060298919678,-0.9956809878349304,0.0674512833356857,1.5280984640121460,-1.0142887830734253,0.4119324088096619,1.9990961551666260,-0.0188109800219536,0.1923999935388565,1.9547340869903564,0.0177752431482077,0.3708365559577942,2.4863455295562744,0.0100152418017387,0.1979614794254303,1.8665019273757935,-0.5777748823165894,0.3742628693580627,3.0158936977386475,0.4139122366905212,0.2186779081821442,2.7649271488189697,-0.1728577613830566,0.3963083624839783,3.1315467357635498,0.4293598234653473,0.2297674119472504,2.9197931289672852,-0.1477096676826477,0.3049681782722473,3.0508074760437012,-0.0750356614589691,0.1992920935153961,2.8283343315124512,-0.5849856734275818
0.2714192271232605,0.8023269772529602,-0.9985693097114563,0.3157251477241516,0.7389473319053650,-0.9194092750549316,0.3400784432888031,0.7417355775833130,-0.9206246137619019,0.3617592751979828,0.7466468811035156,-0.9204632043838501,0.2581237852573395,0.7390146851539612,-0.9017737507820129,0.2415104359388351,0.7409689426422119,-0.9030444025993347,0.2283906936645508,0.7427775859832764,-0.9041333198547363,0.4051964282989502,0.7892915606498718,-0.4503253996372223,0.2241590768098831,0.7775421738624573,-0.3981552422046661,0.3127955794334412,0.8821542859077454,-0.8123224973678589,0.2455029785633087,0.8734109401702881,-0.8112093806266785,0.5055955052375793,1.1416952610015869,-0.2042194604873657,0.1214295998215675,1.1327133178710938,-0.1266297996044159,0.5880054831504822,1.3624349832534790,-0.4679811596870422,0.0737418681383133,1.4289289712905884,-0.4149528145790100,0.5619765520095825,1.3210163116455078,-1.1014374494552612,0.0760122016072273,1.2583482265472412,-1.0530079603195190,0.5717712640762329,1.3061808347702026,-1.2598261833190918,0.0747564435005188,1.2083516120910645,-1.2320495843887329,0.5596341490745544,1.2731034755706787,-1.3077694177627563,0.0731991007924080,1.1598327159881592,-1.2850250005722046,0.5497866868972778,1.2823932170867920,-1.1409715414047241,0.0807922333478928,1.1790651082992554,-1.0974971055984497,0.4024756550788879,2.0132071971893311,-0.0001029992345138,0.1932963877916336,1.9637300968170166,-0.0010837642475963,0.3568122982978821,1.9386292695999146,0.1586402058601379,0.1988330483436584,1.4852744340896606,-0.3124389350414276,0.3511400818824768,2.2143871784210205,0.5952458977699280,0.2723514437675476,1.8384976387023926,0.2228359878063202,0.3694166243076324,2.3017351627349854,0.6228523850440979,0.2846889495849609,1.9405920505523682,0.2758789062500000,0.2965789437294006,2.1309559345245361,0.2308368235826492,0.3025216460227966,1.7606472969055176,-0.0079256324097514
0.2717474400997162,0.8005811572074890,-1.1985656023025513,0.3157468438148499,0.7386855483055115,-1.1117154359817505,0.3400421738624573,0.7414230108261108,-1.1127195358276367,0.3617153763771057,0.7455469965934753,-1.1125844717025757,0.2581703066825867,0.7380794286727905,-1.1029164791107178,0.2414972782135010,0.7398109436035156,-1.1041984558105469,0.2281396687030792,0.7415857315063477,-1.1050930023193359,0.4043800830841064,0.7877056598663330,-0.5821155905723572,0.2234769314527512,0.7750683426856995,-0.5473367571830750,0.3127394616603851,0.8808096647262573,-0.9875208735466003,0.2457235306501389,0.8725527524948120,-0.9877948760986328,0.5025497078895569,1.1405484676361084,-0.2506126165390015,0.1038499698042870,1.1168692111968994,-0.2526524364948273,0.5745374560356140,1.4710112810134888,-0.4208769202232361,0.0487123169004917,1.4920090436935425,-0.5351227521896362,0.5649846792221069,1.7233111858367920,-0.9927436113357544,0.0432108081877232,1.6455135345458984,-1.2376816272735596,0.5774463415145874,1.8059427738189697,-1.1313645839691162,0.0302510168403387,1.7026722431182861,-1.4197013378143311,0.5609631538391113,1.7882951498031616,-1.2243102788925171,0.0419283472001553,1.6781822443008423,-1.5019859075546265,0.5512079000473022,1.7592201232910156,-1.0409057140350342,0.0546634495258331,1.6567093133926392,-1.2927823066711426,0.4070583283901215,1.9790254831314087,0.0141440657898784,0.1822446733713150,1.9524710178375244,-0.0151199009269476,0.3905195891857147,2.6321921348571777,-0.0928005129098892,0.1987777054309845,2.5389981269836426,-0.6222367882728577,0.3904054760932922,3.2134459018707275,0.2679915130138397,0.2046254128217697,3.1623373031616211,-0.0913480743765831,0.3997384607791901,3.3225677013397217,0.2680461406707764,0.1996520012617111,3.2646353244781494,-0.0567575283348560,0.3438062965869904,3.2874848842620850,-0.2912276089191437,0.2418905049562454,3.2713019847869873,-0.5355443358421326
0.2724455296993256,0.8011608123779297,-1.0699911117553711,0.3157579302787781,0.7375128269195557,-0.9949467778205872,0.3401483595371246,0.7397453188896179,-0.9960974454879761,0.3618457019329071,0.7445390820503235,-0.9959198236465454,0.2582834362983704,0.7378312945365906,-0.9733833074569702,0.2419909685850143,0.7395324110984802,-0.9745810627937317,0.2281897813081741,0.7413928508758545,-0.9756149053573608,0.4071090817451477,0.7877184748649597,-0.5443783402442932,0.2235259115695953,0.7755085229873657,-0.4555625319480896,0.3129848837852478,0.8809862732887268,-0.8921135067939758,0.2460897415876389,0.8732291460037231,-0.8742048144340515,0.5034182667732239,1.1424319744110107,-0.2754544913768768,0.1354167759418488,1.1176823377609253,-0.2113883942365646,0.5638452768325806,1.3795660734176636,-0.6286333799362183,0.0878034159541130,1.3480044603347778,-0.4489081501960754,0.4896897673606873,1.2494266033172607,-1.1969163417816162,0.1398587375879288,1.1055482625961304,-0.8973167538642883,0.4714894294738770,1.2102208137512207,-1.3468993902206421,0.1562663465738297,1.0324301719665527,-1.0408010482788086,0.4688851237297058,1.1711692810058594,-1.3667072057723999,0.1505509912967682,0.9914190173149109,-1.0618655681610107,0.4688044488430023,1.1885836124420166,-1.2196904420852661,0.1676346957683563,0.9879857301712036,-0.9244468808174133,0.4082187712192535,1.9984745979309082,-0.0020337034948170,0.2018203288316727,1.9628778696060181,0.0009391674539074,0.3743161857128143,1.8975192308425903,0.0843208730220795,0.2020358145236969,1.5349748134613037,-0.3383301794528961,0.3896071910858154,2.0963599681854248,0.4972707629203796,0.3011193871498108,1.7539551258087158,0.2929388880729675,0.4012660086154938,2.1701948642730713,0.5233889818191528,0.3218273818492889,1.8317160606384277,0.3575447201728821,0.3304339647293091,2.0211446285247803,0.1140669137239456,0.3251737356185913,1.6857839822769165,0.0763413459062576
0.2724455296993256,0.8011608123779297,-1.0699911117553711,0.3157579302787781,0.7375128269195557,-0.9949467778205872,0.3401483595371246,0.7397453188896179,-0.9960974454879761,0.3618457019329071,0.7445390820503235,-0.9959198236465454,0.2582834362983704,0.7378312945365906,-0.9733833074569702,0.2419909685850143,0.7395324110984802,-0.9745810627937317,0.2281897813081741,0.7413928508758545,-0.9756149053573608,0.4071090817451477,0.7877184748649597,-0.5443783402442932,0.2235259115695953,0.7755085229873657,-0.4555625319480896,0.3129848837852478,0.8809862732887268,-0.8921135067939758,0.2460897415876389,0.8732291460037231,-0.8742048144340515,0.5034182667732239,1.1424319744110107,-0.2754544913768768,0.1354167759418488,1.1176823377609253,-0.2113883942365646,0.5638452768325806,1.3795660734176636,-0.6286333799362183,0.0878034159541130,1.3480044603347778,-0.4489081501960754,0.4896897673606873,1.2494266033172607,-1.1969163417816162,0.1398587375879288,1.1055482625961304,-0.8973167538642883,0.4714894294738770,1.2102208137512207,-1.3468993902206421,0.1562663465738297,1.0324301719665527,-1.0408010482788086,0.4688851237297058,1.1711692810058594,-1.3667072057723999,0.1505509912967682,0.9914190173149109,-1.0618655681610107,0.4688044488430023,1.1885836124420166,-1.2196904420852661,0.1676346957683563,0.9879857301712036,-0.9244468808174133,0.4082187712192535,1.9984745979309082,-0.0020337034948170,0.2018203288316727,1.9628778696060181,0.0009391674539074,0.3743161857128143,1.8975192308425903,0.0843208730220795,0.2020358145236969,1.5349748134613037,-0.3383301794528961,0.3896071910858154,2.0963599681854248,0.4972707629203796,0.3011193871498108,1.7539551258087158,0.2929388880729675,0.4012660086154938,2.1701948642730713,0.5233889818191528,0.3218273818492889,1.8317160606384277,0.3575447201728821,0.3304339647293091,2.0211446285247803,0.1140669137239456,0.3251737356185913,1.6857839822769165,0.0763413459062576
0.2684313356876373,0.7998286485671997,-1.0203413963317871,0.3129897415637970,0.7375061511993408,-0.9608572125434875,0.3381936550140381,0.7397204041481018,-0.9620259404182434,0.3601278364658356,0.7445205450057983,-0.9617832303047180,0.2550231218338013,0.7378803491592407,-0.9241030812263489,0.2406597882509232,0.7395178079605103,-0.9253169298171997,0.2268692553043365,0.7413618564605713,-0.9262129664421082,0.4058200418949127,0.7864353060722351,-0.5462014675140381,0.2235289812088013,0.7750021219253540,-0.3988572657108307,0.3128108978271484,0.8798328042030334,-0.8566790819168091,0.2453438341617584,0.8721464276313782,-0.8191375732421875,0.5016373991966248,1.1419206857681274,-0.3403685390949249,0.1338296830654144,1.1176908016204834,-0.0927003622055054,0.5466098189353943,1.3818749189376831,-0.6883690953254700,0.0862274393439293,1.3767082691192627,-0.2729481160640717,0.4839197993278503,1.3347982168197632,-1.2616802453994751,0.1207041591405869,1.2757670879364014,-0.8460671305656433,0.4758327901363373,1.3220336437225342,-1.4232372045516968,0.1268171370029449,1.2633727788925171,-1.0004643201828003,0.4690074324607849,1.2831480503082275,-1.4574993848800659,0.1269697397947311,1.2361909151077271,-1.0586457252502441,0.4668272435665131,1.2943320274353027,-1.2892405986785889,0.1395528018474579,1.2272716760635376,-0.8908500671386719,0.4052268862724304,2.0175247192382812,-0.0347302816808224,0.1996932923793793,1.9691261053085327,0.0337990671396255,0.3251232206821442,2.0857450962066650,0.1163968890905380,0.1469705253839493,1.8404663801193237,-0.4810431003570557,0.2916508018970490,2.2286889553070068,0.4983595311641693,0.1975553780794144,2.2877657413482666,-0.1298957616090775,0.3083919882774353,2.2965650558471680,0.5154349207878113,0.2174437493085861,2.3699824810028076,-0.0982442647218704,0.2039772719144821,2.4465627670288086,0.1077664867043495,0.1743068099021912,2.3027188777923584,-0.4018978178501129
0.2657978832721710,0.7992714643478394,-1.1746602058410645,0.3101868033409119,0.7378565669059753,-1.0978065729141235,0.3350864946842194,0.7403312325477600,-1.0988955497741699,0.3566841185092926,0.7449836134910583,-1.0986440181732178,0.2515982687473297,0.7376625537872314,-1.0696870088577271,0.2382314503192902,0.7388044595718384,-1.0709385871887207,0.2251502573490143,0.7400843501091003,-1.0717445611953735,0.4021111130714417,0.7859061956405640,-0.5994188785552979,0.2228433191776276,0.7730082869529724,-0.4696211218833923,0.3086544275283813,0.8799070119857788,-0.9737191200256348,0.2412855923175812,0.8700922727584839,-0.9464964866638184,0.5057611465454102,1.1417464017868042,-0.3289435207843781,0.1221232637763023,1.1080178022384644,-0.1181017607450485,0.5486183762550354,1.4623728990554810,-0.6327451467514038,0.0541595891118050,1.4606704711914062,-0.4721046090126038,0.5133355855941772,1.6172201633453369,-1.1804041862487793,0.0436853021383286,1.4631886482238770,-1.3130857944488525,0.5243171453475952,1.6701718568801880,-1.3296457529067993,0.0278965625911951,1.4776520729064941,-1.5187752246856689,0.5126901865005493,1.6383757591247559,-1.3878366947174072,0.0392323806881905,1.4411474466323853,-1.5909273624420166,0.5033037662506104,1.6231766939163208,-1.2112672328948975,0.0552275180816650,1.4350280761718750,-1.3696529865264893,0.4069120883941650,2.0165157318115234,-0.0314019136130810,0.1826113164424896,1.9636701345443726,0.0304406639188528,0.3467011451721191,2.5957145690917969,-0.0975617170333862,0.1590938568115234,2.2804014682769775,-0.6718868613243103,0.3264041543006897,3.1577577590942383,0.4380200803279877,0.1466238796710968,3.0207850933074951,-0.2350350320339203,0.3442713022232056,3.2615053653717041,0.4421223998069763,0.1503641903400421,3.1529307365417480,-0.2086386680603027,0.2433954030275345,3.2505915164947510,-0.0953537300229073,0.1254136264324188,3.1269395351409912,-0.6921858191490173
0.2660269141197205,0.7995389699935913,-1.1654574871063232,0.3101599514484406,0.7368198037147522,-1.0970170497894287,0.3350722491741180,0.7385055422782898,-1.0982252359390259,0.3566932082176208,0.7432397007942200,-1.0979020595550537,0.2518768608570099,0.7371110916137695,-1.0662138462066650,0.2382303476333618,0.7384557127952576,-1.0674327611923218,0.2249498367309570,0.7399929165840149,-1.0682787895202637,0.4030568599700928,0.7856338024139404,-0.6019667387008667,0.2224526852369308,0.7731658816337585,-0.4783313274383545,0.3087623715400696,0.8804188966751099,-0.9725696444511414,0.2414747774600983,0.8719905614852905,-0.9451050758361816,0.5062073469161987,1.1415627002716064,-0.3269434273242950,0.1268721967935562,1.1206434965133667,-0.1624175608158112,0.5519112944602966,1.4396817684173584,-0.5986642837524414,0.0644807368516922,1.4721013307571411,-0.4263330399990082,0.5168195962905884,1.4863221645355225,-1.1518485546112061,0.0706785097718239,1.4659159183502197,-1.0492548942565918,0.5288311243057251,1.4941965341567993,-1.2948253154754639,0.0653597936034203,1.4778624773025513,-1.2167949676513672,0.5130681395530701,1.4547458887100220,-1.3430794477462769,0.0723392143845558,1.4410896301269531,-1.2894484996795654,0.5037462115287781,1.4591934680938721,-1.1797930002212524,0.0825842544436455,1.4355775117874146,-1.0995759963989258,0.4131132066249847,2.0190958976745605,-0.0116566289216280,0.1909579634666443,1.9686923027038574,0.0107396598905325,0.3822940289974213,2.3405916690826416,0.2377221286296844,0.1771663129329681,1.9094102382659912,-0.6286498308181763,0.3644558489322662,2.8328289985656738,0.7538768053054810,0.1773284524679184,2.5786447525024414,-0.1516402363777161,0.3747989833354950,2.9453549385070801,0.7804715633392334,0.1733599007129669,2.7128260135650635,-0.1230633854866028,0.3105996251106262,2.8317170143127441,0.3599581718444824,0.1987305730581284,2.6214015483856201,-0.5261502861976624
0.2660649418830872,0.7992990612983704,-1.0281310081481934,0.3102186322212219,0.7364654541015625,-0.9552979469299316,0.3350678086280823,0.7381694912910461,-0.9564989805221558,0.3567065894603729,0.7427463531494141,-0.9563266038894653,0.2519719004631042,0.7365446686744690,-0.9395813941955566,0.2381957322359085,0.7379562258720398,-0.9408257603645325,0.2249322682619095,0.7394909262657166,-0.9418929815292358,0.4030551314353943,0.7856256365776062,-0.5063799619674683,0.2224927246570587,0.7724908590316772,-0.4358815252780914,0.3082183599472046,0.8802264332771301,-0.8501499295234680,0.2413547933101654,0.8718100786209106,-0.8392523527145386,0.4911770820617676,1.1430460214614868,-0.2929468750953674,0.1261939853429794,1.1075214147567749,-0.1629919409751892,0.4876767694950104,1.3794580698013306,-0.5776153802871704,0.0714732185006142,1.3336375951766968,-0.4284937381744385,0.4522306919097900,1.2211997509002686,-1.0698364973068237,0.1194428801536560,1.0851795673370361,-0.9247815012931824,0.4491888880729675,1.1742562055587769,-1.1996099948883057,0.1335398554801941,1.0134519338607788,-1.0654252767562866,0.4508256018161774,1.1411843299865723,-1.2325414419174194,0.1317637264728546,0.9811049103736877,-1.0935051441192627,0.4450157582759857,1.1587826013565063,-1.0951230525970459,0.1332103312015533,1.0072510242462158,-0.9545331001281738,0.3865723907947540,2.0308654308319092,-0.0152142960578203,0.1912353336811066,1.9800903797149658,0.0141325294971466,0.3644391596317291,1.8303669691085815,0.1942524313926697,0.1755752414464951,1.4407047033309937,-0.1243735104799271,0.3304014205932617,1.8972585201263428,0.5785778760910034,0.2374902069568634,1.5630015134811401,0.2690823972225189,0.3522084355354309,1.9548614025115967,0.5991008877754211,0.2570621669292450,1.6404793262481689,0.3069598078727722,0.2424793541431427,1.7751137018203735,0.1277269124984741,0.2468749284744263,1.4403958320617676,0.0181115660816431
0.2658188343048096,0.7991368770599365,-1.1488367319107056,0.3102333545684814,0.7364431023597717,-1.0647530555725098,0.3350311517715454,0.7381728887557983,-1.0657304525375366,0.3566999733448029,0.7427342534065247,-1.0655707120895386,0.2516415119171143,0.7364782094955444,-1.0399463176727295,0.2371207773685455,0.7379201054573059,-1.0412262678146362,0.2240152359008789,0.7394846081733704,-1.0420811176300049,0.4021836817264557,0.7858932614326477,-0.5603223443031311,0.2213381230831146,0.7725200653076172,-0.4464460909366608,0.3073630630970001,0.8802106380462646,-0.9469059109687805,0.2404807358980179,0.8719431757926941,-0.9222519993782043,0.4994984269142151,1.1498810052871704,-0.2998127341270447,0.1257168948650360,1.1317043304443359,-0.1427735090255737,0.5486282110214233,1.5094504356384277,-0.5282202959060669,0.0543861389160156,1.4970022439956665,-0.2423108071088791,0.5425745248794556,1.7635048627853394,-1.0983545780181885,0.0364317037165165,1.6782218217849731,-0.7679520249366760,0.5666080117225647,1.8464753627777100,-1.2492308616638184,0.0189724434167147,1.7362198829650879,-0.9114763140678406,0.5446415543556213,1.8317663669586182,-1.3290619850158691,0.0239343456923962,1.7241972684860229,-1.0133355855941772,0.5278633832931519,1.8019746541976929,-1.1394630670547485,0.0379820577800274,1.7005457878112793,-0.8265148997306824,0.4218414723873138,2.0304939746856689,-0.0300581939518452,0.1904335319995880,1.9830244779586792,0.0289917103946209,0.4336744248867035,2.6895329952239990,-0.3284502625465393,0.1976572126150131,2.5607972145080566,-0.4168032705783844,0.4258337914943695,3.2518451213836670,0.0050255372188985,0.2343750447034836,3.1826252937316895,0.1484107971191406,0.4452082514762878,3.3565788269042969,0.0049909725785255,0.2533653080463409,3.2873337268829346,0.1877716481685638,0.3404319882392883,3.3310961723327637,-0.6097917556762695,0.2429887056350708,3.3003454208374023,-0.0986757725477219
0.2658188343048096,0.7991368770599365,-1.1488367319107056,0.3102333545684814,0.7364431023597717,-1.0647530555725098,0.3350311517715454,0.7381728887557983,-1.0657304525375366,0.3566999733448029,0.7427342534065247,-1.0655707120895386,0.2516415119171143,0.7364782094955444,-1.0399463176727295,0.2371207773685455,0.7379201054573059,-1.0412262678146362,0.2240152359008789,0.7394846081733704,-1.0420811176300049,0.4021836817264557,0.7858932614326477,-0.5603223443031311,0.2213381230831146,0.7725200653076172,-0.4464460909366608,0.3073630630970001,0.8802106380462646,-0.9469059109687805,0.2404807358980179,0.8719431757926941,-0.9222519993782043,0.4994984269142151,1.1498810052871704,-0.2998127341270447,0.1257168948650360,1.1317043304443359,-0.1427735090255737,0.5486282110214233,1.5094504356384277,-0.5282202959060669,0.0543861389160156,1.4970022439956665,-0.2423108071088791,0.5425745248794556,1.7635048627853394,-1.0983545780181885,0.0364317037165165,1.6782218217849731,-0.7679520249366760,0.5666080117225647,1.8464753627777100,-1.2492308616638184,0.0189724434167147,1.7362198829650879,-0.9114763140678406,0.5446415543556213,1.8317663669586182,-1.3290619850158691,0.0239343456923962,1.7241972684860229,-1.0133355855941772,0.5278633832931519,1.8019746541976929,-1.1394630670547485,0.0379820577800274,1.7005457878112793,-0.8265148997306824,0.4218414723873138,2.0304939746856689,-0.0300581939518452,0.1904335319995880,1.9830244779586792,0.0289917103946209,0.4336744248867035,2.6895329952239990,-0.3284502625465393,0.1976572126150131,2.5607972145080566,-0.4168032705783844,0.4258337914943695,3.2518451213836670,0.0050255372188985,0.2343750447034836,3.1826252937316895,0.1484107971191406,0.4452082514762878,3.3565788269042969,0.0049909725785255,0.2533653080463409,3.2873337268829346,0.1877716481685638,0.3404319882392883,3.3310961723327637,-0.6097917556762695,0.2429887056350708,3.3003454208374023,-0.0986757725477219
0.2658467590808868,0.7993672490119934,-1.0873878002166748,0.3101694285869598,0.7359388470649719,-1.0103538036346436,0.3349201381206512,0.7375794649124146,-1.0115218162536621,0.3566413521766663,0.7424840331077576,-1.0114271640777588,0.2522652745246887,0.7353073358535767,-0.9850681424140930,0.2375440299510956,0.7365253567695618,-0.9863110780715942,0.2240139544010162,0.7384552359580994,-0.9874016046524048,0.4032601416110992,0.7861562967300415,-0.5515773296356201,0.2218928337097168,0.7722696661949158,-0.4409704208374023,0.3071728050708771,0.8804456591606140,-0.9074407815933228,0.2403995692729950,0.8724431991577148,-0.8837885856628418,0.4907478392124176,1.1515445709228516,-0.3441001772880554,0.1392916738986969,1.1314888000488281,-0.1442200243473053,0.4796149134635925,1.3865026235580444,-0.6726991534233093,0.0674623250961304,1.3637330532073975,-0.4537735581398010,0.3733992278575897,1.1975859403610229,-1.1466927528381348,0.0581533089280128,1.1344300508499146,-1.0799564123153687,0.3457686007022858,1.1430411338806152,-1.2920744419097900,0.0518745370209217,1.0619539022445679,-1.2447583675384521,0.3493766188621521,1.1041550636291504,-1.3285781145095825,0.0478108748793602,1.0253479480743408,-1.2693908214569092,0.3533372581005096,1.1252720355987549,-1.1703114509582520,0.0815728977322578,1.0111173391342163,-1.1148402690887451,0.3897486925125122,2.0416688919067383,-0.0376112982630730,0.1947322338819504,1.9888554811477661,0.0364356003701687,0.3254092931747437,1.8401951789855957,0.1142113432288170,0.1902736723423004,1.4519585371017456,-0.0731809660792351,0.3235502839088440,1.9438742399215698,0.4873127043247223,0.2654859423637390,1.6013783216476440,0.4340575635433197,0.3617127537727356,2.0030121803283691,0.5105977654457092,0.2925301790237427,1.6778701543807983,0.4816184639930725,0.2198432981967926,1.8492391109466553,0.0865529328584671,0.2639297544956207,1.5091875791549683,0.1630076020956039
0.2668882012367249,0.7991445660591125,-1.0990549325942993,0.3102284073829651,0.7365643978118896,-1.0184303522109985,0.3348758816719055,0.7381264567375183,-1.0193898677825928,0.3566439747810364,0.7424723505973816,-1.0193037986755371,0.2528895437717438,0.7362856268882751,-0.9983718991279602,0.2378481626510620,0.7376607656478882,-0.9997032880783081,0.2241814136505127,0.7395160794258118,-1.0006085634231567,0.4014951288700104,0.7844836711883545,-0.5503495931625366,0.2219563275575638,0.7729527354240417,-0.4426012635231018,0.3077622950077057,0.8789969682693481,-0.9083930253982544,0.2444915473461151,0.8724278807640076,-0.8893039822578430,0.5131135582923889,1.1486361026763916,-0.2672861516475677,0.1372023522853851,1.1437114477157593,-0.1497293114662170,0.5920983552932739,1.4799100160598755,-0.3874021172523499,0.0625639334321022,1.5432116985321045,-0.3094645738601685,0.5944591164588928,1.7141966819763184,-0.9133180379867554,0.0349231213331223,1.7314200401306152,-0.8601219058036804,0.6175454854965210,1.7897962331771851,-1.0371531248092651,0.0161429997533560,1.7910189628601074,-1.0007593631744385,0.5972863435745239,1.7687267065048218,-1.1251271963119507,0.0217414330691099,1.7731734514236450,-1.0957839488983154,0.5821565985679626,1.7449758052825928,-0.9565993547439575,0.0428305603563786,1.7486227750778198,-0.9158740043640137,0.4342922568321228,2.0215091705322266,-0.0282092802226543,0.1991245448589325,1.9885494709014893,0.0271571986377239,0.4094681143760681,2.6625339984893799,-0.1653258800506592,0.2154460251331329,2.5183491706848145,-0.6480317115783691,0.4169286191463470,3.2475678920745850,0.1203621029853821,0.2594934403896332,3.1757380962371826,-0.2706162631511688,0.4390178620815277,3.3573591709136963,0.1170994490385056,0.2648529410362244,3.2893230915069580,-0.2505472302436829,0.3483919203281403,3.3271455764770508,-0.4260807037353516,0.2578982710838318,3.2804684638977051,-0.7228107452392578
0.2669155299663544,0.7988559007644653,-0.9808186292648315,0.3101856112480164,0.7361733913421631,-0.9140963554382324,0.3347550928592682,0.7375642061233521,-0.9152234792709351,0.3565313220024109,0.7420629262924194,-0.9150420427322388,0.2532450854778290,0.7357293963432312,-0.8930419087409973,0.2382189333438873,0.7370976209640503,-0.8942882418632507,0.2243285179138184,0.7391689419746399,-0.8952844738960266,0.4022332131862640,0.7845168709754944,-0.5005598068237305,0.2228757441043854,0.7724398970603943,-0.4041661322116852,0.3073912262916565,0.8787926435470581,-0.8136354684829712,0.2444858849048615,0.8719329237937927,-0.7954888939857483,0.5031155943870544,1.1419731378555298,-0.2713343203067780,0.1370519101619720,1.1164600849151611,-0.1442828774452209,0.5419269204139709,1.3679866790771484,-0.5126881599426270,0.0826280415058136,1.3447017669677734,-0.3034186065196991,0.4503422677516937,1.2244693040847778,-0.9461310505867004,0.1157766357064247,1.1325620412826538,-0.7381572723388672,0.4257871508598328,1.1863784790039062,-1.0605882406234741,0.1281521618366241,1.0709412097930908,-0.8671763539314270,0.4234458804130554,1.1420491933822632,-1.1723017692565918,0.1233915314078331,1.0312116146087646,-0.9039236903190613,0.4259862303733826,1.1584717035293579,-0.9800599217414856,0.1248294487595558,1.0548334121704102,-0.7697760462760925,0.4169464707374573,2.0161926746368408,-0.0280057080090046,0.2053888291120529,1.9744312763214111,0.0269320160150528,0.4038259088993073,1.8749575614929199,0.0791021063923836,0.2079207152128220,1.4198831319808960,-0.3309593498706818,0.3874449133872986,2.0875172615051270,0.3794542551040649,0.2961792647838593,1.6843910217285156,0.1679984480142593,0.4092469811439514,2.1598029136657715,0.3988558053970337,0.3171132504940033,1.7711017131805420,0.2218844145536423,0.3194443583488464,2.0189561843872070,0.0427300408482552,0.3109813034534454,1.6169887781143188,-0.0169416479766369
0.2669155299663544,0.7988559007644653,-0.9808186292648315,0.3101856112480164,0.7361733913421631,-0.9140963554382324,0.3347550928592682,0.7375642061233521,-0.9152234792709351,0.3565313220024109,0.7420629262924194,-0.9150420427322388,0.2532450854778290,0.7357293963432312,-0.8930419087409973,0.2382189333438873,0.7370976209640503,-0.8942882418632507,0.2243285179138184,0.7391689419746399,-0.8952844738960266,0.4022332131862640,0.7845168709754944,-0.5005598068237305,0.2228757441043854,0.7724398970603943,-0.4041661322116852,0.3073912262916565,0.8787926435470581,-0.8136354684829712,0.2444858849048615,0.8719329237937927,-0.7954888939857483,0.5031155943870544,1.1419731378555298,-0.2713343203067780,0.1370519101619720,1.1164600849151611,-0.1442828774452209,0.5419269204139709,1.3679866790771484,-0.5126881599426270,0.0826280415058136,1.3447017669677734,-0.3034186065196991,0.4503422677516937,1.2244693040847778,-0.9461310505867004,0.1157766357064247,1.1325620412826538,-0.7381572723388672,0.4257871508598328,1.1863784790039062,-1.0605882406234741,0.1281521618366241,1.0709412097930908,-0.8671763539314270,0.4234458804130554,1.1420491933822632,-1.1723017692565918,0.1233915314078331,1.0312116146087646,-0.9039236903190613,0.4259862303733826,1.1584717035293579,-0.9800599217414856,0.1248294487595558,1.0548334121704102,-0.7697760462760925,0.4169464707374573,2.0161926746368408,-0.0280057080090046,0.2053888291120529,1.9744312763214111,0.0269320160150528,0.4038259088993073,1.8749575614929199,0.0791021063923836,0.2079207152128220,1.4198831319808960,-0.3309593498706818,0.3874449133872986,2.0875172615051270,0.3794542551040649,0.2961792647838593,1.6843910217285156,0.1679984480142593,0.4092469811439514,2.1598029136657715,0.3988558053970337,0.3171132504940033,1.7711017131805420,0.2218844145536423,0.3194443583488464,2.0189561843872070,0.0427300408482552,0.3109813034534454,1.6169887781143188,-0.0169416479766369
0.2669125795364380,0.7991981506347656,-1.0113580226898193,0.3098914027214050,0.7359549403190613,-0.9415443539619446,0.3341081142425537,0.7372003793716431,-0.9426819086074829,0.3562985360622406,0.7414581179618835,-0.9424821138381958,0.2532824873924255,0.7354553937911987,-0.9162533879280090,0.2382262647151947,0.7368360757827759,-0.9174848794937134,0.2243213653564453,0.7389411330223083,-0.9184814691543579,0.4024670720100403,0.7843852639198303,-0.5103787183761597,0.2229018211364746,0.7724405527114868,-0.4003767073154449,0.3069872856140137,0.8789381384849548,-0.8382620811462402,0.2441417723894119,0.8723431229591370,-0.8154198527336121,0.5021998286247253,1.1417872905731201,-0.2903092503547668,0.1446582376956940,1.1206983327865601,-0.1370808035135269,0.5426278710365295,1.3418697118759155,-0.6459773778915405,0.0957297682762146,1.3704568147659302,-0.3068007528781891,0.4666629731655121,1.2644690275192261,-1.2436040639877319,0.1151568740606308,1.2224552631378174,-0.8120643496513367,0.4539562165737152,1.2419352531433105,-1.4030456542968750,0.1209771186113358,1.1777564287185669,-0.9602052569389343,0.4475884437561035,1.2048602104187012,-1.4455145597457886,0.1179469078779221,1.1332670450210571,-1.0126891136169434,0.4455460608005524,1.2181760072708130,-1.2744954824447632,0.1214816942811012,1.1496613025665283,-0.8527263402938843,0.4159046113491058,2.0229353904724121,-0.0245396848767996,0.2104112207889557,1.9795867204666138,0.0235170796513557,0.3824170827865601,1.9943343400955200,0.1504339128732681,0.2216527163982391,1.5640027523040771,-0.3626682162284851,0.3908307254314423,2.3326780796051025,0.5797844529151917,0.3402888476848602,1.9694125652313232,0.1626280397176743,0.4191218316555023,2.4237864017486572,0.6067851781845093,0.3605429232120514,2.0712671279907227,0.1927060633897781,0.3212517499923706,2.2830145359039307,0.2072651833295822,0.3694464564323425,1.9293237924575806,-0.1629769057035446
0.2671147286891937,0.7985837459564209,-1.0253198146820068,0.3101771771907806,0.7359339594841003,-0.9559000134468079,0.3342213034629822,0.7372106909751892,-0.9570703506469727,0.3564889729022980,0.7413160800933838,-0.9568794965744019,0.2531798779964447,0.7354210019111633,-0.9323716163635254,0.2380224168300629,0.7368037700653076,-0.9336214065551758,0.2243220061063766,0.7388666868209839,-0.9346543550491333,0.4010469913482666,0.7842701673507690,-0.5182645320892334,0.2225075960159302,0.7724794149398804,-0.4125328063964844,0.3070763945579529,0.8782532215118408,-0.8498102426528931,0.2441265285015106,0.8719128370285034,-0.8287119865417480,0.4967288970947266,1.1428024768829346,-0.2887836098670959,0.1430659592151642,1.1296390295028687,-0.1413933485746384,0.5456554293632507,1.3581790924072266,-0.5734785795211792,0.0921901911497116,1.3888072967529297,-0.3029285073280334,0.5187279582023621,1.3188533782958984,-1.1692578792572021,0.1051023453474045,1.2084305286407471,-0.8110130429267883,0.5189682245254517,1.3060809373855591,-1.3239295482635498,0.1070640459656715,1.1522501707077026,-0.9603589773178101,0.5125053524971008,1.2712013721466064,-1.3904442787170410,0.1055325418710709,1.1053302288055420,-1.0195914506912231,0.5060638189315796,1.2795840501785278,-1.2151174545288086,0.1137611642479897,1.1261686086654663,-0.8543917536735535,0.4020915031433105,2.0505392551422119,-0.0243874434381723,0.2098384648561478,2.0082287788391113,0.0233494527637959,0.3429261445999146,1.9741090536117554,0.1085966974496841,0.2030697762966156,1.5481473207473755,-0.3172855079174042,0.3445429205894470,2.3110775947570801,0.4640515744686127,0.3317113518714905,1.9704430103302002,0.1513431519269943,0.3696027100086212,2.4092185497283936,0.4812943339347839,0.3565802276134491,2.0806107521057129,0.1923582106828690,0.2817083299160004,2.2380611896514893,0.0511156916618347,0.3569564521312714,1.9210085868835449,-0.1272320449352264
0.2671147286891937,0.7985837459564209,-1.0253198146820068,0.3101771771907806,0.7359339594841003,-0.9559000134468079,0.3342213034629822,0.7372106909751892,-0.9570703506469727,0.3564889729022980,0.7413160800933838,-0.9568794965744019,0.2531798779964447,0.7354210019111633,-0.9323716163635254,0.2380224168300629,0.7368037700653076,-0.9336214065551758,0.2243220061063766,0.7388666868209839,-0.9346543550491333,0.4010469913482666,0.7842701673507690,-0.5182645320892334,0.2225075960159302,0.7724794149398804,-0.4125328063964844,0.3070763945579529,0.8782532215118408,-0.8498102426528931,0.2441265285015106,0.8719128370285034,-0.8287119865417480,0.4967288970947266,1.1428024768829346,-0.2887836098670959,0.1430659592151642,1.1296390295028687,-0.1413933485746384,0.5456554293632507,1.3581790924072266,-0.5734785795211792,0.0921901911497116,1.3888072967529297,-0.3029285073280334,0.5187279582023621,1.3188533782958984,-1.1692578792572021,0.1051023453474045,1.2084305286407471,-0.8110130429267883,0.5189682245254517,1.3060809373855591,-1.3239295482635498,0.1070640459656715,1.1522501707077026,-0.9603589773178101,0.5125053524971008,1.2712013721466064,-1.3904442787170410,0.1055325418710709,1.1053302288055420,-1.0195914506912231,0.5060638189315796,1.2795840501785278,-1.2151174545288086,0.1137611642479897,1.1261686086654663,-0.8543917536735535,0.4020915031433105,2.0505392551422119,-0.0243874434381723,0.2098384648561478,2.0082287788391113,0.0233494527637959,0.3429261445999146,1.9741090536117554,0.1085966974496841,0.2030697762966156,1.5481473207473755,-0.3172855079174042,0.3445429205894470,2.3110775947570801,0.4640515744686127,0.3317113518714905,1.9704430103302002,0.1513431519269943,0.3696027100086212,2.4092185497283936,0.4812943339347839,0.3565802276134491,2.0806107521057129,0.1923582106828690,0.2817083299160004,2.2380611896514893,0.0511156916618347,0.3569564521312714,1.9210085868835449,-0.1272320449352264
0.2646817564964294,0.7996364831924438,-1.1533600091934204,0.3070707917213440,0.7379465103149414,-1.0664856433868408,0.3316439390182495,0.7394729256629944,-1.0675292015075684,0.3542037308216095,0.7433502674102783,-1.0673450231552124,0.2500578165054321,0.7369123101234436,-1.0424941778182983,0.2358230352401733,0.7381451725959778,-1.0437589883804321,0.2231226861476898,0.7401587367057800,-1.0446226596832275,0.3984010815620422,0.7846425175666809,-0.5501498579978943,0.2220145761966705,0.7738682031631470,-0.4372842907905579,0.3058304488658905,0.8795030117034912,-0.9468391537666321,0.2419136315584183,0.8735999464988708,-0.9243544340133667,0.5046046972274780,1.1501783132553101,-0.2850907146930695,0.1343328207731247,1.1508995294570923,-0.1419317573308945,0.5851492881774902,1.4887844324111938,-0.4684014916419983,0.0608790740370750,1.5247590541839600,-0.3836358487606049,0.5925538539886475,1.7488307952880859,-1.1153110265731812,0.0306355468928814,1.6534475088119507,-1.1562080383300781,0.6171080470085144,1.8311449289321899,-1.2854361534118652,0.0077135851606727,1.6993763446807861,-1.3493113517761230,0.5930050611495972,1.8163720369338989,-1.3564144372940063,0.0189450681209564,1.6780447959899902,-1.4404150247573853,0.5771877169609070,1.7881259918212891,-1.1833274364471436,0.0362083017826080,1.6602803468704224,-1.2183270454406738,0.4269534051418304,2.0490801334381104,-0.0251547452062368,0.2049184590578079,2.0098061561584473,0.0241364855319262,0.3787410259246826,2.7050354480743408,-0.2285384684801102,0.2028094828128815,2.5364019870758057,-0.5041514635086060,0.3769027590751648,3.3008887767791748,0.2287372648715973,0.2085897475481033,3.2012159824371338,0.0775736123323441,0.3975741863250732,3.4093406200408936,0.2402115762233734,0.2105026245117188,3.3152647018432617,0.1139098852872849,0.3004721999168396,3.3842072486877441,-0.3675795197486877,0.2096078842878342,3.3148646354675293,-0.4038690626621246
0.2626652419567108,0.7992303371429443,-0.9799571037292480,0.3048207461833954,0.7375854849815369,-0.9276507496833801,0.3285158872604370,0.7392510771751404,-0.9288290143013000,0.3520257472991943,0.7432081103324890,-0.9285535812377930,0.2500163316726685,0.7348267436027527,-0.8788155317306519,0.2357119619846344,0.7354694008827209,-0.8800476789474487,0.2228035628795624,0.7370861768722534,-0.8809033632278442,0.3984806537628174,0.7844372391700745,-0.5387879014015198,0.2251866310834885,0.7692253589630127,-0.3324342370033264,0.3020138144493103,0.8791602253913879,-0.8231924772262573,0.2408111542463303,0.8722925782203674,-0.7707720398902893,0.4991044104099274,1.1407685279846191,-0.3761517405509949,0.1450612545013428,1.1368186473846436,0.0346345305442810,0.5517792105674744,1.4312657117843628,-0.7362446784973145,0.0981532558798790,1.4229315519332886,0.0200587939471006,0.4832531511783600,1.3414497375488281,-1.3096047639846802,0.0873559936881065,1.3550623655319214,-0.3975929617881775,0.4725286960601807,1.3069683313369751,-1.4733893871307373,0.0777878910303116,1.3287519216537476,-0.5157480835914612,0.4650552272796631,1.2673610448837280,-1.4940159320831299,0.0772894695401192,1.2978022098541260,-0.5923882722854614,0.4630576968193054,1.2870595455169678,-1.3316822052001953,0.0867914408445358,1.3087807893753052,-0.4468064904212952,0.4254232347011566,2.0473742485046387,-0.0873008072376251,0.2059580981731415,2.0027852058410645,0.0862130969762802,0.3783590793609619,2.3462822437286377,0.0560690760612488,0.1551778614521027,1.8515200614929199,-0.4643383920192719,0.3440096676349640,2.8881914615631104,0.5286066532135010,0.1820372194051743,2.4771120548248291,0.0895404368638992,0.3661523461341858,3.0498671531677246,0.5570885539054871,0.1964752227067947,2.6128370761871338,0.1340221315622330,0.2455746680498123,2.8012948036193848,0.1588473320007324,0.1592980921268463,2.5077278614044189,-0.1855079829692841
0.2623121440410614,0.7991477847099304,-0.9634397625923157,0.3047481179237366,0.7375630736351013,-0.8988011479377747,0.3284087479114532,0.7392369508743286,-0.8999842405319214,0.3519786894321442,0.7431852817535400,-0.8997611999511719,0.2498846501111984,0.7347783446311951,-0.8660876154899597,0.2354261130094528,0.7354544401168823,-0.8673354983329773,0.2226071804761887,0.7370992898941040,-0.8683249354362488,0.3984879851341248,0.7849054336547852,-0.4912562966346741,0.2251834422349930,0.7699095606803894,-0.3437589406967163,0.3011584877967834,0.8791438937187195,-0.7987911105155945,0.2397696524858475,0.8722421526908875,-0.7658472061157227,0.4978272020816803,1.1429557800292969,-0.3211500346660614,0.1473405063152313,1.1367894411087036,0.0026498120278120,0.5180858373641968,1.3883353471755981,-0.6854921579360962,0.1050957068800926,1.3906477689743042,-0.1843512505292892,0.4513138830661774,1.2360002994537354,-1.2738988399505615,0.1007763519883156,1.1856958866119385,-0.4471615850925446,0.4391373693943024,1.1888095140457153,-1.4120402336120605,0.0964075475931168,1.1163656711578369,-0.5199403762817383,0.4392197728157043,1.1561309099197388,-1.4071375131607056,0.0896863713860512,1.0804398059844971,-0.7480035424232483,0.4371315836906433,1.1760882139205933,-1.2842280864715576,0.0972575545310974,1.1056267023086548,-0.4975198209285736,0.4148583412170410,2.0533900260925293,-0.0662458613514900,0.2062491476535797,2.0072677135467529,0.0650797337293625,0.3590797781944275,1.9563232660293579,0.1088370233774185,0.1567271649837494,1.5446745157241821,-0.3788390755653381,0.3425891697406769,2.2052190303802490,0.5153297185897827,0.2485036104917526,1.8094747066497803,0.1462664306163788,0.3674289882183075,2.3031790256500244,0.5391043424606323,0.2770843803882599,1.9103306531906128,0.1954748183488846,0.2504858970642090,2.0777716636657715,0.1400744169950485,0.2288738042116165,1.6890949010848999,-0.0977610796689987
0.2623020112514496,0.7987976670265198,-1.1052978038787842,0.3047645390033722,0.7377461791038513,-1.0322334766387939,0.3283573985099792,0.7396812438964844,-1.0332853794097900,0.3519152998924255,0.7434516549110413,-1.0330667495727539,0.2497010231018066,0.7350642085075378,-0.9974171519279480,0.2352516204118729,0.7357871532440186,-0.9987505078315735,0.2226053774356842,0.7372084259986877,-0.9995642900466919,0.3973661065101624,0.7847164869308472,-0.5634431838989258,0.2251408398151398,0.7698755264282227,-0.4010854363441467,0.3011727333068848,0.8790947198867798,-0.9155580401420593,0.2397739142179489,0.8708430528640747,-0.8792354464530945,0.5088925957679749,1.1434772014617920,-0.3229618668556213,0.1455729901790619,1.1451110839843750,-0.0143406707793474,0.5650224685668945,1.5008224248886108,-0.5677984952926636,0.0906701385974884,1.5460387468338013,-0.1886165440082550,0.5399824380874634,1.7384175062179565,-1.1995400190353394,0.0616971850395203,1.6687661409378052,-0.8353111147880554,0.5569881796836853,1.8148990869522095,-1.3522398471832275,0.0439723655581474,1.7101813554763794,-0.9911575317382812,0.5366858243942261,1.7954113483428955,-1.3943318128585815,0.0455253012478352,1.6840018033981323,-1.1265577077865601,0.5236474275588989,1.7702940702438354,-1.2390353679656982,0.0593147203326225,1.6673676967620850,-0.9036723971366882,0.4319478571414948,2.0516653060913086,-0.0655794888734818,0.2032781839370728,2.0068640708923340,0.0645359605550766,0.3953254520893097,2.6978609561920166,-0.1960736811161041,0.1821582168340683,2.4950394630432129,-0.6301696300506592,0.3808158040046692,3.2795279026031494,0.2065954953432083,0.1984584033489227,3.1661031246185303,-0.1438087522983551,0.3964095115661621,3.3874130249023438,0.2143620252609253,0.1992969214916229,3.2830841541290283,-0.1126551032066345,0.3061123788356781,3.3596186637878418,-0.3494708538055420,0.1975687146186829,3.2738404273986816,-0.5947713851928711
0.2623020112514496,0.7987976670265198,-1.1052978038787842,0.3047645390033722,0.7377461791038513,-1.0322334766387939,0.3283573985099792,0.7396812438964844,-1.0332853794097900,0.3519152998924255,0.7434516549110413,-1.0330667495727539,0.2497010231018066,0.7350642085075378,-0.9974171519279480,0.2352516204118729,0.7357871532440186,-0.9987505078315735,0.2226053774356842,0.7372084259986877,-0.9995642900466919,0.3973661065101624,0.7847164869308472,-0.5634431838989258,0.2251408398151398,0.7698755264282227,-0.4010854363441467,0.3011727333068848,0.8790947198867798,-0.9155580401420593,0.2397739142179489,0.8708430528640747,-0.8792354464530945,0.5088925957679749,1.1434772014617920,-0.3229618668556213,0.1455729901790619,1.1451110839843750,-0.0143406707793474,0.5650224685668945,1.5008224248886108,-0.5677984952926636,0.0906701385974884,1.5460387468338013,-0.1886165440082550,0.5399824380874634,1.7384175062179565,-1.1995400190353394,0.0616971850395203,1.6687661409378052,-0.8353111147880554,0.5569881796836853,1.8148990869522095,-1.3522398471832275,0.0439723655581474,1.7101813554763794,-0.9911575317382812,0.5366858243942261,1.7954113483428955,-1.3943318128585815,0.0455253012478352,1.6840018033981323,-1.1265577077865601,0.5236474275588989,1.7702940702438354,-1.2390353679656982,0.0593147203326225,1.6673676967620850,-0.9036723971366882,0.4319478571414948,2.0516653060913086,-0.0655794888734818,0.2032781839370728,2.0068640708923340,0.0645359605550766,0.3953254520893097,2.6978609561920166,-0.1960736811161041,0.1821582168340683,2.4950394630432129,-0.6301696300506592,0.3808158040046692,3.2795279026031494,0.2065954953432083,0.1984584033489227,3.1661031246185303,-0.1438087522983551,0.3964095115661621,3.3874130249023438,0.2143620252609253,0.1992969214916229,3.2830841541290283,-0.1126551032066345,0.3061123788356781,3.3596186637878418,-0.3494708538055420,0.1975687146186829,3.2738404273986816,-0.5947713851928711
0.2621724009513855,0.7979442477226257,-0.9762789607048035,0.3047821223735809,0.7375395298004150,-0.8992617726325989,0.3283492624759674,0.7395756244659424,-0.9004041552543640,0.3518605232238770,0.7433798313140869,-0.9002426266670227,0.2495791614055634,0.7349204421043396,-0.8740766644477844,0.2351984083652496,0.7355849742889404,-0.8753293156623840,0.2226069271564484,0.7368852496147156,-0.8762637972831726,0.3973581194877625,0.7847022414207458,-0.4541986882686615,0.2248227149248123,0.7695947289466858,-0.3396310806274414,0.3011829555034637,0.8783864974975586,-0.7997714281082153,0.2395569086074829,0.8697739839553833,-0.7763010263442993,0.4969810843467712,1.1436895132064819,-0.2492677718400955,0.1263974457979202,1.1342545747756958,-0.0385175235569477,0.5866270065307617,1.3479704856872559,-0.5491902232170105,0.0720170214772224,1.3930881023406982,-0.2022289782762527,0.6592303514480591,1.1679248809814453,-1.1929856538772583,0.0521255731582642,1.2186472415924072,-0.7555313110351562,0.6895216107368469,1.1089488267898560,-1.3385578393936157,0.0417919233441353,1.1682866811752319,-0.9006032943725586,0.6850005388259888,1.0750571489334106,-1.3830002546310425,0.0403800979256630,1.1251622438430786,-0.9830203056335449,0.6691807508468628,1.0976276397705078,-1.2227094173431396,0.0486068502068520,1.1424975395202637,-0.8103048205375671,0.3896493017673492,2.0516836643218994,-0.0634655430912971,0.1956460475921631,2.0075182914733887,0.0625488162040710,0.3618665933609009,1.9047939777374268,0.0280165132135153,0.1805133521556854,1.5128265619277954,-0.1480948626995087,0.3601534962654114,2.1146214008331299,0.4945809245109558,0.2401193380355835,1.7780659198760986,0.3981770873069763,0.3825951814651489,2.1967549324035645,0.5241960287094116,0.2597866654396057,1.8775187730789185,0.4473869800567627,0.2937121987342834,2.0107538700103760,0.0922926440834999,0.2434382736682892,1.6738022565841675,0.1098436340689659
0.2582807242870331,0.7978246808052063,-1.1522057056427002,0.3035699725151062,0.7374774813652039,-1.0788302421569824,0.3276159763336182,0.7394682168960571,-1.0796815156936646,0.3509687185287476,0.7431029081344604,-1.0794780254364014,0.2465676963329315,0.7349342703819275,-1.0415097475051880,0.2330465316772461,0.7355671525001526,-1.0428178310394287,0.2215276658535004,0.7368439435958862,-1.0435968637466431,0.3955860733985901,0.7830842137336731,-0.6160262823104858,0.2243735492229462,0.7682675719261169,-0.4348305165767670,0.2992275357246399,0.8765913844108582,-0.9652344584465027,0.2373282164335251,0.8689192533493042,-0.9222251772880554,0.5131496787071228,1.1105579137802124,-0.3633179962635040,0.1161505430936813,1.1222188472747803,-0.0633053705096245,0.5929419994354248,1.5220170021057129,-0.5614591836929321,0.0584201402962208,1.5085109472274780,-0.1384068131446838,0.6172147393226624,1.8302249908447266,-1.1906144618988037,0.0055879810824990,1.7771188020706177,-0.6387425065040588,0.6434314250946045,1.9247680902481079,-1.3465281724929810,-0.0232970118522644,1.8567215204238892,-0.7658878564834595,0.6258522272109985,1.9145506620407104,-1.4303725957870483,-0.0174458753317595,1.8544975519180298,-0.8874596357345581,0.6119072437286377,1.8794100284576416,-1.2335177659988403,0.0017738133901730,1.8242238759994507,-0.7043629884719849,0.4398870468139648,1.9766827821731567,-0.0857559889554977,0.1925934851169586,1.9513527154922485,0.0845897719264030,0.4566032886505127,2.6584680080413818,-0.5263665318489075,0.1966947615146637,2.5989713668823242,-0.2657338082790375,0.4479233622550964,3.2690215110778809,-0.3806904852390289,0.2247441709041595,3.2397146224975586,0.4033061563968658,0.4693361222743988,3.3750860691070557,-0.4010322690010071,0.2345921099185944,3.3414113521575928,0.4567235410213470,0.3536339104175568,3.3751475811004639,-1.0526258945465088,0.2148596346378326,3.3881943225860596,0.0253494195640087
0.2586154341697693,0.7953320145606995,-1.0752594470977783,0.3039773106575012,0.7353000044822693,-1.0198366641998291,0.3276483416557312,0.7378572225570679,-1.0209330320358276,0.3509876430034637,0.7427161931991577,-1.0206357240676880,0.2468624860048294,0.7339130043983459,-0.9767392277717590,0.2334917485713959,0.7350448966026306,-0.9780112504959106,0.2222148180007935,0.7364336252212524,-0.9788200259208679,0.3953714966773987,0.7832831740379333,-0.6017057895660400,0.2255083024501801,0.7682333588600159,-0.4192794859409332,0.2994772791862488,0.8744229078292847,-0.9117823839187622,0.2372813522815704,0.8671373724937439,-0.8650976419448853,0.5071181058883667,1.1122375726699829,-0.3560852408409119,0.1163702011108398,1.1163150072097778,-0.0544455274939537,0.5872679948806763,1.4815412759780884,-0.5582866072654724,0.0720966160297394,1.4985804557800293,-0.1434720158576965,0.5673871040344238,1.7415837049484253,-1.0972706079483032,0.0470463633537292,1.6276473999023438,-0.6581463217735291,0.5744490027427673,1.7771391868591309,-1.2321221828460693,0.0318907722830772,1.6496899127960205,-0.7927799224853516,0.5575734376907349,1.7882905006408691,-1.2955495119094849,0.0354103371500969,1.6060153245925903,-0.8847253918647766,0.5518123507499695,1.7616361379623413,-1.1298447847366333,0.0473989993333817,1.6041069030761719,-0.7138439416885376,0.4188074171543121,1.9819622039794922,-0.0814768001437187,0.1888726949691772,1.9518359899520874,0.0803208798170090,0.3215614855289459,2.4898438453674316,-0.0282982178032398,0.1538554131984711,2.5060665607452393,-0.5012911558151245,0.2955085933208466,2.9831774234771729,0.3859118521213531,0.1342190057039261,2.8164689540863037,-0.1473079770803452,0.3208251595497131,3.0896711349487305,0.4024039208889008,0.1405396908521652,2.9194738864898682,-0.1211479306221008,0.1927513033151627,3.0093011856079102,-0.0252908654510975,0.1046020016074181,2.8731322288513184,-0.4779773652553558
0.2586154341697693,0.7953320145606995,-1.0752594470977783,0.3039773106575012,0.7353000044822693,-1.0198366641998291,0.3276483416557312,0.7378572225570679,-1.0209330320358276,0.3509876430034637,0.7427161931991577,-1.0206357240676880,0.2468624860048294,0.7339130043983459,-0.9767392277717590,0.2334917485713959,0.7350448966026306,-0.9780112504959106,0.2222148180007935,0.7364336252212524,-0.9788200259208679,0.3953714966773987,0.7832831740379333,-0.6017057895660400,0.2255083024501801,0.7682333588600159,-0.4192794859409332,0.2994772791862488,0.8744229078292847,-0.9117823839187622,0.2372813522815704,0.8671373724937439,-0.8650976419448853,0.5071181058883667,1.1122375726699829,-0.3560852408409119,0.1163702011108398,1.1163150072097778,-0.0544455274939537,0.5872679948806763,1.4815412759780884,-0.5582866072654724,0.0720966160297394,1.4985804557800293,-0.1434720158576965,0.5673871040344238,1.7415837049484253,-1.0972706079483032,0.0470463633537292,1.6276473999023438,-0.6581463217735291,0.5744490027427673,1.7771391868591309,-1.2321221828460693,0.0318907722830772,1.6496899127960205,-0.7927799224853516,0.5575734376907349,1.7882905006408691,-1.2955495119094849,0.0354103371500969,1.6060153245925903,-0.8847253918647766,0.5518123507499695,1.7616361379623413,-1.1298447847366333,0.0473989993333817,1.6041069030761719,-0.7138439416885376,0.4188074171543121,1.9819622039794922,-0.0814768001437187,0.1888726949691772,1.9518359899520874,0.0803208798170090,0.3215614855289459,2.4898438453674316,-0.0282982178032398,0.1538554131984711,2.5060665607452393,-0.5012911558151245,0.2955085933208466,2.9831774234771729,0.3859118521213531,0.1342190057039261,2.8164689540863037,-0.1473079770803452,0.3208251595497131,3.0896711349487305,0.4024039208889008,0.1405396908521652,2.9194738864898682,-0.1211479306221008,0.1927513033151627,3.0093011856079102,-0.0252908654510975,0.1046020016074181,2.8731322288513184,-0.4779773652553558
0.2586290240287781,0.7950866818428040,-1.0838929414749146,0.3037972152233124,0.7347595691680908,-1.0187513828277588,0.3274931609630585,0.7372347116470337,-1.0197937488555908,0.3507600426673889,0.7420375943183899,-1.0195548534393311,0.2470247000455856,0.7335324883460999,-0.9763776063919067,0.2337505817413330,0.7346542477607727,-0.9776645898818970,0.2226953804492950,0.7360370159149170,-0.9784828424453735,0.3953697681427002,0.7828122973442078,-0.5884967446327209,0.2261734902858734,0.7681967020034790,-0.3721633553504944,0.2995948493480682,0.8739739656448364,-0.9079028964042664,0.2372443675994873,0.8667619824409485,-0.8635970950126648,0.5189734101295471,1.1195946931838989,-0.3328555226325989,0.1161425486207008,1.1186276674270630,0.0166940204799175,0.5862129926681519,1.4977709054946899,-0.5450956225395203,0.0723512768745422,1.5479015111923218,-0.0540627241134644,0.5686269998550415,1.7080532312393188,-1.1308499574661255,0.0438191927969456,1.7124937772750854,-0.6385420560836792,0.5799762010574341,1.7628848552703857,-1.2905974388122559,0.0259832926094532,1.7601337432861328,-0.7794379591941833,0.5648260712623596,1.7430335283279419,-1.3697154521942139,0.0270870383828878,1.7355496883392334,-0.8853109478950500,0.5562051534652710,1.7225250005722046,-1.1712890863418579,0.0414400026202202,1.7162814140319824,-0.7007549405097961,0.4384298920631409,1.9832495450973511,-0.0925895646214485,0.1911989301443100,1.9524874687194824,0.0914730578660965,0.3595034480094910,2.6776304244995117,-0.4468915462493896,0.1743579655885696,2.5214562416076660,-0.5628617405891418,0.3522132933139801,3.2662243843078613,-0.0677409693598747,0.1566735357046127,3.1518836021423340,-0.0891802832484245,0.3768490850925446,3.3782887458801270,-0.0630940794944763,0.1648147255182266,3.2788567543029785,-0.0582224316895008,0.2450980693101883,3.3371362686157227,-0.6471993327140808,0.1265257298946381,3.2290098667144775,-0.5153612494468689
0.2586517632007599,0.7950504422187805,-1.0730758905410767,0.3032920956611633,0.7347365617752075,-1.0139756202697754,0.3273323476314545,0.7372026443481445,-1.0150063037872314,0.3506245315074921,0.7419577240943909,-1.0147941112518311,0.2472331225872040,0.7334946990013123,-0.9715317487716675,0.2347641289234161,0.7345998883247375,-0.9727981686592102,0.2244920730590820,0.7359687089920044,-0.9735616445541382,0.3959389626979828,0.7825579047203064,-0.6142559647560120,0.2296932488679886,0.7679727077484131,-0.3952475190162659,0.2998275160789490,0.8738674521446228,-0.9035109281539917,0.2372835874557495,0.8667249083518982,-0.8611496686935425,0.5173528194427490,1.1213440895080566,-0.4369085729122162,0.1364588439464569,1.1202319860458374,-0.0399592779576778,0.5499624013900757,1.4391494989395142,-0.8214263916015625,0.0903983488678932,1.5382546186447144,-0.2181667834520340,0.4401801526546478,1.4311450719833374,-1.3967692852020264,0.1100334525108337,1.4946136474609375,-0.8191193342208862,0.4215399622917175,1.4295796155929565,-1.5653982162475586,0.1120938062667847,1.4866789579391479,-0.9804342985153198,0.4139598906040192,1.3854019641876221,-1.5869222879409790,0.1158391088247299,1.4314095973968506,-1.0432163476943970,0.4175578951835632,1.3944580554962158,-1.4169561862945557,0.1205530911684036,1.4332135915756226,-0.8675756454467773,0.4327092766761780,2.0033864974975586,-0.0772103145718575,0.1912777721881866,1.9577234983444214,0.0766077339649200,0.3314331173896790,2.5166549682617188,0.1542488187551498,0.1717355847358704,2.4728169441223145,-0.6438354849815369,0.3205929696559906,3.0430426597595215,0.7865341901779175,0.1463605314493179,2.8717052936553955,-0.2709252536296844,0.3406011164188385,3.1539733409881592,0.8230983614921570,0.1503771841526031,3.0032529830932617,-0.2442865371704102,0.2324466705322266,3.0797226428985596,0.3975438475608826,0.1232689768075943,2.9314227104187012,-0.6539453864097595
0.2584056258201599,0.7950287461280823,-1.0286238193511963,0.3022620975971222,0.7348052263259888,-0.9775165319442749,0.3261337876319885,0.7372343540191650,-0.9785639643669128,0.3489244282245636,0.7419299483299255,-0.9784334897994995,0.2472575157880783,0.7335202097892761,-0.9142293930053711,0.2349851876497269,0.7345953583717346,-0.9155403375625610,0.2249203622341156,0.7359536886215210,-0.9162152409553528,0.3958517014980316,0.7817727327346802,-0.6098973155021667,0.2310418337583542,0.7679030299186707,-0.2988614439964294,0.2992153763771057,0.8732040524482727,-0.8703457117080688,0.2372678071260452,0.8660843372344971,-0.7972052097320557,0.5181933045387268,1.1202743053436279,-0.4536601901054382,0.1494912952184677,1.1247215270996094,0.1713191121816635,0.5631245970726013,1.5054646730422974,-0.7749543786048889,0.1065407395362854,1.5555737018585205,0.1768743991851807,0.4966995716094971,1.7504187822341919,-1.3570699691772461,0.1052031144499779,1.6883395910263062,-0.3763078153133392,0.5095227956771851,1.8232527971267700,-1.5247347354888916,0.0922152623534203,1.7318251132965088,-0.4873875677585602,0.4888661801815033,1.8018361330032349,-1.5711071491241455,0.0801454186439514,1.7078276872634888,-0.6151290535926819,0.4808064997196198,1.7796647548675537,-1.3850014209747314,0.0925569757819176,1.6900075674057007,-0.4480376839637756,0.4329343438148499,2.0046861171722412,-0.1732893288135529,0.1916233599185944,1.9593658447265625,0.1723697185516357,0.3470482230186462,2.6870107650756836,-0.4496431350708008,0.1723520457744598,2.5296885967254639,-0.5637093782424927,0.3273665308952332,3.2819659709930420,-0.2579142749309540,0.1415787637233734,3.1653807163238525,-0.1592987626791000,0.3513049483299255,3.3984386920928955,-0.2716561257839203,0.1478871554136276,3.2908837795257568,-0.1380786448717117,0.2381444871425629,3.3490178585052490,-0.8377133607864380,0.0924820005893707,3.2574667930603027,-0.5664445161819458
0.2584056258201599,0.7950287461280823,-1.0286238193511963,0.3022620975971222,0.7348052263259888,-0.9775165319442749,0.3261337876319885,0.7372343540191650,-0.9785639643669128,0.3489244282245636,0.7419299483299255,-0.9784334897994995,0.2472575157880783,0.7335202097892761,-0.9142293930053711,0.2349851876497269,0.7345953583717346,-0.9155403375625610,0.2249203622341156,0.7359536886215210,-0.9162152409553528,0.3958517014980316,0.7817727327346802,-0.6098973155021667,0.2310418337583542,0.7679030299186707,-0.2988614439964294,0.2992153763771057,0.8732040524482727,-0.8703457117080688,0.2372678071260452,0.8660843372344971,-0.7972052097320557,0.5181933045387268,1.1202743053436279,-0.4536601901054382,0.1494912952184677,1.1247215270996094,0.1713191121816635,0.5631245970726013,1.5054646730422974,-0.7749543786048889,0.1065407395362854,1.5555737018585205,0.1768743991851807,0.4966995716094971,1.7504187822341919,-1.3570699691772461,0.1052031144499779,1.6883395910263062,-0.3763078153133392,0.5095227956771851,1.8232527971267700,-1.5247347354888916,0.0922152623534203,1.7318251132965088,-0.4873875677585602,0.4888661801815033,1.8018361330032349,-1.5711071491241455,0.0801454186439514,1.7078276872634888,-0.6151290535926819,0.4808064997196198,1.7796647548675537,-1.3850014209747314,0.0925569757819176,1.6900075674057007,-0.4480376839637756,0.4329343438148499,2.0046861171722412,-0.1732893288135529,0.1916233599185944,1.9593658447265625,0.1723697185516357,0.3470482230186462,2.6870107650756836,-0.4496431350708008,0.1723520457744598,2.5296885967254639,-0.5637093782424927,0.3273665308952332,3.2819659709930420,-0.2579142749309540,0.1415787637233734,3.1653807163238525,-0.1592987626791000,0.3513049483299255,3.3984386920928955,-0.2716561257839203,0.1478871554136276,3.2908837795257568,-0.1380786448717117,0.2381444871425629,3.3490178585052490,-0.8377133607864380,0.0924820005893707,3.2574667930603027,-0.5664445161819458
0.2602553963661194,0.7930971980094910,-1.1121990680694580,0.3029188811779022,0.7344420552253723,-1.0460455417633057,0.3268740475177765,0.7370797395706177,-1.0470755100250244,0.3495661616325378,0.7418980002403259,-1.0469052791595459,0.2482561171054840,0.7328777313232422,-1.0147615671157837,0.2364193499088287,0.7339381575584412,-1.0160524845123291,0.2260988205671310,0.7353371977806091,-1.0168659687042236,0.3966346681118011,0.7817284464836121,-0.6155924797058105,0.2317050695419312,0.7671673297882080,-0.4625252783298492,0.3013554513454437,0.8700016140937805,-0.9320565462112427,0.2384437769651413,0.8627766966819763,-0.9007824063301086,0.5146930217742920,1.1229354143142700,-0.3907316923141479,0.1233014315366745,1.1043734550476074,-0.1352346241474152,0.5629553198814392,1.5088959932327271,-0.4812708795070648,0.0588952898979187,1.5376076698303223,-0.4378866553306580,0.5078371763229370,1.7551577091217041,-0.9704486131668091,0.0504096634685993,1.6287896633148193,-1.2302334308624268,0.5265292525291443,1.8338569402694702,-1.1034456491470337,0.0260428283363581,1.6571739912033081,-1.4219485521316528,0.4974029064178467,1.8098431825637817,-1.1934496164321899,0.0438719913363457,1.6316092014312744,-1.4960708618164062,0.4865215718746185,1.7842754125595093,-1.0130460262298584,0.0608159005641937,1.6202131509780884,-1.2858227491378784,0.4290864467620850,1.9785288572311401,-0.0718879625201225,0.1775254160165787,1.9425607919692993,0.0709726139903069,0.3630398511886597,2.6829526424407959,-0.3144860863685608,0.1713635027408600,2.5845382213592529,-0.5495630502700806,0.3531034588813782,3.2651813030242920,0.0185261927545071,0.1404980570077896,3.2116634845733643,-0.1379494369029999,0.3719201087951660,3.3707196712493896,0.0244735311716795,0.1419805735349655,3.3196856975555420,-0.1136691197752953,0.2715677618980408,3.3554444313049316,-0.7214910387992859,0.1069598197937012,3.3217780590057373,-0.5033410787582397
0.2607348263263702,0.7932935953140259,-1.1056632995605469,0.3031465411186218,0.7347422838211060,-1.0346041917800903,0.3268919289112091,0.7375283837318420,-1.0356127023696899,0.3498581647872925,0.7422934174537659,-1.0354228019714355,0.2503856718540192,0.7328478693962097,-1.0087213516235352,0.2376644909381866,0.7338305115699768,-1.0099613666534424,0.2267193347215652,0.7349115610122681,-1.0107560157775879,0.3970596492290497,0.7821204662322998,-0.5832241773605347,0.2331593334674835,0.7666202187538147,-0.4722363054752350,0.3003467917442322,0.8699688315391541,-0.9236392974853516,0.2384731024503708,0.8626306056976318,-0.9010362625122070,0.5134680271148682,1.1258125305175781,-0.3000729084014893,0.1026756539940834,1.0923044681549072,-0.1911322921514511,0.5609413385391235,1.5159760713577271,-0.4530069231987000,0.0304295271635056,1.5283182859420776,-0.3235529065132141,0.5519990921020508,1.7922134399414062,-1.0666590929031372,-0.0043371664360166,1.7528510093688965,-1.0156497955322266,0.5857969522476196,1.8804925680160522,-1.2173163890838623,-0.0336183197796345,1.8367255926132202,-1.2176058292388916,0.5559253692626953,1.8702108860015869,-1.3044748306274414,-0.0176523514091969,1.8407776355743408,-1.2117165327072144,0.5354148149490356,1.8360135555267334,-1.1146934032440186,0.0009390139020979,1.8082042932510376,-1.0545737743377686,0.4289290010929108,1.9127886295318604,-0.0244869943708181,0.1661501526832581,1.8822505474090576,0.0233838446438313,0.3921039700508118,2.6140704154968262,-0.3239864706993103,0.1720168292522430,2.5393621921539307,-0.5441704988479614,0.3854128122329712,3.2218728065490723,-0.0374337956309319,0.1506054699420929,3.1745386123657227,-0.0313490256667137,0.4016068875789642,3.3317363262176514,-0.0440766029059887,0.1478354036808014,3.2811100482940674,0.0030374473426491,0.3022494316101074,3.3166940212249756,-0.6721470952033997,0.1505241990089417,3.2944900989532471,-0.4666545391082764
0.2612203657627106,0.7926432490348816,-1.0711786746978760,0.3042553365230560,0.7346929907798767,-0.9912713170051575,0.3271674513816833,0.7376616001129150,-0.9922084808349609,0.3501724600791931,0.7433884143829346,-0.9920295476913452,0.2516559064388275,0.7327787280082703,-0.9785143733024597,0.2380042076110840,0.7338089346885681,-0.9797538518905640,0.2268240749835968,0.7349741458892822,-0.9805668592453003,0.3970524370670319,0.7851707935333252,-0.5267929434776306,0.2324270755052567,0.7669231891632080,-0.4636170268058777,0.3003684580326080,0.8694316148757935,-0.8862388730049133,0.2389570474624634,0.8614163994789124,-0.8804200291633606,0.5083184838294983,1.1258696317672729,-0.2338174879550934,0.0994940102100372,1.0932182073593140,-0.1855540722608566,0.5854293704032898,1.4160460233688354,-0.3588447570800781,0.0349432118237019,1.5141092538833618,-0.4287647306919098,0.5541245341300964,1.5015280246734619,-0.8330081701278687,0.0040353490039706,1.7379837036132812,-1.0985553264617920,0.5819542407989502,1.5307335853576660,-0.9584351778030396,-0.0214129816740751,1.8195623159408569,-1.2715749740600586,0.5554636716842651,1.4983612298965454,-1.0224983692169189,-0.0079206386581063,1.7993594408035278,-1.3397724628448486,0.5348020792007446,1.4929593801498413,-0.8680330514907837,0.0091808084398508,1.7627632617950439,-1.1497448682785034,0.4231085181236267,1.9214416742324829,0.0059035038575530,0.1667427718639374,1.8916925191879272,-0.0069485539570451,0.3915662765502930,2.5925459861755371,-0.1631814688444138,0.1756121814250946,2.4856436252593994,-0.5814462900161743,0.3850843012332916,3.1751396656036377,0.1069170683622360,0.1510044038295746,3.1081814765930176,-0.1698737591505051,0.4010020196437836,3.2842023372650146,0.0925314873456955,0.1525145471096039,3.2183616161346436,-0.1475530117750168,0.3131281733512878,3.2508435249328613,-0.5468752384185791,0.1656769812107086,3.2030129432678223,-0.6465902328491211
0.2624043524265289,0.7929393053054810,-1.0597862005233765,0.3049477934837341,0.7347131967544556,-0.9755304455757141,0.3274610042572021,0.7376285195350647,-0.9763792157173157,0.3503902256488800,0.7429769039154053,-0.9761838912963867,0.2526957988739014,0.7327094674110413,-0.9563148617744446,0.2386694252490997,0.7336267828941345,-0.9575275182723999,0.2272170037031174,0.7347068786621094,-0.9583591222763062,0.3985137343406677,0.7841091752052307,-0.4945933222770691,0.2326097488403320,0.7669333815574646,-0.3919360637664795,0.3008525967597961,0.8698241710662842,-0.8691722154617310,0.2397506684064865,0.8619278073310852,-0.8528434634208679,0.5152334570884705,1.1337530612945557,-0.2266025543212891,0.1011037230491638,1.0934817790985107,-0.1157982200384140,0.5843698382377625,1.5080922842025757,-0.4088630676269531,0.0383852459490299,1.5268166065216064,-0.3001028895378113,0.5548966526985168,1.7801461219787598,-0.9826663136482239,0.0052217077463865,1.7377345561981201,-0.9261039495468140,0.5797200202941895,1.8678724765777588,-1.1252230405807495,-0.0202820785343647,1.8027627468109131,-1.0791195631027222,0.5558723211288452,1.8515851497650146,-1.1844863891601562,-0.0115246558561921,1.7895311117172241,-1.1863261461257935,0.5373958349227905,1.8200500011444092,-1.0196521282196045,0.0059610372409225,1.7645149230957031,-0.9848434329032898,0.4393191933631897,1.9278224706649780,-0.0008088258327916,0.1796902120113373,1.8995836973190308,-0.0002609955845401,0.4206309318542480,2.6219432353973389,-0.4845581948757172,0.2067542523145676,2.5481715202331543,-0.6267176866531372,0.4177358150482178,3.1951866149902344,-0.2807692885398865,0.2110009640455246,3.1709837913513184,-0.1256160587072372,0.4394062459468842,3.3034155368804932,-0.2941939234733582,0.2127093523740768,3.2792785167694092,-0.0945716649293900,0.3271935582160950,3.2616565227508545,-0.9143986701965332,0.2222903221845627,3.2687990665435791,-0.5765796899795532
0.2625069618225098,0.7925490736961365,-1.0362832546234131,0.3051012158393860,0.7345314621925354,-0.9699233174324036,0.3279770016670227,0.7376153469085693,-0.9709100723266602,0.3512390255928040,0.7430236935615540,-0.9706630706787109,0.2528796792030334,0.7318767309188843,-0.9327486753463745,0.2391207665205002,0.7326208949089050,-0.9339222908020020,0.2279601842164993,0.7336280345916748,-0.9346685409545898,0.3985199034214020,0.7841024994850159,-0.5392640829086304,0.2337423861026764,0.7658275365829468,-0.3807994127273560,0.3009834587574005,0.8693572282791138,-0.8665363192558289,0.2397516667842865,0.8614327311515808,-0.8294974565505981,0.5039493441581726,1.1337623596191406,-0.3903033733367920,0.1054299473762512,1.0879223346710205,-0.0496023818850517,0.5548118352890015,1.4311333894729614,-0.8015148043632507,0.0540112927556038,1.4407023191452026,-0.1862268298864365,0.4719525277614594,1.4250011444091797,-1.4620416164398193,0.0697206258773804,1.4030827283859253,-0.8026629686355591,0.4622673094272614,1.4262211322784424,-1.6497881412506104,0.0703523308038712,1.3960049152374268,-0.9684537649154663,0.4511500000953674,1.3797150850296021,-1.6719766855239868,0.0763206705451012,1.3523502349853516,-1.0394694805145264,0.4501422345638275,1.3863456249237061,-1.4855378866195679,0.0810785517096519,1.3551810979843140,-0.8544372320175171,0.4070835709571838,1.9412001371383667,-0.0417692475020885,0.1767369210720062,1.9026885032653809,0.0409947894513607,0.3483006358146667,2.4513094425201416,0.0745204314589500,0.1643580794334412,2.1347870826721191,-0.5700809955596924,0.3170872926712036,2.9809896945953369,0.7334113717079163,0.1324996799230576,2.7861125469207764,-0.0340215489268303,0.3341887593269348,3.0848143100738525,0.7749063968658447,0.1340394169092178,2.9081895351409912,0.0095931300893426,0.2256760895252228,3.0286023616790771,0.3486777842044830,0.1125613898038864,2.8613691329956055,-0.3683507740497589
0.2625069618225098,0.7925490736961365,-1.0362832546234131,0.3051012158393860,0.7345314621925354,-0.9699233174324036,0.3279770016670227,0.7376153469085693,-0.9709100723266602,0.3512390255928040,0.7430236935615540,-0.9706630706787109,0.2528796792030334,0.7318767309188843,-0.9327486753463745,0.2391207665205002,0.7326208949089050,-0.9339222908020020,0.2279601842164993,0.7336280345916748,-0.9346685409545898,0.3985199034214020,0.7841024994850159,-0.5392640829086304,0.2337423861026764,0.7658275365829468,-0.3807994127273560,0.3009834587574005,0.8693572282791138,-0.8665363192558289,0.2397516667842865,0.8614327311515808,-0.8294974565505981,0.5039493441581726,1.1337623596191406,-0.3903033733367920,0.1054299473762512,1.0879223346710205,-0.0496023818850517,0.5548118352890015,1.4311333894729614,-0.8015148043632507,0.0540112927556038,1.4407023191452026,-0.1862268298864365,0.4719525277614594,1.4250011444091797,-1.4620416164398193,0.0697206258773804,1.4030827283859253,-0.8026629686355591,0.4622673094272614,1.4262211322784424,-1.6497881412506104,0.0703523308038712,1.3960049152374268,-0.9684537649154663,0.4511500000953674,1.3797150850296021,-1.6719766855239868,0.0763206705451012,1.3523502349853516,-1.0394694805145264,0.4501422345638275,1.3863456249237061,-1.4855378866195679,0.0810785517096519,1.3551810979843140,-0.8544372320175171,0.4070835709571838,1.9412001371383667,-0.0417692475020885,0.1767369210720062,1.9026885032653809,0.0409947894513607,0.3483006358146667,2.4513094425201416,0.0745204314589500,0.1643580794334412,2.1347870826721191,-0.5700809955596924,0.3170872926712036,2.9809896945953369,0.7334113717079163,0.1324996799230576,2.7861125469207764,-0.0340215489268303,0.3341887593269348,3.0848143100738525,0.7749063968658447,0.1340394169092178,2.9081895351409912,0.0095931300893426,0.2256760895252228,3.0286023616790771,0.3486777842044830,0.1125613898038864,2.8613691329956055,-0.3683507740497589
0.2619158625602722,0.7923600077629089,-1.0097665786743164,0.3042245209217072,0.7344692349433899,-0.9481933712959290,0.3267252147197723,0.7374747395515442,-0.9490847587585449,0.3491042554378510,0.7426361441612244,-0.9488657712936401,0.2528346180915833,0.7317979931831360,-0.9081903696060181,0.2391429692506790,0.7324419617652893,-0.9094334840774536,0.2279802858829498,0.7334262728691101,-0.9101370573043823,0.3983528017997742,0.7839660644531250,-0.5372646450996399,0.2338797152042389,0.7654275298118591,-0.3573872745037079,0.3002797663211823,0.8687610626220703,-0.8457514047622681,0.2397389411926270,0.8612620234489441,-0.8014801144599915,0.5059943795204163,1.1060279607772827,-0.3841157555580139,0.1336263120174408,1.0912964344024658,-0.0295792873948812,0.5636184811592102,1.4442206621170044,-0.6516723036766052,0.0752362385392189,1.4708777666091919,-0.0948521420359612,0.5491355657577515,1.6706823110580444,-1.2555445432662964,0.0662678554654121,1.6308718919754028,-0.5935372114181519,0.5759644508361816,1.7503198385238647,-1.4064396619796753,0.0682790726423264,1.6873095035552979,-0.7152057886123657,0.5544776320457458,1.7378462553024292,-1.4912897348403931,0.0682773292064667,1.6742397546768188,-0.8190920948982239,0.5386191606521606,1.7110222578048706,-1.3005759716033936,0.0788466483354568,1.6517215967178345,-0.6525183916091919,0.4334274828433990,1.9235161542892456,-0.0712596252560616,0.1926068365573883,1.8925344944000244,0.0703576207160950,0.4096430838108063,2.5363986492156982,-0.4153168201446533,0.1978623270988464,2.4340777397155762,-0.3822569251060486,0.3951304256916046,3.1116061210632324,-0.2069167643785477,0.1708680987358093,3.0583143234252930,0.1728943139314651,0.4186359047889709,3.2136220932006836,-0.2183833569288254,0.1750966161489487,3.1609911918640137,0.2111316621303558,0.2952449917793274,3.2001335620880127,-0.7956390380859375,0.1414745301008224,3.1839280128479004,-0.2052516639232635
0.2619022130966187,0.7899653315544128,-0.8231257200241089,0.3045282959938049,0.7319056987762451,-0.7721914052963257,0.3274724781513214,0.7355511784553528,-0.7732644677162170,0.3499900400638580,0.7412466406822205,-0.7731885910034180,0.2528570592403412,0.7294219732284546,-0.7158826589584351,0.2393800318241119,0.7299383282661438,-0.7169726490974426,0.2282369136810303,0.7307765483856201,-0.7177749872207642,0.3983955681324005,0.7845296859741211,-0.4529874920845032,0.2342723608016968,0.7650848627090454,-0.2022363394498825,0.3003722727298737,0.8662762045860291,-0.6944646239280701,0.2396061867475510,0.8596621155738831,-0.6307779550552368,0.4726346135139465,1.1264774799346924,-0.4274581074714661,0.1611115634441376,1.1056774854660034,0.1464058309793472,0.4681209027767181,1.3567422628402710,-0.8100852966308594,0.1384628266096115,1.3245866298675537,0.1767780035734177,0.3798135519027710,1.2005394697189331,-1.2228448390960693,0.1734931617975235,1.0302549600601196,-0.0544672496616840,0.3646043241024017,1.1525851488113403,-1.3866530656814575,0.1838211715221405,1.0329730510711670,-0.1322930753231049,0.3665143549442291,1.1230479478836060,-1.3432662487030029,0.1756435930728912,0.9995613098144531,-0.1765473783016205,0.3677210211753845,1.1471654176712036,-1.2440083026885986,0.1819202154874802,0.9702303409576416,-0.0875219255685806,0.3731158375740051,2.0026879310607910,-0.1651854366064072,0.1938530951738358,1.9537798166275024,0.1643813103437424,0.2827048301696777,1.8615920543670654,-0.0988257005810738,0.1900324523448944,1.5241833925247192,-0.0844742655754089,0.3074160218238831,2.1432836055755615,0.4044363498687744,0.2375157773494720,1.7938027381896973,0.3796917200088501,0.3583138585090637,2.2288291454315186,0.4471694529056549,0.2611107230186462,1.8835258483886719,0.4259154200553894,0.1892084181308746,2.0908112525939941,0.1277579814195633,0.2082676589488983,1.7294807434082031,0.1754133254289627
0.2622324526309967,0.7875894904136658,-1.1125400066375732,0.3055106997489929,0.7317067980766296,-1.0297329425811768,0.3277911841869354,0.7352984547615051,-1.0305818319320679,0.3500508666038513,0.7407229542732239,-1.0304417610168457,0.2531972527503967,0.7293702363967896,-1.0077403783798218,0.2396297752857208,0.7299129962921143,-1.0088944435119629,0.2284779101610184,0.7307170033454895,-1.0097037553787231,0.3984957337379456,0.7837194800376892,-0.5512543916702271,0.2345337867736816,0.7645269036293030,-0.4419315755367279,0.3006069958209991,0.8641530871391296,-0.9219869375228882,0.2397487461566925,0.8547027111053467,-0.8996624946594238,0.4818881452083588,1.1260849237442017,-0.3436346650123596,0.1279981434345245,1.0932202339172363,-0.1516607105731964,0.5251672267913818,1.4738563299179077,-0.4513695836067200,0.0512425005435944,1.4281237125396729,-0.3809063732624054,0.5330893993377686,1.7619304656982422,-0.9794743657112122,0.0165127106010914,1.5933052301406860,-1.0847465991973877,0.5588694810867310,1.8551262617111206,-1.1219370365142822,-0.0072440914809704,1.6555451154708862,-1.2626605033874512,0.5372074246406555,1.8462036848068237,-1.2128113508224487,0.0068408623337746,1.6383026838302612,-1.3516552448272705,0.5197328329086304,1.8110563755035400,-1.0295790433883667,0.0246726591140032,1.6142849922180176,-1.1428778171539307,0.3858459889888763,1.9407355785369873,-0.0610943324863911,0.1781792491674423,1.9081161022186279,0.0600902363657951,0.3725287020206451,2.5031347274780273,-0.3158623874187469,0.1861199140548706,2.4393756389617920,-0.3234511911869049,0.3751471340656281,3.0887503623962402,0.0045365444384515,0.2039739787578583,3.0334184169769287,0.3475337028503418,0.3979530334472656,3.1942105293273926,0.0029672200325876,0.2095607817173004,3.1267530918121338,0.4062043130397797,0.2963459789752960,3.1811895370483398,-0.6099478006362915,0.2038374841213226,3.1711192131042480,-0.0168202556669712
0.2622324526309967,0.7875894904136658,-1.1125400066375732,0.3055106997489929,0.7317067980766296,-1.0297329425811768,0.3277911841869354,0.7352984547615051,-1.0305818319320679,0.3500508666038513,0.7407229542732239,-1.0304417610168457,0.2531972527503967,0.7293702363967896,-1.0077403783798218,0.2396297752857208,0.7299129962921143,-1.0088944435119629,0.2284779101610184,0.7307170033454895,-1.0097037553787231,0.3984957337379456,0.7837194800376892,-0.5512543916702271,0.2345337867736816,0.7645269036293030,-0.4419315755367279,0.3006069958209991,0.8641530871391296,-0.9219869375228882,0.2397487461566925,0.8547027111053467,-0.8996624946594238,0.4818881452083588,1.1260849237442017,-0.3436346650123596,0.1279981434345245,1.0932202339172363,-0.1516607105731964,0.5251672267913818,1.4738563299179077,-0.4513695836067200,0.0512425005435944,1.4281237125396729,-0.3809063732624054,0.5330893993377686,1.7619304656982422,-0.9794743657112122,0.0165127106010914,1.5933052301406860,-1.0847465991973877,0.5588694810867310,1.8551262617111206,-1.1219370365142822,-0.0072440914809704,1.6555451154708862,-1.2626605033874512,0.5372074246406555,1.8462036848068237,-1.2128113508224487,0.0068408623337746,1.6383026838302612,-1.3516552448272705,0.5197328329086304,1.8110563755035400,-1.0295790433883667,0.0246726591140032,1.6142849922180176,-1.1428778171539307,0.3858459889888763,1.9407355785369873,-0.0610943324863911,0.1781792491674423,1.9081161022186279,0.0600902363657951,0.3725287020206451,2.5031347274780273,-0.3158623874187469,0.1861199140548706,2.4393756389617920,-0.3234511911869049,0.3751471340656281,3.0887503623962402,0.0045365444384515,0.2039739787578583,3.0334184169769287,0.3475337028503418,0.3979530334472656,3.1942105293273926,0.0029672200325876,0.2095607817173004,3.1267530918121338,0.4062043130397797,0.2963459789752960,3.1811895370483398,-0.6099478006362915,0.2038374841213226,3.1711192131042480,-0.0168202556669712
0.2622960209846497,0.7876110076904297,-1.0856549739837646,0.3057013154029846,0.7316658496856689,-1.0072996616363525,0.3278737664222717,0.7352477312088013,-1.0081760883331299,0.3500915169715881,0.7404823303222656,-1.0080144405364990,0.2534539699554443,0.7293458580970764,-0.9829236865043640,0.2397634536027908,0.7298964858055115,-0.9840770959854126,0.2285748720169067,0.7306948900222778,-0.9848721623420715,0.3985155522823334,0.7815135717391968,-0.5500557422637939,0.2345388382673264,0.7644535303115845,-0.4326603412628174,0.3007759451866150,0.8636292815208435,-0.9036936759948730,0.2397266179323196,0.8545721769332886,-0.8789858818054199,0.4962949156761169,1.1141569614410400,-0.3033931255340576,0.1237767562270164,1.0931134223937988,-0.1589893102645874,0.5529307126998901,1.4708170890808105,-0.4721234440803528,0.0520878620445728,1.4428237676620483,-0.3611426949501038,0.5788643956184387,1.7314007282257080,-1.0364729166030884,0.0265443865209818,1.6491192579269409,-0.9732791781425476,0.6127434968948364,1.8169782161712646,-1.1820895671844482,0.0037734664510936,1.7138934135437012,-1.1272833347320557,0.5829145312309265,1.8121534585952759,-1.2161390781402588,0.0160599965602160,1.7072272300720215,-1.2223193645477295,0.5624474287033081,1.7800711393356323,-1.0711205005645752,0.0330484546720982,1.6821763515472412,-1.0313098430633545,0.4243325591087341,1.8680559396743774,-0.0436109751462936,0.1827650517225266,1.8412264585494995,0.0425538234412670,0.4128152430057526,2.5135192871093750,-0.3999776244163513,0.1896016299724579,2.4373996257781982,-0.4876549839973450,0.3978025913238525,3.0815773010253906,-0.2703562378883362,0.1951600760221481,3.0272202491760254,0.0752383992075920,0.4136087000370026,3.1854753494262695,-0.2919920086860657,0.1977173388004303,3.1238059997558594,0.1125504374504089,0.3253961205482483,3.1671669483184814,-0.8954023122787476,0.1924388557672501,3.1548254489898682,-0.3387002944946289
0.2595952451229095,0.7860655188560486,-0.7472196817398071,0.3055930733680725,0.7298968434333801,-0.6910802125930786,0.3274451792240143,0.7332482933998108,-0.6921164989471436,0.3493127822875977,0.7395147681236267,-0.6919623613357544,0.2528318762779236,0.7290688157081604,-0.6477997303009033,0.2397915422916412,0.7298608422279358,-0.6488727331161499,0.2285957336425781,0.7306582331657410,-0.6497206687927246,0.3981317877769470,0.7822587490081787,-0.3673605024814606,0.2349993884563446,0.7650220394134521,-0.1743044853210449,0.2997537851333618,0.8627620935440063,-0.6191108226776123,0.2392649203538895,0.8531357645988464,-0.5713715553283691,0.4956288933753967,1.1156057119369507,-0.2558671832084656,0.1262909919023514,1.0933018922805786,0.0376377478241920,0.5552397966384888,1.3312249183654785,-0.4934971332550049,0.0962770730257034,1.3477903604507446,-0.1427759379148483,0.4786624908447266,1.2772521972656250,-1.0342476367950439,0.1518733650445938,1.0777937173843384,-0.5723565220832825,0.4564482569694519,1.2597995996475220,-1.1703488826751709,0.1662637293338776,1.1276727914810181,-0.6978130340576172,0.4438704550266266,1.2265073060989380,-1.1794377565383911,0.1678206920623779,1.0885187387466431,-0.7223142981529236,0.4472075402736664,1.2394269704818726,-1.0501947402954102,0.1662897318601608,1.1093189716339111,-0.6001971960067749,0.4159261584281921,1.8735288381576538,-0.0520156025886536,0.2058777809143066,1.8524192571640015,0.0506368465721607,0.3653269112110138,1.8542515039443970,-0.0342982895672321,0.1969486176967621,1.4757732152938843,-0.2997238039970398,0.3905492424964905,2.1981377601623535,0.3534627556800842,0.2840094864368439,1.8903325796127319,0.2068219184875488,0.4103483557701111,2.2894892692565918,0.3808597624301910,0.3015252053737640,1.9886844158172607,0.2593753039836884,0.3198454976081848,2.1489911079406738,0.0421640947461128,0.2928773760795593,1.8665974140167236,0.0309466663748026
0.2595970928668976,0.7857258319854736,-0.9276843070983887,0.3055372238159180,0.7296275496482849,-0.8730184435844421,0.3274557590484619,0.7330731749534607,-0.8738395571708679,0.3487912714481354,0.7393495440483093,-0.8736213445663452,0.2529535293579102,0.7288500070571899,-0.8351457715034485,0.2398653477430344,0.7295754551887512,-0.8363507986068726,0.2286119461059570,0.7302355170249939,-0.8370231389999390,0.3961670994758606,0.7813803553581238,-0.4986599087715149,0.2353944778442383,0.7633381485939026,-0.3240165114402771,0.2996723055839539,0.8611959218978882,-0.7765987515449524,0.2392583638429642,0.8509539365768433,-0.7344428300857544,0.4955112338066101,1.1101464033126831,-0.2954658865928650,0.1281944960355759,1.0849890708923340,-0.0304077304899693,0.5544027686119080,1.4230802059173584,-0.5136448144912720,0.0658670216798782,1.3877989053726196,-0.2328945100307465,0.5328863859176636,1.6890598535537720,-1.0372984409332275,0.0372694842517376,1.5563778877258301,-0.8664568066596985,0.5537859797477722,1.7716944217681885,-1.1736443042755127,0.0128305451944470,1.6169017553329468,-1.0111374855041504,0.5347989797592163,1.7618814706802368,-1.2116104364395142,0.0275644101202488,1.6086277961730957,-1.1035875082015991,0.5209099650382996,1.7330478429794312,-1.0681033134460449,0.0439296290278435,1.5915685892105103,-0.9239702224731445,0.4150251448154449,1.8649224042892456,-0.0613277330994606,0.1972970515489578,1.8324313163757324,0.0600474476814270,0.3667723238468170,2.4148166179656982,-0.3595485687255859,0.1890283674001694,2.2976872920989990,-0.4183625280857086,0.3806878030300140,3.0027265548706055,-0.3004417717456818,0.1981641948223114,2.9426839351654053,-0.0454671531915665,0.3933061659336090,3.1099588871002197,-0.3281764388084412,0.2071206867694855,3.0502166748046875,-0.0260316226631403,0.3103084266185760,3.0833199024200439,-0.8925585746765137,0.1741756349802017,3.0612821578979492,-0.4494605660438538
0.2598410248756409,0.7855363488197327,-1.0051549673080444,0.3056006133556366,0.7295081615447998,-0.9357385635375977,0.3274974822998047,0.7329883575439453,-0.9366405606269836,0.3488270342350006,0.7391315102577209,-0.9364210963249207,0.2531722486019135,0.7280316948890686,-0.9092361330986023,0.2399895191192627,0.7285192608833313,-0.9103318452835083,0.2287663221359253,0.7291177511215210,-0.9110356569290161,0.3969858586788177,0.7811260223388672,-0.5142445564270020,0.2353380620479584,0.7614418268203735,-0.3888956606388092,0.2996809482574463,0.8609575033187866,-0.8349466323852539,0.2390323579311371,0.8508171439170837,-0.8089659810066223,0.4956374764442444,1.1172678470611572,-0.2852644920349121,0.1140077486634254,1.0829731225967407,-0.1120646744966507,0.5542812347412109,1.4809825420379639,-0.4242630898952484,0.0525116920471191,1.4585471153259277,-0.3554702997207642,0.5315561294555664,1.7593518495559692,-0.9668139219284058,0.0118807125836611,1.6370491981506348,-1.0676039457321167,0.5500985383987427,1.8460015058517456,-1.1117626428604126,-0.0137833682820201,1.6862114667892456,-1.2476449012756348,0.5295289754867554,1.8314162492752075,-1.1920202970504761,-0.0014859040966257,1.6711746454238892,-1.3320958614349365,0.5162910223007202,1.7998598814010620,-1.0107715129852295,0.0165893752127886,1.6537240743637085,-1.1246869564056396,0.4141622185707092,1.8721610307693481,-0.0320902839303017,0.1833314895629883,1.8403290510177612,0.0312012135982513,0.3711654543876648,2.4868874549865723,-0.1966633945703506,0.1856667101383209,2.3961999416351318,-0.4162169098854065,0.3798791468143463,3.0454764366149902,0.3934232592582703,0.1770985424518585,2.9801933765411377,0.1878769546747208,0.3933520913124084,3.1495904922485352,0.4196673333644867,0.1795142590999603,3.0831675529479980,0.2340096533298492,0.3070952594280243,3.1216003894805908,-0.1383087486028671,0.1688686907291412,3.0723102092742920,-0.3268409371376038
0.2598410248756409,0.7855363488197327,-1.0051549673080444,0.3056006133556366,0.7295081615447998,-0.9357385635375977,0.3274974822998047,0.7329883575439453,-0.9366405606269836,0.3488270342350006,0.7391315102577209,-0.9364210963249207,0.2531722486019135,0.7280316948890686,-0.9092361330986023,0.2399895191192627,0.7285192608833313,-0.9103318452835083,0.2287663221359253,0.7291177511215210,-0.9110356569290161,0.3969858586788177,0.7811260223388672,-0.5142445564270020,0.2353380620479584,0.7614418268203735,-0.3888956606388092,0.2996809482574463,0.8609575033187866,-0.8349466323852539,0.2390323579311371,0.8508171439170837,-0.8089659810066223,0.4956374764442444,1.1172678470611572,-0.2852644920349121,0.1140077486634254,1.0829731225967407,-0.1120646744966507,0.5542812347412109,1.4809825420379639,-0.4242630898952484,0.0525116920471191,1.4585471153259277,-0.3554702997207642,0.5315561294555664,1.7593518495559692,-0.9668139219284058,0.0118807125836611,1.6370491981506348,-1.0676039457321167,0.5500985383987427,1.8460015058517456,-1.1117626428604126,-0.0137833682820201,1.6862114667892456,-1.2476449012756348,0.5295289754867554,1.8314162492752075,-1.1920202970504761,-0.0014859040966257,1.6711746454238892,-1.3320958614349365,0.5162910223007202,1.7998598814010620,-1.0107715129852295,0.0165893752127886,1.6537240743637085,-1.1246869564056396,0.4141622185707092,1.8721610307693481,-0.0320902839303017,0.1833314895629883,1.8403290510177612,0.0312012135982513,0.3711654543876648,2.4868874549865723,-0.1966633945703506,0.1856667101383209,2.3961999416351318,-0.4162169098854065,0.3798791468143463,3.0454764366149902,0.3934232592582703,0.1770985424518585,2.9801933765411377,0.1878769546747208,0.3933520913124084,3.1495904922485352,0.4196673333644867,0.1795142590999603,3.0831675529479980,0.2340096533298492,0.3070952594280243,3.1216003894805908,-0.1383087486028671,0.1688686907291412,3.0723102092742920,-0.3268409371376038
0.2608953416347504,0.7863597869873047,-0.9966465234756470,0.3055974543094635,0.7296389341354370,-0.9320128560066223,0.3274537622928619,0.7329642772674561,-0.9329476356506348,0.3488408625125885,0.7388477325439453,-0.9327505826950073,0.2533711194992065,0.7281559705734253,-0.9035179018974304,0.2400206029415131,0.7286406755447388,-0.9045566320419312,0.2287848293781281,0.7293013930320740,-0.9052833318710327,0.3975208401679993,0.7808210849761963,-0.4849529862403870,0.2347491979598999,0.7617048621177673,-0.3408626914024353,0.2996960282325745,0.8614771962165833,-0.8266525268554688,0.2393312156200409,0.8520796298980713,-0.7985450029373169,0.5058149099349976,1.1093611717224121,-0.2682720124721527,0.1317009031772614,1.0856021642684937,-0.0443844273686409,0.5540171861648560,1.4003244638442993,-0.5611674785614014,0.0732056573033333,1.4645191431045532,-0.2320982515811920,0.5309959650039673,1.4469920396804810,-1.2577730417251587,0.0211497265845537,1.5771815776824951,-1.0467524528503418,0.5469298958778381,1.4663767814636230,-1.4363397359848022,0.0034555732272565,1.6132103204727173,-1.2390192747116089,0.5267800688743591,1.4284343719482422,-1.4824159145355225,0.0161481536924839,1.5924595594406128,-1.1958684921264648,0.5133631825447083,1.4256526231765747,-1.2930400371551514,0.0313204452395439,1.5793725252151489,-1.0632597208023071,0.4312563836574554,1.8773694038391113,-0.0371910519897938,0.1954853534698486,1.8442875146865845,0.0362772420048714,0.3961898982524872,2.4974741935729980,-0.2882630527019501,0.2008933126926422,2.3329710960388184,-0.4594730734825134,0.3857435584068298,3.0362517833709717,-0.0263462178409100,0.1789645850658417,2.9323241710662842,0.0454296991229057,0.3971824049949646,3.1382486820220947,-0.0341510847210884,0.1797761023044586,3.0414948463439941,0.0781121551990509,0.3132017254829407,3.0995676517486572,-0.6119694709777832,0.1693373620510101,3.0185117721557617,-0.3894386589527130
0.2607326805591583,0.7854226231575012,-0.8322235941886902,0.3041347563266754,0.7293614149093628,-0.7936486005783081,0.3257704377174377,0.7327594757080078,-0.7946211099624634,0.3477872908115387,0.7385162115097046,-0.7945510149002075,0.2533216178417206,0.7269462943077087,-0.7286254167556763,0.2400702983140945,0.7269456386566162,-0.7296004891395569,0.2288372814655304,0.7270599603652954,-0.7302916049957275,0.3975198268890381,0.7805593013763428,-0.4860768914222717,0.2351806908845901,0.7585445046424866,-0.2167852669954300,0.2990597784519196,0.8611906766891479,-0.7153814435005188,0.2384594231843948,0.8520724177360535,-0.6405498385429382,0.4478146135807037,1.1110131740570068,-0.5154436826705933,0.1789774596691132,1.0861544609069824,0.1743037253618240,0.4086229205131531,1.3271327018737793,-0.9239732027053833,0.1552842557430267,1.2542170286178589,0.2003585994243622,0.3322705626487732,1.1011615991592407,-1.2379176616668701,0.1970073878765106,1.0344581604003906,-0.0089953606948256,0.3184884190559387,1.0354499816894531,-1.3764321804046631,0.2097000181674957,0.9757530689239502,-0.0716781839728355,0.3277630209922791,1.0076967477798462,-1.3813333511352539,0.2088781148195267,0.9125444293022156,-0.1069779619574547,0.3285721242427826,1.0375449657440186,-1.2429931163787842,0.2068490684032440,0.9380177259445190,-0.0384540520608425,0.3560959100723267,1.9521336555480957,-0.2142980843782425,0.1982351243495941,1.8980858325958252,0.2136348187923431,0.2567059993743896,1.7624913454055786,-0.2548680603504181,0.1858426034450531,1.3934898376464844,0.0732662156224251,0.3041276633739471,1.9674896001815796,0.0481259413063526,0.2517419755458832,1.5708919763565063,0.4579107761383057,0.3544026315212250,2.0415492057800293,0.1142501682043076,0.2755642235279083,1.6446844339370728,0.4943365156650543,0.1841957569122314,1.8984844684600830,-0.1607035994529724,0.2305776178836823,1.4950877428054810,0.2767937481403351
0.2607313990592957,0.7835630774497986,-0.9788610339164734,0.3045405149459839,0.7291462421417236,-0.9072841405868530,0.3259887099266052,0.7327289581298828,-0.9081207513809204,0.3481704890727997,0.7385500669479370,-0.9079035520553589,0.2533515095710754,0.7263388037681580,-0.8782120943069458,0.2400863617658615,0.7263208627700806,-0.8793972730636597,0.2288587987422943,0.7264328598976135,-0.8801777958869934,0.3976195156574249,0.7806125879287720,-0.4862020611763000,0.2352074682712555,0.7575635313987732,-0.3256920874118805,0.2990864515304565,0.8608359694480896,-0.8012275695800781,0.2384500205516815,0.8488539457321167,-0.7702623009681702,0.4850672781467438,1.1094164848327637,-0.2497183978557587,0.1292004883289337,1.0813468694686890,-0.0343985147774220,0.5459029078483582,1.3746962547302246,-0.3744978904724121,0.0557824075222015,1.3798812627792358,-0.2710492014884949,0.5403512716293335,1.5303295850753784,-0.8842648267745972,0.0348866507411003,1.5147988796234131,-0.9596186876296997,0.5561521053314209,1.5895531177520752,-1.0193182229995728,0.0165945682674646,1.5547060966491699,-1.1281862258911133,0.5397732257843018,1.5672386884689331,-1.1012414693832397,0.0348299369215965,1.5346630811691284,-1.2040612697601318,0.5279641747474670,1.5478481054306030,-0.9260253906250000,0.0496775507926941,1.5191657543182373,-1.0115883350372314,0.4001705050468445,1.9186924695968628,-0.0836001411080360,0.1972738206386566,1.8731845617294312,0.0825593546032906,0.3512398302555084,2.4363429546356201,-0.3078432679176331,0.1838449537754059,2.2468140125274658,-0.4134322702884674,0.3506886363029480,3.0289840698242188,-0.0710865482687950,0.1849279701709747,2.8913080692291260,0.2253746241331100,0.3769169449806213,3.1359815597534180,-0.0738330632448196,0.1906287521123886,2.9965524673461914,0.2722439169883728,0.2518085539340973,3.1166880130767822,-0.6531751155853271,0.1711268723011017,3.0200212001800537,-0.1691459268331528
0.2612047195434570,0.7838546037673950,-0.9672446250915527,0.3068112432956696,0.7287253737449646,-0.9007420539855957,0.3288441300392151,0.7322023510932922,-0.9016517400741577,0.3510793149471283,0.7377945780754089,-0.9014145135879517,0.2534621953964233,0.7261447906494141,-0.8697915077209473,0.2401340007781982,0.7260982990264893,-0.8709462881088257,0.2289698123931885,0.7261384129524231,-0.8716948628425598,0.3994298577308655,0.7805749177932739,-0.4929275512695312,0.2352188527584076,0.7575488686561584,-0.3637495040893555,0.3016093969345093,0.8613432645797729,-0.7980683445930481,0.2384853363037109,0.8496994376182556,-0.7669888138771057,0.4847364425659180,1.1104302406311035,-0.2797996997833252,0.1137616410851479,1.0793645381927490,-0.0997014492750168,0.5419769883155823,1.3709913492202759,-0.3833469450473785,0.0477942451834679,1.3727854490280151,-0.3372495174407959,0.5196343660354614,1.3956717252731323,-1.1478983163833618,0.0466204546391964,1.3603813648223877,-0.9612360000610352,0.5317028760910034,1.4018456935882568,-1.3060318231582642,0.0361365601420403,1.3403775691986084,-1.1254770755767822,0.5180272459983826,1.3573149442672729,-1.3526039123535156,0.0493787601590157,1.2977668046951294,-1.1764119863510132,0.5078052282333374,1.3639119863510132,-1.1818041801452637,0.0608873739838600,1.3059897422790527,-1.0049858093261719,0.3860599100589752,1.9194275140762329,-0.0246183630079031,0.1745513081550598,1.8709583282470703,0.0237257946282625,0.3306079804897308,2.3969314098358154,0.1355092376470566,0.1485304981470108,1.9544042348861694,-0.5008133649826050,0.2979026436805725,2.8189532756805420,0.6286746859550476,0.1213559061288834,2.6315464973449707,-0.1067617312073708,0.3111251890659332,2.9182004928588867,0.6557310819625854,0.1168739944696426,2.7417325973510742,-0.0768493264913559,0.2064416110515594,2.8631823062896729,0.2421610653400421,0.1348411142826080,2.7094128131866455,-0.4608693122863770
0.2612047195434570,0.7838546037673950,-0.9672446250915527,0.3068112432956696,0.7287253737449646,-0.9007420539855957,0.3288441300392151,0.7322023510932922,-0.9016517400741577,0.3510793149471283,0.7377945780754089,-0.9014145135879517,0.2534621953964233,0.7261447906494141,-0.8697915077209473,0.2401340007781982,0.7260982990264893,-0.8709462881088257,0.2289698123931885,0.7261384129524231,-0.8716948628425598,0.3994298577308655,0.7805749177932739,-0.4929275512695312,0.2352188527584076,0.7575488686561584,-0.3637495040893555,0.3016093969345093,0.8613432645797729,-0.7980683445930481,0.2384853363037109,0.8496994376182556,-0.7669888138771057,0.4847364425659180,1.1104302406311035,-0.2797996997833252,0.1137616410851479,1.0793645381927490,-0.0997014492750168,0.5419769883155823,1.3709913492202759,-0.3833469450473785,0.0477942451834679,1.3727854490280151,-0.3372495174407959,0.5196343660354614,1.3956717252731323,-1.1478983163833618,0.0466204546391964,1.3603813648223877,-0.9612360000610352,0.5317028760910034,1.4018456935882568,-1.3060318231582642,0.0361365601420403,1.3403775691986084,-1.1254770755767822,0.5180272459983826,1.3573149442672729,-1.3526039123535156,0.0493787601590157,1.2977668046951294,-1.1764119863510132,0.5078052282333374,1.3639119863510132,-1.1818041801452637,0.0608873739838600,1.3059897422790527,-1.0049858093261719,0.3860599100589752,1.9194275140762329,-0.0246183630079031,0.1745513081550598,1.8709583282470703,0.0237257946282625,0.3306079804897308,2.3969314098358154,0.1355092376470566,0.1485304981470108,1.9544042348861694,-0.5008133649826050,0.2979026436805725,2.8189532756805420,0.6286746859550476,0.1213559061288834,2.6315464973449707,-0.1067617312073708,0.3111251890659332,2.9182004928588867,0.6557310819625854,0.1168739944696426,2.7417325973510742,-0.0768493264913559,0.2064416110515594,2.8631823062896729,0.2421610653400421,0.1348411142826080,2.7094128131866455,-0.4608693122863770
0.2614052593708038,0.7855631709098816,-1.1131907701492310,0.3066849410533905,0.7298952937126160,-1.0257524251937866,0.3285295963287354,0.7332380414009094,-1.0264494419097900,0.3507944345474243,0.7383045554161072,-1.0262192487716675,0.2537147104740143,0.7263962626457214,-1.0131067037582397,0.2401708364486694,0.7262065410614014,-1.0141850709915161,0.2289853841066360,0.7261803746223450,-1.0148818492889404,0.3994409143924713,0.7805355787277222,-0.5276007056236267,0.2348433732986450,0.7576423287391663,-0.4616991877555847,0.3011516928672791,0.8620970249176025,-0.9147442579269409,0.2383601665496826,0.8508231043815613,-0.9033434987068176,0.5038478970527649,1.0898305177688599,-0.2571412324905396,0.0988200306892395,1.0737483501434326,-0.1898319572210312,0.5738004446029663,1.4370025396347046,-0.4176852703094482,0.0197294726967812,1.4114116430282593,-0.3223003447055817,0.5983098745346069,1.7142410278320312,-1.0967527627944946,-0.0111392503604293,1.6659700870513916,-0.8477306365966797,0.6352313160896301,1.8031650781631470,-1.2565337419509888,-0.0384432263672352,1.7442823648452759,-0.9919531941413879,0.6033014059066772,1.8009028434753418,-1.3396474123001099,-0.0184682887047529,1.7463876008987427,-1.0853713750839233,0.5817194581031799,1.7654482126235962,-1.1543209552764893,-0.0016330797225237,1.7153437137603760,-0.9013962745666504,0.4164240360260010,1.8645597696304321,-0.0163217987865210,0.1708711236715317,1.8352138996124268,0.0151416333392262,0.4196440577507019,2.4795966148376465,-0.4248991906642914,0.1538530886173248,2.3995268344879150,-0.5218842625617981,0.3949875235557556,3.0623023509979248,-0.2815427482128143,0.1345017254352570,3.0122227668762207,0.0048443083651364,0.4038756489753723,3.1737673282623291,-0.3030327260494232,0.1391253769397736,3.1184022426605225,0.0145214246585965,0.3206685185432434,3.1535115242004395,-0.9551604986190796,0.1383230537176132,3.1356682777404785,-0.3119289875030518
0.2615761160850525,0.7872098088264465,-0.9228197932243347,0.3057201206684113,0.7330737709999084,-0.8708828091621399,0.3278178870677948,0.7363632321357727,-0.8717986941337585,0.3500025570392609,0.7415727376937866,-0.8715388178825378,0.2538945078849792,0.7295649647712708,-0.8159064054489136,0.2404483109712601,0.7300662398338318,-0.8171454668045044,0.2287105768918991,0.7309842705726624,-0.8178389668464661,0.3995677828788757,0.7841654419898987,-0.5095947384834290,0.2351996898651123,0.7619806528091431,-0.2601102292537689,0.3004121780395508,0.8649584650993347,-0.7738585472106934,0.2393815070390701,0.8544424176216125,-0.7110503911972046,0.5078617930412292,1.1008394956588745,-0.3096786141395569,0.1461805850267410,1.0953824520111084,0.0933970957994461,0.5797840356826782,1.4069159030914307,-0.5787000060081482,0.1008432954549789,1.4697289466857910,0.0257121920585632,0.5103608369827271,1.5265740156173706,-1.1703001260757446,0.0725513994693756,1.5335172414779663,-0.5088845491409302,0.5050439834594727,1.5824363231658936,-1.3300634622573853,0.0595627315342426,1.5563772916793823,-0.6351431012153625,0.4921185076236725,1.4937584400177002,-1.3689759969711304,0.0549628809094429,1.5289977788925171,-0.7243400216102600,0.4916459918022156,1.4868828058242798,-1.1975090503692627,0.0677335932850838,1.5192424058914185,-0.5643697977066040,0.4209132194519043,1.9056237936019897,-0.0928465500473976,0.1933425962924957,1.8550364971160889,0.0918849855661392,0.3897861242294312,2.5122935771942139,-0.1718722283840179,0.1741599142551422,2.2342112064361572,-0.4878265857696533,0.3727753758430481,3.0695154666900635,0.2610063850879669,0.1514688730239868,2.9036920070648193,-0.0056982031092048,0.3966389000415802,3.1767783164978027,0.2751331925392151,0.1567082107067108,3.0304162502288818,0.0232890807092190,0.2824558019638062,3.1304938793182373,-0.1971040815114975,0.1167540177702904,2.9871797561645508,-0.3919105231761932
0.2615761160850525,0.7872098088264465,-0.9228197932243347,0.3057201206684113,0.7330737709999084,-0.8708828091621399,0.3278178870677948,0.7363632321357727,-0.8717986941337585,0.3500025570392609,0.7415727376937866,-0.8715388178825378,0.2538945078849792,0.7295649647712708,-0.8159064054489136,0.2404483109712601,0.7300662398338318,-0.8171454668045044,0.2287105768918991,0.7309842705726624,-0.8178389668464661,0.3995677828788757,0.7841654419898987,-0.5095947384834290,0.2351996898651123,0.7619806528091431,-0.2601102292537689,0.3004121780395508,0.8649584650993347,-0.7738585472106934,0.2393815070390701,0.8544424176216125,-0.7110503911972046,0.5078617930412292,1.1008394956588745,-0.3096786141395569,0.1461805850267410,1.0953824520111084,0.0933970957994461,0.5797840356826782,1.4069159030914307,-0.5787000060081482,0.1008432954549789,1.4697289466857910,0.0257121920585632,0.5103608369827271,1.5265740156173706,-1.1703001260757446,0.0725513994693756,1.5335172414779663,-0.5088845491409302,0.5050439834594727,1.5824363231658936,-1.3300634622573853,0.0595627315342426,1.5563772916793823,-0.6351431012153625,0.4921185076236725,1.4937584400177002,-1.3689759969711304,0.0549628809094429,1.5289977788925171,-0.7243400216102600,0.4916459918022156,1.4868828058242798,-1.1975090503692627,0.0677335932850838,1.5192424058914185,-0.5643697977066040,0.4209132194519043,1.9056237936019897,-0.0928465500473976,0.1933425962924957,1.8550364971160889,0.0918849855661392,0.3897861242294312,2.5122935771942139,-0.1718722283840179,0.1741599142551422,2.2342112064361572,-0.4878265857696533,0.3727753758430481,3.0695154666900635,0.2610063850879669,0.1514688730239868,2.9036920070648193,-0.0056982031092048,0.3966389000415802,3.1767783164978027,0.2751331925392151,0.1567082107067108,3.0304162502288818,0.0232890807092190,0.2824558019638062,3.1304938793182373,-0.1971040815114975,0.1167540177702904,2.9871797561645508,-0.3919105231761932
0.2615761160850525,0.7872098088264465,-0.9228197932243347,0.3057201206684113,0.7330737709999084,-0.8708828091621399,0.3278178870677948,0.7363632321357727,-0.8717986941337585,0.3500025570392609,0.7415727376937866,-0.8715388178825378,0.2538945078849792,0.7295649647712708,-0.8159064054489136,0.2404483109712601,0.7300662398338318,-0.8171454668045044,0.2287105768918991,0.7309842705726624,-0.8178389668464661,0.3995677828788757,0.7841654419898987,-0.5095947384834290,0.2351996898651123,0.7619806528091431,-0.2601102292537689,0.3004121780395508,0.8649584650993347,-0.7738585472106934,0.2393815070390701,0.8544424176216125,-0.7110503911972046,0.5078617930412292,1.1008394956588745,-0.3096786141395569,0.1461805850267410,1.0953824520111084,0.0933970957994461,0.5797840356826782,1.4069159030914307,-0.5787000060081482,0.1008432954549789,1.4697289466857910,0.0257121920585632,0.5103608369827271,1.5265740156173706,-1.1703001260757446,0.0725513994693756,1.5335172414779663,-0.5088845491409302,0.5050439834594727,1.5824363231658936,-1.3300634622573853,0.0595627315342426,1.5563772916793823,-0.6351431012153625,0.4921185076236725,1.4937584400177002,-1.3689759969711304,0.0549628809094429,1.5289977788925171,-0.7243400216102600,0.4916459918022156,1.4868828058242798,-1.1975090503692627,0.0677335932850838,1.5192424058914185,-0.5643697977066040,0.4209132194519043,1.9056237936019897,-0.0928465500473976,0.1933425962924957,1.8550364971160889,0.0918849855661392,0.3897861242294312,2.5122935771942139,-0.1718722283840179,0.1741599142551422,2.2342112064361572,-0.4878265857696533,0.3727753758430481,3.0695154666900635,0.2610063850879669,0.1514688730239868,2.9036920070648193,-0.0056982031092048,0.3966389000415802,3.1767783164978027,0.2751331925392151,0.1567082107067108,3.0304162502288818,0.0232890807092190,0.2824558019638062,3.1304938793182373,-0.1971040815114975,0.1167540177702904,2.9871797561645508,-0.3919105231761932
0.2615761160850525,0.7872098088264465,-0.9228197932243347,0.3057201206684113,0.7330737709999084,-0.8708828091621399,0.3278178870677948,0.7363632321357727,-0.8717986941337585,0.3500025570392609,0.7415727376937866,-0.8715388178825378,0.2538945078849792,0.7295649647712708,-0.8159064054489136,0.2404483109712601,0.7300662398338318,-0.8171454668045044,0.2287105768918991,0.7309842705726624,-0.8178389668464661,0.3995677828788757,0.7841654419898987,-0.5095947384834290,0.2351996898651123,0.7619806528091431,-0.2601102292537689,0.3004121780395508,0.8649584650993347,-0.7738585472106934,0.2393815070390701,0.8544424176216125,-0.7110503911972046,0.5078617930412292,1.1008394956588745,-0.3096786141395569,0.1461805850267410,1.0953824520111084,0.0933970957994461,0.5797840356826782,1.4069159030914307,-0.5787000060081482,0.1008432954549789,1.4697289466857910,0.0257121920585632,0.5103608369827271,1.5265740156173706,-1.1703001260757446,0.0725513994693756,1.5335172414779663,-0.5088845491409302,0.5050439834594727,1.5824363231658936,-1.3300634622573853,0.0595627315342426,1.5563772916793823,-0.6351431012153625,0.4921185076236725,1.4937584400177002,-1.3689759969711304,0.0549628809094429,1.5289977788925171,-0.7243400216102600,0.4916459918022156,1.4868828058242798,-1.1975090503692627,0.0677335932850838,1.5192424058914185,-0.5643697977066040,0.4209132194519043,1.9056237936019897,-0.0928465500473976,0.1933425962924957,1.8550364971160889,0.0918849855661392,0.3897861242294312,2.5122935771942139,-0.1718722283840179,0.1741599142551422,2.2342112064361572,-0.4878265857696533,0.3727753758430481,3.0695154666900635,0.2610063850879669,0.1514688730239868,2.9036920070648193,-0.0056982031092048,0.3966389000415802,3.1767783164978027,0.2751331925392151,0.1567082107067108,3.0304162502288818,0.0232890807092190,0.2824558019638062,3.1304938793182373,-0.1971040815114975,0.1167540177702904,2.9871797561645508,-0.3919105231761932
0.2615761160850525,0.7872098088264465,-0.9228197932243347,0.3057201206684113,0.7330737709999084,-0.8708828091621399,0.3278178870677948,0.7363632321357727,-0.8717986941337585,0.3500025570392609,0.7415727376937866,-0.8715388178825378,0.2538945078849792,0.7295649647712708,-0.8159064054489136,0.2404483109712601,0.7300662398338318,-0.8171454668045044,0.2287105768918991,0.7309842705726624,-0.8178389668464661,0.3995677828788757,0.7841654419898987,-0.5095947384834290,0.2351996898651123,0.7619806528091431,-0.2601102292537689,0.3004121780395508,0.8649584650993347,-0.7738585472106934,0.2393815070390701,0.8544424176216125,-0.7110503911972046,0.5078617930412292,1.1008394956588745,-0.3096786141395569,0.1461805850267410,1.0953824520111084,0.0933970957994461,0.5797840356826782,1.4069159030914307,-0.5787000060081482,0.1008432954549789,1.4697289466857910,0.0257121920585632,0.5103608369827271,1.5265740156173706,-1.1703001260757446,0.0725513994693756,1.5335172414779663,-0.5088845491409302,0.5050439834594727,1.5824363231658936,-1.3300634622573853,0.0595627315342426,1.5563772916793823,-0.6351431012153625,0.4921185076236725,1.4937584400177002,-1.3689759969711304,0.0549628809094429,1.5289977788925171,-0.7243400216102600,0.4916459918022156,1.4868828058242798,-1.1975090503692627,0.0677335932850838,1.5192424058914185,-0.5643697977066040,0.4209132194519043,1.9056237936019897,-0.0928465500473976,0.1933425962924957,1.8550364971160889,0.0918849855661392,0.3897861242294312,2.5122935771942139,-0.1718722283840179,0.1741599142551422,2.2342112064361572,-0.4878265857696533,0.3727753758430481,3.0695154666900635,0.2610063850879669,0.1514688730239868,2.9036920070648193,-0.0056982031092048,0.3966389000415802,3.1767783164978027,0.2751331925392151,0.1567082107067108,3.0304162502288818,0.0232890807092190,0.2824558019638062,3.1304938793182373,-0.1971040815114975,0.1167540177702904,2.9871797561645508,-0.3919105231761932
0.2613597214221954,0.7872127890586853,-1.1217266321182251,0.3058791756629944,0.7329615354537964,-1.0437601804733276,0.3288197219371796,0.7357478737831116,-1.0445806980133057,0.3502303659915924,0.7403680682182312,-1.0443960428237915,0.2539619505405426,0.7307082414627075,-1.0183947086334229,0.2407760173082352,0.7317382097244263,-1.0195590257644653,0.2288179844617844,0.7333173751831055,-1.0203311443328857,0.3996754288673401,0.7807798385620117,-0.5804988145828247,0.2352024018764496,0.7643400430679321,-0.4605852067470551,0.3015880584716797,0.8651245832443237,-0.9378622770309448,0.2393657863140106,0.8565200567245483,-0.9123024940490723,0.5303575396537781,1.1024353504180908,-0.3045856058597565,0.1142941266298294,1.0939517021179199,-0.1932173371315002,0.5759899616241455,1.5014585256576538,-0.4703481197357178,0.0213187877088785,1.4656405448913574,-0.3470290005207062,0.5733605027198792,1.7875727415084839,-1.0581458806991577,0.0017267921939492,1.7324683666229248,-0.9168857336044312,0.5984436869621277,1.8796135187149048,-1.2077319622039795,-0.0212336368858814,1.8167681694030762,-1.0761387348175049,0.5724726915359497,1.8675389289855957,-1.3035686016082764,-0.0013203648850322,1.8156046867370605,-1.1704909801483154,0.5545312762260437,1.8334344625473022,-1.1069070100784302,0.0158576294779778,1.7846906185150146,-0.9733050465583801,0.4189964830875397,1.8827111721038818,-0.0176339019089937,0.1605415642261505,1.8506247997283936,0.0165361128747463,0.3852866590023041,2.5409901142120361,-0.2873142063617706,0.1665402352809906,2.4777526855468750,-0.4926606118679047,0.3829283714294434,3.1083340644836426,0.0836168676614761,0.1556786894798279,3.0844817161560059,0.1000125780701637,0.4003836512565613,3.2078938484191895,0.0875334292650223,0.1568209081888199,3.1814610958099365,0.1438227593898773,0.3038686811923981,3.2025270462036133,-0.4917809367179871,0.1487686336040497,3.2114350795745850,-0.3294113278388977
0.2618939578533173,0.7888218164443970,-1.1160104274749756,0.3075739145278931,0.7330243587493896,-1.0415275096893311,0.3301251232624054,0.7357193827629089,-1.0423657894134521,0.3515843451023102,0.7401488423347473,-1.0421915054321289,0.2542845010757446,0.7307465672492981,-1.0168817043304443,0.2409786880016327,0.7317363023757935,-1.0179905891418457,0.2293207198381424,0.7332012653350830,-1.0187559127807617,0.4010934829711914,0.7793459296226501,-0.5855893492698669,0.2352364361286163,0.7641001939773560,-0.4682702124118805,0.3017561137676239,0.8652233481407166,-0.9342551231384277,0.2394099980592728,0.8564979434013367,-0.9083786010742188,0.5296589136123657,1.0546638965606689,-0.3186682760715485,0.1136574298143387,1.0917412042617798,-0.1906298100948334,0.5818360447883606,1.4709633588790894,-0.5056430697441101,0.0523424930870533,1.4639930725097656,-0.3664511144161224,0.5880872011184692,1.7458202838897705,-1.1408232450485229,0.0220909845083952,1.7032719850540161,-0.9529662132263184,0.6181135177612305,1.8218716382980347,-1.3034124374389648,-0.0040240352973342,1.7765458822250366,-1.1093789339065552,0.5875329375267029,1.8069177865982056,-1.3943682909011841,0.0117116076871753,1.7709895372390747,-1.2020876407623291,0.5674853324890137,1.7786077260971069,-1.1902794837951660,0.0314123742282391,1.7436019182205200,-1.0094363689422607,0.4618544578552246,1.8388558626174927,-0.0205377526581287,0.2004125416278839,1.8198773860931396,0.0195620320737362,0.4537398815155029,2.5281326770782471,-0.3750788569450378,0.2177265137434006,2.4283804893493652,-0.4110112190246582,0.4471576809883118,3.0920717716217041,-0.0624067857861519,0.2058660537004471,3.0270874500274658,0.3228024840354919,0.4645422995090485,3.1905481815338135,-0.0646206513047218,0.2083263099193573,3.1274816989898682,0.3774934411048889,0.3679622113704681,3.1704714298248291,-0.6729058027267456,0.1983898729085922,3.1421186923980713,-0.0718353614211082
0.2666123509407043,0.7887443900108337,-1.1110265254974365,0.3101603388786316,0.7329023480415344,-1.0346887111663818,0.3337734341621399,0.7357000112533569,-1.0355566740036011,0.3533813655376434,0.7403292059898376,-1.0353791713714600,0.2568061947822571,0.7305862903594971,-1.0119121074676514,0.2417801916599274,0.7316973805427551,-1.0129867792129517,0.2295829802751541,0.7331924438476562,-1.0137475728988647,0.4015454351902008,0.7795187830924988,-0.5428209900856018,0.2336167991161346,0.7645396590232849,-0.4725034832954407,0.3056806921958923,0.8650657534599304,-0.9283152818679810,0.2413128614425659,0.8556522727012634,-0.9077743291854858,0.5295365452766418,1.0622940063476562,-0.2602532804012299,0.1008468866348267,1.0883038043975830,-0.2205444872379303,0.5843479633331299,1.4694808721542358,-0.4372061789035797,0.0437381863594055,1.4634689092636108,-0.4566989839076996,0.5877103805541992,1.7390029430389404,-1.0718605518341064,0.0179424453526735,1.6916354894638062,-1.0802859067916870,0.6157993674278259,1.8286912441253662,-1.2264697551727295,-0.0095775909721851,1.7663009166717529,-1.2467429637908936,0.5823806524276733,1.8262251615524292,-1.3217480182647705,0.0118858292698860,1.7658072710037231,-1.3321926593780518,0.5634830594062805,1.7878549098968506,-1.1222046613693237,0.0310616996139288,1.7358257770538330,-1.1331119537353516,0.4578439593315125,1.8003921508789062,-0.0005049578612670,0.1898427307605743,1.7907537221908569,-0.0006186278769746,0.4424907267093658,2.4695169925689697,-0.3740308582782745,0.2125604897737503,2.4091844558715820,-0.5952119827270508,0.4341281354427338,3.0165152549743652,-0.1117045506834984,0.2014308273792267,3.0036914348602295,-0.0167744215577841,0.4519994258880615,3.1149802207946777,-0.1194133311510086,0.2038031518459320,3.1050992012023926,0.0216370411217213,0.3544697165489197,3.1203906536102295,-0.7154585123062134,0.1971183419227600,3.1213898658752441,-0.4557246267795563
0.2666123509407043,0.7887443900108337,-1.1110265254974365,0.3101603388786316,0.7329023480415344,-1.0346887111663818,0.3337734341621399,0.7357000112533569,-1.0355566740036011,0.3533813655376434,0.7403292059898376,-1.0353791713714600,0.2568061947822571,0.7305862903594971,-1.0119121074676514,0.2417801916599274,0.7316973805427551,-1.0129867792129517,0.2295829802751541,0.7331924438476562,-1.0137475728988647,0.4015454351902008,0.7795187830924988,-0.5428209900856018,0.2336167991161346,0.7645396590232849,-0.4725034832954407,0.3056806921958923,0.8650657534599304,-0.9283152818679810,0.2413128614425659,0.8556522727012634,-0.9077743291854858,0.5295365452766418,1.0622940063476562,-0.2602532804012299,0.1008468866348267,1.0883038043975830,-0.2205444872379303,0.5843479633331299,1.4694808721542358,-0.4372061789035797,0.0437381863594055,1.4634689092636108,-0.4566989839076996,0.5877103805541992,1.7390029430389404,-1.0718605518341064,0.0179424453526735,1.6916354894638062,-1.0802859067916870,0.6157993674278259,1.8286912441253662,-1.2264697551727295,-0.0095775909721851,1.7663009166717529,-1.2467429637908936,0.5823806524276733,1.8262251615524292,-1.3217480182647705,0.0118858292698860,1.7658072710037231,-1.3321926593780518,0.5634830594062805,1.7878549098968506,-1.1222046613693237,0.0310616996139288,1.7358257770538330,-1.1331119537353516,0.4578439593315125,1.8003921508789062,-0.0005049578612670,0.1898427307605743,1.7907537221908569,-0.0006186278769746,0.4424907267093658,2.4695169925689697,-0.3740308582782745,0.2125604897737503,2.4091844558715820,-0.5952119827270508,0.4341281354427338,3.0165152549743652,-0.1117045506834984,0.2014308273792267,3.0036914348602295,-0.0167744215577841,0.4519994258880615,3.1149802207946777,-0.1194133311510086,0.2038031518459320,3.1050992012023926,0.0216370411217213,0.3544697165489197,3.1203906536102295,-0.7154585123062134,0.1971183419227600,3.1213898658752441,-0.4557246267795563
0.2705554962158203,0.7886998653411865,-1.0454138517379761,0.3118981719017029,0.7328892350196838,-0.9815276861190796,0.3352557718753815,0.7356890439987183,-0.9824464917182922,0.3544235825538635,0.7405323386192322,-0.9822592735290527,0.2587186396121979,0.7306649088859558,-0.9621777534484863,0.2425521910190582,0.7319746017456055,-0.9632379412651062,0.2301209419965744,0.7339904308319092,-0.9639652371406555,0.4019111692905426,0.7806921005249023,-0.5451096296310425,0.2330373078584671,0.7669079899787903,-0.4702883660793304,0.3073757886886597,0.8647807240486145,-0.8872762918472290,0.2448330372571945,0.8555639982223511,-0.8712788820266724,0.5208819508552551,1.0656369924545288,-0.2870412766933441,0.1011741906404495,1.0881562232971191,-0.2279511243104935,0.5863097906112671,1.4272490739822388,-0.4552021920681000,0.0471167899668217,1.4619742631912231,-0.4588497579097748,0.5841771960258484,1.6506209373474121,-0.9859660267829895,0.0221227016299963,1.6150279045104980,-1.0532660484313965,0.6102248430252075,1.7219582796096802,-1.1061382293701172,-0.0064505813643336,1.6523392200469971,-1.2073743343353271,0.5788860321044922,1.7020219564437866,-1.1783039569854736,0.0171473436057568,1.6410491466522217,-1.2776933908462524,0.5606284737586975,1.6809272766113281,-1.0234183073043823,0.0374193079769611,1.6298075914382935,-1.1013700962066650,0.4526506066322327,1.8051878213882446,0.0034238335210830,0.1960653662681580,1.7921962738037109,-0.0043362546712160,0.4330280721187592,2.4384171962738037,-0.0403805859386921,0.2171560823917389,2.3938865661621094,-0.5555380582809448,0.4277264475822449,2.9672381877899170,0.3741843402385712,0.2037974148988724,2.9650661945343018,-0.1345588564872742,0.4455029070377350,3.0657916069030762,0.3871693015098572,0.2041031420230865,3.0607762336730957,-0.1113735660910606,0.3585752546787262,3.0522711277008057,-0.0678174942731857,0.2148005068302155,3.0680320262908936,-0.5454000234603882
0.2718286812305450,0.7880211472511292,-0.8625570535659790,0.3130307495594025,0.7325010895729065,-0.8024432063102722,0.3360146582126617,0.7355169057846069,-0.8034493327140808,0.3560062050819397,0.7403938770294189,-0.8033853769302368,0.2600310444831848,0.7286387681961060,-0.7752797007560730,0.2440205812454224,0.7291868329048157,-0.7763041257858276,0.2316640615463257,0.7302281260490417,-0.7771698236465454,0.4066728651523590,0.7828913331031799,-0.4375681281089783,0.2329825609922409,0.7636156082153320,-0.3222700059413910,0.3083619475364685,0.8638297915458679,-0.7194787263870239,0.2449199408292770,0.8543540239334106,-0.6930036544799805,0.4863333106040955,1.0916457176208496,-0.2908975481987000,0.1067584976553917,1.0855907201766968,-0.0905135869979858,0.4936293065547943,1.3393909931182861,-0.5759872198104858,0.0784023404121399,1.3049890995025635,-0.3786581456661224,0.3948646187782288,1.1240507364273071,-0.9753192067146301,0.1599821746349335,1.0142840147018433,-0.8130452036857605,0.3693004846572876,1.0667996406555176,-1.0918322801589966,0.1679977774620056,0.9819343090057373,-0.9309752583503723,0.3740355372428894,1.0313055515289307,-1.0953447818756104,0.1668061316013336,0.9457357525825500,-0.9319815635681152,0.3746659159660339,1.0560557842254639,-0.9862836003303528,0.1732302457094193,0.9300665259361267,-0.8298333883285522,0.3944834768772125,1.8635374307632446,-0.0419990196824074,0.2010131627321243,1.8252054452896118,0.0409176945686340,0.3743000626564026,1.6587197780609131,0.0173990838229656,0.2089758366346359,1.2993009090423584,-0.2702288031578064,0.3705660700798035,1.8400882482528687,0.3577066659927368,0.2773450314998627,1.4856591224670410,0.1729401051998138,0.3994808793067932,1.9085509777069092,0.3804467916488647,0.3008861541748047,1.5626242160797119,0.2224248647689819,0.2850376069545746,1.7777411937713623,0.0416331849992275,0.2759242653846741,1.4103951454162598,0.0123181883245707
0.2745485007762909,0.7860523462295532,-1.1209151744842529,0.3183117508888245,0.7312793135643005,-1.0443620681762695,0.3405390381813049,0.7340799570083618,-1.0452295541763306,0.3603760600090027,0.7394055128097534,-1.0451179742813110,0.2603094875812531,0.7283557057380676,-1.0228666067123413,0.2444856464862823,0.7290497422218323,-1.0238565206527710,0.2317848950624466,0.7301713228225708,-1.0245889425277710,0.4066994786262512,0.7807818055152893,-0.5922611355781555,0.2329038083553314,0.7633299231529236,-0.4927002489566803,0.3147408366203308,0.8629810214042664,-0.9422968626022339,0.2475883960723877,0.8523597121238708,-0.9216678738594055,0.5089863538742065,1.0922687053680420,-0.3550385534763336,0.1042255535721779,1.0864393711090088,-0.2306790053844452,0.5491519570350647,1.4426264762878418,-0.5508030652999878,0.0444597676396370,1.4093128442764282,-0.4914659559726715,0.5486297011375427,1.7377934455871582,-0.9936310648918152,0.0371910408139229,1.6458301544189453,-1.1314313411712646,0.5744880437850952,1.8340965509414673,-1.1210992336273193,0.0133002232760191,1.7248715162277222,-1.3035893440246582,0.5501565933227539,1.8322350978851318,-1.1380215883255005,0.0336374565958977,1.7237349748611450,-1.3828752040863037,0.5317320227622986,1.7970333099365234,-1.0115025043487549,0.0529306344687939,1.6949665546417236,-1.1843861341476440,0.4159285426139832,1.8517626523971558,-0.0353501513600349,0.1975734829902649,1.8239197731018066,0.0344044044613838,0.4090622067451477,2.3541758060455322,-0.1723470687866211,0.2100928574800491,2.3151376247406006,-0.3230082094669342,0.3995779156684875,2.8839845657348633,0.3037754595279694,0.2647383809089661,2.8736708164215088,0.3414697945117950,0.4186390936374664,2.9795069694519043,0.3260139524936676,0.2711074650287628,2.9657456874847412,0.4005122780799866,0.3214794695377350,2.9735655784606934,-0.1458523124456406,0.2721433937549591,2.9883534908294678,-0.0113475956022739
0.2749022841453552,0.7867583036422729,-0.9117747545242310,0.3182145357131958,0.7311246991157532,-0.8469065427780151,0.3405689895153046,0.7337000966072083,-0.8479477167129517,0.3606661856174469,0.7389545440673828,-0.8478862643241882,0.2607222795486450,0.7284275293350220,-0.8148432970046997,0.2448616474866867,0.7291204333305359,-0.8158760070800781,0.2320834845304489,0.7302071452140808,-0.8167392015457153,0.4094107151031494,0.7817438840866089,-0.4692125916481018,0.2329820841550827,0.7642826437950134,-0.3285841643810272,0.3146948218345642,0.8630762696266174,-0.7632304430007935,0.2477126419544220,0.8533895015716553,-0.7301999330520630,0.5002547502517700,1.0968372821807861,-0.3503005504608154,0.1510642468929291,1.0867992639541626,-0.0947988778352737,0.5102226138114929,1.3222750425338745,-0.6854410767555237,0.1053504571318626,1.3007844686508179,-0.3466736674308777,0.3862408995628357,1.1312392950057983,-1.0842654705047607,0.1742336004972458,1.0079602003097534,-0.7716721892356873,0.3537786006927490,1.0776121616363525,-1.2098665237426758,0.1835912168025970,0.9886165261268616,-0.8899921178817749,0.3562719225883484,1.0432657003402710,-1.1560525894165039,0.1863058656454086,0.9285545945167542,-0.8964907526969910,0.3603407144546509,1.0679234266281128,-1.0792571306228638,0.1872658282518387,0.9550454616546631,-0.7923995852470398,0.4076967835426331,1.8899768590927124,-0.0477241650223732,0.2142576426267624,1.8566333055496216,0.0467512682080269,0.3759182989597321,1.7014732360839844,0.0348285511136055,0.2174316644668579,1.4005272388458252,-0.2667811214923859,0.3830964565277100,1.8687412738800049,0.4426219463348389,0.3121475577354431,1.5710152387619019,0.2733858823776245,0.4065639078617096,1.9350014925003052,0.4723318219184875,0.3290280401706696,1.6402738094329834,0.3271429538726807,0.3186533451080322,1.8057450056076050,0.1494544148445129,0.3275071084499359,1.5024360418319702,0.0703478232026100
0.2738432586193085,0.7864764332771301,-0.9451818466186523,0.3181762695312500,0.7301465868949890,-0.8773391842842102,0.3405191302299500,0.7331416606903076,-0.8782792091369629,0.3606328070163727,0.7386587858200073,-0.8782050013542175,0.2604601383209229,0.7278794050216675,-0.8481119871139526,0.2447507679462433,0.7287327051162720,-0.8491686582565308,0.2319814413785934,0.7297206521034241,-0.8499971628189087,0.4084632396697998,0.7812805175781250,-0.4794171452522278,0.2336456775665283,0.7623058557510376,-0.3326956629753113,0.3145679533481598,0.8631748557090759,-0.7882928848266602,0.2476725578308105,0.8532706499099731,-0.7554138302803040,0.5063875913619995,1.0978904962539673,-0.3481861054897308,0.1599432826042175,1.1035360097885132,-0.0517256855964661,0.5446944832801819,1.3281416893005371,-0.6449933052062988,0.0994425639510155,1.4259426593780518,-0.3385143280029297,0.4776418209075928,1.2258356809616089,-1.0863744020462036,0.1464290022850037,1.1153188943862915,-1.0223114490509033,0.4665536284446716,1.1772302389144897,-1.2219988107681274,0.1438300311565399,1.1639950275421143,-1.1957719326019287,0.4684583246707916,1.0646318197250366,-1.2347067594528198,0.1527443677186966,1.1895037889480591,-1.2426589727401733,0.4658333659172058,1.1160812377929688,-1.1023652553558350,0.1603527367115021,1.1651775836944580,-1.0662219524383545,0.4261883795261383,1.9170275926589966,-0.0591463148593903,0.2235725820064545,1.8725547790527344,0.0582139976322651,0.3762608170509338,2.1403129100799561,-0.0350005887448788,0.2064041346311569,1.7485851049423218,-0.5145878791809082,0.3804220557212830,2.5155060291290283,0.3499765098094940,0.3025674223899841,2.0572569370269775,-0.0588801801204681,0.4033750891685486,2.6239695549011230,0.3691833913326263,0.3072777986526489,2.2753481864929199,-0.0189331695437431,0.3065109848976135,2.4425637722015381,-0.0544635765254498,0.3005494773387909,2.1876394748687744,-0.3408887684345245
0.2738432586193085,0.7864764332771301,-0.9451818466186523,0.3181762695312500,0.7301465868949890,-0.8773391842842102,0.3405191302299500,0.7331416606903076,-0.8782792091369629,0.3606328070163727,0.7386587858200073,-0.8782050013542175,0.2604601383209229,0.7278794050216675,-0.8481119871139526,0.2447507679462433,0.7287327051162720,-0.8491686582565308,0.2319814413785934,0.7297206521034241,-0.8499971628189087,0.4084632396697998,0.7812805175781250,-0.4794171452522278,0.2336456775665283,0.7623058557510376,-0.3326956629753113,0.3145679533481598,0.8631748557090759,-0.7882928848266602,0.2476725578308105,0.8532706499099731,-0.7554138302803040,0.5063875913619995,1.0978904962539673,-0.3481861054897308,0.1599432826042175,1.1035360097885132,-0.0517256855964661,0.5446944832801819,1.3281416893005371,-0.6449933052062988,0.0994425639510155,1.4259426593780518,-0.3385143280029297,0.4776418209075928,1.2258356809616089,-1.0863744020462036,0.1464290022850037,1.1153188943862915,-1.0223114490509033,0.4665536284446716,1.1772302389144897,-1.2219988107681274,0.1438300311565399,1.1639950275421143,-1.1957719326019287,0.4684583246707916,1.0646318197250366,-1.2347067594528198,0.1527443677186966,1.1895037889480591,-1.2426589727401733,0.4658333659172058,1.1160812377929688,-1.1023652553558350,0.1603527367115021,1.1651775836944580,-1.0662219524383545,0.4261883795261383,1.9170275926589966,-0.0591463148593903,0.2235725820064545,1.8725547790527344,0.0582139976322651,0.3762608170509338,2.1403129100799561,-0.0350005887448788,0.2064041346311569,1.7485851049423218,-0.5145878791809082,0.3804220557212830,2.5155060291290283,0.3499765098094940,0.3025674223899841,2.0572569370269775,-0.0588801801204681,0.4033750891685486,2.6239695549011230,0.3691833913326263,0.3072777986526489,2.2753481864929199,-0.0189331695437431,0.3065109848976135,2.4425637722015381,-0.0544635765254498,0.3005494773387909,2.1876394748687744,-0.3408887684345245
0.2737726271152496,0.7866537570953369,-0.9508345723152161,0.3190529346466064,0.7303523421287537,-0.8895651698112488,0.3416721224784851,0.7334085106849670,-0.8905485272407532,0.3620480298995972,0.7390239834785461,-0.8904105424880981,0.2605842053890228,0.7289609313011169,-0.8491269946098328,0.2452993690967560,0.7299164533615112,-0.8502187728881836,0.2324811518192291,0.7307960987091064,-0.8510631322860718,0.4087488651275635,0.7813537716865540,-0.5007728934288025,0.2355046719312668,0.7631703019142151,-0.3156413733959198,0.3160106241703033,0.8644769191741943,-0.7979954481124878,0.2486355006694794,0.8538564443588257,-0.7516494989395142,0.5050404071807861,1.1068876981735229,-0.3943822681903839,0.1668066680431366,1.1053428649902344,0.0129050062969327,0.5448632240295410,1.3439799547195435,-0.7461212277412415,0.0980111435055733,1.3695777654647827,-0.1811262369155884,0.4771912097930908,1.3133484125137329,-1.2631084918975830,0.1827127784490585,1.0493983030319214,-0.7589920759201050,0.4656115472316742,1.3018900156021118,-1.4184405803680420,0.1972573995590210,1.0823016166687012,-0.9065863490104675,0.4631760716438293,1.2508375644683838,-1.4328821897506714,0.1937078088521957,0.9809688925743103,-0.9381467700004578,0.4624347686767578,1.2661854028701782,-1.2797106504440308,0.1939493119716644,1.0019615888595581,-0.7936717867851257,0.4237210750579834,1.9499645233154297,-0.1025743111968040,0.2237928360700607,1.9018899202346802,0.1015162318944931,0.3624216914176941,2.0159623622894287,-0.0017395137110725,0.1991685330867767,1.5740758180618286,-0.3546786904335022,0.3729977905750275,2.3990111351013184,0.4099457859992981,0.2987163960933685,2.0794703960418701,0.0256062448024750,0.3997361063957214,2.5035195350646973,0.4342869222164154,0.3210042715072632,2.2084906101226807,0.0628210753202438,0.2907319664955139,2.3485219478607178,0.0489823222160339,0.2909919321537018,2.0970532894134521,-0.1509068608283997
0.2714394629001617,0.7867856621742249,-0.9590393900871277,0.3189323544502258,0.7308148145675659,-0.9017783403396606,0.3416396081447601,0.7343503832817078,-0.9027744531631470,0.3620475530624390,0.7404390573501587,-0.9026163220405579,0.2601066827774048,0.7293920516967773,-0.8599952459335327,0.2452336847782135,0.7302256822586060,-0.8611111640930176,0.2324073612689972,0.7308801412582397,-0.8619548082351685,0.4087154269218445,0.7816308140754700,-0.5388160347938538,0.2366580665111542,0.7629548907279968,-0.3335586786270142,0.3152233362197876,0.8670123815536499,-0.8080695867538452,0.2479493916034698,0.8538354635238647,-0.7601207494735718,0.5062770247459412,1.1206990480422974,-0.4103910923004150,0.1620651036500931,1.1043449640274048,-0.0060745370574296,0.5500553846359253,1.3469185829162598,-0.7351611852645874,0.0853634625673294,1.4325108528137207,-0.1664728373289108,0.4829819202423096,1.3855063915252686,-1.2934310436248779,0.1073464751243591,1.2896674871444702,-0.7825423479080200,0.4743340611457825,1.3981993198394775,-1.4587377309799194,0.1209814324975014,1.1880763769149780,-0.9348181486129761,0.4683638513088226,1.3623312711715698,-1.4946628808975220,0.1152921319007874,1.0427849292755127,-0.9974445104598999,0.4659787714481354,1.3646924495697021,-1.3201553821563721,0.1171820983290672,1.0841090679168701,-0.8306959271430969,0.4197412133216858,1.9749602079391479,-0.0972268134355545,0.2215100824832916,1.9217735528945923,0.0961439833045006,0.3568573594093323,2.0808336734771729,-0.0073957024142146,0.1899644285440445,1.6574995517730713,-0.3504494428634644,0.3604795634746552,2.5546486377716064,0.3514042496681213,0.2779365181922913,2.2559401988983154,0.0594790391623974,0.3806323111057281,2.6808614730834961,0.3687483668327332,0.2948874831199646,2.2961037158966064,0.0978801771998405,0.2862784862518311,2.5145571231842041,-0.0399668850004673,0.2753853797912598,2.2709236145019531,-0.1643197238445282
0.2717004120349884,0.7869993448257446,-1.0021464824676514,0.3191015422344208,0.7324155569076538,-0.9300583600997925,0.3417030870914459,0.7363007664680481,-0.9309837222099304,0.3624778389930725,0.7415365576744080,-0.9307847023010254,0.2603007256984711,0.7302078008651733,-0.9007756114006042,0.2453702986240387,0.7310844659805298,-0.9019889831542969,0.2327747046947479,0.7315741777420044,-0.9027701616287231,0.4086814820766449,0.7823177576065063,-0.5163039565086365,0.2366601675748825,0.7632610201835632,-0.3413285613059998,0.3151524364948273,0.8679419159889221,-0.8218609094619751,0.2483796775341034,0.8550889492034912,-0.7901298403739929,0.5136133432388306,1.1215018033981323,-0.2752175927162170,0.1576564460992813,1.1129326820373535,-0.0246780831366777,0.5730842947959900,1.4811228513717651,-0.3751454055309296,0.0847553610801697,1.5029321908950806,-0.2016838043928146,0.5253849029541016,1.7304705381393433,-0.8305253982543945,0.0636547803878784,1.5943820476531982,-0.8355200886726379,0.5308995842933655,1.8083803653717041,-0.9553952217102051,0.0514411106705666,1.6183097362518311,-0.9923447370529175,0.5136493444442749,1.7833768129348755,-1.0318890810012817,0.0538527444005013,1.5757927894592285,-1.0848537683486938,0.5062876939773560,1.7573688030242920,-0.8670973777770996,0.0665182918310165,1.5666214227676392,-0.8944290280342102,0.4308440089225769,1.9696905612945557,-0.0736062526702881,0.2193465232849121,1.9240448474884033,0.0726471021771431,0.3859488070011139,2.5681338310241699,-0.1773950755596161,0.2013818025588989,2.3628087043762207,-0.5499783754348755,0.3812982738018036,3.1304090023040771,0.1445113122463226,0.2369132041931152,3.0217483043670654,-0.1254448294639587,0.3988331556320190,3.2413790225982666,0.1463011205196381,0.2406897991895676,3.1393253803253174,-0.0979641750454903,0.3084025382995605,3.1922383308410645,-0.3805790543556213,0.2268565893173218,3.1086144447326660,-0.5373276472091675
0.2710299789905548,0.7874404788017273,-1.0059831142425537,0.3188398182392120,0.7328945398330688,-0.9356591105461121,0.3415134549140930,0.7367570996284485,-0.9366618990898132,0.3624664247035980,0.7417522668838501,-0.9364584088325500,0.2602536678314209,0.7305125594139099,-0.9158247709274292,0.2453803122043610,0.7312660813331604,-0.9170410037040710,0.2330001890659332,0.7316331863403320,-0.9179547429084778,0.4089862406253815,0.7827491164207458,-0.5173423886299133,0.2368161976337433,0.7631307244300842,-0.4205497801303864,0.3139496445655823,0.8682013154029846,-0.8264101147651672,0.2478645145893097,0.8550989627838135,-0.8102393150329590,0.4993835091590881,1.1242552995681763,-0.2745541930198669,0.1293123662471771,1.0839239358901978,-0.1668480038642883,0.5251644849777222,1.4068413972854614,-0.4731763005256653,0.0222104601562023,1.3675687313079834,-0.3929279446601868,0.4676311612129211,1.3422685861587524,-0.9391170740127563,0.0601915493607521,1.2374542951583862,-0.9691710472106934,0.4561749398708344,1.3220902681350708,-1.0636053085327148,0.0526327975094318,1.1954979896545410,-1.1317373514175415,0.4534698426723480,1.2812250852584839,-1.1344774961471558,0.0560876056551933,1.1479210853576660,-1.1754910945892334,0.4500862956047058,1.2905521392822266,-0.9676337242126465,0.0697137936949730,1.1643023490905762,-1.0054246187210083,0.3894059360027313,1.9630362987518311,-0.0259359739720821,0.1904634535312653,1.9187818765640259,0.0245547872036695,0.3820145428180695,1.8767715692520142,0.0319866947829723,0.1791898459196091,1.4806216955184937,-0.3528223335742950,0.3416576981544495,2.2035405635833740,0.3361279070377350,0.2594803273677826,1.8812836408615112,0.1247234195470810,0.3508042991161346,2.2976493835449219,0.3495521843433380,0.2779336571693420,1.9926248788833618,0.1719335615634918,0.2762140333652496,2.1328737735748291,-0.0421142503619194,0.2632458508014679,1.8155133724212646,-0.1058988124132156
0.2709915935993195,0.7905167341232300,-1.0121607780456543,0.3173741400241852,0.7331796884536743,-0.9441226124763489,0.3396463394165039,0.7367280125617981,-0.9449955224990845,0.3612063229084015,0.7414910793304443,-0.9447657465934753,0.2604353427886963,0.7309647202491760,-0.9177805185317993,0.2456816434860229,0.7316309809684753,-0.9189998507499695,0.2330772876739502,0.7321115136146545,-0.9198210835456848,0.4089821875095367,0.7826950550079346,-0.5206580758094788,0.2371504306793213,0.7635297179222107,-0.4018673002719879,0.3120903968811035,0.8699446320533752,-0.8334108591079712,0.2479285895824432,0.8585105538368225,-0.8100937008857727,0.5160318017005920,1.0913614034652710,-0.2863232493400574,0.1290539056062698,1.0842767953872681,-0.0996387526392937,0.5768472552299500,1.4526618719100952,-0.4788053929805756,0.0603201575577259,1.4568445682525635,-0.1342120617628098,0.5792954564094543,1.6967672109603882,-1.0025632381439209,0.0510171130299568,1.6896816492080688,-0.5820217728614807,0.6085953712463379,1.7797027826309204,-1.1394087076187134,0.0273376461118460,1.7585093975067139,-0.6987367272377014,0.5817590951919556,1.7650508880615234,-1.1667703390121460,0.0313858091831207,1.7565104961395264,-0.8082923889160156,0.5630015134811401,1.7355750799179077,-1.0281584262847900,0.0511171445250511,1.7291930913925171,-0.6411596536636353,0.4541622996330261,1.9192745685577393,-0.0407460331916809,0.2037487775087357,1.8935495615005493,0.0396180264651775,0.4487215876579285,2.4948372840881348,-0.3961838483810425,0.2098426818847656,2.4228541851043701,-0.4741081297397614,0.4299310147762299,3.0735228061676025,-0.0706062018871307,0.2441970109939575,3.0445504188537598,0.1193101629614830,0.4492859840393066,3.1770629882812500,-0.0696674063801765,0.2529113292694092,3.1456501483917236,0.1648021936416626,0.3413416147232056,3.1620995998382568,-0.6459494233131409,0.2380622327327728,3.1663978099822998,-0.2507638335227966
0.2709915935993195,0.7905167341232300,-1.0121607780456543,0.3173741400241852,0.7331796884536743,-0.9441226124763489,0.3396463394165039,0.7367280125617981,-0.9449955224990845,0.3612063229084015,0.7414910793304443,-0.9447657465934753,0.2604353427886963,0.7309647202491760,-0.9177805185317993,0.2456816434860229,0.7316309809684753,-0.9189998507499695,0.2330772876739502,0.7321115136146545,-0.9198210835456848,0.4089821875095367,0.7826950550079346,-0.5206580758094788,0.2371504306793213,0.7635297179222107,-0.4018673002719879,0.3120903968811035,0.8699446320533752,-0.8334108591079712,0.2479285895824432,0.8585105538368225,-0.8100937008857727,0.5160318017005920,1.0913614034652710,-0.2863232493400574,0.1290539056062698,1.0842767953872681,-0.0996387526392937,0.5768472552299500,1.4526618719100952,-0.4788053929805756,0.0603201575577259,1.4568445682525635,-0.1342120617628098,0.5792954564094543,1.6967672109603882,-1.0025632381439209,0.0510171130299568,1.6896816492080688,-0.5820217728614807,0.6085953712463379,1.7797027826309204,-1.1394087076187134,0.0273376461118460,1.7585093975067139,-0.6987367272377014,0.5817590951919556,1.7650508880615234,-1.1667703390121460,0.0313858091831207,1.7565104961395264,-0.8082923889160156,0.5630015134811401,1.7355750799179077,-1.0281584262847900,0.0511171445250511,1.7291930913925171,-0.6411596536636353,0.4541622996330261,1.9192745685577393,-0.0407460331916809,0.2037487775087357,1.8935495615005493,0.0396180264651775,0.4487215876579285,2.4948372840881348,-0.3961838483810425,0.2098426818847656,2.4228541851043701,-0.4741081297397614,0.4299310147762299,3.0735228061676025,-0.0706062018871307,0.2441970109939575,3.0445504188537598,0.1193101629614830,0.4492859840393066,3.1770629882812500,-0.0696674063801765,0.2529113292694092,3.1456501483917236,0.1648021936416626,0.3413416147232056,3.1620995998382568,-0.6459494233131409,0.2380622327327728,3.1663978099822998,-0.2507638335227966
0.2714800536632538,0.7901006937026978,-0.9298803210258484,0.3197256624698639,0.7320638298988342,-0.8636075854301453,0.3419829010963440,0.7353875041007996,-0.8646579980850220,0.3640065193176270,0.7408815026283264,-0.8645787239074707,0.2618507742881775,0.7301853895187378,-0.8254026174545288,0.2470688819885254,0.7306666970252991,-0.8265117406845093,0.2350294142961502,0.7305678725242615,-0.8273948431015015,0.4113729894161224,0.7856902480125427,-0.4767766892910004,0.2387801110744476,0.7634687423706055,-0.3077995181083679,0.3132612109184265,0.8697599768638611,-0.7738458514213562,0.2479174584150314,0.8584064841270447,-0.7344251871109009,0.4993748068809509,1.1196670532226562,-0.3458611369132996,0.1450145691633224,1.0986783504486084,0.0163406133651733,0.5226668119430542,1.3859044313430786,-0.6586521863937378,0.1035105809569359,1.3571509122848511,-0.0232213214039803,0.4099369049072266,1.2475185394287109,-1.0279376506805420,0.1173719912767410,1.0669656991958618,-0.3132996261119843,0.3849819004535675,1.2047837972640991,-1.1641217470169067,0.1261762678623199,1.0715476274490356,-0.4049357771873474,0.3812759518623352,1.1730391979217529,-1.1722322702407837,0.1179309934377670,1.0400586128234863,-0.4433834552764893,0.3856900334358215,1.1934039592742920,-1.0474734306335449,0.1231544762849808,1.0176889896392822,-0.3438171744346619,0.4085322022438049,1.9884456396102905,-0.1069165021181107,0.2036165893077850,1.9465211629867554,0.1058577150106430,0.3186156153678894,1.8532165288925171,-0.2248843908309937,0.2042058408260345,1.5555506944656372,-0.1022646874189377,0.3574500381946564,2.0656719207763672,0.2152444869279861,0.2539208531379700,1.7288702726364136,0.3810185194015503,0.4087480008602142,2.1398222446441650,0.2529115676879883,0.2719175517559052,1.8080312013626099,0.4296519756317139,0.2456201314926147,2.0030426979064941,-0.0819448381662369,0.2402887642383575,1.6429656744003296,0.1753566414117813
0.2740884423255920,0.7894073724746704,-1.3096681833267212,0.3214528560638428,0.7319675683975220,-1.2252793312072754,0.3443339765071869,0.7353967428207397,-1.2261993885040283,0.3661302924156189,0.7412076592445374,-1.2260429859161377,0.2629212737083435,0.7300875186920166,-1.2203634977340698,0.2476091384887695,0.7305896878242493,-1.2216607332229614,0.2351729571819305,0.7305812835693359,-1.2225178480148315,0.4113533496856689,0.7865282893180847,-0.7073146104812622,0.2379060983657837,0.7634626626968384,-0.6820698380470276,0.3151190280914307,0.8697899580001831,-1.1022052764892578,0.2489205151796341,0.8575636744499207,-1.1035854816436768,0.5068021416664124,1.1212480068206787,-0.3624269962310791,0.1050384491682053,1.0747265815734863,-0.3815669417381287,0.5307962298393250,1.5091248750686646,-0.4464634358882904,0.0308038108050823,1.4508229494094849,-0.5283545255661011,0.5279816985130310,1.8102304935455322,-0.9424837231636047,0.0088625168427825,1.7290774583816528,-1.0514369010925293,0.5532381534576416,1.9014735221862793,-1.0686351060867310,-0.0140284476801753,1.8143596649169922,-1.2051155567169189,0.5327867865562439,1.8954199552536011,-1.1645195484161377,0.0028328541666269,1.8150357007980347,-1.3007400035858154,0.5139637589454651,1.8608334064483643,-0.9907447695732117,0.0200847834348679,1.7820508480072021,-1.1051107645034790,0.3989574909210205,1.9161202907562256,-0.0059116245247424,0.1456657052040100,1.8887810707092285,0.0047318581491709,0.3441308140754700,2.5469083786010742,-0.2879055142402649,0.1502329558134079,2.4790921211242676,-0.4600552916526794,0.3587074875831604,3.1162440776824951,-0.0466707311570644,0.1412353813648224,3.0889940261840820,0.2541140913963318,0.3946992754936218,3.2162439823150635,-0.0564508847892284,0.1413110941648483,3.1810362339019775,0.2986296117305756,0.2873361408710480,3.2139804363250732,-0.6508769392967224,0.1566175073385239,3.2364118099212646,-0.1332131177186966
0.2740884423255920,0.7894073724746704,-1.3096681833267212,0.3214528560638428,0.7319675683975220,-1.2252793312072754,0.3443339765071869,0.7353967428207397,-1.2261993885040283,0.3661302924156189,0.7412076592445374,-1.2260429859161377,0.2629212737083435,0.7300875186920166,-1.2203634977340698,0.2476091384887695,0.7305896878242493,-1.2216607332229614,0.2351729571819305,0.7305812835693359,-1.2225178480148315,0.4113533496856689,0.7865282893180847,-0.7073146104812622,0.2379060983657837,0.7634626626968384,-0.6820698380470276,0.3151190280914307,0.8697899580001831,-1.1022052764892578,0.2489205151796341,0.8575636744499207,-1.1035854816436768,0.5068021416664124,1.1212480068206787,-0.3624269962310791,0.1050384491682053,1.0747265815734863,-0.3815669417381287,0.5307962298393250,1.5091248750686646,-0.4464634358882904,0.0308038108050823,1.4508229494094849,-0.5283545255661011,0.5279816985130310,1.8102304935455322,-0.9424837231636047,0.0088625168427825,1.7290774583816528,-1.0514369010925293,0.5532381534576416,1.9014735221862793,-1.0686351060867310,-0.0140284476801753,1.8143596649169922,-1.2051155567169189,0.5327867865562439,1.8954199552536011,-1.1645195484161377,0.0028328541666269,1.8150357007980347,-1.3007400035858154,0.5139637589454651,1.8608334064483643,-0.9907447695732117,0.0200847834348679,1.7820508480072021,-1.1051107645034790,0.3989574909210205,1.9161202907562256,-0.0059116245247424,0.1456657052040100,1.8887810707092285,0.0047318581491709,0.3441308140754700,2.5469083786010742,-0.2879055142402649,0.1502329558134079,2.4790921211242676,-0.4600552916526794,0.3587074875831604,3.1162440776824951,-0.0466707311570644,0.1412353813648224,3.0889940261840820,0.2541140913963318,0.3946992754936218,3.2162439823150635,-0.0564508847892284,0.1413110941648483,3.1810362339019775,0.2986296117305756,0.2873361408710480,3.2139804363250732,-0.6508769392967224,0.1566175073385239,3.2364118099212646,-0.1332131177186966
0.2742332816123962,0.7918859720230103,-1.2423377037048340,0.3211035132408142,0.7337017059326172,-1.1967387199401855,0.3442056477069855,0.7368500232696533,-1.1983082294464111,0.3655881285667419,0.7426270246505737,-1.1982920169830322,0.2629245221614838,0.7327312231063843,-1.1920249462127686,0.2474114000797272,0.7335792779922485,-1.1935589313507080,0.2343743145465851,0.7345968484878540,-1.1949183940887451,0.4117249548435211,0.7885586619377136,-0.6356642246246338,0.2368819415569305,0.7681468725204468,-0.5463441610336304,0.3149586915969849,0.8704685568809509,-1.0802974700927734,0.2490262091159821,0.8587343096733093,-1.0922641754150391,0.5094981193542480,1.1212642192840576,-0.3485142588615417,0.1046020165085793,1.0753481388092041,-0.2099206447601318,0.5387609601020813,1.5068279504776001,-0.4475107192993164,0.0344337150454521,1.4642397165298462,-0.3518084883689880,0.5457199811935425,1.7820335626602173,-1.0959383249282837,0.0141312526538968,1.6822865009307861,-1.0006397962570190,0.5753337144851685,1.8682329654693604,-1.2515236139297485,-0.0094103291630745,1.7468929290771484,-1.1591722965240479,0.5482732057571411,1.8553278446197510,-1.3439137935638428,0.0021828191820532,1.7371063232421875,-1.2113035917282104,0.5288172364234924,1.8233536481857300,-1.1451925039291382,0.0201140381395817,1.7134816646575928,-1.0862691402435303,0.4126620292663574,1.8931678533554077,-0.0315895378589630,0.1487772166728973,1.8602491617202759,0.0306003242731094,0.3664256632328033,2.5403468608856201,-0.4299563765525818,0.1572652310132980,2.4545357227325439,-0.4826846122741699,0.3737178742885590,3.1223254203796387,-0.1414649486541748,0.1604882925748825,3.0522952079772949,0.2255244553089142,0.4045522809028625,3.2288200855255127,-0.1450135558843613,0.1651193350553513,3.1547377109527588,0.2748827338218689,0.2919610440731049,3.2119688987731934,-0.7263427376747131,0.1593267619609833,3.1681735515594482,-0.1986337453126907
0.2762007117271423,0.7918695211410522,-1.1655008792877197,0.3230637609958649,0.7336425185203552,-1.1071799993515015,0.3467676937580109,0.7368406057357788,-1.1084302663803101,0.3670472204685211,0.7427266836166382,-1.1082923412322998,0.2646897435188293,0.7326183915138245,-1.0815387964248657,0.2480376064777374,0.7335279583930969,-1.0828449726104736,0.2348206043243408,0.7345740199089050,-1.0838443040847778,0.4121807515621185,0.7887512445449829,-0.5481618642807007,0.2358358353376389,0.7685634493827820,-0.5101811885833740,0.3159338235855103,0.8712838292121887,-0.9960241317749023,0.2495127022266388,0.8597834706306458,-0.9777758717536926,0.5208224654197693,1.1225070953369141,-0.2445500791072845,0.0814164355397224,1.0884655714035034,-0.2512527704238892,0.5763314962387085,1.5286296606063843,-0.3918110728263855,0.0076970430091023,1.5026695728302002,-0.7081747055053711,0.5829299092292786,1.8379368782043457,-0.9888052940368652,-0.0206567309796810,1.7543169260025024,-1.6055380105972290,0.6118331551551819,1.9375987052917480,-1.1371252536773682,-0.0580579116940498,1.8248736858367920,-1.8288147449493408,0.5752146244049072,1.9230601787567139,-1.2529833316802979,-0.0227122269570827,1.8255015611648560,-1.8969150781631470,0.5547693371772766,1.8911324739456177,-1.0444531440734863,0.0017209438374266,1.8053739070892334,-1.6619212627410889,0.4216845631599426,1.8900187015533447,0.0185858216136694,0.1547508686780930,1.8638117313385010,-0.0196004081517458,0.3946069478988647,2.5523307323455811,-0.3051453828811646,0.1676227748394012,2.4926035404205322,-0.6390964388847351,0.4016571640968323,3.1326277256011963,-0.0643986314535141,0.1743414700031281,3.1125020980834961,-0.1231267675757408,0.4197109639644623,3.2412323951721191,-0.0448765084147453,0.1785664111375809,3.2186205387115479,-0.0947319418191910,0.3386971652507782,3.2224383354187012,-0.5268526077270508,0.1891419589519501,3.2255270481109619,-0.6389401555061340
0.2761823832988739,0.7920992374420166,-1.1476963758468628,0.3228848576545715,0.7336081266403198,-1.0801768302917480,0.3466617763042450,0.7367530465126038,-1.0812785625457764,0.3668734729290009,0.7426874637603760,-1.0811208486557007,0.2648548483848572,0.7320045828819275,-1.0579622983932495,0.2481937706470490,0.7325281500816345,-1.0592015981674194,0.2348337620496750,0.7332178354263306,-1.0601049661636353,0.4129192829132080,0.7888031601905823,-0.5684581995010376,0.2358349263668060,0.7683995962142944,-0.5174976587295532,0.3151807188987732,0.8713134527206421,-0.9721487760543823,0.2494907081127167,0.8599254488945007,-0.9534710049629211,0.5150476694107056,1.1231454610824585,-0.2567797303199768,0.0846005380153656,1.0852897167205811,-0.2465562522411346,0.5822187662124634,1.4811238050460815,-0.3829571604728699,0.0119292335584760,1.4770224094390869,-0.5754282474517822,0.5747597217559814,1.5856405496597290,-0.9030382037162781,-0.0100490469485521,1.6575778722763062,-1.2878038883209229,0.6017899513244629,1.6238692998886108,-1.0345861911773682,-0.0418529063463211,1.6793522834777832,-1.4640299081802368,0.5673255920410156,1.5753918886184692,-1.1088984012603760,-0.0045198774896562,1.6642473936080933,-1.5394250154495239,0.5512033700942993,1.5671819448471069,-0.9413833618164062,0.0172561313956976,1.6639864444732666,-1.3411824703216553,0.4206282198429108,1.8914284706115723,0.0315615534782410,0.1568637639284134,1.8644405603408813,-0.0325716957449913,0.3967727124691010,2.5181896686553955,-0.0019003152847290,0.1739331185817719,2.4232258796691895,-0.5737504959106445,0.3973419368267059,3.0940747261047363,0.4181230664253235,0.1671373546123505,3.0423388481140137,-0.0902759879827499,0.4075246453285217,3.2028048038482666,0.4308785498142242,0.1624835282564163,3.1504731178283691,-0.0613206550478935,0.3374894261360168,3.1714198589324951,-0.1003653034567833,0.1898431777954102,3.1374990940093994,-0.5610207915306091
0.2759587168693542,0.7922336459159851,-1.1366086006164551,0.3228583037853241,0.7331941127777100,-1.0665893554687500,0.3466449677944183,0.7354507446289062,-1.0676325559616089,0.3668282926082611,0.7407587766647339,-1.0675023794174194,0.2645414769649506,0.7320379018783569,-1.0446083545684814,0.2476359605789185,0.7326894998550415,-1.0457947254180908,0.2345623075962067,0.7333179712295532,-1.0466617345809937,0.4129463732242584,0.7875529527664185,-0.5473527312278748,0.2351219952106476,0.7689129710197449,-0.4797768592834473,0.3151342868804932,0.8713251948356628,-0.9658764600753784,0.2492752373218536,0.8603045940399170,-0.9450228810310364,0.5221120119094849,1.1289688348770142,-0.2148089706897736,0.0861450135707855,1.1061741113662720,-0.1963715851306915,0.5873377323150635,1.5017485618591309,-0.2940171658992767,0.0285707060247660,1.5399690866470337,-0.3810557723045349,0.5729789137840271,1.7112735509872437,-0.8139554858207703,-0.0042235869914293,1.7066198587417603,-1.0174169540405273,0.5919243693351746,1.7809412479400635,-0.9401634931564331,-0.0321808159351349,1.7475222349166870,-1.1826128959655762,0.5686464309692383,1.7505913972854614,-1.0317052602767944,-0.0146908592432737,1.7276079654693604,-1.2826948165893555,0.5542637109756470,1.7286572456359863,-0.8584929704666138,0.0060487105511129,1.7140129804611206,-1.0769951343536377,0.4447861611843109,1.9297363758087158,0.0229508094489574,0.1850166022777557,1.9079289436340332,-0.0239524971693754,0.4144168496131897,2.5513904094696045,-0.0768232792615891,0.2120258063077927,2.3874821662902832,-0.6452555060386658,0.4256948530673981,3.0999338626861572,0.3457278609275818,0.2207649052143097,3.0299770832061768,-0.0735583752393723,0.4383658766746521,3.2141909599304199,0.3574438095092773,0.2189253121614456,3.1461400985717773,-0.0329317450523376,0.3767048418521881,3.1487357616424561,-0.1850282847881317,0.2444461286067963,3.1211328506469727,-0.4996593892574310
0.2759540677070618,0.7923566699028015,-1.0667228698730469,0.3226294219493866,0.7332195639610291,-0.9950510859489441,0.3463440537452698,0.7354528307914734,-0.9961921572685242,0.3668229579925537,0.7406038641929626,-0.9961357116699219,0.2644056379795074,0.7321509718894958,-0.9770874977111816,0.2475787401199341,0.7328855395317078,-0.9782723188400269,0.2344835996627808,0.7336167097091675,-0.9792904853820801,0.4130674898624420,0.7874690294265747,-0.5348793864250183,0.2341695576906204,0.7689182162284851,-0.4675776958465576,0.3150528669357300,0.8716176748275757,-0.8993840217590332,0.2492067813873291,0.8610542416572571,-0.8844856023788452,0.5050566792488098,1.1331958770751953,-0.2791828513145447,0.1004218012094498,1.0923941135406494,-0.2053853273391724,0.4777643084526062,1.3605297803878784,-0.6053928732872009,0.0466140471398830,1.3260955810546875,-0.4314102232456207,0.3990955948829651,1.1893342733383179,-1.0808482170104980,0.0944087430834770,1.1018683910369873,-0.9411131143569946,0.3806623518466949,1.1430008411407471,-1.2210390567779541,0.1074416786432266,1.0363209247589111,-1.0821453332901001,0.3876112103462219,1.1087738275527954,-1.2396444082260132,0.1086806878447533,1.0017265081405640,-1.1104695796966553,0.3866549432277679,1.1271698474884033,-1.1032598018646240,0.1105831637978554,1.0245715379714966,-0.9713643789291382,0.4061544537544250,1.9731922149658203,0.0124487522989511,0.1873333752155304,1.9345972537994385,-0.0136632276698947,0.3632386624813080,1.7208784818649292,-0.0142702041193843,0.2095053642988205,1.3571002483367920,-0.2739849388599396,0.3750136494636536,1.8264290094375610,0.3241614997386932,0.2585643231868744,1.5105992555618286,0.2182310521602631,0.4039908945560455,1.8905079364776611,0.3398608565330505,0.2771965861320496,1.5956665277481079,0.2665802538394928,0.2983462214469910,1.7187504768371582,-0.0840389430522919,0.2584931254386902,1.3944437503814697,-0.0312208719551563
0.2758736014366150,0.7923807501792908,-1.0954920053482056,0.3219693005084991,0.7333672046661377,-1.0309900045394897,0.3455158472061157,0.7356497645378113,-1.0320262908935547,0.3664939105510712,0.7406299114227295,-1.0318834781646729,0.2644028961658478,0.7321132421493530,-1.0035172700881958,0.2476034909486771,0.7327931523323059,-1.0048503875732422,0.2344764471054077,0.7335159182548523,-1.0057294368743896,0.4130041003227234,0.7869603633880615,-0.5678752660751343,0.2343476712703705,0.7676035761833191,-0.4669051170349121,0.3139116466045380,0.8715807199478149,-0.9150720834732056,0.2492039948701859,0.8610627651214600,-0.8907998800277710,0.5051609873771667,1.1300617456436157,-0.2979237437248230,0.1147875189781189,1.0779274702072144,-0.1335742622613907,0.4913999438285828,1.4206871986389160,-0.5571774244308472,0.0600118152797222,1.3907351493835449,-0.2891027331352234,0.4808559417724609,1.5273489952087402,-1.0777833461761475,0.0846617147326469,1.4087004661560059,-0.9108376502990723,0.4935239255428314,1.5749042034149170,-1.2204970121383667,0.0942315608263016,1.4236142635345459,-1.0584614276885986,0.4931604266166687,1.5386829376220703,-1.2855603694915771,0.1004038453102112,1.3821200132369995,-1.1396676301956177,0.4832859039306641,1.5213030576705933,-1.1145287752151489,0.1032639294862747,1.3742420673370361,-0.9638254046440125,0.4055601954460144,1.9667534828186035,-0.0299083795398474,0.1797218471765518,1.9326516389846802,0.0288258884102106,0.3677481710910797,2.5087141990661621,-0.2626708149909973,0.1961559355258942,2.3396203517913818,-0.4306886792182922,0.3751277923583984,3.0731134414672852,-0.1295433640480042,0.1870595663785934,2.9853994846343994,-0.1045468896627426,0.4012253284454346,3.1775846481323242,-0.1481059938669205,0.1896164268255234,3.0997462272644043,-0.0856502354145050,0.2960829138755798,3.1462614536285400,-0.7093975543975830,0.1822586804628372,3.0816752910614014,-0.5338355302810669
0.2758736014366150,0.7923807501792908,-1.0954920053482056,0.3219693005084991,0.7333672046661377,-1.0309900045394897,0.3455158472061157,0.7356497645378113,-1.0320262908935547,0.3664939105510712,0.7406299114227295,-1.0318834781646729,0.2644028961658478,0.7321132421493530,-1.0035172700881958,0.2476034909486771,0.7327931523323059,-1.0048503875732422,0.2344764471054077,0.7335159182548523,-1.0057294368743896,0.4130041003227234,0.7869603633880615,-0.5678752660751343,0.2343476712703705,0.7676035761833191,-0.4669051170349121,0.3139116466045380,0.8715807199478149,-0.9150720834732056,0.2492039948701859,0.8610627651214600,-0.8907998800277710,0.5051609873771667,1.1300617456436157,-0.2979237437248230,0.1147875189781189,1.0779274702072144,-0.1335742622613907,0.4913999438285828,1.4206871986389160,-0.5571774244308472,0.0600118152797222,1.3907351493835449,-0.2891027331352234,0.4808559417724609,1.5273489952087402,-1.0777833461761475,0.0846617147326469,1.4087004661560059,-0.9108376502990723,0.4935239255428314,1.5749042034149170,-1.2204970121383667,0.0942315608263016,1.4236142635345459,-1.0584614276885986,0.4931604266166687,1.5386829376220703,-1.2855603694915771,0.1004038453102112,1.3821200132369995,-1.1396676301956177,0.4832859039306641,1.5213030576705933,-1.1145287752151489,0.1032639294862747,1.3742420673370361,-0.9638254046440125,0.4055601954460144,1.9667534828186035,-0.0299083795398474,0.1797218471765518,1.9326516389846802,0.0288258884102106,0.3677481710910797,2.5087141990661621,-0.2626708149909973,0.1961559355258942,2.3396203517913818,-0.4306886792182922,0.3751277923583984,3.0731134414672852,-0.1295433640480042,0.1870595663785934,2.9853994846343994,-0.1045468896627426,0.4012253284454346,3.1775846481323242,-0.1481059938669205,0.1896164268255234,3.0997462272644043,-0.0856502354145050,0.2960829138755798,3.1462614536285400,-0.7093975543975830,0.1822586804628372,3.0816752910614014,-0.5338355302810669
0.2747220993041992,0.7923761010169983,-1.1642692089080811,0.3206066191196442,0.7333559393882751,-1.0766814947128296,0.3439362645149231,0.7356790304183960,-1.0775896310806274,0.3656041026115417,0.7406492829322815,-1.0774583816528320,0.2632662951946259,0.7315336465835571,-1.0614140033721924,0.2469584047794342,0.7321004867553711,-1.0626623630523682,0.2341643869876862,0.7328436374664307,-1.0635308027267456,0.4121634066104889,0.7864450216293335,-0.5676667690277100,0.2339545786380768,0.7673618197441101,-0.4890090525150299,0.3132011294364929,0.8716126680374146,-0.9590377807617188,0.2469304502010345,0.8611085414886475,-0.9476945996284485,0.5045326948165894,1.1390297412872314,-0.2722296714782715,0.0953960418701172,1.0790078639984131,-0.1830987036228180,0.4952831268310547,1.5107620954513550,-0.4594483375549316,0.0223450269550085,1.4550713300704956,-0.3455509245395660,0.4940860271453857,1.7795574665069580,-1.0590553283691406,-0.0010699605336413,1.6752269268035889,-0.9697273373603821,0.5149698257446289,1.8707097768783569,-1.2046911716461182,-0.0210462044924498,1.7439708709716797,-1.1347675323486328,0.5028011798858643,1.8513637781143188,-1.2885522842407227,-0.0067891017533839,1.7335243225097656,-1.2385969161987305,0.4886951446533203,1.8171168565750122,-1.1011149883270264,0.0089607285335660,1.7082461118698120,-1.0302323102951050,0.4003491997718811,1.9624061584472656,-0.0220274962484837,0.1472100466489792,1.9296852350234985,0.0209099780768156,0.3697894513607025,2.6065442562103271,-0.4816655516624451,0.1748194545507431,2.5211360454559326,-0.5702308416366577,0.3755393922328949,3.1923367977142334,-0.2314961701631546,0.1617662757635117,3.1467247009277344,-0.0879765972495079,0.4008294045925140,3.2997844219207764,-0.2406875789165497,0.1607602238655090,3.2528183460235596,-0.0425485931336880,0.2974343895912170,3.2695806026458740,-0.8663233518600464,0.1666198074817657,3.2561495304107666,-0.4576811790466309
0.2747305035591125,0.7954658269882202,-1.1443177461624146,0.3205850720405579,0.7331764101982117,-1.0395544767379761,0.3439784348011017,0.7353222370147705,-1.0403734445571899,0.3653742671012878,0.7403609752655029,-1.0401986837387085,0.2631946802139282,0.7320905923843384,-1.0148030519485474,0.2468091696500778,0.7328919172286987,-1.0159318447113037,0.2330251038074493,0.7339230775833130,-1.0167164802551270,0.4126523137092590,0.7866126894950867,-0.5006990432739258,0.2326899468898773,0.7696284055709839,-0.3827624619007111,0.3133316040039062,0.8734732866287231,-0.9242588281631470,0.2468973845243454,0.8650503158569336,-0.8997022509574890,0.5110816955566406,1.1536930799484253,-0.2360086739063263,0.0908451154828072,1.0901623964309692,-0.0623668953776360,0.5322071909904480,1.5642571449279785,-0.4525911211967468,0.0251782499253750,1.5261746644973755,-0.2401814907789230,0.5440896153450012,1.8569626808166504,-1.1093666553497314,-0.0350362733006477,1.7260212898254395,-0.9171737432479858,0.5727390050888062,1.9503692388534546,-1.2730855941772461,-0.0700275376439095,1.7832072973251343,-1.0840662717819214,0.5528577566146851,1.9326932430267334,-1.3664963245391846,-0.0684199035167694,1.7710365056991577,-1.1960123777389526,0.5342860221862793,1.8987007141113281,-1.1592890024185181,-0.0459679029881954,1.7515532970428467,-0.9832580685615540,0.4144492745399475,1.9610884189605713,-0.0321220047771931,0.1518611460924149,1.9290117025375366,0.0311571247875690,0.3960704505443573,2.6475076675415039,-0.4454134404659271,0.1815780252218246,2.5683367252349854,-0.6705048680305481,0.4039250016212463,3.2237021923065186,-0.0560328140854836,0.1759364306926727,3.1782264709472656,-0.0372533723711967,0.4285863935947418,3.3345434665679932,-0.0519669540226460,0.1726496070623398,3.2878758907318115,-0.0126856761053205,0.3126364648342133,3.2983970642089844,-0.6613349914550781,0.1791950315237045,3.2769505977630615,-0.4409947991371155
0.2733353674411774,0.7950413227081299,-1.2442727088928223,0.3195032477378845,0.7331703901290894,-1.1446363925933838,0.3429508209228516,0.7353646755218506,-1.1455301046371460,0.3649600744247437,0.7403632402420044,-1.1453707218170166,0.2624447941780090,0.7317584156990051,-1.1382983922958374,0.2463274747133255,0.7324218750000000,-1.1394817829132080,0.2328643351793289,0.7332715988159180,-1.1403555870056152,0.4124167561531067,0.7863262891769409,-0.5879960060119629,0.2323957979679108,0.7690664529800415,-0.5602048039436340,0.3121877312660217,0.8734855651855469,-1.0258164405822754,0.2439228743314743,0.8650242090225220,-1.0256433486938477,0.5095011591911316,1.1539603471755981,-0.2542427182197571,0.0775489658117294,1.0902022123336792,-0.2927818894386292,0.5350797772407532,1.5748953819274902,-0.4294371008872986,-0.0088956542313099,1.5195578336715698,-0.5814089179039001,0.5441640615463257,1.9056850671768188,-1.0900477170944214,-0.0372986830770969,1.7761286497116089,-1.2925660610198975,0.5715024471282959,2.0102417469024658,-1.2647540569305420,-0.0656809657812119,1.8598259687423706,-1.4890263080596924,0.5503054857254028,2.0028491020202637,-1.3373271226882935,-0.0537558011710644,1.8561242818832397,-1.5762399435043335,0.5327829718589783,1.9635121822357178,-1.1563228368759155,-0.0336794517934322,1.8265082836151123,-1.3485758304595947,0.4125276505947113,1.9473776817321777,0.0010955048492178,0.1389184892177582,1.9215365648269653,-0.0021535579580814,0.3957816660404205,2.6209437847137451,-0.4170208871364594,0.1721054017543793,2.5624122619628906,-0.6325778961181641,0.4015651345252991,3.2150981426239014,-0.0712433233857155,0.1665370017290115,3.1892151832580566,0.0944859236478806,0.4212149679660797,3.3219261169433594,-0.0718981623649597,0.1629868745803833,3.2892394065856934,0.1453664004802704,0.3131980299949646,3.3094313144683838,-0.7113782167434692,0.1818581074476242,3.3214631080627441,-0.3643858730792999
0.2733353674411774,0.7950413227081299,-1.2442727088928223,0.3195032477378845,0.7331703901290894,-1.1446363925933838,0.3429508209228516,0.7353646755218506,-1.1455301046371460,0.3649600744247437,0.7403632402420044,-1.1453707218170166,0.2624447941780090,0.7317584156990051,-1.1382983922958374,0.2463274747133255,0.7324218750000000,-1.1394817829132080,0.2328643351793289,0.7332715988159180,-1.1403555870056152,0.4124167561531067,0.7863262891769409,-0.5879960060119629,0.2323957979679108,0.7690664529800415,-0.5602048039436340,0.3121877312660217,0.8734855651855469,-1.0258164405822754,0.2439228743314743,0.8650242090225220,-1.0256433486938477,0.5095011591911316,1.1539603471755981,-0.2542427182197571,0.0775489658117294,1.0902022123336792,-0.2927818894386292,0.5350797772407532,1.5748953819274902,-0.4294371008872986,-0.0088956542313099,1.5195578336715698,-0.5814089179039001,0.5441640615463257,1.9056850671768188,-1.0900477170944214,-0.0372986830770969,1.7761286497116089,-1.2925660610198975,0.5715024471282959,2.0102417469024658,-1.2647540569305420,-0.0656809657812119,1.8598259687423706,-1.4890263080596924,0.5503054857254028,2.0028491020202637,-1.3373271226882935,-0.0537558011710644,1.8561242818832397,-1.5762399435043335,0.5327829718589783,1.9635121822357178,-1.1563228368759155,-0.0336794517934322,1.8265082836151123,-1.3485758304595947,0.4125276505947113,1.9473776817321777,0.0010955048492178,0.1389184892177582,1.9215365648269653,-0.0021535579580814,0.3957816660404205,2.6209437847137451,-0.4170208871364594,0.1721054017543793,2.5624122619628906,-0.6325778961181641,0.4015651345252991,3.2150981426239014,-0.0712433233857155,0.1665370017290115,3.1892151832580566,0.0944859236478806,0.4212149679660797,3.3219261169433594,-0.0718981623649597,0.1629868745803833,3.2892394065856934,0.1453664004802704,0.3131980299949646,3.3094313144683838,-0.7113782167434692,0.1818581074476242,3.3214631080627441,-0.3643858730792999
0.2712725102901459,0.7939635515213013,-1.1445088386535645,0.3174735903739929,0.7331569194793701,-1.0527518987655640,0.3415607511997223,0.7353634238243103,-1.0534360408782959,0.3637374341487885,0.7403985261917114,-1.0531803369522095,0.2621098756790161,0.7313326001167297,-1.0509580373764038,0.2463065385818481,0.7315478920936584,-1.0520726442337036,0.2325681149959564,0.7320921421051025,-1.0528783798217773,0.4116106033325195,0.7862181067466736,-0.5458134412765503,0.2327478379011154,0.7675181031227112,-0.5551880002021790,0.3077732622623444,0.8710254430770874,-0.9453371167182922,0.2424587458372116,0.8623421192169189,-0.9492620229721069,0.5081458091735840,1.1485251188278198,-0.2172159701585770,0.0785606279969215,1.0801683664321899,-0.2588848769664764,0.5375699996948242,1.5649689435958862,-0.3106748163700104,-0.0023523485288024,1.4771741628646851,-0.5636484026908875,0.5438580513000488,1.8711299896240234,-0.8632966876029968,-0.0315534546971321,1.7458688020706177,-1.0173575878143311,0.5694248080253601,1.9708640575408936,-1.0048590898513794,-0.0572440810501575,1.8317410945892334,-1.1803156137466431,0.5488339662551880,1.9655306339263916,-1.1048129796981812,-0.0484405346214771,1.8377285003662109,-1.2721191644668579,0.5312561988830566,1.9234799146652222,-0.9167019128799438,-0.0301691927015781,1.8035427331924438,-1.0688698291778564,0.4070800244808197,1.8986077308654785,0.0185647290199995,0.1295681148767471,1.8640670776367188,-0.0197601113468409,0.3960446715354919,2.5828330516815186,-0.3583205640316010,0.1649728715419769,2.5051124095916748,-0.4113103747367859,0.3936912417411804,3.1667928695678711,-0.0354958102107048,0.1564317792654037,3.1148107051849365,0.3606005311012268,0.4076202511787415,3.2745809555053711,-0.0362694896757603,0.1522555649280548,3.2187101840972900,0.4174474775791168,0.3088646531105042,3.2642533779144287,-0.6645064353942871,0.1752342879772186,3.2438395023345947,-0.0645580962300301
0.2710514068603516,0.7939826250076294,-1.0159885883331299,0.3170911967754364,0.7344806194305420,-0.9304476976394653,0.3409526944160461,0.7368004322052002,-0.9311850666999817,0.3630294203758240,0.7416164875030518,-0.9310194849967957,0.2606943249702454,0.7333368659019470,-0.9149850010871887,0.2446607649326324,0.7344189286231995,-0.9161154627799988,0.2314997613430023,0.7356848120689392,-0.9169325828552246,0.4085909426212311,0.7861652374267578,-0.4496631622314453,0.2321629971265793,0.7678033113479614,-0.3758105039596558,0.3077698051929474,0.8710238337516785,-0.8263341784477234,0.2434403151273727,0.8623089194297791,-0.8120897412300110,0.5127201080322266,1.1213597059249878,-0.1812473535537720,0.0897637084126472,1.0781806707382202,-0.1173484474420547,0.5592511296272278,1.5055525302886963,-0.3155104517936707,0.0268151015043259,1.4625682830810547,-0.3281750977039337,0.5679655671119690,1.7840766906738281,-0.8609746098518372,-0.0165476333349943,1.7384132146835327,-0.8926578760147095,0.5956281423568726,1.8781827688217163,-0.9961506724357605,-0.0465717688202858,1.7955847978591919,-1.0422148704528809,0.5692431330680847,1.8675006628036499,-1.0840108394622803,-0.0376419350504875,1.7921588420867920,-1.1293839216232300,0.5512274503707886,1.8291336297988892,-0.9067828059196472,-0.0164632331579924,1.7700928449630737,-0.9459539651870728,0.4335642755031586,1.8610208034515381,-0.0032069447916001,0.1668083220720291,1.8336857557296753,0.0022329797502607,0.4171938896179199,2.5594427585601807,-0.4243092536926270,0.1882371157407761,2.4689137935638428,-0.5311725735664368,0.4196132123470306,3.1205899715423584,-0.1469688117504120,0.1844847947359085,3.0625967979431152,0.2477321624755859,0.4372423291206360,3.2257635593414307,-0.1498830318450928,0.1867811083793640,3.1611490249633789,0.3312843441963196,0.3414430022239685,3.2158811092376709,-0.7238728404045105,0.1872195899486542,3.1976287364959717,-0.2020736485719681
0.2700369060039520,0.7936151623725891,-0.9717280268669128,0.3170825839042664,0.7335566282272339,-0.8962248563766479,0.3406949341297150,0.7356365323066711,-0.8970220685005188,0.3626286983489990,0.7404611110687256,-0.8968361020088196,0.2604025006294250,0.7333332300186157,-0.8696462512016296,0.2446568012237549,0.7344723343849182,-0.8707955479621887,0.2314870357513428,0.7359148263931274,-0.8715803027153015,0.4085426926612854,0.7858592271804810,-0.4521115720272064,0.2326973378658295,0.7684773802757263,-0.3325758576393127,0.3077087700366974,0.8700937628746033,-0.7971221804618835,0.2434162199497223,0.8608954548835754,-0.7698014974594116,0.5200200676918030,1.1139347553253174,-0.1920663714408875,0.1115097180008888,1.0783278942108154,-0.0769121497869492,0.5812193155288696,1.4201657772064209,-0.4179563522338867,0.0648960992693901,1.4628831148147583,-0.3022835254669189,0.5658220052719116,1.5371478796005249,-0.9717502593994141,0.0170711893588305,1.6565324068069458,-0.9206722378730774,0.5893430709838867,1.5806088447570801,-1.1134126186370850,-0.0109467525035143,1.6912182569503784,-1.0761593580245972,0.5669465065002441,1.5465528964996338,-1.1657427549362183,-0.0046144044026732,1.6758153438568115,-1.1630102396011353,0.5488379597663879,1.5346236228942871,-1.0053324699401855,0.0160205289721489,1.6635147333145142,-0.9743345379829407,0.4488162994384766,1.8573174476623535,-0.0143860904499888,0.1977915018796921,1.8316419124603271,0.0135416565462947,0.4372609555721283,2.5539445877075195,-0.4153427183628082,0.2303858697414398,2.4605860710144043,-0.6205117106437683,0.4438361227512360,3.1044440269470215,-0.1406189352273941,0.2203104197978973,3.0485496520996094,-0.1861200779676437,0.4667159914970398,3.2002329826354980,-0.1455821692943573,0.2216472625732422,3.1471252441406250,-0.1585593968629837,0.3522034287452698,3.2061810493469238,-0.6542068719863892,0.2180159986019135,3.1936957836151123,-0.6383339762687683
0.2702863812446594,0.7927123308181763,-0.8906749486923218,0.3170817792415619,0.7319329380989075,-0.8234660029411316,0.3407079577445984,0.7339290976524353,-0.8244732022285461,0.3627198338508606,0.7385850548744202,-0.8242872357368469,0.2603558301925659,0.7321128249168396,-0.7913743257522583,0.2446562796831131,0.7333906888961792,-0.7925231456756592,0.2314775288105011,0.7350157499313354,-0.7934535145759583,0.4089297354221344,0.7852860689163208,-0.4313426613807678,0.2324571907520294,0.7686670422554016,-0.2901815772056580,0.3099450767040253,0.8700401782989502,-0.7376853227615356,0.2433505356311798,0.8612366914749146,-0.7041380405426025,0.5169836282730103,1.1162796020507812,-0.2204496562480927,0.1487827748060226,1.0992935895919800,-0.0625976771116257,0.5604463219642639,1.3596999645233154,-0.5275498628616333,0.0949467867612839,1.3974961042404175,-0.2736598849296570,0.4776150286197662,1.3290448188781738,-1.0029387474060059,0.1257528960704803,1.1265469789505005,-0.7682346105575562,0.4630801081657410,1.3239543437957764,-1.1343579292297363,0.1625227779150009,1.1389371156692505,-0.9055460691452026,0.4573257565498352,1.2858637571334839,-1.1679979562759399,0.1611366569995880,1.0344940423965454,-0.9326877593994141,0.4564371705055237,1.2955261468887329,-1.0212137699127197,0.1686533391475677,1.0204477310180664,-0.7975246906280518,0.4412485659122467,1.9212456941604614,-0.0283980760723352,0.2148168832063675,1.8795555830001831,0.0273213647305965,0.3735550343990326,1.9206433296203613,0.0298676826059818,0.2243686020374298,1.5578318834304810,-0.4672518372535706,0.3721047937870026,2.3019993305206299,0.4925760328769684,0.2605022788047791,2.0618803501129150,0.0661659389734268,0.3977292478084564,2.3888096809387207,0.5280382037162781,0.2677001059055328,2.1617636680603027,0.1342132985591888,0.2824918031692505,2.3051304817199707,0.2251743823289871,0.2789469957351685,2.1071851253509521,-0.0334630757570267
0.2662623524665833,0.7905651926994324,-1.0810153484344482,0.3161025941371918,0.7306995391845703,-1.0121210813522339,0.3400733172893524,0.7332851886749268,-1.0130358934402466,0.3611644804477692,0.7384147047996521,-1.0128564834594727,0.2581743001937866,0.7313575744628906,-0.9862080812454224,0.2431374341249466,0.7327902913093567,-0.9873988032341003,0.2301235944032669,0.7342118620872498,-0.9881716966629028,0.4063969552516937,0.7843911647796631,-0.5789837837219238,0.2324559688568115,0.7666606307029724,-0.4663555026054382,0.3092990517616272,0.8698115944862366,-0.9108551740646362,0.2422479391098022,0.8579604625701904,-0.8864331245422363,0.5225929021835327,1.1165559291839600,-0.3138594329357147,0.1201815828680992,1.0985832214355469,-0.1983533203601837,0.5711175203323364,1.4118348360061646,-0.4991189539432526,0.0303759761154652,1.4363130331039429,-0.4685364663600922,0.5415670871734619,1.6618980169296265,-1.0182124376296997,0.0288457032293081,1.5674445629119873,-1.1689183712005615,0.5547752976417542,1.7463382482528687,-1.1550911664962769,0.0182450097054243,1.6284804344177246,-1.3454349040985107,0.5296449661254883,1.7300879955291748,-1.2281256914138794,0.0455811545252800,1.6074357032775879,-1.4217976331710815,0.5173528790473938,1.7024320363998413,-1.0543737411499023,0.0618668682873249,1.5869424343109131,-1.2220041751861572,0.4343534409999847,1.9141567945480347,-0.0166846644133329,0.1989040076732635,1.8780674934387207,0.0157367847859859,0.3771264553070068,2.4471681118011475,-0.1317055672407150,0.2037654370069504,2.3710703849792480,-0.5682504773139954,0.3696825206279755,3.0093846321105957,0.2482124865055084,0.1774605959653854,2.9750409126281738,-0.0809592828154564,0.3856221139431000,3.1140916347503662,0.2571283578872681,0.1743186414241791,3.0727915763854980,-0.0471038445830345,0.2909227907657623,3.0924301147460938,-0.2509773671627045,0.1929577887058258,3.0920729637145996,-0.5019757151603699
0.2662623524665833,0.7905651926994324,-1.0810153484344482,0.3161025941371918,0.7306995391845703,-1.0121210813522339,0.3400733172893524,0.7332851886749268,-1.0130358934402466,0.3611644804477692,0.7384147047996521,-1.0128564834594727,0.2581743001937866,0.7313575744628906,-0.9862080812454224,0.2431374341249466,0.7327902913093567,-0.9873988032341003,0.2301235944032669,0.7342118620872498,-0.9881716966629028,0.4063969552516937,0.7843911647796631,-0.5789837837219238,0.2324559688568115,0.7666606307029724,-0.4663555026054382,0.3092990517616272,0.8698115944862366,-0.9108551740646362,0.2422479391098022,0.8579604625701904,-0.8864331245422363,0.5225929021835327,1.1165559291839600,-0.3138594329357147,0.1201815828680992,1.0985832214355469,-0.1983533203601837,0.5711175203323364,1.4118348360061646,-0.4991189539432526,0.0303759761154652,1.4363130331039429,-0.4685364663600922,0.5415670871734619,1.6618980169296265,-1.0182124376296997,0.0288457032293081,1.5674445629119873,-1.1689183712005615,0.5547752976417542,1.7463382482528687,-1.1550911664962769,0.0182450097054243,1.6284804344177246,-1.3454349040985107,0.5296449661254883,1.7300879955291748,-1.2281256914138794,0.0455811545252800,1.6074357032775879,-1.4217976331710815,0.5173528790473938,1.7024320363998413,-1.0543737411499023,0.0618668682873249,1.5869424343109131,-1.2220041751861572,0.4343534409999847,1.9141567945480347,-0.0166846644133329,0.1989040076732635,1.8780674934387207,0.0157367847859859,0.3771264553070068,2.4471681118011475,-0.1317055672407150,0.2037654370069504,2.3710703849792480,-0.5682504773139954,0.3696825206279755,3.0093846321105957,0.2482124865055084,0.1774605959653854,2.9750409126281738,-0.0809592828154564,0.3856221139431000,3.1140916347503662,0.2571283578872681,0.1743186414241791,3.0727915763854980,-0.0471038445830345,0.2909227907657623,3.0924301147460938,-0.2509773671627045,0.1929577887058258,3.0920729637145996,-0.5019757151603699
0.2673115134239197,0.7905871868133545,-1.0766118764877319,0.3161558508872986,0.7305421829223633,-1.0073732137680054,0.3400596678256989,0.7330436706542969,-1.0082540512084961,0.3611363768577576,0.7379748225212097,-1.0080513954162598,0.2584084868431091,0.7311427593231201,-0.9797916412353516,0.2432384192943573,0.7325830459594727,-0.9809074401855469,0.2303235530853271,0.7340428233146667,-0.9816468954086304,0.4066778719425201,0.7829915285110474,-0.5682557821273804,0.2323480844497681,0.7666867971420288,-0.4557319581508636,0.3096880018711090,0.8699567914009094,-0.9096206426620483,0.2423167973756790,0.8585657477378845,-0.8813764452934265,0.5259632468223572,1.1074222326278687,-0.3110940158367157,0.1197457909584045,1.0985397100448608,-0.1869729161262512,0.5752407312393188,1.4257848262786865,-0.5340551137924194,0.0776701942086220,1.4619705677032471,-0.4254248142242432,0.5776716470718384,1.6709438562393188,-1.1463019847869873,0.0473331063985825,1.6538356542587280,-1.0702553987503052,0.6084692478179932,1.7597091197967529,-1.3021441698074341,0.0250510573387146,1.7203785181045532,-1.2286579608917236,0.5736318826675415,1.7520638704299927,-1.3859657049179077,0.0451583191752434,1.7180798053741455,-1.3401747941970825,0.5548489093780518,1.7192111015319824,-1.1917036771774292,0.0634673982858658,1.6912460327148438,-1.1372566223144531,0.4572492241859436,1.8629044294357300,-0.0209902040660381,0.2136369496583939,1.8414503335952759,0.0200849846005440,0.4311099648475647,2.4695794582366943,-0.1911197006702423,0.2297106683254242,2.3991224765777588,-0.5398865938186646,0.4293934702873230,3.0287787914276123,0.2051691263914108,0.2066437900066376,3.0054619312286377,-0.0421814844012260,0.4486877024173737,3.1314165592193604,0.2110784500837326,0.2063765823841095,3.1068556308746338,-0.0228354651480913,0.3501298129558563,3.1170382499694824,-0.2745798826217651,0.2104702740907669,3.1241865158081055,-0.4575900435447693
0.2692931890487671,0.7887777686119080,-0.9438650012016296,0.3186121582984924,0.7296455502510071,-0.8710933923721313,0.3422899842262268,0.7319612503051758,-0.8719843626022339,0.3629797101020813,0.7370706200599670,-0.8716412782669067,0.2597534954547882,0.7295884490013123,-0.8494880795478821,0.2447729110717773,0.7304715514183044,-0.8506281971931458,0.2327609509229660,0.7306817770004272,-0.8513329625129700,0.4103901982307434,0.7843167185783386,-0.4485355913639069,0.2348407208919525,0.7649628520011902,-0.3537828624248505,0.3112918734550476,0.8678932189941406,-0.7766366600990295,0.2427380979061127,0.8575123548507690,-0.7573536038398743,0.5170770883560181,1.1084893941879272,-0.2036066800355911,0.1383307725191116,1.0924187898635864,-0.1304196119308472,0.5775619745254517,1.3753448724746704,-0.5118986368179321,0.0746631920337677,1.3427799940109253,-0.4002287387847900,0.5247307419776917,1.4262043237686157,-1.0944582223892212,0.0964350551366806,1.0917127132415771,-0.9405562281608582,0.5202206373214722,1.4491361379623413,-1.2541295289993286,0.1196117028594017,1.1518417596817017,-1.0981492996215820,0.4967733919620514,1.4122473001480103,-1.2599067687988281,0.1347397565841675,1.0476638078689575,-1.1169283390045166,0.4943086206912994,1.4098833799362183,-1.1646981239318848,0.1481906026601791,1.0292856693267822,-0.9680609703063965,0.4516959190368652,1.8615936040878296,0.0044114873744547,0.2067613899707794,1.8312164545059204,-0.0053960969671607,0.4296977519989014,2.4346699714660645,0.0126298200339079,0.2157783955335617,2.2585427761077881,-0.5954167842864990,0.4096512794494629,2.9705576896667480,0.4626470506191254,0.1801245957612991,2.9104759693145752,-0.1435077786445618,0.4190384447574615,3.0659530162811279,0.4800416827201843,0.1794352233409882,3.0250422954559326,-0.1110428795218468,0.3357235789299011,3.0581591129302979,0.0084914928302169,0.1805774718523026,3.0207505226135254,-0.5370799303054810
0.2692988514900208,0.7887691259384155,-1.0124423503875732,0.3181958794593811,0.7296728491783142,-0.9218045473098755,0.3415655493736267,0.7320199608802795,-0.9225854873657227,0.3623622059822083,0.7370652556419373,-0.9224141836166382,0.2596929669380188,0.7293769121170044,-0.9120486378669739,0.2448304593563080,0.7301741242408752,-0.9131203889846802,0.2327580749988556,0.7305032014846802,-0.9138558506965637,0.4088900685310364,0.7831754088401794,-0.4593792557716370,0.2343776226043701,0.7649745345115662,-0.3785490393638611,0.3112852573394775,0.8676837682723999,-0.8181027173995972,0.2425550967454910,0.8574993610382080,-0.8124181628227234,0.5114017724990845,1.1109821796417236,-0.2046079635620117,0.1138835698366165,1.0901896953582764,-0.1407479941844940,0.5672878623008728,1.4239137172698975,-0.4370156824588776,0.0426939763128757,1.3951778411865234,-0.3993586897850037,0.5266410112380981,1.6326748132705688,-1.0865819454193115,0.0198277402669191,1.5745946168899536,-1.0054441690444946,0.5326126813888550,1.7109334468841553,-1.2407571077346802,-0.0012217356124893,1.6421809196472168,-1.1715300083160400,0.5061562061309814,1.6918500661849976,-1.2579982280731201,0.0214607715606689,1.6357567310333252,-1.2456294298171997,0.4974537491798401,1.6642665863037109,-1.1461582183837891,0.0404274351894855,1.6130512952804565,-1.0535974502563477,0.4297191500663757,1.8621753454208374,0.0041375244036317,0.1762361526489258,1.8332889080047607,-0.0051394253969193,0.4148477017879486,2.4766099452972412,-0.3728318512439728,0.1980103254318237,2.4012992382049561,-0.5968889594078064,0.4008328914642334,3.0221242904663086,-0.1151403561234474,0.1744197309017181,2.9959385395050049,-0.0998361259698868,0.4119390845298767,3.1228675842285156,-0.1225580126047134,0.1742073446512222,3.1005675792694092,-0.0619336590170860,0.3282279074192047,3.1021707057952881,-0.7137252092361450,0.1763820201158524,3.1004207134246826,-0.5038754940032959
0.2692988514900208,0.7887691259384155,-1.0124423503875732,0.3181958794593811,0.7296728491783142,-0.9218045473098755,0.3415655493736267,0.7320199608802795,-0.9225854873657227,0.3623622059822083,0.7370652556419373,-0.9224141836166382,0.2596929669380188,0.7293769121170044,-0.9120486378669739,0.2448304593563080,0.7301741242408752,-0.9131203889846802,0.2327580749988556,0.7305032014846802,-0.9138558506965637,0.4088900685310364,0.7831754088401794,-0.4593792557716370,0.2343776226043701,0.7649745345115662,-0.3785490393638611,0.3112852573394775,0.8676837682723999,-0.8181027173995972,0.2425550967454910,0.8574993610382080,-0.8124181628227234,0.5114017724990845,1.1109821796417236,-0.2046079635620117,0.1138835698366165,1.0901896953582764,-0.1407479941844940,0.5672878623008728,1.4239137172698975,-0.4370156824588776,0.0426939763128757,1.3951778411865234,-0.3993586897850037,0.5266410112380981,1.6326748132705688,-1.0865819454193115,0.0198277402669191,1.5745946168899536,-1.0054441690444946,0.5326126813888550,1.7109334468841553,-1.2407571077346802,-0.0012217356124893,1.6421809196472168,-1.1715300083160400,0.5061562061309814,1.6918500661849976,-1.2579982280731201,0.0214607715606689,1.6357567310333252,-1.2456294298171997,0.4974537491798401,1.6642665863037109,-1.1461582183837891,0.0404274351894855,1.6130512952804565,-1.0535974502563477,0.4297191500663757,1.8621753454208374,0.0041375244036317,0.1762361526489258,1.8332889080047607,-0.0051394253969193,0.4148477017879486,2.4766099452972412,-0.3728318512439728,0.1980103254318237,2.4012992382049561,-0.5968889594078064,0.4008328914642334,3.0221242904663086,-0.1151403561234474,0.1744197309017181,2.9959385395050049,-0.0998361259698868,0.4119390845298767,3.1228675842285156,-0.1225580126047134,0.1742073446512222,3.1005675792694092,-0.0619336590170860,0.3282279074192047,3.1021707057952881,-0.7137252092361450,0.1763820201158524,3.1004207134246826,-0.5038754940032959
0.2697921693325043,0.7892612218856812,-1.0766204595565796,0.3174815475940704,0.7299069166183472,-0.9976140856742859,0.3406117558479309,0.7321837544441223,-0.9984740018844604,0.3615058064460754,0.7371119260787964,-0.9983359575271606,0.2599505782127380,0.7293569445610046,-0.9806351661682129,0.2449191510677338,0.7301145195960999,-0.9816910028457642,0.2327533662319183,0.7304889559745789,-0.9824245572090149,0.4088442325592041,0.7831116318702698,-0.5437409281730652,0.2340307682752609,0.7649772763252258,-0.4531217217445374,0.3108043074607849,0.8676374554634094,-0.8929685354232788,0.2428791970014572,0.8575974106788635,-0.8779312372207642,0.5115882754325867,1.1020781993865967,-0.2909454405307770,0.1134823337197304,1.0872217416763306,-0.1914174258708954,0.5652334094047546,1.4436004161834717,-0.4587920606136322,0.0532119460403919,1.4353960752487183,-0.4391838014125824,0.5552064180374146,1.7238479852676392,-1.0681502819061279,0.0203652009367943,1.6636166572570801,-1.0918914079666138,0.5834246873855591,1.8132456541061401,-1.2176537513732910,0.0029352591373026,1.7299790382385254,-1.2617602348327637,0.5555355548858643,1.8036220073699951,-1.2791565656661987,0.0221811346709728,1.7224891185760498,-1.3488055467605591,0.5368228554725647,1.7701834440231323,-1.1186916828155518,0.0408526733517647,1.6979541778564453,-1.1479312181472778,0.4339200854301453,1.8404573202133179,-0.0021402046550065,0.1811530292034149,1.8171793222427368,0.0012810478219762,0.4220362305641174,2.4748239517211914,-0.3054115176200867,0.2012566626071930,2.3969655036926270,-0.4895023703575134,0.4113772809505463,3.0177209377288818,0.0926059335470200,0.1802063882350922,2.9899840354919434,0.1565006077289581,0.4250436425209045,3.1183419227600098,0.1097341030836105,0.1811932325363159,3.0913248062133789,0.2032214850187302,0.3399038016796112,3.0990741252899170,-0.4788932800292969,0.1783039420843124,3.1016192436218262,-0.2538259029388428
0.2698814570903778,0.7878968119621277,-0.8889833688735962,0.3164154887199402,0.7297852635383606,-0.8228223919868469,0.3389397263526917,0.7321228384971619,-0.8238552212715149,0.3601415753364563,0.7371134161949158,-0.8237584233283997,0.2600297927856445,0.7287671566009521,-0.8056176900863647,0.2449730336666107,0.7294958829879761,-0.8066753149032593,0.2327496260404587,0.7298299074172974,-0.8075844645500183,0.4094897806644440,0.7859969735145569,-0.4407333433628082,0.2341941297054291,0.7649698853492737,-0.3674579262733459,0.3102346658706665,0.8665704131126404,-0.7377254962921143,0.2428956925868988,0.8568822145462036,-0.7242608070373535,0.4939493536949158,1.1034349203109741,-0.2566420435905457,0.1153061017394066,1.0749709606170654,-0.1838640868663788,0.5433889031410217,1.3269422054290771,-0.5170947313308716,0.0725026652216911,1.2718182802200317,-0.4951699376106262,0.4460753798484802,1.1391429901123047,-0.9989544153213501,0.1540992259979248,0.9804840683937073,-1.0739623308181763,0.4196749627590179,1.0899491310119629,-1.1176769733428955,0.1730748862028122,0.9584008455276489,-1.2137929201126099,0.4174317419528961,1.0510194301605225,-1.1184877157211304,0.1685241311788559,0.8982506990432739,-1.1902235746383667,0.4182236194610596,1.0714415311813354,-1.0114181041717529,0.1685567796230316,0.9252765774726868,-1.0819914340972900,0.3977728486061096,1.8589133024215698,0.0010974083561450,0.1895522624254227,1.8212783336639404,-0.0021341284736991,0.4099451899528503,1.6432511806488037,0.0670641809701920,0.1847943067550659,1.2832767963409424,-0.3659610152244568,0.3858308792114258,1.7841165065765381,0.4431105554103851,0.2660748064517975,1.4926558732986450,0.1484805941581726,0.3977810442447662,1.8457945585250854,0.4699541032314301,0.2847242951393127,1.5686863660812378,0.2013570368289948,0.3326644897460938,1.7053771018981934,0.1298499107360840,0.2888303399085999,1.4231789112091064,-0.0507135801017284
0.2694416046142578,0.7877394556999207,-1.0155012607574463,0.3163326084613800,0.7301018238067627,-0.9437649846076965,0.3389173150062561,0.7325457930564880,-0.9446698427200317,0.3601295948028564,0.7373759150505066,-0.9444216489791870,0.2593648731708527,0.7294155359268188,-0.9147118330001831,0.2448276728391647,0.7301579117774963,-0.9158004522323608,0.2327368706464767,0.7305635213851929,-0.9165247082710266,0.4086222052574158,0.7843067049980164,-0.4988083839416504,0.2343610972166061,0.7648034691810608,-0.3765699267387390,0.3102279007434845,0.8661029934883118,-0.8364424705505371,0.2434465885162354,0.8566143512725830,-0.8066393136978149,0.4986947476863861,1.0959988832473755,-0.2650330662727356,0.1153022423386574,1.0749430656433105,-0.1314009130001068,0.5458270311355591,1.3944543600082397,-0.5084583759307861,0.0716185718774796,1.3840295076370239,-0.3760554194450378,0.5043273568153381,1.5422343015670776,-1.0372278690338135,0.0628655031323433,1.4516161680221558,-1.0581543445587158,0.5116401910781860,1.6018006801605225,-1.1832559108734131,0.0437849983572960,1.4750777482986450,-1.2087769508361816,0.5013860464096069,1.5755430459976196,-1.2502853870391846,0.0493520461022854,1.4526106119155884,-1.2525795698165894,0.4911230206489563,1.5555189847946167,-1.0734722614288330,0.0639406517148018,1.4452755451202393,-1.0843676328659058,0.4089233875274658,1.8592126369476318,-0.0219203028827906,0.1907913684844971,1.8236849308013916,0.0210093595087528,0.4022958278656006,2.3773999214172363,-0.2084363996982574,0.1852876394987106,2.1730525493621826,-0.4140805602073669,0.3859780728816986,2.8976275920867920,0.2503138184547424,0.2152274549007416,2.7916665077209473,0.1721634268760681,0.3994383215904236,2.9946839809417725,0.2686354517936707,0.2225557118654251,2.9002258777618408,0.2191346138715744,0.3200327157974243,2.9703893661499023,-0.2681341171264648,0.2090526074171066,2.8955390453338623,-0.1666580438613892
0.2694416046142578,0.7877394556999207,-1.0155012607574463,0.3163326084613800,0.7301018238067627,-0.9437649846076965,0.3389173150062561,0.7325457930564880,-0.9446698427200317,0.3601295948028564,0.7373759150505066,-0.9444216489791870,0.2593648731708527,0.7294155359268188,-0.9147118330001831,0.2448276728391647,0.7301579117774963,-0.9158004522323608,0.2327368706464767,0.7305635213851929,-0.9165247082710266,0.4086222052574158,0.7843067049980164,-0.4988083839416504,0.2343610972166061,0.7648034691810608,-0.3765699267387390,0.3102279007434845,0.8661029934883118,-0.8364424705505371,0.2434465885162354,0.8566143512725830,-0.8066393136978149,0.4986947476863861,1.0959988832473755,-0.2650330662727356,0.1153022423386574,1.0749430656433105,-0.1314009130001068,0.5458270311355591,1.3944543600082397,-0.5084583759307861,0.0716185718774796,1.3840295076370239,-0.3760554194450378,0.5043273568153381,1.5422343015670776,-1.0372278690338135,0.0628655031323433,1.4516161680221558,-1.0581543445587158,0.5116401910781860,1.6018006801605225,-1.1832559108734131,0.0437849983572960,1.4750777482986450,-1.2087769508361816,0.5013860464096069,1.5755430459976196,-1.2502853870391846,0.0493520461022854,1.4526106119155884,-1.2525795698165894,0.4911230206489563,1.5555189847946167,-1.0734722614288330,0.0639406517148018,1.4452755451202393,-1.0843676328659058,0.4089233875274658,1.8592126369476318,-0.0219203028827906,0.1907913684844971,1.8236849308013916,0.0210093595087528,0.4022958278656006,2.3773999214172363,-0.2084363996982574,0.1852876394987106,2.1730525493621826,-0.4140805602073669,0.3859780728816986,2.8976275920867920,0.2503138184547424,0.2152274549007416,2.7916665077209473,0.1721634268760681,0.3994383215904236,2.9946839809417725,0.2686354517936707,0.2225557118654251,2.9002258777618408,0.2191346138715744,0.3200327157974243,2.9703893661499023,-0.2681341171264648,0.2090526074171066,2.8955390453338623,-0.1666580438613892
0.2684744000434875,0.7876751422882080,-0.9720944166183472,0.3147310614585876,0.7301099300384521,-0.9187480211257935,0.3376675248146057,0.7325542569160461,-0.9197016954421997,0.3590030372142792,0.7373481988906860,-0.9194010496139526,0.2589834034442902,0.7293981909751892,-0.8676274418830872,0.2448269426822662,0.7301356792449951,-0.8687127828598022,0.2328666150569916,0.7305513024330139,-0.8693693280220032,0.4076585769653320,0.7832592725753784,-0.5133011937141418,0.2354242354631424,0.7633275985717773,-0.3150094747543335,0.3095135390758514,0.8657123446464539,-0.8162046670913696,0.2434536516666412,0.8566130399703979,-0.7598636746406555,0.5002216100692749,1.0954548120498657,-0.3594947755336761,0.1498154401779175,1.0864408016204834,0.0357404090464115,0.5462748408317566,1.3803334236145020,-0.7220030426979065,0.1026403903961182,1.4402029514312744,-0.0531320683658123,0.4985772669315338,1.4502923488616943,-1.3445559740066528,0.0877321735024452,1.5044138431549072,-0.6323066949844360,0.4980657994747162,1.4770721197128296,-1.5197331905364990,0.0753798931837082,1.5232967138290405,-0.7729035615921021,0.4893056452274323,1.4306401014328003,-1.5555428266525269,0.0733343660831451,1.4896204471588135,-0.8583677411079407,0.4841420054435730,1.4301389455795288,-1.3716468811035156,0.0847416669130325,1.4829676151275635,-0.6868544816970825,0.4149989485740662,1.8863751888275146,-0.0849221721291542,0.2084539383649826,1.8406879901885986,0.0840871185064316,0.3654285073280334,2.3381011486053467,-0.1159664988517761,0.1853844076395035,2.0012800693511963,-0.4222428202629089,0.3579510748386383,2.8463981151580811,0.3413862586021423,0.2002722769975662,2.7010145187377930,-0.0486592017114162,0.3809734284877777,2.9509458541870117,0.3624444007873535,0.2085591107606888,2.8096768856048584,-0.0204571373760700,0.2624518275260925,2.8986959457397461,-0.0932489261031151,0.1786556392908096,2.7833993434906006,-0.3922748267650604
0.2670352160930634,0.7866764664649963,-1.0375591516494751,0.3136437535285950,0.7300187349319458,-0.9807541966438293,0.3374423384666443,0.7323614954948425,-0.9816333055496216,0.3587306737899780,0.7371287941932678,-0.9813491106033325,0.2583561539649963,0.7296091914176941,-0.9472857713699341,0.2447102963924408,0.7303613424301147,-0.9484544992446899,0.2327129542827606,0.7308599352836609,-0.9491055607795715,0.4062606394290924,0.7805010080337524,-0.5737949609756470,0.2354300320148468,0.7629982829093933,-0.4317322671413422,0.3096332252025604,0.8654481172561646,-0.8742400407791138,0.2435547411441803,0.8560817837715149,-0.8391976356506348,0.5055640935897827,1.0905154943466187,-0.3353718519210815,0.1344449222087860,1.0719443559646606,-0.1389575302600861,0.5516290068626404,1.4080679416656494,-0.6174207925796509,0.0379462875425816,1.4191738367080688,-0.3603106141090393,0.5572098493576050,1.5947757959365845,-1.1884170770645142,0.0135201886296272,1.5323973894119263,-1.0441036224365234,0.5783023834228516,1.6570085287094116,-1.3416740894317627,-0.0096080983057618,1.5718491077423096,-1.2132534980773926,0.5608108639717102,1.6293004751205444,-1.4031114578247070,0.0101065831258893,1.5578424930572510,-1.2905184030532837,0.5463804602622986,1.6104428768157959,-1.2239860296249390,0.0268972571939230,1.5450700521469116,-1.0986096858978271,0.4125612378120422,1.8649445772171021,-0.0587455518543720,0.1885712444782257,1.8279100656509399,0.0579687729477882,0.3688567280769348,2.4548735618591309,-0.1083307489752769,0.1886168867349625,2.3382575511932373,-0.3602852523326874,0.3619508147239685,3.0034356117248535,0.3341087996959686,0.1838826835155487,2.9468729496002197,0.1429424285888672,0.3838885426521301,3.1043627262115479,0.3207554221153259,0.1836415231227875,3.0464732646942139,0.1747467666864395,0.2744017243385315,3.0809214115142822,-0.2394780218601227,0.1817948073148727,3.0568840503692627,-0.2776725888252258
0.2665428221225739,0.7866084575653076,-1.0352951288223267,0.3128443658351898,0.7300212383270264,-0.9747685194015503,0.3360348343849182,0.7323929071426392,-0.9756657481193542,0.3577555716037750,0.7371396422386169,-0.9753842353820801,0.2581447362899780,0.7293748259544373,-0.9426518678665161,0.2442559748888016,0.7299852967262268,-0.9438036680221558,0.2322316616773605,0.7303143143653870,-0.9444886445999146,0.4062604308128357,0.7805103063583374,-0.5529853105545044,0.2348476648330688,0.7627666592597961,-0.4275251030921936,0.3073200583457947,0.8641712069511414,-0.8691398501396179,0.2427060604095459,0.8551922440528870,-0.8379005193710327,0.5060094594955444,1.0911540985107422,-0.3039974272251129,0.1142699867486954,1.0752670764923096,-0.1554437577724457,0.5520727634429932,1.4786947965621948,-0.4873810708522797,0.0348500460386276,1.4562695026397705,-0.4180136620998383,0.5567893981933594,1.7791645526885986,-1.0558078289031982,0.0026236774865538,1.6920111179351807,-1.1021341085433960,0.5806638002395630,1.8749302625656128,-1.2043817043304443,-0.0237189289182425,1.7643127441406250,-1.2751970291137695,0.5576822161674500,1.8651231527328491,-1.3035737276077271,-0.0054599856957793,1.7595775127410889,-1.3597075939178467,0.5419200658798218,1.8300257921218872,-1.1056387424468994,0.0128113599494100,1.7348667383193970,-1.1579926013946533,0.4165477156639099,1.8617646694183350,-0.0472677536308765,0.1855253577232361,1.8285173177719116,0.0464782789349556,0.3771660029888153,2.4737455844879150,-0.3034953474998474,0.1916570216417313,2.4135346412658691,-0.4480443000793457,0.3907298147678375,3.0380203723907471,0.0073969759978354,0.1888858377933502,3.0040316581726074,0.1253265887498856,0.4123937487602234,3.1434531211853027,0.0022714033257216,0.1879714429378510,3.1037287712097168,0.1610070765018463,0.3102495968341827,3.1151428222656250,-0.5850965976715088,0.1942456215620041,3.1099455356597900,-0.2950146794319153
0.2672581374645233,0.7865818738937378,-1.0360836982727051,0.3128665983676910,0.7295393347740173,-0.9718660116195679,0.3360238969326019,0.7320691943168640,-0.9727666974067688,0.3577378094196320,0.7367875576019287,-0.9725030064582825,0.2585312724113464,0.7282850742340088,-0.9420815706253052,0.2443679124116898,0.7287392020225525,-0.9432326555252075,0.2323693931102753,0.7289215922355652,-0.9439423680305481,0.4068700373172760,0.7806224226951599,-0.5474585294723511,0.2349562644958496,0.7623149156570435,-0.4233807027339935,0.3072707951068878,0.8641459345817566,-0.8674393892288208,0.2426555454730988,0.8553467392921448,-0.8382332921028137,0.5051386952400208,1.1008793115615845,-0.3024958074092865,0.1152398735284805,1.0752853155136108,-0.1455332487821579,0.5512475371360779,1.4750868082046509,-0.4840586781501770,0.0493997260928154,1.4560770988464355,-0.3382261097431183,0.5559701323509216,1.7178775072097778,-1.0482999086380005,0.0111178029328585,1.6199004650115967,-0.9686669111251831,0.5747514963150024,1.7946890592575073,-1.1943190097808838,-0.0081445770338178,1.6702231168746948,-1.1289124488830566,0.5561036467552185,1.7754483222961426,-1.2853734493255615,0.0075319870375097,1.6543681621551514,-1.2246533632278442,0.5402157902717590,1.7485965490341187,-1.0938674211502075,0.0242728404700756,1.6374741792678833,-1.0275752544403076,0.4165771007537842,1.8620156049728394,-0.0454063937067986,0.1857242882251740,1.8291113376617432,0.0447528809309006,0.3780816197395325,2.4980447292327881,-0.1051158159971237,0.1918466538190842,2.3761274814605713,-0.4802732467651367,0.3909602761268616,3.0377781391143799,0.3661600649356842,0.1879286617040634,2.9735591411590576,-0.0045325392857194,0.4118269085884094,3.1420226097106934,0.3815491199493408,0.1879150569438934,3.0812671184539795,0.0247013475745916,0.3111065328121185,3.0944535732269287,-0.1239118576049805,0.1909758746623993,3.0517013072967529,-0.4226807057857513
0.2672581374645233,0.7865818738937378,-1.0360836982727051,0.3128665983676910,0.7295393347740173,-0.9718660116195679,0.3360238969326019,0.7320691943168640,-0.9727666974067688,0.3577378094196320,0.7367875576019287,-0.9725030064582825,0.2585312724113464,0.7282850742340088,-0.9420815706253052,0.2443679124116898,0.7287392020225525,-0.9432326555252075,0.2323693931102753,0.7289215922355652,-0.9439423680305481,0.4068700373172760,0.7806224226951599,-0.5474585294723511,0.2349562644958496,0.7623149156570435,-0.4233807027339935,0.3072707951068878,0.8641459345817566,-0.8674393892288208,0.2426555454730988,0.8553467392921448,-0.8382332921028137,0.5051386952400208,1.1008793115615845,-0.3024958074092865,0.1152398735284805,1.0752853155136108,-0.1455332487821579,0.5512475371360779,1.4750868082046509,-0.4840586781501770,0.0493997260928154,1.4560770988464355,-0.3382261097431183,0.5559701323509216,1.7178775072097778,-1.0482999086380005,0.0111178029328585,1.6199004650115967,-0.9686669111251831,0.5747514963150024,1.7946890592575073,-1.1943190097808838,-0.0081445770338178,1.6702231168746948,-1.1289124488830566,0.5561036467552185,1.7754483222961426,-1.2853734493255615,0.0075319870375097,1.6543681621551514,-1.2246533632278442,0.5402157902717590,1.7485965490341187,-1.0938674211502075,0.0242728404700756,1.6374741792678833,-1.0275752544403076,0.4165771007537842,1.8620156049728394,-0.0454063937067986,0.1857242882251740,1.8291113376617432,0.0447528809309006,0.3780816197395325,2.4980447292327881,-0.1051158159971237,0.1918466538190842,2.3761274814605713,-0.4802732467651367,0.3909602761268616,3.0377781391143799,0.3661600649356842,0.1879286617040634,2.9735591411590576,-0.0045325392857194,0.4118269085884094,3.1420226097106934,0.3815491199493408,0.1879150569438934,3.0812671184539795,0.0247013475745916,0.3111065328121185,3.0944535732269287,-0.1239118576049805,0.1909758746623993,3.0517013072967529,-0.4226807057857513
0.2672610580921173,0.7872539162635803,-1.0355975627899170,0.3132233023643494,0.7297936081886292,-0.9705244898796082,0.3362604975700378,0.7323650121688843,-0.9714232683181763,0.3579581379890442,0.7369682788848877,-0.9711931943893433,0.2585432827472687,0.7283246517181396,-0.9431794285774231,0.2443785965442657,0.7287503480911255,-0.9443573951721191,0.2324741780757904,0.7289133071899414,-0.9451087713241577,0.4071596264839172,0.7806693911552429,-0.5509310960769653,0.2352720201015472,0.7623379826545715,-0.4374009668827057,0.3072680532932281,0.8642425537109375,-0.8680838346481323,0.2422521412372589,0.8553954362869263,-0.8419098854064941,0.5052075982093811,1.1024419069290161,-0.3043459355831146,0.1152682751417160,1.0766733884811401,-0.1754049658775330,0.5519034266471863,1.4735066890716553,-0.4751736521720886,0.0578511245548725,1.4653285741806030,-0.3537387549877167,0.5633983016014099,1.7241346836090088,-1.0048216581344604,0.0125462142750621,1.6439654827117920,-0.9640274047851562,0.5873686075210571,1.8053061962127686,-1.1306753158569336,-0.0127821993082762,1.6970874071121216,-1.1120786666870117,0.5668658018112183,1.7886627912521362,-1.2239015102386475,-0.0024942019954324,1.6876729726791382,-1.2109720706939697,0.5498629808425903,1.7605482339859009,-1.0506856441497803,0.0171487871557474,1.6695276498794556,-1.0227286815643311,0.4214714169502258,1.8603522777557373,-0.0360341295599937,0.1885442435741425,1.8295305967330933,0.0353032127022743,0.3909501433372498,2.5038635730743408,-0.1927205622196198,0.2005271911621094,2.4197840690612793,-0.5933088064193726,0.3985853791236877,3.0535483360290527,0.0109807113185525,0.1887114495038986,3.0227284431457520,-0.2788714766502380,0.4174878597259521,3.1577339172363281,-0.0017632993403822,0.1884807646274567,3.1264345645904541,-0.2660277187824249,0.3272559344768524,3.1173894405364990,-0.5217768549919128,0.1951507776975632,3.1147563457489014,-0.7177609205245972
0.2667717635631561,0.7872039675712585,-0.9746600985527039,0.3131465315818787,0.7297047972679138,-0.9165116548538208,0.3362161517143250,0.7323527932167053,-0.9175750017166138,0.3579593300819397,0.7368978261947632,-0.9172564744949341,0.2581668496131897,0.7275823950767517,-0.8878287076950073,0.2442511320114136,0.7276347875595093,-0.8889738917350769,0.2323791533708572,0.7276025414466858,-0.8897569775581360,0.4068920612335205,0.7808067202568054,-0.5262011289596558,0.2354080229997635,0.7619401216506958,-0.4047617018222809,0.3072718083858490,0.8641749620437622,-0.8167737722396851,0.2417479455471039,0.8553836345672607,-0.7896861433982849,0.4965179860591888,1.1109344959259033,-0.3029993474483490,0.1131469383835793,1.0793209075927734,-0.1326202750205994,0.5408876538276672,1.4434657096862793,-0.4871100783348083,0.0573049299418926,1.4062197208404541,-0.2771143317222595,0.4963889122009277,1.5590023994445801,-1.0171622037887573,0.0457346960902214,1.3487457036972046,-0.8346244096755981,0.4919803142547607,1.6001456975936890,-1.1389073133468628,0.0426038056612015,1.3401457071304321,-0.9897905588150024,0.4820877909660339,1.5591881275177002,-1.2406145334243774,0.0533165857195854,1.2923970222473145,-1.0473375320434570,0.4768028855323792,1.5510907173156738,-1.0569734573364258,0.0604899153113365,1.2971237897872925,-0.8774288296699524,0.3897507786750793,1.9085682630538940,-0.0338171645998955,0.1745299398899078,1.8536181449890137,0.0330614671111107,0.3266845345497131,2.1836860179901123,0.1766856610774994,0.1205525398254395,1.8160183429718018,-0.5687210559844971,0.2857140898704529,2.6391465663909912,0.7462021112442017,0.1374642699956894,2.4421463012695312,-0.2121885120868683,0.2998234331607819,2.7326750755310059,0.7859559655189514,0.1429311931133270,2.5549046993255615,-0.1040204614400864,0.1979322731494904,2.6735112667083740,0.4435575604438782,0.1440638005733490,2.5288860797882080,-0.2916418612003326
0.2668523788452148,0.7873407602310181,-1.1787027120590210,0.3132817149162292,0.7301674485206604,-1.0950833559036255,0.3362668454647064,0.7328435778617859,-1.0958375930786133,0.3581625819206238,0.7371920347213745,-1.0956501960754395,0.2581115365028381,0.7279520630836487,-1.0819860696792603,0.2441353052854538,0.7280188202857971,-1.0830824375152588,0.2322317361831665,0.7280811667442322,-1.0838415622711182,0.4067455828189850,0.7806981801986694,-0.6116632223129272,0.2351018637418747,0.7618488073348999,-0.5457105636596680,0.3072888851165771,0.8641971349716187,-0.9867959022521973,0.2418327033519745,0.8563712239265442,-0.9760894775390625,0.5098110437393188,1.1104885339736938,-0.3228599429130554,0.1067889481782913,1.0794028043746948,-0.2869031727313995,0.5574628710746765,1.4981979131698608,-0.4730199873447418,0.0237112101167440,1.4322005510330200,-0.4682300984859467,0.5700774192810059,1.7915304899215698,-1.0045160055160522,-0.0031570456922054,1.6949850320816040,-1.0143548250198364,0.6007124185562134,1.8866294622421265,-1.1356784105300903,-0.0281546469777822,1.7813972234725952,-1.1703476905822754,0.5736733675003052,1.8785495758056641,-1.2382576465606689,-0.0033953809179366,1.7834620475769043,-1.2590821981430054,0.5538823008537292,1.8432192802429199,-1.0523580312728882,0.0136826913803816,1.7524067163467407,-1.0671087503433228,0.4148833155632019,1.8857097625732422,-0.0189860891550779,0.1744326353073120,1.8492408990859985,0.0180802512913942,0.4089763760566711,2.4443421363830566,-0.2924014925956726,0.1548990905284882,2.3983259201049805,-0.5707821846008301,0.3933022618293762,3.0157437324523926,0.0437727980315685,0.1696689575910568,2.9949958324432373,0.0664281845092773,0.4064732193946838,3.1155321598052979,0.0456362068653107,0.1732926368713379,3.0892243385314941,0.1359292566776276,0.3168039917945862,3.1257193088531494,-0.5151226520538330,0.1793778091669083,3.1376376152038574,-0.2533666491508484
0.2668523788452148,0.7873407602310181,-1.1787027120590210,0.3132817149162292,0.7301674485206604,-1.0950833559036255,0.3362668454647064,0.7328435778617859,-1.0958375930786133,0.3581625819206238,0.7371920347213745,-1.0956501960754395,0.2581115365028381,0.7279520630836487,-1.0819860696792603,0.2441353052854538,0.7280188202857971,-1.0830824375152588,0.2322317361831665,0.7280811667442322,-1.0838415622711182,0.4067455828189850,0.7806981801986694,-0.6116632223129272,0.2351018637418747,0.7618488073348999,-0.5457105636596680,0.3072888851165771,0.8641971349716187,-0.9867959022521973,0.2418327033519745,0.8563712239265442,-0.9760894775390625,0.5098110437393188,1.1104885339736938,-0.3228599429130554,0.1067889481782913,1.0794028043746948,-0.2869031727313995,0.5574628710746765,1.4981979131698608,-0.4730199873447418,0.0237112101167440,1.4322005510330200,-0.4682300984859467,0.5700774192810059,1.7915304899215698,-1.0045160055160522,-0.0031570456922054,1.6949850320816040,-1.0143548250198364,0.6007124185562134,1.8866294622421265,-1.1356784105300903,-0.0281546469777822,1.7813972234725952,-1.1703476905822754,0.5736733675003052,1.8785495758056641,-1.2382576465606689,-0.0033953809179366,1.7834620475769043,-1.2590821981430054,0.5538823008537292,1.8432192802429199,-1.0523580312728882,0.0136826913803816,1.7524067163467407,-1.0671087503433228,0.4148833155632019,1.8857097625732422,-0.0189860891550779,0.1744326353073120,1.8492408990859985,0.0180802512913942,0.4089763760566711,2.4443421363830566,-0.2924014925956726,0.1548990905284882,2.3983259201049805,-0.5707821846008301,0.3933022618293762,3.0157437324523926,0.0437727980315685,0.1696689575910568,2.9949958324432373,0.0664281845092773,0.4064732193946838,3.1155321598052979,0.0456362068653107,0.1732926368713379,3.0892243385314941,0.1359292566776276,0.3168039917945862,3.1257193088531494,-0.5151226520538330,0.1793778091669083,3.1376376152038574,-0.2533666491508484
0.2678205072879791,0.7868158817291260,-0.9998865127563477,0.3133744597434998,0.7297293543815613,-0.9145410656929016,0.3363260626792908,0.7321944832801819,-0.9153712987899780,0.3582326471805573,0.7368585467338562,-0.9152202606201172,0.2591904103755951,0.7278267741203308,-0.8953157663345337,0.2447238862514496,0.7280007004737854,-0.8964377641677856,0.2324711382389069,0.7280741333961487,-0.8972389101982117,0.4073294103145599,0.7810429334640503,-0.4497651457786560,0.2350989133119583,0.7624849677085876,-0.3570788502693176,0.3074751198291779,0.8639466762542725,-0.8172353506088257,0.2424752265214920,0.8555092215538025,-0.8000124692916870,0.5119127631187439,1.1094955205917358,-0.1975596249103546,0.1266903579235077,1.1001385450363159,-0.1299383789300919,0.5638290643692017,1.4703019857406616,-0.3684228956699371,0.0452446378767490,1.4745694398880005,-0.4060972630977631,0.5672448873519897,1.6929835081100464,-0.9123557209968567,-0.0021729129366577,1.6580959558486938,-1.0301153659820557,0.5903356671333313,1.7634311914443970,-1.0461028814315796,-0.0206251442432404,1.7144331932067871,-1.1999895572662354,0.5677078962326050,1.7443863153457642,-1.1301745176315308,0.0026136955711991,1.7003356218338013,-1.2833719253540039,0.5522118210792542,1.7212197780609131,-0.9556911587715149,0.0183729194104671,1.6804934740066528,-1.0852396488189697,0.4238425791263580,1.8858791589736938,-0.0143078491091728,0.1820855885744095,1.8519356250762939,0.0134378103539348,0.4055177569389343,2.4937050342559814,-0.2129835188388824,0.1780171543359756,2.3881928920745850,-0.5898635983467102,0.3948850035667419,3.0427577495574951,0.1753332912921906,0.1727839410305023,2.9871704578399658,-0.0938613787293434,0.4112869799137115,3.1418879032135010,0.1853923052549362,0.1744375526905060,3.0885570049285889,-0.0595236234366894,0.3175330460071564,3.1262617111206055,-0.3281005620956421,0.1827576458454132,3.0962896347045898,-0.5298506021499634
0.2675497531890869,0.7874718904495239,-0.9321624040603638,0.3125603497028351,0.7305273413658142,-0.8677636384963989,0.3357517123222351,0.7327240705490112,-0.8685420751571655,0.3572132289409637,0.7372445464134216,-0.8682654500007629,0.2588655352592468,0.7294465899467468,-0.8316789865493774,0.2447217702865601,0.7300000786781311,-0.8328472375869751,0.2324739992618561,0.7310106754302979,-0.8335195779800415,0.4062875807285309,0.7803074121475220,-0.4606316089630127,0.2355429679155350,0.7633997201919556,-0.3013276457786560,0.3074561953544617,0.8646529912948608,-0.7700947523117065,0.2423656731843948,0.8573215603828430,-0.7316805124282837,0.5151050090789795,1.0869910717010498,-0.2254814654588699,0.1554239690303802,1.0989644527435303,-0.0212723668664694,0.5657570362091064,1.3931459188461304,-0.5585995316505432,0.0664613619446754,1.4671676158905029,-0.2174580842256546,0.5404143929481506,1.3796516656875610,-1.1495510339736938,0.0361163839697838,1.6466847658157349,-0.8226725459098816,0.5442689657211304,1.3813819885253906,-1.3057266473770142,0.0198249407112598,1.6617153882980347,-0.9680095911026001,0.5325881838798523,1.3486021757125854,-1.3418158292770386,0.0336510762572289,1.6528275012969971,-1.0400311946868896,0.5258336067199707,1.3527121543884277,-1.1765450239181519,0.0483024381101131,1.6408200263977051,-0.8728755116462708,0.4458482265472412,1.8690257072448730,-0.0343445651233196,0.2124232947826385,1.8404152393341064,0.0334767512977123,0.4315553605556488,2.4827134609222412,-0.2231546938419342,0.2104004174470901,2.3507418632507324,-0.5751229524612427,0.4214094579219818,3.0194129943847656,0.1324632167816162,0.1964326500892639,2.9553718566894531,-0.1182761341333389,0.4401751160621643,3.1163866519927979,0.1384724229574203,0.1985770165920258,3.0606737136840820,-0.0929597467184067,0.3268880248069763,3.0930960178375244,-0.3861168026924133,0.1930202543735504,3.0460717678070068,-0.5448704957962036
0.2675734162330627,0.7870433330535889,-0.8368632197380066,0.3123046755790710,0.7303304076194763,-0.7759503126144409,0.3355683088302612,0.7325639724731445,-0.7769460082054138,0.3571247160434723,0.7371460795402527,-0.7769061326980591,0.2588714361190796,0.7292860150337219,-0.7385625839233398,0.2448030710220337,0.7298884987831116,-0.7396730184555054,0.2325324565172195,0.7309249043464661,-0.7405560016632080,0.4062218666076660,0.7801647186279297,-0.4200993478298187,0.2356772869825363,0.7634442448616028,-0.2546581625938416,0.3074595332145691,0.8645980358123779,-0.6973103880882263,0.2423593699932098,0.8573226332664490,-0.6571498513221741,0.5010392069816589,1.1091976165771484,-0.2722161710262299,0.1551128327846527,1.0999443531036377,-0.0262899361550808,0.4993433952331543,1.3245168924331665,-0.6328327655792236,0.0845944583415985,1.3204979896545410,-0.2492096424102783,0.3844306766986847,1.1222374439239502,-1.0281994342803955,0.1711952984333038,1.0224307775497437,-0.6987287998199463,0.3555951714515686,1.0659091472625732,-1.1448152065277100,0.2203957140445709,0.9808112382888794,-0.8156602978706360,0.3612550199031830,1.0364902019500732,-1.1188611984252930,0.2086134403944016,0.9378675818443298,-0.8170262575149536,0.3646387457847595,1.0621743202209473,-1.0242649316787720,0.2091368883848190,0.9396259188652039,-0.7171221971511841,0.4046452045440674,1.9248822927474976,-0.0609384179115295,0.2104536741971970,1.8856346607208252,0.0598683655261993,0.3521952927112579,1.7350989580154419,-0.0868073180317879,0.2092393636703491,1.4194798469543457,-0.2681468129158020,0.3585208356380463,1.9269287586212158,0.2990968823432922,0.2534793019294739,1.6582304239273071,0.2474657297134399,0.3894997239112854,1.9960131645202637,0.3306226134300232,0.2643423974514008,1.7347892522811890,0.3030549883842468,0.2749006152153015,1.8568238019943237,0.0158299989998341,0.2638165652751923,1.6023548841476440,0.0819237306714058
0.2667172253131866,0.7857417464256287,-1.1037269830703735,0.3123031258583069,0.7298587560653687,-1.0276949405670166,0.3354907631874084,0.7321878671646118,-1.0284518003463745,0.3568473458290100,0.7368025183677673,-1.0282459259033203,0.2582322061061859,0.7288202047348022,-1.0045657157897949,0.2442744225263596,0.7294843196868896,-1.0057046413421631,0.2315087616443634,0.7303934097290039,-1.0064538717269897,0.4058795571327209,0.7788275480270386,-0.5770189166069031,0.2356804907321930,0.7616844177246094,-0.4654920995235443,0.3074385225772858,0.8636239767074585,-0.9242407083511353,0.2419335842132568,0.8541012406349182,-0.8998885154724121,0.5104043483734131,1.1037150621414185,-0.2968513369560242,0.1336958706378937,1.0903331041336060,-0.2111022919416428,0.5621656179428101,1.4415282011032104,-0.4742166399955750,0.0577051118016243,1.4040970802307129,-0.3829850852489471,0.5551621317863464,1.7322869300842285,-0.9411409497261047,0.0692651048302650,1.6434249877929688,-0.9060386419296265,0.5824508070945740,1.8232640027999878,-1.0666761398315430,0.0575302429497242,1.7240496873855591,-1.0497235059738159,0.5534286499023438,1.8197087049484253,-1.1366009712219238,0.0800252407789230,1.7184274196624756,-1.1331379413604736,0.5335662364959717,1.7867457866668701,-0.9783573150634766,0.0946123450994492,1.6884235143661499,-0.9545561671257019,0.4280254244804382,1.8783141374588013,-0.0363811440765858,0.2075253278017044,1.8529552221298218,0.0352218337357044,0.4128602445125580,2.3748877048492432,-0.3510857522487640,0.2076525986194611,2.3223345279693604,-0.3430047631263733,0.4082054197788239,2.9433341026306152,-0.1418131142854691,0.2380564510822296,2.8975710868835449,0.2244035899639130,0.4242617487907410,3.0447428226470947,-0.1531975567340851,0.2403980493545532,2.9865584373474121,0.2771028876304626,0.3454508185386658,3.0423614978790283,-0.7486503124237061,0.2621956467628479,3.0399916172027588,-0.1215920820832253
0.2662364840507507,0.7857271432876587,-1.0026376247406006,0.3121990263462067,0.7294231057167053,-0.9256975054740906,0.3351820111274719,0.7316877245903015,-0.9263819456100464,0.3563410341739655,0.7358388304710388,-0.9261635541915894,0.2580142617225647,0.7288045287132263,-0.9067484140396118,0.2441550195217133,0.7295058369636536,-0.9078019857406616,0.2313028573989868,0.7305387854576111,-0.9086074829101562,0.4056346416473389,0.7782928943634033,-0.4953795969486237,0.2357039004564285,0.7618442177772522,-0.4002518653869629,0.3072987198829651,0.8630376458168030,-0.8330922126770020,0.2417701184749603,0.8537954688072205,-0.8138049244880676,0.5167701840400696,1.1032161712646484,-0.2476624250411987,0.1279972046613693,1.0858467817306519,-0.1904386579990387,0.5637803077697754,1.4617726802825928,-0.3898746371269226,0.0563578084111214,1.4205963611602783,-0.3599626421928406,0.5674172639846802,1.7584701776504517,-0.9071513414382935,0.0380748994648457,1.6390246152877808,-0.9020032882690430,0.5958663821220398,1.8566931486129761,-1.0379061698913574,0.0120077747851610,1.7086099386215210,-1.0456309318542480,0.5631636381149292,1.8552823066711426,-1.1246602535247803,0.0332351848483086,1.7054268121719360,-1.1295905113220215,0.5447235107421875,1.8147405385971069,-0.9515512585639954,0.0508395321667194,1.6778876781463623,-0.9539457559585571,0.4301949441432953,1.8413388729095459,-0.0276574604213238,0.2052505910396576,1.8169987201690674,0.0265750642865896,0.4158896505832672,2.4460933208465576,-0.3292485475540161,0.2070732861757278,2.3824677467346191,-0.4509797990322113,0.4093373417854309,2.9897263050079346,-0.0500262193381786,0.2326561510562897,2.9619100093841553,-0.0010981768136844,0.4260388016700745,3.0885477066040039,-0.0523553304374218,0.2310239523649216,3.0616049766540527,0.0278394669294357,0.3377117514610291,3.0735008716583252,-0.5897606015205383,0.2591558396816254,3.0703992843627930,-0.4220178127288818
0.2662364840507507,0.7857271432876587,-1.0026376247406006,0.3121990263462067,0.7294231057167053,-0.9256975054740906,0.3351820111274719,0.7316877245903015,-0.9263819456100464,0.3563410341739655,0.7358388304710388,-0.9261635541915894,0.2580142617225647,0.7288045287132263,-0.9067484140396118,0.2441550195217133,0.7295058369636536,-0.9078019857406616,0.2313028573989868,0.7305387854576111,-0.9086074829101562,0.4056346416473389,0.7782928943634033,-0.4953795969486237,0.2357039004564285,0.7618442177772522,-0.4002518653869629,0.3072987198829651,0.8630376458168030,-0.8330922126770020,0.2417701184749603,0.8537954688072205,-0.8138049244880676,0.5167701840400696,1.1032161712646484,-0.2476624250411987,0.1279972046613693,1.0858467817306519,-0.1904386579990387,0.5637803077697754,1.4617726802825928,-0.3898746371269226,0.0563578084111214,1.4205963611602783,-0.3599626421928406,0.5674172639846802,1.7584701776504517,-0.9071513414382935,0.0380748994648457,1.6390246152877808,-0.9020032882690430,0.5958663821220398,1.8566931486129761,-1.0379061698913574,0.0120077747851610,1.7086099386215210,-1.0456309318542480,0.5631636381149292,1.8552823066711426,-1.1246602535247803,0.0332351848483086,1.7054268121719360,-1.1295905113220215,0.5447235107421875,1.8147405385971069,-0.9515512585639954,0.0508395321667194,1.6778876781463623,-0.9539457559585571,0.4301949441432953,1.8413388729095459,-0.0276574604213238,0.2052505910396576,1.8169987201690674,0.0265750642865896,0.4158896505832672,2.4460933208465576,-0.3292485475540161,0.2070732861757278,2.3824677467346191,-0.4509797990322113,0.4093373417854309,2.9897263050079346,-0.0500262193381786,0.2326561510562897,2.9619100093841553,-0.0010981768136844,0.4260388016700745,3.0885477066040039,-0.0523553304374218,0.2310239523649216,3.0616049766540527,0.0278394669294357,0.3377117514610291,3.0735008716583252,-0.5897606015205383,0.2591558396816254,3.0703992843627930,-0.4220178127288818
0.2658693492412567,0.7857273221015930,-1.0017701387405396,0.3121934831142426,0.7292770147323608,-0.9266024827957153,0.3349986672401428,0.7315315604209900,-0.9273414611816406,0.3558542430400848,0.7356942296028137,-0.9271210432052612,0.2579988837242126,0.7287923097610474,-0.9049912691116333,0.2441359460353851,0.7295053601264954,-0.9060584306716919,0.2312393486499786,0.7305861115455627,-0.9068574905395508,0.4056266844272614,0.7787482738494873,-0.4981039464473724,0.2362012863159180,0.7620245218276978,-0.3910578489303589,0.3066477477550507,0.8629350662231445,-0.8330336809158325,0.2414979487657547,0.8537695407867432,-0.8113319277763367,0.5182934999465942,1.1040018796920776,-0.2480961382389069,0.1446499973535538,1.1073813438415527,-0.1570250391960144,0.5712162256240845,1.4671628475189209,-0.4199028909206390,0.0666268393397331,1.4725396633148193,-0.3723966479301453,0.5614390373229980,1.7308093309402466,-0.9355413317680359,0.0397269725799561,1.6324440240859985,-1.0665585994720459,0.5827754139900208,1.8148531913757324,-1.0698670148849487,0.0171381626278162,1.6826628446578979,-1.2374080419540405,0.5550781488418579,1.8006880283355713,-1.1478348970413208,0.0340042263269424,1.6647108793258667,-1.3139765262603760,0.5393518805503845,1.7710191011428833,-0.9761480093002319,0.0508657395839691,1.6462643146514893,-1.1204265356063843,0.4417966306209564,1.8496447801589966,-0.0275393072515726,0.2110100686550140,1.8307461738586426,0.0264901407063007,0.4141134619712830,2.4965901374816895,-0.2977924048900604,0.2245582640171051,2.4236969947814941,-0.6127812862396240,0.4134454131126404,3.0257697105407715,0.0035722306929529,0.2298256903886795,2.9766974449157715,-0.0876750424504280,0.4334400594234467,3.1246802806854248,-0.0156468264758587,0.2287446558475494,3.0734899044036865,-0.0503432527184486,0.3363269567489624,3.1015188694000244,-0.4676064848899841,0.2480493038892746,3.0699553489685059,-0.4978047013282776
0.2646349072456360,0.7858231067657471,-0.7909410595893860,0.3088605701923370,0.7292531132698059,-0.7439696192741394,0.3323640525341034,0.7314619421958923,-0.7449837923049927,0.3539424836635590,0.7356602549552917,-0.7447714209556580,0.2572483420372009,0.7291548252105713,-0.6886408925056458,0.2439852505922318,0.7300546169281006,-0.6897575259208679,0.2312219887971878,0.7314192056655884,-0.6905924677848816,0.4051411747932434,0.7784148454666138,-0.4311276376247406,0.2363719195127487,0.7629042267799377,-0.1815000772476196,0.3062333464622498,0.8642939925193787,-0.6649553775787354,0.2414793968200684,0.8564786314964294,-0.6006189584732056,0.5052539110183716,1.1114293336868286,-0.3060063421726227,0.1672692149877548,1.1072827577590942,0.1109785437583923,0.5525546669960022,1.3720676898956299,-0.6271609067916870,0.1060754060745239,1.3273293972015381,0.0708910450339317,0.4858426153659821,1.3570662736892700,-1.0758259296417236,0.1732778847217560,1.0379580259323120,-0.2901852130889893,0.4772002696990967,1.3536888360977173,-1.2116914987564087,0.1835696995258331,1.0244061946868896,-0.3968229889869690,0.4676592946052551,1.3162989616394043,-1.2252863645553589,0.1860045641660690,0.9539450407028198,-0.4376301765441895,0.4657794833183289,1.3264247179031372,-1.0899600982666016,0.1907501220703125,0.9515383839607239,-0.3233921825885773,0.4219326972961426,1.9296185970306396,-0.1143102049827576,0.2176235616207123,1.8895308971405029,0.1131412982940674,0.3749483227729797,1.9348460435867310,-0.0275637544691563,0.2130643129348755,1.5310158729553223,-0.3290862143039703,0.3723650276660919,2.3758115768432617,0.3335838317871094,0.2673251628875732,2.1228303909301758,0.1117483824491501,0.3980761766433716,2.4840307235717773,0.3550984263420105,0.2841117382049561,2.2435507774353027,0.1586843430995941,0.2894195616245270,2.3527569770812988,0.0220742933452129,0.2711772024631500,2.1578192710876465,-0.0600169599056244
0.2642336785793304,0.7858197093009949,-0.8340312242507935,0.3089154362678528,0.7292483448982239,-0.7715398073196411,0.3323831856250763,0.7315219640731812,-0.7725650072097778,0.3536805212497711,0.7359151244163513,-0.7722978591918945,0.2570673227310181,0.7291583418846130,-0.7375906705856323,0.2438486814498901,0.7300536632537842,-0.7386720180511475,0.2310704886913300,0.7313340902328491,-0.7395349740982056,0.4037144184112549,0.7784036993980408,-0.4432651102542877,0.2365188151597977,0.7626944184303284,-0.2115738689899445,0.3060184121131897,0.8641842603683472,-0.6941055655479431,0.2416950464248657,0.8554993271827698,-0.6471609473228455,0.5047909617424011,1.0997461080551147,-0.3471609950065613,0.1713393330574036,1.1071078777313232,0.1599505841732025,0.5557817816734314,1.3766924142837524,-0.6344880461692810,0.1071105748414993,1.4158064126968384,0.1232872754335403,0.5188088417053223,1.4484668970108032,-1.1346137523651123,0.1148206964135170,1.4818148612976074,-0.4053562283515930,0.5287015438079834,1.4868607521057129,-1.2825076580047607,0.0985884517431259,1.5119593143463135,-0.5163476467132568,0.5190622210502625,1.4558734893798828,-1.3215901851654053,0.0903442949056625,1.4854580163955688,-0.6125366091728210,0.5130316019058228,1.4497683048248291,-1.1593344211578369,0.1028584986925125,1.4729557037353516,-0.4635274410247803,0.4234862327575684,1.9270348548889160,-0.1515405625104904,0.2165412455797195,1.8853644132614136,0.1505172848701477,0.3762424588203430,2.4570419788360596,-0.4011469483375549,0.2111603915691376,2.3073649406433105,-0.3258208036422729,0.3702089786529541,3.0292940139770508,-0.2267164289951324,0.2052533924579620,2.9293591976165771,0.1006966978311539,0.3963980078697205,3.1304068565368652,-0.2374316155910492,0.2155714482069016,3.0338356494903564,0.1493327319622040,0.2713610529899597,3.1260960102081299,-0.7630905508995056,0.1689483374357224,3.0532803535461426,-0.2239994108676910
0.2641907632350922,0.7858058214187622,-0.8478399515151978,0.3084490299224854,0.7291953563690186,-0.7899609804153442,0.3316104710102081,0.7315120697021484,-0.7909125089645386,0.3529478609561920,0.7359150052070618,-0.7906712293624878,0.2570504546165466,0.7288276553153992,-0.7484475970268250,0.2438885420560837,0.7297015786170959,-0.7495402097702026,0.2311456203460693,0.7309402823448181,-0.7502430677413940,0.4030854105949402,0.7783679962158203,-0.4454030096530914,0.2365727722644806,0.7623957991600037,-0.2282153815031052,0.3056440353393555,0.8640939593315125,-0.7045115232467651,0.2416204661130905,0.8555096983909607,-0.6556046009063721,0.5046366453170776,1.1007493734359741,-0.3499305248260498,0.1635953933000565,1.1067785024642944,0.1054718866944313,0.5476556420326233,1.3595889806747437,-0.8078745007514954,0.0933158695697784,1.4243935346603394,0.0047697923146188,0.4218876957893372,1.1969852447509766,-1.4086713790893555,0.0961653441190720,1.4658310413360596,-0.4875473380088806,0.3960470259189606,1.1551883220672607,-1.5801966190338135,0.0842300653457642,1.4863194227218628,-0.6061022877693176,0.3917255997657776,1.1185826063156128,-1.5642825365066528,0.0819122567772865,1.4566357135772705,-0.6752494573593140,0.3949480652809143,1.1405137777328491,-1.4135224819183350,0.0922355651855469,1.4465460777282715,-0.5347994565963745,0.4202700555324554,1.9234731197357178,-0.1383260786533356,0.1987542659044266,1.8833519220352173,0.1376627087593079,0.3718157410621643,2.4676425457000732,-0.1189986690878868,0.1908375620841980,2.2601835727691650,-0.5389364957809448,0.3650718331336975,3.0270113945007324,0.3953535556793213,0.1619579941034317,2.9126782417297363,-0.1080163493752480,0.3875901997089386,3.1322562694549561,0.4179581701755524,0.1671278029680252,3.0319449901580811,-0.0761922895908356,0.2695248126983643,3.0985085964202881,-0.0736686140298843,0.1301161199808121,3.0036504268646240,-0.5026827454566956
0.2641907632350922,0.7858058214187622,-0.8478399515151978,0.3084490299224854,0.7291953563690186,-0.7899609804153442,0.3316104710102081,0.7315120697021484,-0.7909125089645386,0.3529478609561920,0.7359150052070618,-0.7906712293624878,0.2570504546165466,0.7288276553153992,-0.7484475970268250,0.2438885420560837,0.7297015786170959,-0.7495402097702026,0.2311456203460693,0.7309402823448181,-0.7502430677413940,0.4030854105949402,0.7783679962158203,-0.4454030096530914,0.2365727722644806,0.7623957991600037,-0.2282153815031052,0.3056440353393555,0.8640939593315125,-0.7045115232467651,0.2416204661130905,0.8555096983909607,-0.6556046009063721,0.5046366453170776,1.1007493734359741,-0.3499305248260498,0.1635953933000565,1.1067785024642944,0.1054718866944313,0.5476556420326233,1.3595889806747437,-0.8078745007514954,0.0933158695697784,1.4243935346603394,0.0047697923146188,0.4218876957893372,1.1969852447509766,-1.4086713790893555,0.0961653441190720,1.4658310413360596,-0.4875473380088806,0.3960470259189606,1.1551883220672607,-1.5801966190338135,0.0842300653457642,1.4863194227218628,-0.6061022877693176,0.3917255997657776,1.1185826063156128,-1.5642825365066528,0.0819122567772865,1.4566357135772705,-0.6752494573593140,0.3949480652809143,1.1405137777328491,-1.4135224819183350,0.0922355651855469,1.4465460777282715,-0.5347994565963745,0.4202700555324554,1.9234731197357178,-0.1383260786533356,0.1987542659044266,1.8833519220352173,0.1376627087593079,0.3718157410621643,2.4676425457000732,-0.1189986690878868,0.1908375620841980,2.2601835727691650,-0.5389364957809448,0.3650718331336975,3.0270113945007324,0.3953535556793213,0.1619579941034317,2.9126782417297363,-0.1080163493752480,0.3875901997089386,3.1322562694549561,0.4179581701755524,0.1671278029680252,3.0319449901580811,-0.0761922895908356,0.2695248126983643,3.0985085964202881,-0.0736686140298843,0.1301161199808121,3.0036504268646240,-0.5026827454566956
0.2641505300998688,0.7873895168304443,-0.9431166648864746,0.3083906769752502,0.7296163439750671,-0.8784896135330200,0.3313793838024139,0.7319020032882690,-0.8793010711669922,0.3528720140457153,0.7362263202667236,-0.8790828585624695,0.2570353150367737,0.7288253307342529,-0.8400425910949707,0.2438412904739380,0.7296129465103149,-0.8412504196166992,0.2311512231826782,0.7305917739868164,-0.8419443964958191,0.4030741751194000,0.7785613536834717,-0.4760736525058746,0.2363657504320145,0.7614222168922424,-0.2824572324752808,0.3041793704032898,0.8645557761192322,-0.7784343957901001,0.2411966621875763,0.8560166954994202,-0.7341047525405884,0.5120705962181091,1.1009150743484497,-0.3399322628974915,0.1575362384319305,1.1045037508010864,0.0706443935632706,0.5602778792381287,1.4110313653945923,-0.6717683672904968,0.0937857106328011,1.4686405658721924,-0.0380372405052185,0.5439197421073914,1.6037504673004150,-1.2657933235168457,0.0677909329533577,1.6821194887161255,-0.5218899846076965,0.5706724524497986,1.6741958856582642,-1.4173698425292969,0.0424484200775623,1.7470705509185791,-0.6356534361839294,0.5479128360748291,1.6586343050003052,-1.4360108375549316,0.0426989570260048,1.7400529384613037,-0.7285376787185669,0.5303102135658264,1.6350203752517700,-1.2775771617889404,0.0597752034664154,1.7157483100891113,-0.5763748884201050,0.4415538311004639,1.8999632596969604,-0.1258445084095001,0.1993895471096039,1.8627747297286987,0.1251174807548523,0.4025139212608337,2.5039231777191162,-0.4674708247184753,0.2069672346115112,2.3960230350494385,-0.5671197175979614,0.4083874821662903,3.0798494815826416,-0.3601941466331482,0.1716933250427246,3.0197641849517822,-0.1435964852571487,0.4334402084350586,3.1833839416503906,-0.3826925158500671,0.1732738912105560,3.1234192848205566,-0.1177454143762589,0.3122708201408386,3.1693670749664307,-0.9612790346145630,0.1353813111782074,3.1399080753326416,-0.5509141683578491
0.2637937366962433,0.7872577309608459,-0.7330651879310608,0.3064183890819550,0.7295770645141602,-0.6804128885269165,0.3293170332908630,0.7318713068962097,-0.6813952326774597,0.3515401184558868,0.7361742258071899,-0.6811648607254028,0.2565825581550598,0.7287495732307434,-0.6444416642189026,0.2437625825405121,0.7294989228248596,-0.6456209421157837,0.2311789542436600,0.7304657697677612,-0.6465181112289429,0.4029979705810547,0.7785512804985046,-0.3544668853282928,0.2364892065525055,0.7615271210670471,-0.1934450417757034,0.3041234910488129,0.8642527461051941,-0.6025876998901367,0.2411543428897858,0.8562379479408264,-0.5644985437393188,0.5017580389976501,1.1068724393844604,-0.2266126126050949,0.1495951712131500,1.1043177843093872,0.0529577136039734,0.5473657846450806,1.3365899324417114,-0.5673862695693970,0.0928905755281448,1.3468793630599976,-0.2068362981081009,0.4541002810001373,1.3004059791564941,-1.0261681079864502,0.1742611676454544,1.0472477674484253,-0.6723296642303467,0.4344685077667236,1.2950557470321655,-1.1515152454376221,0.1981251686811447,1.0791051387786865,-0.8066496849060059,0.4266740381717682,1.2585111856460571,-1.1557900905609131,0.2068414390087128,0.9911633729934692,-0.8047372102737427,0.4286968111991882,1.2689602375030518,-1.0368072986602783,0.2072122842073441,0.9873493909835815,-0.6908061504364014,0.4153235852718353,1.9302619695663452,-0.0749219208955765,0.2038782089948654,1.8852499723434448,0.0736838132143021,0.3540907204151154,1.8914896249771118,0.0922278463840485,0.1897930800914764,1.5079724788665771,-0.4139936864376068,0.3345364630222321,2.3303821086883545,0.4800859093666077,0.2200648784637451,2.1075234413146973,-0.0162693969905376,0.3544015288352966,2.4262230396270752,0.5076308250427246,0.2294909209012985,2.2226588726043701,0.0344110056757927,0.2472555637359619,2.3353269100189209,0.2130480557680130,0.2345513552427292,2.1585464477539062,-0.1536017954349518
0.2626752257347107,0.7869194149971008,-0.9463618397712708,0.3066331744194031,0.7296164631843567,-0.8931957483291626,0.3299823999404907,0.7319646477699280,-0.8940491676330566,0.3522471487522125,0.7364643812179565,-0.8938557505607605,0.2559995651245117,0.7291454076766968,-0.8651527166366577,0.2435793429613113,0.7298841476440430,-0.8664000630378723,0.2311559468507767,0.7306670546531677,-0.8671815991401672,0.4025555551052094,0.7785778045654297,-0.5296447873115540,0.2366053164005280,0.7615289688110352,-0.4010358750820160,0.3040839731693268,0.8642452359199524,-0.7979350090026855,0.2411801517009735,0.8542246222496033,-0.7702083587646484,0.5007686018943787,1.1102985143661499,-0.2965796589851379,0.1252191364765167,1.1013914346694946,-0.1460534930229187,0.5539361834526062,1.4156014919281006,-0.4882104992866516,0.0552852153778076,1.4042207002639771,-0.3602069616317749,0.5328754186630249,1.6486656665802002,-0.9268003702163696,0.0481451973319054,1.5331681966781616,-0.9509168863296509,0.5512877106666565,1.7268952131271362,-1.0414566993713379,0.0266552362591028,1.5814647674560547,-1.0968220233917236,0.5255350470542908,1.7095369100570679,-1.1133217811584473,0.0510476119816303,1.5699808597564697,-1.1677329540252686,0.5123823881149292,1.6849695444107056,-0.9623465538024902,0.0687835663557053,1.5565261840820312,-0.9990433454513550,0.4153975546360016,1.9071213006973267,-0.0438548102974892,0.1946145147085190,1.8714131116867065,0.0428528115153313,0.3637654185295105,2.4645943641662598,-0.1045835837721825,0.1899543702602386,2.3743891716003418,-0.5587176680564880,0.3476858139038086,3.0308659076690674,0.1730478405952454,0.1826823502779007,2.9799616336822510,-0.1917246729135513,0.3649826645851135,3.1301000118255615,0.1710313707590103,0.1809200495481491,3.0774729251861572,-0.1686947047710419,0.2636476457118988,3.1178939342498779,-0.3136543631553650,0.1954147517681122,3.0898618698120117,-0.5811927914619446
0.2626752257347107,0.7869194149971008,-0.9463618397712708,0.3066331744194031,0.7296164631843567,-0.8931957483291626,0.3299823999404907,0.7319646477699280,-0.8940491676330566,0.3522471487522125,0.7364643812179565,-0.8938557505607605,0.2559995651245117,0.7291454076766968,-0.8651527166366577,0.2435793429613113,0.7298841476440430,-0.8664000630378723,0.2311559468507767,0.7306670546531677,-0.8671815991401672,0.4025555551052094,0.7785778045654297,-0.5296447873115540,0.2366053164005280,0.7615289688110352,-0.4010358750820160,0.3040839731693268,0.8642452359199524,-0.7979350090026855,0.2411801517009735,0.8542246222496033,-0.7702083587646484,0.5007686018943787,1.1102985143661499,-0.2965796589851379,0.1252191364765167,1.1013914346694946,-0.1460534930229187,0.5539361834526062,1.4156014919281006,-0.4882104992866516,0.0552852153778076,1.4042207002639771,-0.3602069616317749,0.5328754186630249,1.6486656665802002,-0.9268003702163696,0.0481451973319054,1.5331681966781616,-0.9509168863296509,0.5512877106666565,1.7268952131271362,-1.0414566993713379,0.0266552362591028,1.5814647674560547,-1.0968220233917236,0.5255350470542908,1.7095369100570679,-1.1133217811584473,0.0510476119816303,1.5699808597564697,-1.1677329540252686,0.5123823881149292,1.6849695444107056,-0.9623465538024902,0.0687835663557053,1.5565261840820312,-0.9990433454513550,0.4153975546360016,1.9071213006973267,-0.0438548102974892,0.1946145147085190,1.8714131116867065,0.0428528115153313,0.3637654185295105,2.4645943641662598,-0.1045835837721825,0.1899543702602386,2.3743891716003418,-0.5587176680564880,0.3476858139038086,3.0308659076690674,0.1730478405952454,0.1826823502779007,2.9799616336822510,-0.1917246729135513,0.3649826645851135,3.1301000118255615,0.1710313707590103,0.1809200495481491,3.0774729251861572,-0.1686947047710419,0.2636476457118988,3.1178939342498779,-0.3136543631553650,0.1954147517681122,3.0898618698120117,-0.5811927914619446
0.2632553875446320,0.7869058251380920,-1.0293711423873901,0.3070923686027527,0.7296037077903748,-0.9614323377609253,0.3302524685859680,0.7319866418838501,-0.9623826146125793,0.3524653315544128,0.7364743351936340,-0.9621539115905762,0.2565086781978607,0.7281420230865479,-0.9367035627365112,0.2437648326158524,0.7285451889038086,-0.9378751516342163,0.2313865125179291,0.7290830016136169,-0.9386501312255859,0.4031018614768982,0.7787383794784546,-0.5335299968719482,0.2367117106914520,0.7601899504661560,-0.4187065958976746,0.3040025234222412,0.8640846014022827,-0.8551122546195984,0.2411755770444870,0.8541166782379150,-0.8320746421813965,0.5023937821388245,1.1071717739105225,-0.2846175432205200,0.1186610311269760,1.0917667150497437,-0.1510427296161652,0.5536124706268311,1.4288001060485840,-0.4218129217624664,0.0580408796668053,1.4052448272705078,-0.4418153762817383,0.5398104786872864,1.6445796489715576,-0.9344217181205750,0.0449109151959419,1.5103739500045776,-1.1920728683471680,0.5596151351928711,1.7136502265930176,-1.0692675113677979,0.0220538768917322,1.5439618825912476,-1.3801808357238770,0.5356792211532593,1.6926614046096802,-1.1478132009506226,0.0406611859798431,1.5257687568664551,-1.4525463581085205,0.5218883752822876,1.6696544885635376,-0.9765446782112122,0.0581654123961926,1.5157879590988159,-1.2466170787811279,0.4160125255584717,1.8932636976242065,-0.0163335483521223,0.1923034936189651,1.8599902391433716,0.0154608217999339,0.3827463686466217,2.4990973472595215,-0.0942974835634232,0.1917054802179337,2.3785903453826904,-0.5274374485015869,0.3635973036289215,3.0536792278289795,0.3726812899112701,0.1738208979368210,2.9789347648620605,0.0423942357301712,0.3745018839836121,3.1561913490295410,0.3882051706314087,0.1704203188419342,3.0828971862792969,0.0766906589269638,0.2925064265727997,3.1282505989074707,-0.1664709448814392,0.1835235655307770,3.0747478008270264,-0.5498836636543274
0.2638329863548279,0.7876467108726501,-1.0215353965759277,0.3100715577602386,0.7295675873756409,-0.9534149169921875,0.3330480456352234,0.7319554686546326,-0.9543067216873169,0.3545968830585480,0.7363842725753784,-0.9541056752204895,0.2566321194171906,0.7280285358428955,-0.9300912618637085,0.2437563389539719,0.7283450961112976,-0.9312809705734253,0.2315347939729691,0.7287210226058960,-0.9320772290229797,0.4046426415443420,0.7784182429313660,-0.5211642980575562,0.2367273271083832,0.7598458528518677,-0.4122635722160339,0.3041350245475769,0.8638919591903687,-0.8458274602890015,0.2411687821149826,0.8541033267974854,-0.8239519000053406,0.5062103271484375,1.0619451999664307,-0.2619653046131134,0.1147555261850357,1.0755900144577026,-0.1484511196613312,0.5710498094558716,1.4009617567062378,-0.4398199617862701,0.0592202730476856,1.4116128683090210,-0.3448080420494080,0.5490852594375610,1.6406322717666626,-0.9763622283935547,0.0536671169102192,1.5714520215988159,-0.9585347175598145,0.5603162646293640,1.6560339927673340,-1.0945488214492798,0.0366817638278008,1.6213676929473877,-1.1199014186859131,0.5393951535224915,1.6646939516067505,-1.1866596937179565,0.0499495826661587,1.6057802438735962,-1.1974687576293945,0.5292433500289917,1.6492689847946167,-1.0011394023895264,0.0651218965649605,1.5869253873825073,-1.0101009607315063,0.4317345619201660,1.8492530584335327,-0.0063847498968244,0.1971324682235718,1.8308494091033936,0.0055183228105307,0.4268632531166077,2.4707727432250977,-0.0970682352781296,0.2132038176059723,2.3591825962066650,-0.5247409939765930,0.4271112382411957,3.0089569091796875,0.3292138278484344,0.1955795139074326,2.9562370777130127,0.0378788039088249,0.4403628706932068,3.1104290485382080,0.3410536050796509,0.1882011592388153,3.0596504211425781,0.0704006105661392,0.3673491775989532,3.0720303058624268,-0.1835384517908096,0.2193954437971115,3.0419869422912598,-0.4366696476936340
0.2636205852031708,0.7874266505241394,-0.9266321063041687,0.3100632727146149,0.7288083434104919,-0.8563405871391296,0.3329197764396667,0.7310864329338074,-0.8573955297470093,0.3545578718185425,0.7355285286903381,-0.8573366999626160,0.2566982507705688,0.7278845310211182,-0.8182398080825806,0.2438098639249802,0.7282590270042419,-0.8192604184150696,0.2317651212215424,0.7285729050636292,-0.8201090097427368,0.4047473371028900,0.7790418863296509,-0.4617533087730408,0.2378940582275391,0.7598378658294678,-0.2916800677776337,0.3039068579673767,0.8638817071914673,-0.7708377242088318,0.2410808503627777,0.8539114594459534,-0.7301417589187622,0.4976040422916412,1.0841524600982666,-0.3009951114654541,0.1473889201879501,1.0854274034500122,-0.0065093776211143,0.5537580251693726,1.2976438999176025,-0.6702044010162354,0.1001028567552567,1.3167937994003296,-0.2105998247861862,0.4451478123664856,1.1544740200042725,-1.1393451690673828,0.1306653171777725,1.0957096815109253,-0.6828800439834595,0.4195211827754974,1.1018887758255005,-1.2849053144454956,0.1393076926469803,1.0209271907806396,-0.8119677305221558,0.4122693538665771,1.0756732225418091,-1.2846685647964478,0.1342222690582275,0.9884896874427795,-0.8363816142082214,0.4167521595954895,1.0985919237136841,-1.1472637653350830,0.1561206579208374,0.9782947301864624,-0.7130975127220154,0.4098374843597412,1.9125443696975708,-0.0763467997312546,0.2064077109098434,1.8774409294128418,0.0752627253532410,0.3239337801933289,1.7928243875503540,-0.1206346750259399,0.2124822586774826,1.4951212406158447,-0.1881448775529861,0.3796954154968262,2.0103557109832764,0.3210410475730896,0.2843507826328278,1.7133051156997681,0.3411713838577271,0.4221578240394592,2.0811204910278320,0.3469889760017395,0.3076512217521667,1.7934492826461792,0.3917335271835327,0.2946296334266663,1.9485486745834351,-0.0557017847895622,0.2773464620113373,1.6351150274276733,0.1012143120169640
0.2634874880313873,0.7873042225837708,-1.0365315675735474,0.3094040751457214,0.7293795347213745,-0.9636146426200867,0.3323451876640320,0.7315356731414795,-0.9645406603813171,0.3541789352893829,0.7356809377670288,-0.9643948674201965,0.2561015486717224,0.7294391393661499,-0.9319608807563782,0.2434569299221039,0.7303126454353333,-0.9331427812576294,0.2317250072956085,0.7311581373214722,-0.9339579343795776,0.4027261137962341,0.7768266201019287,-0.5203098058700562,0.2378328144550323,0.7610803246498108,-0.3731801211833954,0.3041565716266632,0.8638381361961365,-0.8596879839897156,0.2417121231555939,0.8539546728134155,-0.8264777064323425,0.5017456412315369,1.1068693399429321,-0.2979228496551514,0.1368571519851685,1.0928403139114380,-0.0779347047209740,0.5604934692382812,1.4422351121902466,-0.4695534706115723,0.0770629793405533,1.4469341039657593,-0.3028235435485840,0.5381413698196411,1.6524852514266968,-0.9814098477363586,0.0504847653210163,1.5684268474578857,-0.9946112632751465,0.5526040196418762,1.7202317714691162,-1.1189390420913696,0.0326876528561115,1.6072517633438110,-1.1653409004211426,0.5407643914222717,1.7019120454788208,-1.2000299692153931,0.0393059328198433,1.5882427692413330,-1.2494682073593140,0.5298279523849487,1.6781121492385864,-1.0225914716720581,0.0564363002777100,1.5706981420516968,-1.0515251159667969,0.4172061085700989,1.9191478490829468,-0.0591202601790428,0.2013102471828461,1.8897842168807983,0.0582211688160896,0.3602508902549744,2.5287322998046875,-0.2489419728517532,0.2114729881286621,2.4319109916687012,-0.4835093915462494,0.3899400532245636,3.0872311592102051,0.1332338154315948,0.2170272767543793,3.0170147418975830,0.0841674655675888,0.4210125803947449,3.1930108070373535,0.1390733718872070,0.2182515859603882,3.1208701133728027,0.1205709800124168,0.3139087557792664,3.1560266017913818,-0.4248337149620056,0.2192678749561310,3.1057217121124268,-0.3813833594322205
0.2634377479553223,0.7874915599822998,-1.0139881372451782,0.3091904819011688,0.7295559644699097,-0.9444108009338379,0.3322103023529053,0.7319837212562561,-0.9453353881835938,0.3540423512458801,0.7365055084228516,-0.9451732635498047,0.2560928761959076,0.7292770147323608,-0.9127510190010071,0.2435157001018524,0.7300230264663696,-0.9139280319213867,0.2317702323198318,0.7308924794197083,-0.9147312045097351,0.4025245606899261,0.7779098749160767,-0.5157806873321533,0.2378178089857101,0.7608373165130615,-0.3735434412956238,0.3039796650409698,0.8643798828125000,-0.8433665037155151,0.2406376600265503,0.8550291657447815,-0.8107344508171082,0.5011603832244873,1.1120359897613525,-0.2875081896781921,0.1288956105709076,1.0884312391281128,-0.0963359102606773,0.5602923631668091,1.4621473550796509,-0.4645917415618896,0.0538160130381584,1.4575936794281006,-0.3353828787803650,0.5426220297813416,1.7099517583847046,-0.9896854162216187,0.0305208805948496,1.6085262298583984,-1.0052764415740967,0.5619494915008545,1.7931061983108521,-1.1268459558486938,0.0094713438302279,1.6575062274932861,-1.1699390411376953,0.5399643778800964,1.7756762504577637,-1.2138285636901855,0.0255913101136684,1.6401530504226685,-1.2490375041961670,0.5271766781806946,1.7467787265777588,-1.0235956907272339,0.0426085330545902,1.6229404211044312,-1.0591095685958862,0.4173362851142883,1.9074064493179321,-0.0368928462266922,0.1902889013290405,1.8822442293167114,0.0359752178192139,0.3704403042793274,2.5438568592071533,-0.2226665019989014,0.1976074874401093,2.4674704074859619,-0.5872417688369751,0.3891454339027405,3.0973625183105469,0.1351905614137650,0.1755448579788208,3.0583007335662842,-0.1329505890607834,0.4148060679435730,3.1982972621917725,0.1382711082696915,0.1726445704698563,3.1558673381805420,-0.1059727892279625,0.3123889267444611,3.1778461933135986,-0.4017430245876312,0.1857931911945343,3.1677052974700928,-0.5780977010726929
0.2634377479553223,0.7874915599822998,-1.0139881372451782,0.3091904819011688,0.7295559644699097,-0.9444108009338379,0.3322103023529053,0.7319837212562561,-0.9453353881835938,0.3540423512458801,0.7365055084228516,-0.9451732635498047,0.2560928761959076,0.7292770147323608,-0.9127510190010071,0.2435157001018524,0.7300230264663696,-0.9139280319213867,0.2317702323198318,0.7308924794197083,-0.9147312045097351,0.4025245606899261,0.7779098749160767,-0.5157806873321533,0.2378178089857101,0.7608373165130615,-0.3735434412956238,0.3039796650409698,0.8643798828125000,-0.8433665037155151,0.2406376600265503,0.8550291657447815,-0.8107344508171082,0.5011603832244873,1.1120359897613525,-0.2875081896781921,0.1288956105709076,1.0884312391281128,-0.0963359102606773,0.5602923631668091,1.4621473550796509,-0.4645917415618896,0.0538160130381584,1.4575936794281006,-0.3353828787803650,0.5426220297813416,1.7099517583847046,-0.9896854162216187,0.0305208805948496,1.6085262298583984,-1.0052764415740967,0.5619494915008545,1.7931061983108521,-1.1268459558486938,0.0094713438302279,1.6575062274932861,-1.1699390411376953,0.5399643778800964,1.7756762504577637,-1.2138285636901855,0.0255913101136684,1.6401530504226685,-1.2490375041961670,0.5271766781806946,1.7467787265777588,-1.0235956907272339,0.0426085330545902,1.6229404211044312,-1.0591095685958862,0.4173362851142883,1.9074064493179321,-0.0368928462266922,0.1902889013290405,1.8822442293167114,0.0359752178192139,0.3704403042793274,2.5438568592071533,-0.2226665019989014,0.1976074874401093,2.4674704074859619,-0.5872417688369751,0.3891454339027405,3.0973625183105469,0.1351905614137650,0.1755448579788208,3.0583007335662842,-0.1329505890607834,0.4148060679435730,3.1982972621917725,0.1382711082696915,0.1726445704698563,3.1558673381805420,-0.1059727892279625,0.3123889267444611,3.1778461933135986,-0.4017430245876312,0.1857931911945343,3.1677052974700928,-0.5780977010726929
0.2635250389575958,0.7874845266342163,-1.0068800449371338,0.3090072274208069,0.7295519709587097,-0.9366323351860046,0.3319494128227234,0.7319839596748352,-0.9375475645065308,0.3538830280303955,0.7364842891693115,-0.9374213218688965,0.2560775876045227,0.7288605570793152,-0.9108026623725891,0.2432846128940582,0.7295023798942566,-0.9120513796806335,0.2314990460872650,0.7303319573402405,-0.9127473831176758,0.4027347564697266,0.7779107689857483,-0.5224866271018982,0.2372576445341110,0.7607018947601318,-0.3728344142436981,0.3038651347160339,0.8643646240234375,-0.8380735516548157,0.2405693978071213,0.8550594449043274,-0.8024049997329712,0.5012168884277344,1.1119335889816284,-0.3168844580650330,0.1416983306407928,1.0920428037643433,-0.0532439574599266,0.5590736269950867,1.4525129795074463,-0.5306250452995300,0.0648448169231415,1.4601880311965942,-0.1824727803468704,0.5409968495368958,1.6387578248977661,-1.0702931880950928,0.0309303607791662,1.5773946046829224,-0.7592393159866333,0.5574421286582947,1.6976146697998047,-1.2132294178009033,0.0125352367758751,1.6153181791305542,-0.8957357406616211,0.5388690829277039,1.6769134998321533,-1.2831633090972900,0.0324877314269543,1.5920422077178955,-0.9860121607780457,0.5271335840225220,1.6579475402832031,-1.1047925949096680,0.0496802553534508,1.5775367021560669,-0.8154560923576355,0.4174628853797913,1.9070267677307129,-0.0516043305397034,0.1907955259084702,1.8786734342575073,0.0507372133433819,0.3708005845546722,2.5133602619171143,-0.1609358042478561,0.1974913924932480,2.3433465957641602,-0.5622430443763733,0.3807841539382935,3.0556547641754150,0.2627724707126617,0.1689954698085785,2.9474205970764160,-0.0764577239751816,0.4057847559452057,3.1543259620666504,0.2754623293876648,0.1686381250619888,3.0544652938842773,-0.0471769608557224,0.2923076152801514,3.1320199966430664,-0.2154346704483032,0.1606934070587158,3.0451669692993164,-0.4748354852199554
0.2635148167610168,0.7875844836235046,-1.1155530214309692,0.3088576197624207,0.7297049760818481,-1.0387547016143799,0.3316708803176880,0.7322224974632263,-1.0396853685379028,0.3537395298480988,0.7366901040077209,-1.0394454002380371,0.2559416592121124,0.7287680506706238,-1.0157563686370850,0.2431145459413528,0.7293283939361572,-1.0169432163238525,0.2314328849315643,0.7301657199859619,-1.0177297592163086,0.4027419984340668,0.7785285711288452,-0.5725874304771423,0.2366324663162231,0.7607186436653137,-0.4646438956260681,0.3038543462753296,0.8644198179244995,-0.9292484521865845,0.2402674406766891,0.8556491136550903,-0.9071790575981140,0.5016755461692810,1.1222636699676514,-0.3120893537998199,0.1213214769959450,1.0928323268890381,-0.1699312478303909,0.5594522356987000,1.4735721349716187,-0.4651836752891541,0.0575607903301716,1.4807989597320557,-0.3984737396240234,0.5401683449745178,1.6937412023544312,-1.0354214906692505,0.0309096034616232,1.6045136451721191,-1.0910980701446533,0.5558601617813110,1.7677167654037476,-1.1839034557342529,0.0123207569122314,1.6436672210693359,-1.2700397968292236,0.5302469730377197,1.7444607019424438,-1.2798303365707397,0.0269981920719147,1.6199001073837280,-1.3492728471755981,0.5181533098220825,1.7189257144927979,-1.0793049335479736,0.0428141131997108,1.6063997745513916,-1.1451717615127563,0.4165511727333069,1.9104629755020142,-0.0119424816220999,0.1840842813253403,1.8798929452896118,0.0110524874180555,0.3726918101310730,2.5506844520568848,-0.1193683296442032,0.1952907145023346,2.4244391918182373,-0.5263277888298035,0.3789399266242981,3.0947785377502441,0.3867256641387939,0.1600781530141830,3.0316622257232666,-0.0572921447455883,0.3989314436912537,3.1963164806365967,0.4056556820869446,0.1561608016490936,3.1409547328948975,-0.0261190421879292,0.2931118011474609,3.1654584407806396,-0.1285562366247177,0.1623416244983673,3.1196796894073486,-0.4428941309452057
0.2620621323585510,0.7875565886497498,-1.0891838073730469,0.3075924515724182,0.7297351956367493,-1.0278362035751343,0.3302288651466370,0.7323240637779236,-1.0288411378860474,0.3520315587520599,0.7368198633193970,-1.0285407304763794,0.2554646432399750,0.7285684943199158,-1.0003641843795776,0.2428105622529984,0.7290059924125671,-1.0015050172805786,0.2312401980161667,0.7298250198364258,-1.0022418498992920,0.4024709761142731,0.7785709500312805,-0.5324486494064331,0.2366242855787277,0.7600127458572388,-0.4165991842746735,0.3016622662544250,0.8644176721572876,-0.9259792566299438,0.2380619347095490,0.8558743000030518,-0.8997592926025391,0.5038817524909973,1.1273442506790161,-0.2666451632976532,0.1168559044599533,1.0936101675033569,-0.1302017271518707,0.5594698190689087,1.4791883230209351,-0.4490917623043060,0.0561326853930950,1.5038266181945801,-0.3746795952320099,0.5423233509063721,1.6860277652740479,-1.0359759330749512,0.0228557307273149,1.6330695152282715,-1.0234844684600830,0.5583752393722534,1.7556817531585693,-1.1853697299957275,0.0016803909093142,1.6754596233367920,-1.1925330162048340,0.5374321937561035,1.7315509319305420,-1.2765920162200928,0.0125635024160147,1.6514500379562378,-1.2738714218139648,0.5245853662490845,1.7079664468765259,-1.0807427167892456,0.0295995362102985,1.6362941265106201,-1.0773327350616455,0.4176534712314606,1.9171165227890015,-0.0141707556322217,0.1812966763973236,1.8846396207809448,0.0132663492113352,0.3738694787025452,2.5744950771331787,-0.3076976239681244,0.1888180673122406,2.4501254558563232,-0.5819816589355469,0.3771511912345886,3.1219332218170166,0.0341552793979645,0.1604374647140503,3.0703518390655518,-0.1055623665452003,0.3967555463314056,3.2251586914062500,0.0355478413403034,0.1587172001600266,3.1819036006927490,-0.0749434083700180,0.2872512340545654,3.1887481212615967,-0.5332292318344116,0.1570862829685211,3.1630761623382568,-0.5390139818191528
0.2620621323585510,0.7875565886497498,-1.0891838073730469,0.3075924515724182,0.7297351956367493,-1.0278362035751343,0.3302288651466370,0.7323240637779236,-1.0288411378860474,0.3520315587520599,0.7368198633193970,-1.0285407304763794,0.2554646432399750,0.7285684943199158,-1.0003641843795776,0.2428105622529984,0.7290059924125671,-1.0015050172805786,0.2312401980161667,0.7298250198364258,-1.0022418498992920,0.4024709761142731,0.7785709500312805,-0.5324486494064331,0.2366242855787277,0.7600127458572388,-0.4165991842746735,0.3016622662544250,0.8644176721572876,-0.9259792566299438,0.2380619347095490,0.8558743000030518,-0.8997592926025391,0.5038817524909973,1.1273442506790161,-0.2666451632976532,0.1168559044599533,1.0936101675033569,-0.1302017271518707,0.5594698190689087,1.4791883230209351,-0.4490917623043060,0.0561326853930950,1.5038266181945801,-0.3746795952320099,0.5423233509063721,1.6860277652740479,-1.0359759330749512,0.0228557307273149,1.6330695152282715,-1.0234844684600830,0.5583752393722534,1.7556817531585693,-1.1853697299957275,0.0016803909093142,1.6754596233367920,-1.1925330162048340,0.5374321937561035,1.7315509319305420,-1.2765920162200928,0.0125635024160147,1.6514500379562378,-1.2738714218139648,0.5245853662490845,1.7079664468765259,-1.0807427167892456,0.0295995362102985,1.6362941265106201,-1.0773327350616455,0.4176534712314606,1.9171165227890015,-0.0141707556322217,0.1812966763973236,1.8846396207809448,0.0132663492113352,0.3738694787025452,2.5744950771331787,-0.3076976239681244,0.1888180673122406,2.4501254558563232,-0.5819816589355469,0.3771511912345886,3.1219332218170166,0.0341552793979645,0.1604374647140503,3.0703518390655518,-0.1055623665452003,0.3967555463314056,3.2251586914062500,0.0355478413403034,0.1587172001600266,3.1819036006927490,-0.0749434083700180,0.2872512340545654,3.1887481212615967,-0.5332292318344116,0.1570862829685211,3.1630761623382568,-0.5390139818191528
0.2616855204105377,0.7871381640434265,-1.0678508281707764,0.3068176209926605,0.7296155691146851,-1.0012602806091309,0.3297657966613770,0.7321367859840393,-1.0022450685501099,0.3514938950538635,0.7365964651107788,-1.0019831657409668,0.2547482848167419,0.7284916043281555,-0.9727897644042969,0.2423112392425537,0.7289632558822632,-0.9739497900009155,0.2304830104112625,0.7298006415367126,-0.9747131466865540,0.4016496241092682,0.7783681750297546,-0.5230304598808289,0.2348345816135406,0.7600088119506836,-0.4121673107147217,0.3014523386955261,0.8640757799148560,-0.8994040489196777,0.2375940531492233,0.8557927608489990,-0.8714888691902161,0.5034771561622620,1.1318511962890625,-0.2483063936233521,0.1067299619317055,1.0934628248214722,-0.1450174748897552,0.5594601631164551,1.5202107429504395,-0.4315443038940430,0.0198524910956621,1.4969589710235596,-0.3531202077865601,0.5603958964347839,1.8274168968200684,-1.0410884618759155,-0.0207327045500278,1.7352523803710938,-0.9414507746696472,0.5885602831840515,1.9248790740966797,-1.1925790309906006,-0.0482433885335922,1.8137556314468384,-1.0929195880889893,0.5636517405509949,1.9177076816558838,-1.2912732362747192,-0.0324888452887535,1.8107590675354004,-1.1998257637023926,0.5449362993240356,1.8812022209167480,-1.0916048288345337,-0.0146842729300261,1.7824548482894897,-1.0001667737960815,0.4163750708103180,1.9115595817565918,-0.0160786043852568,0.1642465442419052,1.8820036649703979,0.0151325864717364,0.3743739724159241,2.5612559318542480,-0.4936617016792297,0.1767968684434891,2.5018692016601562,-0.5578473806381226,0.3762469887733459,3.1410183906555176,-0.3048871755599976,0.1588222980499268,3.1074697971343994,0.0540133491158485,0.3952903151512146,3.2451729774475098,-0.3198536038398743,0.1575879603624344,3.2062635421752930,0.1001523882150650,0.2875710129737854,3.2270481586456299,-0.9417745471000671,0.1600433886051178,3.2287271022796631,-0.3712615072727203
0.2611498832702637,0.7887597680091858,-1.0073654651641846,0.3037323355674744,0.7301056981086731,-0.9346917867660522,0.3250111937522888,0.7325664758682251,-0.9355225563049316,0.3465146422386169,0.7367311716079712,-0.9353083372116089,0.2544064819812775,0.7285441160202026,-0.9006984829902649,0.2418738156557083,0.7289533615112305,-0.9018613696098328,0.2301017343997955,0.7297602891921997,-0.9026214480400085,0.4001597762107849,0.7779681682586670,-0.4758694767951965,0.2348076105117798,0.7599853277206421,-0.3226528167724609,0.2990927100181580,0.8643014430999756,-0.8302315473556519,0.2373509854078293,0.8562201261520386,-0.7926348447799683,0.5035030841827393,1.1030259132385254,-0.2471320182085037,0.1101655587553978,1.0877709388732910,-0.0091853588819504,0.5571006536483765,1.5071691274642944,-0.4447037279605865,0.0579835288226604,1.4898499250411987,-0.1497916281223297,0.5631333589553833,1.7466273307800293,-1.0481852293014526,0.0000406383223890,1.6659282445907593,-0.7274595499038696,0.5936670899391174,1.8253279924392700,-1.2015609741210938,-0.0371509678661823,1.7222229242324829,-0.8641217350959778,0.5694392919540405,1.8137259483337402,-1.2910710573196411,-0.0227601863443851,1.7084838151931763,-0.9637945294380188,0.5505982041358948,1.7849998474121094,-1.0963768959045410,-0.0076440377160907,1.6873739957809448,-0.7859336733818054,0.4325153827667236,1.8871226310729980,-0.0668462663888931,0.1832668483257294,1.8529795408248901,0.0658899992704391,0.3864379227161407,2.5315980911254883,-0.5327016711235046,0.1778542399406433,2.4317896366119385,-0.5203435420989990,0.3888767063617706,3.0992975234985352,-0.3651728332042694,0.1641209125518799,3.0301201343536377,0.0405059419572353,0.4135453104972839,3.2024638652801514,-0.3812479376792908,0.1702304482460022,3.1325507164001465,0.0817313641309738,0.2900258302688599,3.1800317764282227,-0.9798776507377625,0.1602103263139725,3.1366283893585205,-0.3756749331951141
0.2611171901226044,0.7884632349014282,-0.9786554574966431,0.3037351369857788,0.7294415831565857,-0.9160076379776001,0.3254316449165344,0.7317297458648682,-0.9170020818710327,0.3476262390613556,0.7358558177947998,-0.9167224764823914,0.2537431418895721,0.7282217741012573,-0.8882442712783813,0.2412747889757156,0.7286568284034729,-0.8893920779228210,0.2295552194118500,0.7294610142707825,-0.8901888132095337,0.4002392292022705,0.7777464985847473,-0.4772894382476807,0.2342307269573212,0.7599815130233765,-0.3609159886837006,0.2995095849037170,0.8637218475341797,-0.8134248852729797,0.2374806851148605,0.8552971482276917,-0.7854486107826233,0.4968191683292389,1.1037002801895142,-0.2489170283079147,0.1044712215662003,1.0837461948394775,-0.0887032076716423,0.5548998117446899,1.4145087003707886,-0.4315841794013977,0.0487578809261322,1.3827605247497559,-0.2002233713865280,0.5269256830215454,1.4700071811676025,-0.9583209156990051,0.0130107793956995,1.3238133192062378,-0.7808384299278259,0.5280762910842896,1.4880275726318359,-1.0938777923583984,0.0023185687605292,1.3070157766342163,-0.9276860356330872,0.5150285363197327,1.4504855871200562,-1.1534231901168823,0.0160407479852438,1.2655955553054810,-1.0079967975616455,0.5076946616172791,1.4495857954025269,-0.9929229021072388,0.0208441950380802,1.2733153104782104,-0.8326545953750610,0.4043368697166443,1.8964622020721436,-0.0298661980777979,0.1772301644086838,1.8539096117019653,0.0287687666714191,0.3649784028530121,2.1059567928314209,0.2081537693738937,0.1456085294485092,1.7603052854537964,-0.5196289420127869,0.3283733725547791,2.5374429225921631,0.7229329347610474,0.1394266337156296,2.3925929069519043,0.0394919440150261,0.3399315178394318,2.6353707313537598,0.7548623681068420,0.1412505209445953,2.5134098529815674,0.0762001574039459,0.2456175535917282,2.5293693542480469,0.3851011097431183,0.1433828771114349,2.4460046291351318,-0.2691385149955750
0.2605547904968262,0.7883144021034241,-0.8544376492500305,0.3027890324592590,0.7293780446052551,-0.7861632108688354,0.3243852257728577,0.7315962314605713,-0.7869058251380920,0.3465457856655121,0.7356151938438416,-0.7866589426994324,0.2532939314842224,0.7281246781349182,-0.7554798722267151,0.2408770620822906,0.7285434007644653,-0.7567027211189270,0.2293634861707687,0.7293785810470581,-0.7574125528335571,0.3995890915393829,0.7765787243843079,-0.3674622476100922,0.2341778278350830,0.7598673701286316,-0.2265411615371704,0.2983240187168121,0.8633545041084290,-0.6879833340644836,0.2371111214160919,0.8551058173179626,-0.6560274362564087,0.4995463490486145,1.0660221576690674,-0.1770053803920746,0.1077464967966080,1.0831989049911499,0.0176182929426432,0.5584381818771362,1.3723962306976318,-0.5450116991996765,0.0563347525894642,1.4275947809219360,-0.1019802242517471,0.5132371783256531,1.3283587694168091,-1.2154986858367920,0.0138072893023491,1.6475085020065308,-0.5519286394119263,0.5119512677192688,1.3244751691818237,-1.3781540393829346,0.0050015654414892,1.7122187614440918,-0.6661936044692993,0.4991092681884766,1.2911818027496338,-1.3985753059387207,0.0177048556506634,1.7100951671600342,-0.7548915147781372,0.4925687313079834,1.2985254526138306,-1.2383555173873901,0.0245537459850311,1.6858335733413696,-0.6030083894729614,0.4353272914886475,1.8826557397842407,-0.0289710406213999,0.1913655847311020,1.8536592721939087,0.0278710909187794,0.4221094250679016,2.4079818725585938,-0.2811017632484436,0.1962312757968903,2.3214170932769775,-0.6889218688011169,0.4099482595920563,2.9959111213684082,-0.1947554051876068,0.2008273154497147,2.9479920864105225,-0.3357344269752502,0.4220461249351501,3.1082661151885986,-0.2173110991716385,0.2022438943386078,3.0600590705871582,-0.3178381323814392,0.3302446007728577,3.0564117431640625,-0.7848659753799438,0.2124985009431839,3.0226156711578369,-0.7682460546493530
0.2605443596839905,0.7882801890373230,-0.7764211893081665,0.3029969334602356,0.7291127443313599,-0.7197221517562866,0.3249257802963257,0.7312707304954529,-0.7207553386688232,0.3473870754241943,0.7352676987648010,-0.7206729650497437,0.2532715201377869,0.7281137704849243,-0.6793751716613770,0.2408808916807175,0.7285301685333252,-0.6804755330085754,0.2294767796993256,0.7293592691421509,-0.6813491582870483,0.3996121287345886,0.7768411636352539,-0.3773472905158997,0.2355341017246246,0.7601574063301086,-0.2031527310609818,0.2983671426773071,0.8631075620651245,-0.6424621343612671,0.2371475696563721,0.8551102280616760,-0.5993223786354065,0.4914658963680267,1.0784808397293091,-0.2691361308097839,0.1312689185142517,1.0823829174041748,0.0285493433475494,0.5062961578369141,1.2925277948379517,-0.6745253801345825,0.0969654768705368,1.2611675262451172,-0.1493997424840927,0.3885684609413147,1.1024701595306396,-1.1511503458023071,0.1525895893573761,1.0164822340011597,-0.5885347127914429,0.3586273491382599,1.0499656200408936,-1.3190677165985107,0.1832003593444824,0.9890065789222717,-0.7068822979927063,0.3599943220615387,1.0163710117340088,-1.2842465639114380,0.1934064179658890,0.9392306804656982,-0.7293722033500671,0.3645184636116028,1.0400043725967407,-1.2169543504714966,0.1923569738864899,0.9600484371185303,-0.6167901158332825,0.4041964113712311,1.9154818058013916,-0.0762458369135857,0.2000762522220612,1.8791887760162354,0.0750437080860138,0.3688559532165527,1.6986997127532959,-0.0318544283509254,0.1953236907720566,1.3898856639862061,-0.0872117206454277,0.3701683878898621,1.8841459751129150,0.2736563086509705,0.2674722075462341,1.5778864622116089,0.3227092623710632,0.3985316157341003,1.9565144777297974,0.2943900823593140,0.2865428626537323,1.6530014276504517,0.3634805083274841,0.2870918512344360,1.7971820831298828,-0.0467200614511967,0.2698697447776794,1.4920507669448853,0.1208170652389526
0.2605443596839905,0.7882801890373230,-0.7764211893081665,0.3029969334602356,0.7291127443313599,-0.7197221517562866,0.3249257802963257,0.7312707304954529,-0.7207553386688232,0.3473870754241943,0.7352676987648010,-0.7206729650497437,0.2532715201377869,0.7281137704849243,-0.6793751716613770,0.2408808916807175,0.7285301685333252,-0.6804755330085754,0.2294767796993256,0.7293592691421509,-0.6813491582870483,0.3996121287345886,0.7768411636352539,-0.3773472905158997,0.2355341017246246,0.7601574063301086,-0.2031527310609818,0.2983671426773071,0.8631075620651245,-0.6424621343612671,0.2371475696563721,0.8551102280616760,-0.5993223786354065,0.4914658963680267,1.0784808397293091,-0.2691361308097839,0.1312689185142517,1.0823829174041748,0.0285493433475494,0.5062961578369141,1.2925277948379517,-0.6745253801345825,0.0969654768705368,1.2611675262451172,-0.1493997424840927,0.3885684609413147,1.1024701595306396,-1.1511503458023071,0.1525895893573761,1.0164822340011597,-0.5885347127914429,0.3586273491382599,1.0499656200408936,-1.3190677165985107,0.1832003593444824,0.9890065789222717,-0.7068822979927063,0.3599943220615387,1.0163710117340088,-1.2842465639114380,0.1934064179658890,0.9392306804656982,-0.7293722033500671,0.3645184636116028,1.0400043725967407,-1.2169543504714966,0.1923569738864899,0.9600484371185303,-0.6167901158332825,0.4041964113712311,1.9154818058013916,-0.0762458369135857,0.2000762522220612,1.8791887760162354,0.0750437080860138,0.3688559532165527,1.6986997127532959,-0.0318544283509254,0.1953236907720566,1.3898856639862061,-0.0872117206454277,0.3701683878898621,1.8841459751129150,0.2736563086509705,0.2674722075462341,1.5778864622116089,0.3227092623710632,0.3985316157341003,1.9565144777297974,0.2943900823593140,0.2865428626537323,1.6530014276504517,0.3634805083274841,0.2870918512344360,1.7971820831298828,-0.0467200614511967,0.2698697447776794,1.4920507669448853,0.1208170652389526
0.2589967548847198,0.7882794141769409,-0.9783743619918823,0.3023066222667694,0.7298572063446045,-0.9012759923934937,0.3245469033718109,0.7320876717567444,-0.9020671844482422,0.3467628359794617,0.7360478639602661,-0.9019004702568054,0.2517569363117218,0.7291339039802551,-0.8756686449050903,0.2397374659776688,0.7295758128166199,-0.8768380880355835,0.2285510003566742,0.7304515838623047,-0.8776072263717651,0.3970718979835510,0.7767084240913391,-0.4504555165767670,0.2343397587537766,0.7601599097251892,-0.3284781575202942,0.2979278266429901,0.8633090257644653,-0.8001769185066223,0.2370124608278275,0.8551454544067383,-0.7735590934753418,0.5033536553382874,1.0870018005371094,-0.2470347136259079,0.1161689385771751,1.0823448896408081,-0.0895108729600906,0.5227316021919250,1.4912807941436768,-0.5103428363800049,0.0331978313624859,1.4017598628997803,-0.2759199738502502,0.5216379761695862,1.7696629762649536,-1.1196811199188232,-0.0012262138770893,1.6608433723449707,-0.8643195033073425,0.5492532253265381,1.8624479770660400,-1.2761636972427368,-0.0276521779596806,1.7413600683212280,-1.0180330276489258,0.5273082256317139,1.8506219387054443,-1.3362843990325928,-0.0091039696708322,1.7409316301345825,-1.1177369356155396,0.5083528161048889,1.8165781497955322,-1.1702518463134766,0.0092310076579452,1.7140369415283203,-0.9231160283088684,0.4071137905120850,1.9095135927200317,-0.0431390590965748,0.1757071018218994,1.8778704404830933,0.0419076718389988,0.3892838060855865,2.4742062091827393,-0.4226806163787842,0.1820547431707382,2.4274446964263916,-0.5043035745620728,0.3797223865985870,3.0547444820404053,-0.3125125169754028,0.2139700353145599,3.0417256355285645,0.0054340022616088,0.3997139930725098,3.1629564762115479,-0.3360155224800110,0.2183439433574677,3.1424126625061035,0.0360675565898418,0.3035579621791840,3.1271502971649170,-0.9537784457206726,0.2441485822200775,3.1568920612335205,-0.4487744271755219
0.2577080428600311,0.7881911396980286,-0.8777753114700317,0.3010889887809753,0.7289023995399475,-0.8055490255355835,0.3229141533374786,0.7311295866966248,-0.8063910603523254,0.3449154794216156,0.7351111769676208,-0.8062003254890442,0.2503032088279724,0.7286496758460999,-0.7671539187431335,0.2378578633069992,0.7293080091476440,-0.7683806419372559,0.2255551367998123,0.7303397655487061,-0.7691479921340942,0.3957826197147369,0.7760289907455444,-0.3805266618728638,0.2318738400936127,0.7605772614479065,-0.2001885175704956,0.2975345551967621,0.8630434274673462,-0.7086545228958130,0.2354276627302170,0.8550528287887573,-0.6655536890029907,0.5154639482498169,1.0899835824966431,-0.2043943852186203,0.1410973221063614,1.1025165319442749,0.0733673721551895,0.5463876724243164,1.3713974952697754,-0.5634486079216003,0.0703541785478592,1.4853796958923340,-0.0887886360287666,0.5286920070648193,1.3834298849105835,-1.2542376518249512,0.0306126661598682,1.6406704187393188,-0.6749579310417175,0.5478065609931946,1.3966846466064453,-1.4331715106964111,0.0052238218486309,1.6886863708496094,-0.8167439699172974,0.5288130044937134,1.3618733882904053,-1.4741674661636353,0.0084711071103811,1.6721861362457275,-0.9107332229614258,0.5154001116752625,1.3630311489105225,-1.2885231971740723,0.0271807201206684,1.6536990404129028,-0.7330654263496399,0.4442587494850159,1.9109853506088257,-0.0592248030006886,0.2038810551166534,1.8783957958221436,0.0581267364323139,0.4013373851776123,2.5331113338470459,-0.3969449102878571,0.2041860371828079,2.3543245792388916,-0.5900831222534180,0.3904822170734406,3.0892343521118164,-0.1517185121774673,0.2001703083515167,2.9655034542083740,-0.0968513712286949,0.4110469818115234,3.1900398731231689,-0.1579172015190125,0.2018211334943771,3.0749909877777100,-0.0628694444894791,0.3028664886951447,3.1617586612701416,-0.7193937897682190,0.1807903349399567,3.0570213794708252,-0.4928342401981354
0.2577669918537140,0.7884277701377869,-0.8757835626602173,0.3007228374481201,0.7288212180137634,-0.8137542009353638,0.3227313756942749,0.7308417558670044,-0.8147360086441040,0.3448873460292816,0.7345606088638306,-0.8145723342895508,0.2502835392951965,0.7286710739135742,-0.7675353288650513,0.2378517091274261,0.7293374538421631,-0.7687024474143982,0.2256563007831573,0.7303572297096252,-0.7695384621620178,0.3958017826080322,0.7757121324539185,-0.4275014996528625,0.2322761118412018,0.7610124349594116,-0.2241981923580170,0.2979287803173065,0.8631013631820679,-0.7210845947265625,0.2355498075485229,0.8564607501029968,-0.6722210645675659,0.5077287554740906,1.0998967885971069,-0.3614516854286194,0.1537031233310699,1.1114178895950317,0.0663506984710693,0.5322505235671997,1.3262227773666382,-0.8136822581291199,0.0956584587693214,1.3743765354156494,-0.0394854769110680,0.4452233910560608,1.2203631401062012,-1.3550580739974976,0.1084535568952560,1.1464833021163940,-0.4348441064357758,0.4290046691894531,1.1862732172012329,-1.5144954919815063,0.1156482920050621,1.0739659070968628,-0.5465780496597290,0.4238003790378571,1.1505187749862671,-1.5153471231460571,0.1053566113114357,1.0306981801986694,-0.5912306904792786,0.4237979054450989,1.1713027954101562,-1.3688228130340576,0.1341336071491241,1.0016599893569946,-0.4723003804683685,0.4289173185825348,1.9699198007583618,-0.0877876281738281,0.2131445705890656,1.9340813159942627,0.0867483690381050,0.3573076725006104,1.9295686483383179,0.0039539961144328,0.2069094479084015,1.5374071598052979,-0.3375459909439087,0.3625262379646301,2.2824587821960449,0.3740299642086029,0.3050318658351898,1.9449143409729004,0.0427027195692062,0.3948437869548798,2.3819842338562012,0.3968284726142883,0.3299428522586823,2.0508863925933838,0.0800063610076904,0.2735382020473480,2.2257997989654541,0.0208475086838007,0.3032714724540710,1.9032003879547119,-0.2071873694658279
0.2577669918537140,0.7884277701377869,-0.8757835626602173,0.3007228374481201,0.7288212180137634,-0.8137542009353638,0.3227313756942749,0.7308417558670044,-0.8147360086441040,0.3448873460292816,0.7345606088638306,-0.8145723342895508,0.2502835392951965,0.7286710739135742,-0.7675353288650513,0.2378517091274261,0.7293374538421631,-0.7687024474143982,0.2256563007831573,0.7303572297096252,-0.7695384621620178,0.3958017826080322,0.7757121324539185,-0.4275014996528625,0.2322761118412018,0.7610124349594116,-0.2241981923580170,0.2979287803173065,0.8631013631820679,-0.7210845947265625,0.2355498075485229,0.8564607501029968,-0.6722210645675659,0.5077287554740906,1.0998967885971069,-0.3614516854286194,0.1537031233310699,1.1114178895950317,0.0663506984710693,0.5322505235671997,1.3262227773666382,-0.8136822581291199,0.0956584587693214,1.3743765354156494,-0.0394854769110680,0.4452233910560608,1.2203631401062012,-1.3550580739974976,0.1084535568952560,1.1464833021163940,-0.4348441064357758,0.4290046691894531,1.1862732172012329,-1.5144954919815063,0.1156482920050621,1.0739659070968628,-0.5465780496597290,0.4238003790378571,1.1505187749862671,-1.5153471231460571,0.1053566113114357,1.0306981801986694,-0.5912306904792786,0.4237979054450989,1.1713027954101562,-1.3688228130340576,0.1341336071491241,1.0016599893569946,-0.4723003804683685,0.4289173185825348,1.9699198007583618,-0.0877876281738281,0.2131445705890656,1.9340813159942627,0.0867483690381050,0.3573076725006104,1.9295686483383179,0.0039539961144328,0.2069094479084015,1.5374071598052979,-0.3375459909439087,0.3625262379646301,2.2824587821960449,0.3740299642086029,0.3050318658351898,1.9449143409729004,0.0427027195692062,0.3948437869548798,2.3819842338562012,0.3968284726142883,0.3299428522586823,2.0508863925933838,0.0800063610076904,0.2735382020473480,2.2257997989654541,0.0208475086838007,0.3032714724540710,1.9032003879547119,-0.2071873694658279
0.2556845545768738,0.7872663140296936,-1.0052251815795898,0.3001301586627960,0.7286110520362854,-0.9528923034667969,0.3225603401660919,0.7307186722755432,-0.9540945291519165,0.3443574309349060,0.7345348596572876,-0.9538968801498413,0.2494003325700760,0.7287008762359619,-0.8982810974121094,0.2374329119920731,0.7294809818267822,-0.8994744420051575,0.2253978550434113,0.7304557561874390,-0.9002205729484558,0.3943713903427124,0.7752924561500549,-0.5778110623359680,0.2322832643985748,0.7610186338424683,-0.3313649296760559,0.2976192831993103,0.8628770112991333,-0.8513337969779968,0.2355346977710724,0.8546766042709351,-0.7898679971694946,0.5078484416007996,1.1141552925109863,-0.4096344411373138,0.1410951167345047,1.1112030744552612,0.0500139370560646,0.5776247978210449,1.4112169742584229,-0.6976140737533569,0.0899602696299553,1.4268317222595215,-0.0881932973861694,0.5284453034400940,1.5380420684814453,-1.3400218486785889,0.0997330248355865,1.2788561582565308,-0.6273523569107056,0.5261006951332092,1.5772911310195923,-1.4943888187408447,0.1055803671479225,1.1787825822830200,-0.7908670902252197,0.5141142606735229,1.5437061786651611,-1.4721456766128540,0.0970214158296585,1.0681862831115723,-0.8768157958984375,0.5100014209747314,1.5358970165252686,-1.3518626689910889,0.1155187934637070,1.1281452178955078,-0.6896752119064331,0.4240568578243256,1.9910713434219360,-0.1024437099695206,0.2058843076229095,1.9457628726959229,0.1013666763901711,0.3513616621494293,2.4477486610412598,-0.0533769354224205,0.1877166330814362,2.0411436557769775,-0.2629648745059967,0.3483284115791321,2.9494812488555908,0.4535162448883057,0.1769104301929474,2.6874647140502930,0.3088651299476624,0.3711790442466736,3.0639982223510742,0.4789089262485504,0.1878877878189087,2.8255035877227783,0.3538306951522827,0.2721076905727386,2.9586441516876221,0.0217799711972475,0.1262295544147491,2.7218410968780518,0.0036872909404337
0.2516157031059265,0.7871347665786743,-1.0612655878067017,0.2971241474151611,0.7287844419479370,-0.9918110966682434,0.3209849894046783,0.7307867407798767,-0.9926487207412720,0.3423535227775574,0.7345852255821228,-0.9923924207687378,0.2461353093385696,0.7298727631568909,-0.9615740776062012,0.2348713576793671,0.7309011816978455,-0.9628485441207886,0.2228613197803497,0.7321340441703796,-0.9635788202285767,0.3920133113861084,0.7748783826828003,-0.5631942749023438,0.2314657270908356,0.7625488042831421,-0.4186951220035553,0.2960345745086670,0.8629022240638733,-0.8878329992294312,0.2346469163894653,0.8546642065048218,-0.8558797836303711,0.5081583261489868,1.1165916919708252,-0.3505941331386566,0.1268570870161057,1.1065496206283569,-0.1385303437709808,0.5818882584571838,1.4878064393997192,-0.4740853905677795,0.0426014289259911,1.4543480873107910,-0.2548276782035828,0.5899919271469116,1.7858089208602905,-1.0704811811447144,0.0135796396061778,1.6846977472305298,-0.7686449289321899,0.6197320222854614,1.8774534463882446,-1.2080303430557251,-0.0098998416215181,1.7551263570785522,-0.9131394624710083,0.5944650173187256,1.8676536083221436,-1.3004887104034424,0.0058068055659533,1.7480609416961670,-1.0135009288787842,0.5762265920639038,1.8353019952774048,-1.1196424961090088,0.0236955974251032,1.7243874073028564,-0.8275273442268372,0.4277368187904358,1.9272034168243408,-0.0443176552653313,0.1925825029611588,1.8996897935867310,0.0431561097502708,0.3936310410499573,2.5819587707519531,-0.3358084559440613,0.1826405972242355,2.4914040565490723,-0.4959513545036316,0.3833225369453430,3.1756730079650879,-0.0725585669279099,0.1696165800094604,3.1309192180633545,0.0567316599190235,0.3977269828319550,3.2799153327941895,-0.0809549316763878,0.1740055978298187,3.2322659492492676,0.0889027938246727,0.3130629360675812,3.2660145759582520,-0.6723973751068115,0.1419690847396851,3.2571756839752197,-0.4029320776462555
0.2516244649887085,0.7876347303390503,-1.1133792400360107,0.2971445024013519,0.7287679910659790,-1.0397621393203735,0.3209781050682068,0.7307575345039368,-1.0406911373138428,0.3422679007053375,0.7345625162124634,-1.0404348373413086,0.2461271286010742,0.7299015522003174,-1.0095517635345459,0.2347476780414581,0.7309850454330444,-1.0107592344284058,0.2223466932773590,0.7322894334793091,-1.0115424394607544,0.3919970989227295,0.7748918533325195,-0.5792101621627808,0.2313742339611053,0.7625913619995117,-0.4389030933380127,0.2959629595279694,0.8632335066795349,-0.9272809028625488,0.2344310283660889,0.8551781177520752,-0.8963788151741028,0.5084630250930786,1.1192737817764282,-0.3351637423038483,0.1202839761972427,1.1028221845626831,-0.1328192651271820,0.5803456902503967,1.4911732673645020,-0.4507828354835510,0.0436000116169453,1.4800337553024292,-0.3480768203735352,0.5733235478401184,1.7457425594329834,-1.0101149082183838,0.0167711116373539,1.6511245965957642,-1.0703804492950439,0.5918232798576355,1.8272320032119751,-1.1568053960800171,-0.0046044923365116,1.7031663656234741,-1.2515586614608765,0.5618851184844971,1.8062516450881958,-1.2453360557556152,0.0079669710248709,1.6855818033218384,-1.3357368707656860,0.5487877726554871,1.7776429653167725,-1.0548093318939209,0.0248894728720188,1.6662074327468872,-1.1273367404937744,0.4231713712215424,1.9293210506439209,-0.0390425808727741,0.1863630712032318,1.8991662263870239,0.0380397140979767,0.3835785686969757,2.5747883319854736,-0.2806164920330048,0.1798265576362610,2.4564676284790039,-0.4825258851051331,0.3763125538825989,3.1526060104370117,0.2262018620967865,0.1559707522392273,3.0724332332611084,0.0963106229901314,0.3930905461311340,3.2587940692901611,0.2427164018154144,0.1574433594942093,3.1834936141967773,0.1330431997776031,0.2966165840625763,3.2344713211059570,-0.3368744254112244,0.1372119486331940,3.1672596931457520,-0.3965932726860046
0.2516244649887085,0.7876347303390503,-1.1133792400360107,0.2971445024013519,0.7287679910659790,-1.0397621393203735,0.3209781050682068,0.7307575345039368,-1.0406911373138428,0.3422679007053375,0.7345625162124634,-1.0404348373413086,0.2461271286010742,0.7299015522003174,-1.0095517635345459,0.2347476780414581,0.7309850454330444,-1.0107592344284058,0.2223466932773590,0.7322894334793091,-1.0115424394607544,0.3919970989227295,0.7748918533325195,-0.5792101621627808,0.2313742339611053,0.7625913619995117,-0.4389030933380127,0.2959629595279694,0.8632335066795349,-0.9272809028625488,0.2344310283660889,0.8551781177520752,-0.8963788151741028,0.5084630250930786,1.1192737817764282,-0.3351637423038483,0.1202839761972427,1.1028221845626831,-0.1328192651271820,0.5803456902503967,1.4911732673645020,-0.4507828354835510,0.0436000116169453,1.4800337553024292,-0.3480768203735352,0.5733235478401184,1.7457425594329834,-1.0101149082183838,0.0167711116373539,1.6511245965957642,-1.0703804492950439,0.5918232798576355,1.8272320032119751,-1.1568053960800171,-0.0046044923365116,1.7031663656234741,-1.2515586614608765,0.5618851184844971,1.8062516450881958,-1.2453360557556152,0.0079669710248709,1.6855818033218384,-1.3357368707656860,0.5487877726554871,1.7776429653167725,-1.0548093318939209,0.0248894728720188,1.6662074327468872,-1.1273367404937744,0.4231713712215424,1.9293210506439209,-0.0390425808727741,0.1863630712032318,1.8991662263870239,0.0380397140979767,0.3835785686969757,2.5747883319854736,-0.2806164920330048,0.1798265576362610,2.4564676284790039,-0.4825258851051331,0.3763125538825989,3.1526060104370117,0.2262018620967865,0.1559707522392273,3.0724332332611084,0.0963106229901314,0.3930905461311340,3.2587940692901611,0.2427164018154144,0.1574433594942093,3.1834936141967773,0.1330431997776031,0.2966165840625763,3.2344713211059570,-0.3368744254112244,0.1372119486331940,3.1672596931457520,-0.3965932726860046
0.2518182694911957,0.7882153391838074,-0.9406803846359253,0.2969188988208771,0.7288107275962830,-0.8780688047409058,0.3203875720500946,0.7307635545730591,-0.8789086341857910,0.3415761888027191,0.7345479130744934,-0.8787748217582703,0.2461221516132355,0.7299484610557556,-0.8360704183578491,0.2347254008054733,0.7310887575149536,-0.8373475074768066,0.2222391068935394,0.7324683666229248,-0.8380981683731079,0.3918806910514832,0.7749174237251282,-0.4742575585842133,0.2311084270477295,0.7635102868080139,-0.2771431803703308,0.2959572672843933,0.8636493086814880,-0.7763906121253967,0.2341802418231964,0.8580303788185120,-0.7283953428268433,0.5087302923202515,1.1193249225616455,-0.2886053919792175,0.1359675824642181,1.1059232950210571,0.0570891983807087,0.5791271328926086,1.4833861589431763,-0.4522416591644287,0.0709390714764595,1.4942504167556763,0.0163220241665840,0.5716046690940857,1.6995146274566650,-0.9658893346786499,0.0292276740074158,1.6524194478988647,-0.4591313004493713,0.5914960503578186,1.7664816379547119,-1.0983321666717529,0.0061360504478216,1.6999326944351196,-0.5637525916099548,0.5703248977661133,1.7447414398193359,-1.1679055690765381,0.0093511883169413,1.6808918714523315,-0.6683153510093689,0.5568341016769409,1.7224115133285522,-1.0024341344833374,0.0261235591024160,1.6626650094985962,-0.5168434977531433,0.4260306358337402,1.9292160272598267,-0.0900173932313919,0.1892488896846771,1.8984019756317139,0.0889904722571373,0.3896705508232117,2.5927927494049072,-0.4970274567604065,0.1845937967300415,2.4363780021667480,-0.4801211357116699,0.3866975307464600,3.1640074253082275,-0.4831657409667969,0.1693812906742096,3.0606369972229004,-0.1254391223192215,0.4093174338340759,3.2741930484771729,-0.5143558979034424,0.1769819557666779,3.1767365932464600,-0.1113641485571861,0.2991566658020020,3.2265303134918213,-1.0790308713912964,0.1427838504314423,3.1476387977600098,-0.5342608690261841
0.2526463866233826,0.7882100939750671,-0.9795368313789368,0.2968136966228485,0.7286999225616455,-0.9324297904968262,0.3201333284378052,0.7306279540061951,-0.9334073066711426,0.3413549065589905,0.7343310117721558,-0.9331072568893433,0.2461871355772018,0.7297391891479492,-0.8852812647819519,0.2347091436386108,0.7309402823448181,-0.8864690065383911,0.2222283631563187,0.7323814034461975,-0.8871458768844604,0.3918749988079071,0.7744041085243225,-0.5614775419235229,0.2308879643678665,0.7636297345161438,-0.3564614951610565,0.2965458929538727,0.8633716106414795,-0.8280595541000366,0.2342131137847900,0.8581079244613647,-0.7752643823623657,0.5095988512039185,1.1167035102844238,-0.3440481722354889,0.1350173205137253,1.1050839424133301,-0.0314281694591045,0.5811949968338013,1.4618276357650757,-0.5335676074028015,0.0724078863859177,1.4906432628631592,-0.2316167652606964,0.5664187669754028,1.6803524494171143,-0.9898990392684937,0.0527337677776814,1.5129812955856323,-0.9002493619918823,0.5833707451820374,1.7467116117477417,-1.1459128856658936,0.0391145385801792,1.5203779935836792,-1.0620614290237427,0.5635342597961426,1.7138464450836182,-1.2179980278015137,0.0479746051132679,1.4821375608444214,-1.1292545795440674,0.5513889193534851,1.6980043649673462,-1.0351880788803101,0.0595628209412098,1.4802701473236084,-0.9512737393379211,0.4281443655490875,1.9290680885314941,-0.0743889808654785,0.1978894025087357,1.8982144594192505,0.0736974105238914,0.3894428908824921,2.5597274303436279,-0.0593785457313061,0.1960063427686691,2.3834235668182373,-0.4506177008152008,0.3857525885105133,3.1060681343078613,0.4359305799007416,0.1707157343626022,2.9993531703948975,-0.1091547235846519,0.4072507023811340,3.2120642662048340,0.4567735791206360,0.1770908534526825,3.1132934093475342,-0.0976856499910355,0.2991285920143127,3.1650505065917969,-0.0288662165403366,0.1492698788642883,3.0834496021270752,-0.4698268771171570
0.2526357471942902,0.7887188792228699,-0.9269430041313171,0.2967770695686340,0.7288297414779663,-0.8834665417671204,0.3201088011264801,0.7308430075645447,-0.8844717144966125,0.3413479328155518,0.7347256541252136,-0.8841055631637573,0.2461905926465988,0.7297754287719727,-0.8328803181648254,0.2347009927034378,0.7309854030609131,-0.8340362310409546,0.2222065031528473,0.7324421405792236,-0.8347118496894836,0.3920045197010040,0.7751649022102356,-0.5477026700973511,0.2308774739503860,0.7637031674385071,-0.3194755613803864,0.2965421378612518,0.8650251030921936,-0.7846546769142151,0.2336401045322418,0.8594046235084534,-0.7294372320175171,0.5021571516990662,1.1175669431686401,-0.3633554279804230,0.1372984945774078,1.1050063371658325,0.0036475665401667,0.5635735392570496,1.4129509925842285,-0.7414966225624084,0.0715461894869804,1.4212853908538818,-0.1774931550025940,0.5004202127456665,1.4087663888931274,-1.3486552238464355,0.0714817270636559,1.3337912559509277,-0.7984858751296997,0.4927558004856110,1.4128849506378174,-1.5209952592849731,0.0723690763115883,1.3216280937194824,-0.9614985585212708,0.4822250008583069,1.3658827543258667,-1.5464819669723511,0.0816675722599030,1.2702444791793823,-1.0015445947647095,0.4805444180965424,1.3739172220230103,-1.3727966547012329,0.0861793309450150,1.2763165235519409,-0.8403893709182739,0.4106893539428711,1.9464929103851318,-0.0746389329433441,0.1923829168081284,1.9003206491470337,0.0739256292581558,0.3414776921272278,2.3700094223022461,0.0520802438259125,0.1488789469003677,1.9529849290847778,-0.5118452310562134,0.3477524518966675,2.9695420265197754,0.5939336419105530,0.1537788212299347,2.7443132400512695,-0.1609256565570831,0.3741620779037476,3.0766482353210449,0.6253657341003418,0.1631783097982407,2.8773050308227539,-0.1359026134014130,0.2429509907960892,3.0579748153686523,0.1950576454401016,0.1430047005414963,2.8769447803497314,-0.5212919116020203
0.2524487376213074,0.7894531488418579,-0.9946600198745728,0.2963689565658569,0.7296602129936218,-0.9142886400222778,0.3197986483573914,0.7315081357955933,-0.9150808453559875,0.3411310017108917,0.7351999282836914,-0.9148311614990234,0.2454659193754196,0.7303300499916077,-0.8825642466545105,0.2340848743915558,0.7316117882728577,-0.8837277293205261,0.2215892076492310,0.7332071065902710,-0.8844835162162781,0.3917447626590729,0.7754114866256714,-0.4800151288509369,0.2291363775730133,0.7645673751831055,-0.3194101750850677,0.2961122393608093,0.8660906553268433,-0.8050408363342285,0.2332079857587814,0.8610104322433472,-0.7703288197517395,0.5098788738250732,1.1244944334030151,-0.2175004929304123,0.1166263222694397,1.1061899662017822,-0.0070474757812917,0.5795453786849976,1.4859710931777954,-0.4365145266056061,0.0454257093369961,1.4982802867889404,-0.1856075972318649,0.5535895824432373,1.7521756887435913,-1.1024315357208252,-0.0125072645023465,1.7122797966003418,-0.8394066691398621,0.5717594027519226,1.8415665626525879,-1.2692112922668457,-0.0423355847597122,1.7799190282821655,-0.9985640645027161,0.5457344651222229,1.8285783529281616,-1.3656692504882812,-0.0340239293873310,1.7723343372344971,-1.0919932126998901,0.5312871336936951,1.7967739105224609,-1.1530055999755859,-0.0143190305680037,1.7483299970626831,-0.8970310091972351,0.4277253150939941,1.9461277723312378,-0.0658601149916649,0.1867950260639191,1.9027323722839355,0.0649026259779930,0.4072505831718445,2.5880203247070312,-0.5868436098098755,0.1714760661125183,2.5122184753417969,-0.5640140175819397,0.4111561775207520,3.1793434619903564,-0.3907799124717712,0.1669101417064667,3.1408820152282715,0.0188913419842720,0.4337762892246246,3.2878732681274414,-0.4061616957187653,0.1702278107404709,3.2470710277557373,0.0664164274930954,0.3137983381748199,3.2582657337188721,-1.0674912929534912,0.1671270728111267,3.2558681964874268,-0.4484847187995911
0.2523202300071716,0.7898223400115967,-0.9135783314704895,0.2955840229988098,0.7296271920204163,-0.8544704318046570,0.3185482621192932,0.7312131524085999,-0.8554873466491699,0.3404341936111450,0.7344393134117126,-0.8552427291870117,0.2451409846544266,0.7303846478462219,-0.8125823736190796,0.2336691170930862,0.7316499352455139,-0.8137486577033997,0.2215032577514648,0.7332451343536377,-0.8146185874938965,0.3917510509490967,0.7752109169960022,-0.4727353453636169,0.2291095703840256,0.7646782398223877,-0.2881478667259216,0.2952422201633453,0.8661798834800720,-0.7581900358200073,0.2332407534122467,0.8614135980606079,-0.7128931283950806,0.5021014213562012,1.1218315362930298,-0.2772169709205627,0.1377201527357101,1.1060478687286377,0.0138636603951454,0.5424370169639587,1.3683578968048096,-0.6898158788681030,0.0772609561681747,1.4079717397689819,-0.1162528842687607,0.4697229862213135,1.2942297458648682,-1.3142014741897583,0.0551308877766132,1.3294279575347900,-0.6493955850601196,0.4591587483882904,1.2716889381408691,-1.4833892583847046,0.0470061004161835,1.3048205375671387,-0.7909983396530151,0.4514597952365875,1.2305568456649780,-1.5105314254760742,0.0462634526193142,1.2642300128936768,-0.8584735989570618,0.4493810236454010,1.2464841604232788,-1.3395849466323853,0.0550395138561726,1.2748657464981079,-0.6974641084671021,0.4162510037422180,1.9546896219253540,-0.0686891898512840,0.1945420801639557,1.9091781377792358,0.0677218735218048,0.3539776802062988,2.0428829193115234,0.0253159515559673,0.1710104495286942,1.6813012361526489,-0.5539244413375854,0.3188068270683289,2.4992702007293701,0.3922024071216583,0.2001966238021851,2.2273442745208740,-0.0199383348226547,0.3389567434787750,2.6069939136505127,0.4123470187187195,0.2140863686800003,2.3411259651184082,0.0291183590888977,0.2263536453247070,2.4854249954223633,0.0420319065451622,0.1936254501342773,2.2509019374847412,-0.3144804537296295
0.2523202300071716,0.7898223400115967,-0.9135783314704895,0.2955840229988098,0.7296271920204163,-0.8544704318046570,0.3185482621192932,0.7312131524085999,-0.8554873466491699,0.3404341936111450,0.7344393134117126,-0.8552427291870117,0.2451409846544266,0.7303846478462219,-0.8125823736190796,0.2336691170930862,0.7316499352455139,-0.8137486577033997,0.2215032577514648,0.7332451343536377,-0.8146185874938965,0.3917510509490967,0.7752109169960022,-0.4727353453636169,0.2291095703840256,0.7646782398223877,-0.2881478667259216,0.2952422201633453,0.8661798834800720,-0.7581900358200073,0.2332407534122467,0.8614135980606079,-0.7128931283950806,0.5021014213562012,1.1218315362930298,-0.2772169709205627,0.1377201527357101,1.1060478687286377,0.0138636603951454,0.5424370169639587,1.3683578968048096,-0.6898158788681030,0.0772609561681747,1.4079717397689819,-0.1162528842687607,0.4697229862213135,1.2942297458648682,-1.3142014741897583,0.0551308877766132,1.3294279575347900,-0.6493955850601196,0.4591587483882904,1.2716889381408691,-1.4833892583847046,0.0470061004161835,1.3048205375671387,-0.7909983396530151,0.4514597952365875,1.2305568456649780,-1.5105314254760742,0.0462634526193142,1.2642300128936768,-0.8584735989570618,0.4493810236454010,1.2464841604232788,-1.3395849466323853,0.0550395138561726,1.2748657464981079,-0.6974641084671021,0.4162510037422180,1.9546896219253540,-0.0686891898512840,0.1945420801639557,1.9091781377792358,0.0677218735218048,0.3539776802062988,2.0428829193115234,0.0253159515559673,0.1710104495286942,1.6813012361526489,-0.5539244413375854,0.3188068270683289,2.4992702007293701,0.3922024071216583,0.2001966238021851,2.2273442745208740,-0.0199383348226547,0.3389567434787750,2.6069939136505127,0.4123470187187195,0.2140863686800003,2.3411259651184082,0.0291183590888977,0.2263536453247070,2.4854249954223633,0.0420319065451622,0.1936254501342773,2.2509019374847412,-0.3144804537296295
0.2522754669189453,0.7898302674293518,-1.0720896720886230,0.2954258322715759,0.7296336293220520,-1.0066571235656738,0.3185123503208160,0.7312092185020447,-1.0075194835662842,0.3404250741004944,0.7344290614128113,-1.0072960853576660,0.2446148395538330,0.7304429411888123,-0.9847048521041870,0.2331859618425369,0.7317270636558533,-0.9860073924064636,0.2210206687450409,0.7333691716194153,-0.9868397712707520,0.3916571438312531,0.7744715809822083,-0.5842840671539307,0.2281927615404129,0.7645366787910461,-0.4791790843009949,0.2952469289302826,0.8661499023437500,-0.8996617197990417,0.2331939488649368,0.8614165782928467,-0.8782387971878052,0.5147757530212402,1.1198518276214600,-0.3051114678382874,0.1119648963212967,1.0966991186141968,-0.2109543830156326,0.5476546883583069,1.4620187282562256,-0.4905053079128265,0.0280328635126352,1.4229673147201538,-0.3209883868694305,0.5153974294662476,1.7312492132186890,-0.9839523434638977,0.0079006021842360,1.6827923059463501,-0.7914133667945862,0.5292296409606934,1.8209258317947388,-1.1112520694732666,-0.0119919003918767,1.7659571170806885,-0.9224814176559448,0.5072811841964722,1.8104188442230225,-1.2007243633270264,0.0053465329110622,1.7695198059082031,-1.0132143497467041,0.4942676424980164,1.7759481668472290,-1.0279566049575806,0.0199688412249088,1.7381243705749512,-0.8417446017265320,0.4129146635532379,1.9298491477966309,-0.0439092032611370,0.1702031344175339,1.8949539661407471,0.0427247025072575,0.3630901277065277,2.4752802848815918,-0.2379214316606522,0.1648769080638885,2.4105265140533447,-0.3514806628227234,0.3197187781333923,3.0298168659210205,-0.1006101369857788,0.1708012223243713,2.9920516014099121,0.2577323615550995,0.3464093208312988,3.1321649551391602,-0.1168041229248047,0.1744546443223953,3.0844612121582031,0.3014479875564575,0.2335499525070190,3.1049475669860840,-0.6929981708526611,0.1796554327011108,3.1165595054626465,-0.1260859072208405
0.2505933642387390,0.7899236679077148,-1.0489500761032104,0.2943971157073975,0.7296135425567627,-0.9986495971679688,0.3171699643135071,0.7311207652091980,-0.9990686178207397,0.3384636640548706,0.7342837452888489,-0.9990887641906738,0.2439430058002472,0.7307814359664917,-0.9592415690422058,0.2322442829608917,0.7324082851409912,-0.9605242013931274,0.2195334732532501,0.7344022989273071,-0.9613564610481262,0.3899627923965454,0.7737327814102173,-0.5132003426551819,0.2279204577207565,0.7652321457862854,-0.4735523760318756,0.2923689484596252,0.8658401370048523,-0.8835325241088867,0.2316673249006271,0.8611941933631897,-0.8553449511528015,0.5145825147628784,1.1092599630355835,-0.2298604995012283,0.1057554632425308,1.0953676700592041,-0.1489866971969604,0.5579203367233276,1.4668486118316650,-0.3580103218555450,0.0316500477492809,1.4911205768585205,-0.2516742348670959,0.5430968999862671,1.7144690752029419,-0.8801798820495605,0.0109570063650608,1.7016315460205078,-0.7260844111442566,0.5652037858963013,1.7942177057266235,-1.0067799091339111,-0.0105868568643928,1.7637094259262085,-0.8580838441848755,0.5408843755722046,1.7747632265090942,-1.0941528081893921,0.0012972642434761,1.7510222196578979,-0.9536195993423462,0.5250335931777954,1.7476195096969604,-0.9231406450271606,0.0177133530378342,1.7277166843414307,-0.7798448204994202,0.4262515008449554,1.9123802185058594,-0.0394438132643700,0.1711383759975433,1.8876614570617676,0.0383902005851269,0.4144737720489502,2.5672502517700195,-0.4212605059146881,0.1944764107465744,2.4946074485778809,-0.6847854256629944,0.4255484640598297,3.1507658958435059,-0.1873201280832291,0.2084315121173859,3.1208474636077881,-0.2634797990322113,0.4529801011085510,3.2597296237945557,-0.1960025429725647,0.2144659757614136,3.2320795059204102,-0.2385459244251251,0.3391619324684143,3.2255969047546387,-0.7622555494308472,0.2060665786266327,3.2153728008270264,-0.7000904679298401
0.2505893111228943,0.7894330620765686,-0.9872161149978638,0.2942685186862946,0.7294731736183167,-0.9275683164596558,0.3168115019798279,0.7310715913772583,-0.9284817576408386,0.3383490443229675,0.7342480421066284,-0.9282843470573425,0.2440672814846039,0.7305964827537537,-0.8977805376052856,0.2322419434785843,0.7321793437004089,-0.8989619016647339,0.2196238487958908,0.7338647246360779,-0.8998569250106812,0.3901725411415100,0.7739965319633484,-0.4876840114593506,0.2282233238220215,0.7647575736045837,-0.4437131285667419,0.2914309203624725,0.8648058176040649,-0.8246158361434937,0.2313615530729294,0.8600998520851135,-0.8030503988265991,0.4996721744537354,1.1107810735702515,-0.2344161570072174,0.1034523099660873,1.0942684412002563,-0.1243608370423317,0.5522614717483521,1.3728762865066528,-0.6031349301338196,0.0377101376652718,1.4238088130950928,-0.2535034716129303,0.5019949674606323,1.3472725152969360,-1.2843801975250244,0.0338844247162342,1.4579501152038574,-0.7829698920249939,0.4978764057159424,1.3411643505096436,-1.4590426683425903,0.0238876324146986,1.4637054204940796,-0.9396634101867676,0.4837408959865570,1.3001784086227417,-1.4949252605438232,0.0309154205024242,1.4348208904266357,-1.0111958980560303,0.4783933162689209,1.3091938495635986,-1.3158522844314575,0.0417603142559528,1.4347482919692993,-0.8316748738288879,0.4022858738899231,1.9273384809494019,-0.0285757221281528,0.1709354072809219,1.8899866342544556,0.0275465343147516,0.3578702807426453,2.1545133590698242,0.1388316452503204,0.1503483951091766,1.7962028980255127,-0.6437163949012756,0.3346745967864990,2.6119394302368164,0.6588159799575806,0.1893254369497299,2.3632519245147705,-0.1050898283720016,0.3508118987083435,2.7116179466247559,0.6903266906738281,0.1972789615392685,2.4741175174713135,-0.0442150309681892,0.2511747777462006,2.6158092021942139,0.2794938385486603,0.1959291547536850,2.4035394191741943,-0.3457621932029724
0.2505015730857849,0.7892233133316040,-0.9676593542098999,0.2931440174579620,0.7295063138008118,-0.8956708908081055,0.3153162598609924,0.7311667799949646,-0.8965155482292175,0.3371611833572388,0.7343487143516541,-0.8963233828544617,0.2436589300632477,0.7304179668426514,-0.8627235293388367,0.2317034751176834,0.7318884134292603,-0.8638607263565063,0.2193644940853119,0.7335714101791382,-0.8646737933158875,0.3900395035743713,0.7740442752838135,-0.4398206770420074,0.2275523841381073,0.7647572159767151,-0.3055702447891235,0.2908443212509155,0.8647939562797546,-0.7918009757995605,0.2309705317020416,0.8600501418113708,-0.7592303752899170,0.5056219696998596,1.1123569011688232,-0.2149679660797119,0.1051621288061142,1.0949944257736206,0.0068166842684150,0.5649086236953735,1.4321540594100952,-0.5130765438079834,0.0666702464222908,1.5091699361801147,-0.1269675791263580,0.5511969327926636,1.6334700584411621,-1.2034429311752319,0.0360647402703762,1.6652983427047729,-0.7240111231803894,0.5729063749313354,1.7053400278091431,-1.3610149621963501,0.0237948186695576,1.7163581848144531,-0.8759958148002625,0.5469354391098022,1.6881880760192871,-1.4201422929763794,0.0283057875931263,1.6978055238723755,-0.9739991426467896,0.5310806632041931,1.6619008779525757,-1.2367980480194092,0.0412718877196312,1.6772117614746094,-0.7832645177841187,0.4319326281547546,1.9271540641784668,-0.0475809387862682,0.1821011751890182,1.8901585340499878,0.0466786995530128,0.3813219368457794,2.5128185749053955,-0.3734815716743469,0.1669633090496063,2.3867657184600830,-0.6089183092117310,0.3792143762111664,3.0802338123321533,0.0042448006570339,0.1893104165792465,2.9906249046325684,-0.0242521874606609,0.4056059718132019,3.1879761219024658,0.0089933527633548,0.1970923840999603,3.1006686687469482,0.0253281537443399,0.2742589116096497,3.1480062007904053,-0.6028863191604614,0.1896305531263351,3.0809085369110107,-0.3581013083457947
0.2505015730857849,0.7892233133316040,-0.9676593542098999,0.2931440174579620,0.7295063138008118,-0.8956708908081055,0.3153162598609924,0.7311667799949646,-0.8965155482292175,0.3371611833572388,0.7343487143516541,-0.8963233828544617,0.2436589300632477,0.7304179668426514,-0.8627235293388367,0.2317034751176834,0.7318884134292603,-0.8638607263565063,0.2193644940853119,0.7335714101791382,-0.8646737933158875,0.3900395035743713,0.7740442752838135,-0.4398206770420074,0.2275523841381073,0.7647572159767151,-0.3055702447891235,0.2908443212509155,0.8647939562797546,-0.7918009757995605,0.2309705317020416,0.8600501418113708,-0.7592303752899170,0.5056219696998596,1.1123569011688232,-0.2149679660797119,0.1051621288061142,1.0949944257736206,0.0068166842684150,0.5649086236953735,1.4321540594100952,-0.5130765438079834,0.0666702464222908,1.5091699361801147,-0.1269675791263580,0.5511969327926636,1.6334700584411621,-1.2034429311752319,0.0360647402703762,1.6652983427047729,-0.7240111231803894,0.5729063749313354,1.7053400278091431,-1.3610149621963501,0.0237948186695576,1.7163581848144531,-0.8759958148002625,0.5469354391098022,1.6881880760192871,-1.4201422929763794,0.0283057875931263,1.6978055238723755,-0.9739991426467896,0.5310806632041931,1.6619008779525757,-1.2367980480194092,0.0412718877196312,1.6772117614746094,-0.7832645177841187,0.4319326281547546,1.9271540641784668,-0.0475809387862682,0.1821011751890182,1.8901585340499878,0.0466786995530128,0.3813219368457794,2.5128185749053955,-0.3734815716743469,0.1669633090496063,2.3867657184600830,-0.6089183092117310,0.3792143762111664,3.0802338123321533,0.0042448006570339,0.1893104165792465,2.9906249046325684,-0.0242521874606609,0.4056059718132019,3.1879761219024658,0.0089933527633548,0.1970923840999603,3.1006686687469482,0.0253281537443399,0.2742589116096497,3.1480062007904053,-0.6028863191604614,0.1896305531263351,3.0809085369110107,-0.3581013083457947
0.2507478594779968,0.7892419695854187,-0.8414739370346069,0.2933164834976196,0.7291863560676575,-0.7812241911888123,0.3162653446197510,0.7306988835334778,-0.7822944521903992,0.3392574191093445,0.7339106202125549,-0.7821251749992371,0.2436717003583908,0.7303383350372314,-0.7420503497123718,0.2317386567592621,0.7317583560943604,-0.7432064414024353,0.2196864634752274,0.7333512902259827,-0.7441512346267700,0.3911259174346924,0.7740676999092102,-0.4106277823448181,0.2278785258531570,0.7647790908813477,-0.2408026158809662,0.2921637594699860,0.8647952675819397,-0.6957111954689026,0.2315505445003510,0.8600458502769470,-0.6539438366889954,0.5016696453094482,1.1123653650283813,-0.2399374246597290,0.1444694697856903,1.0972824096679688,0.0178810302168131,0.5312284827232361,1.3187662363052368,-0.5814226269721985,0.1022187247872353,1.3063684701919556,-0.1013594865798950,0.4503442645072937,1.1690920591354370,-1.0728318691253662,0.1230052262544632,1.0681504011154175,-0.4659173488616943,0.4342836439609528,1.1242556571960449,-1.2020157575607300,0.1298062205314636,0.9970251321792603,-0.5807931423187256,0.4294590353965759,1.0939399003982544,-1.2061356306076050,0.1288246810436249,0.9663913846015930,-0.6134483814239502,0.4291762709617615,1.1146805286407471,-1.0836621522903442,0.1315329968929291,0.9913467764854431,-0.4972073137760162,0.4196888804435730,1.9497541189193726,-0.0707553997635841,0.2077154815196991,1.9139592647552490,0.0696055591106415,0.3608508706092834,1.8050210475921631,0.0328820422291756,0.1879935413599014,1.4959545135498047,-0.0944097861647606,0.3715080618858337,2.0802130699157715,0.4074712693691254,0.2799450159072876,1.7934355735778809,0.4217299818992615,0.4045904278755188,2.1698100566864014,0.4321681857109070,0.3043669760227203,1.8859164714813232,0.4734310507774353,0.2725126147270203,2.0013506412506104,0.0635975673794746,0.2734281420707703,1.7278126478195190,0.2253056317567825
0.2499152123928070,0.7872151732444763,-0.8350370526313782,0.2927944064140320,0.7290862798690796,-0.7917772531509399,0.3162469863891602,0.7304576635360718,-0.7929230928421021,0.3392248451709747,0.7336936593055725,-0.7927228212356567,0.2431780844926834,0.7307751774787903,-0.7289854884147644,0.2317174226045609,0.7323014736175537,-0.7301043272018433,0.2198067009449005,0.7338801026344299,-0.7308683991432190,0.3905085921287537,0.7726670503616333,-0.4436256289482117,0.2284694612026215,0.7646146416664124,-0.1940319091081619,0.2928942739963531,0.8637443780899048,-0.7042599916458130,0.2334374189376831,0.8578279018402100,-0.6316632032394409,0.4887840151786804,1.1135307550430298,-0.4259883761405945,0.1683831512928009,1.1108801364898682,0.1833189427852631,0.5235228538513184,1.3496348857879639,-0.9045125246047974,0.1411679238080978,1.3552411794662476,0.2016009837388992,0.4383231997489929,1.3239917755126953,-1.5242035388946533,0.1668170988559723,1.2399401664733887,-0.1860803365707397,0.4238879084587097,1.3145047426223755,-1.7085059881210327,0.1767120063304901,1.2059226036071777,-0.2949141860008240,0.4193170666694641,1.2759305238723755,-1.7116575241088867,0.1680587530136108,1.1613997220993042,-0.3668213188648224,0.4208819270133972,1.2881884574890137,-1.5391994714736938,0.1676414459943771,1.1733853816986084,-0.2340926378965378,0.4072683453559875,2.0017769336700439,-0.1546461880207062,0.2137409895658493,1.9580546617507935,0.1535969525575638,0.3442520499229431,2.1052525043487549,-0.0460395477712154,0.1944317817687988,1.7434984445571899,-0.1629384756088257,0.3591023981571198,2.5427908897399902,0.3194540143013000,0.2693185210227966,2.2212536334991455,0.3027973175048828,0.3955805003643036,2.6569814682006836,0.3393929302692413,0.2928509116172791,2.3387284278869629,0.3446599245071411,0.2680271267890930,2.4966940879821777,-0.0398278906941414,0.2476353943347931,2.1954309940338135,0.0815688371658325
0.2494930475950241,0.7870588898658752,-1.1262443065643311,0.2926534712314606,0.7289162874221802,-1.0611305236816406,0.3162651658058167,0.7301848530769348,-1.0620598793029785,0.3392077386379242,0.7334328889846802,-1.0618619918823242,0.2430892735719681,0.7307871580123901,-1.0259687900543213,0.2316928803920746,0.7323195338249207,-1.0272517204284668,0.2197608053684235,0.7338884472846985,-1.0280504226684570,0.3900839984416962,0.7722820043563843,-0.6198922395706177,0.2284734249114990,0.7646046876907349,-0.4591507911682129,0.2925427258014679,0.8637245297431946,-0.9483054280281067,0.2331364899873734,0.8570394515991211,-0.9101910591125488,0.4944970607757568,1.1160492897033691,-0.3934822380542755,0.1280322074890137,1.0855631828308105,-0.1153687983751297,0.5311232805252075,1.4873098134994507,-0.5955642461776733,0.0312901511788368,1.4230201244354248,-0.1869786977767944,0.5137493014335632,1.7711955308914185,-1.1506203413009644,-0.0035149368923157,1.6838147640228271,-0.7369156479835510,0.5331798791885376,1.8600023984909058,-1.3000090122222900,-0.0284635312855244,1.7610898017883301,-0.8813189268112183,0.5141454935073853,1.8474205732345581,-1.3979910612106323,-0.0148901250213385,1.7598934173583984,-0.9939970970153809,0.4993169307708740,1.8144026994705200,-1.1983252763748169,0.0029054896440357,1.7312691211700439,-0.8000502586364746,0.3962978124618530,1.9658668041229248,-0.1018751487135887,0.1567790806293488,1.9224196672439575,0.1005877703428268,0.3472840487957001,2.5425896644592285,-0.2831847369670868,0.1472302824258804,2.4064695835113525,-0.1886674314737320,0.3553551733493805,3.1324143409729004,-0.0405075065791607,0.1525186598300934,3.0580117702484131,0.2645223140716553,0.3788023591041565,3.2374556064605713,-0.0500179007649422,0.1572726219892502,3.1603598594665527,0.3082424402236938,0.2691426873207092,3.2218947410583496,-0.6474402546882629,0.1532245576381683,3.1966552734375000,-0.0556371584534645
0.2498759925365448,0.7867881059646606,-1.0543369054794312,0.2926471233367920,0.7287464141845703,-0.9504602551460266,0.3161909282207489,0.7300752997398376,-0.9511109590530396,0.3390619456768036,0.7333778142929077,-0.9510672688484192,0.2432244718074799,0.7305232286453247,-0.9747956395149231,0.2317364513874054,0.7319377660751343,-0.9762184023857117,0.2197780907154083,0.7334076166152954,-0.9773429036140442,0.3899150490760803,0.7725474238395691,-0.4562376141548157,0.2282897979021072,0.7644406557083130,-0.4155363440513611,0.2922561764717102,0.8634353280067444,-0.8427268862724304,0.2327021807432175,0.8565352559089661,-0.8805679082870483,0.4947364330291748,1.1162766218185425,-0.1569841057062149,0.1021351218223572,1.0832190513610840,-0.1203784123063087,0.5332098603248596,1.4959858655929565,-0.2034070938825607,0.0187325440347195,1.4368989467620850,-0.2441838681697845,0.5445769429206848,1.7788220643997192,-0.6819365620613098,-0.0179681032896042,1.7246447801589966,-0.7369988560676575,0.5726387500762939,1.8693078756332397,-0.7943097949028015,-0.0454718992114067,1.8088456392288208,-0.8755192756652832,0.5487022399902344,1.8570872545242310,-0.8962647318840027,-0.0295496284961700,1.8115221261978149,-0.9708784818649292,0.5301767587661743,1.8229094743728638,-0.7299917936325073,-0.0106355817988515,1.7794793844223022,-0.7915069460868835,0.3967715501785278,1.9141337871551514,-0.0167061705142260,0.1497903913259506,1.8834533691406250,0.0155371828004718,0.3591137528419495,2.5622673034667969,-0.3271653950214386,0.1471714675426483,2.4995996952056885,-0.5740735530853271,0.3573130667209625,3.1589798927307129,-0.0288059450685978,0.1426832079887390,3.1303808689117432,0.0060311639681458,0.3796763122081757,3.2618401050567627,-0.0302350725978613,0.1433967649936676,3.2272255420684814,0.0486699827015400,0.2788798511028290,3.2624049186706543,-0.5898363590240479,0.1524414122104645,3.2717127799987793,-0.4013307094573975
0.2498759925365448,0.7867881059646606,-1.0543369054794312,0.2926471233367920,0.7287464141845703,-0.9504602551460266,0.3161909282207489,0.7300752997398376,-0.9511109590530396,0.3390619456768036,0.7333778142929077,-0.9510672688484192,0.2432244718074799,0.7305232286453247,-0.9747956395149231,0.2317364513874054,0.7319377660751343,-0.9762184023857117,0.2197780907154083,0.7334076166152954,-0.9773429036140442,0.3899150490760803,0.7725474238395691,-0.4562376141548157,0.2282897979021072,0.7644406557083130,-0.4155363440513611,0.2922561764717102,0.8634353280067444,-0.8427268862724304,0.2327021807432175,0.8565352559089661,-0.8805679082870483,0.4947364330291748,1.1162766218185425,-0.1569841057062149,0.1021351218223572,1.0832190513610840,-0.1203784123063087,0.5332098603248596,1.4959858655929565,-0.2034070938825607,0.0187325440347195,1.4368989467620850,-0.2441838681697845,0.5445769429206848,1.7788220643997192,-0.6819365620613098,-0.0179681032896042,1.7246447801589966,-0.7369988560676575,0.5726387500762939,1.8693078756332397,-0.7943097949028015,-0.0454718992114067,1.8088456392288208,-0.8755192756652832,0.5487022399902344,1.8570872545242310,-0.8962647318840027,-0.0295496284961700,1.8115221261978149,-0.9708784818649292,0.5301767587661743,1.8229094743728638,-0.7299917936325073,-0.0106355817988515,1.7794793844223022,-0.7915069460868835,0.3967715501785278,1.9141337871551514,-0.0167061705142260,0.1497903913259506,1.8834533691406250,0.0155371828004718,0.3591137528419495,2.5622673034667969,-0.3271653950214386,0.1471714675426483,2.4995996952056885,-0.5740735530853271,0.3573130667209625,3.1589798927307129,-0.0288059450685978,0.1426832079887390,3.1303808689117432,0.0060311639681458,0.3796763122081757,3.2618401050567627,-0.0302350725978613,0.1433967649936676,3.2272255420684814,0.0486699827015400,0.2788798511028290,3.2624049186706543,-0.5898363590240479,0.1524414122104645,3.2717127799987793,-0.4013307094573975
0.2508378624916077,0.7868248820304871,-1.0506173372268677,0.2946841120719910,0.7287149429321289,-0.9253830909729004,0.3168791234493256,0.7300496697425842,-0.9259594082832336,0.3398064374923706,0.7334359288215637,-0.9258279800415039,0.2432552278041840,0.7304906249046326,-0.9451333284378052,0.2314860522747040,0.7319562435150146,-0.9465926885604858,0.2195927649736404,0.7336818575859070,-0.9476394653320312,0.3903164267539978,0.7752577662467957,-0.4460822641849518,0.2271550148725510,0.7650921344757080,-0.3875812292098999,0.2922112047672272,0.8638128042221069,-0.8251101374626160,0.2326828688383102,0.8570261597633362,-0.8341719508171082,0.5067020654678345,1.1140424013137817,-0.1735834181308746,0.0961191207170486,1.0839283466339111,-0.1637016981840134,0.5603526830673218,1.4950863122940063,-0.2952553629875183,0.0304458048194647,1.4579842090606689,-0.4006353318691254,0.5766974687576294,1.7790459394454956,-0.8410723805427551,-0.0019225326832384,1.7003191709518433,-1.0127291679382324,0.6065631508827209,1.8697351217269897,-0.9710950851440430,-0.0294382087886333,1.7701131105422974,-1.1783621311187744,0.5753031373023987,1.8587119579315186,-1.0681779384613037,-0.0149524686858058,1.7682317495346069,-1.2631335258483887,0.5562976598739624,1.8247538805007935,-0.8896444439888000,0.0039723240770400,1.7422604560852051,-1.0671541690826416,0.4287695288658142,1.8651406764984131,0.0172302834689617,0.1628585010766983,1.8466646671295166,-0.0181534625589848,0.4255081117153168,2.5406200885772705,-0.2639330923557281,0.1898992806673050,2.4669942855834961,-0.6237601637840271,0.4258674979209900,3.1211943626403809,0.1912713646888733,0.1958002746105194,3.0921912193298340,-0.0758486837148666,0.4415050446987152,3.2274029254913330,0.2010717093944550,0.1948291510343552,3.1952881813049316,-0.0394533686339855,0.3595847487449646,3.2035789489746094,-0.3731236457824707,0.2219172716140747,3.2057251930236816,-0.5185528397560120
0.2503917217254639,0.7866475582122803,-0.8628603219985962,0.2951529324054718,0.7277201414108276,-0.7990312576293945,0.3172720074653625,0.7291542887687683,-0.7999889254570007,0.3401824831962585,0.7329164743423462,-0.7996069192886353,0.2432412356138229,0.7298513054847717,-0.7740987539291382,0.2314673364162445,0.7314121723175049,-0.7752530574798584,0.2196220904588699,0.7330888509750366,-0.7759828567504883,0.3913240730762482,0.7768196463584900,-0.4214762747287750,0.2285637557506561,0.7641207575798035,-0.3046359717845917,0.2905236780643463,0.8642352223396301,-0.7080784440040588,0.2313937842845917,0.8570377826690674,-0.6839640736579895,0.4869677424430847,1.1143301725387573,-0.2086496055126190,0.0991684868931770,1.0809267759323120,-0.1396020948886871,0.5411758422851562,1.3532676696777344,-0.5555158257484436,0.0374823361635208,1.3267954587936401,-0.3302808403968811,0.4507889151573181,1.2899031639099121,-1.1377475261688232,0.0602828972041607,1.2297488451004028,-0.9029005765914917,0.4337560236454010,1.2736326456069946,-1.2948006391525269,0.0638355016708374,1.2043477296829224,-1.0700280666351318,0.4204634726047516,1.2402060031890869,-1.3053872585296631,0.0821211785078049,1.1651804447174072,-1.1094870567321777,0.4219512045383453,1.2537133693695068,-1.1565711498260498,0.1052258238196373,1.0797507762908936,-0.9412416219711304,0.3923205733299255,1.8700699806213379,0.0137734087184072,0.1610339730978012,1.8550426959991455,-0.0146265206858516,0.3284502625465393,2.2226941585540771,0.2941161096096039,0.1267471909523010,1.9229842424392700,-0.5938806533813477,0.3098562061786652,2.7322349548339844,0.9148318171501160,0.1076908484101295,2.6188318729400635,-0.0961233302950859,0.3181408345699310,2.8339178562164307,0.9529487490653992,0.1063926368951797,2.7401487827301025,-0.0549307577311993,0.2431556731462479,2.7672882080078125,0.5466676354408264,0.1174877136945724,2.7094180583953857,-0.4458269178867340
0.2503227591514587,0.7859739065170288,-0.9816576242446899,0.2944627404212952,0.7275477647781372,-0.9127143025398254,0.3160776495933533,0.7289456725120544,-0.9135047793388367,0.3387524485588074,0.7324665784835815,-0.9133067131042480,0.2431378662586212,0.7292701005935669,-0.8930972814559937,0.2312635481357574,0.7307195663452148,-0.8942527770996094,0.2193506658077240,0.7324447035789490,-0.8950299024581909,0.3902887701988220,0.7754488587379456,-0.5019419789314270,0.2262346297502518,0.7636089920997620,-0.4036009907722473,0.2902451753616333,0.8626372814178467,-0.8161913156509399,0.2309391796588898,0.8564335107803345,-0.7967451214790344,0.4927095770835876,1.1146106719970703,-0.2371065169572830,0.0951000228524208,1.0811742544174194,-0.1867585331201553,0.5516544580459595,1.4639931917190552,-0.4542116224765778,0.0365467518568039,1.4450353384017944,-0.3098827600479126,0.5535018444061279,1.7278141975402832,-0.9966250658035278,0.0235201753675938,1.6849074363708496,-0.8485889434814453,0.5825290679931641,1.8195503950119019,-1.1245868206024170,0.0024641801137477,1.7628310918807983,-0.9588581323623657,0.5560219883918762,1.8108515739440918,-1.2098318338394165,0.0203211680054665,1.7644443511962891,-1.0684599876403809,0.5385526418685913,1.7747124433517456,-1.0410792827606201,0.0399292297661304,1.7277265787124634,-0.9059470295906067,0.4092759191989899,1.8676638603210449,0.0057914787903428,0.1622546166181564,1.8503063917160034,-0.0067061698064208,0.3791802823543549,2.4773602485656738,-0.2455265223979950,0.1596685945987701,2.4070992469787598,-0.5699935555458069,0.3733103573322296,3.0463099479675293,0.0252609346061945,0.1381432414054871,3.0307221412658691,-0.0653425678610802,0.3854784369468689,3.1487214565277100,0.0210029724985361,0.1285911649465561,3.1338779926300049,-0.0288005080074072,0.3042242228984833,3.1369140148162842,-0.5185184478759766,0.1664248406887054,3.1514055728912354,-0.4532935023307800
0.2503227591514587,0.7859739065170288,-0.9816576242446899,0.2944627404212952,0.7275477647781372,-0.9127143025398254,0.3160776495933533,0.7289456725120544,-0.9135047793388367,0.3387524485588074,0.7324665784835815,-0.9133067131042480,0.2431378662586212,0.7292701005935669,-0.8930972814559937,0.2312635481357574,0.7307195663452148,-0.8942527770996094,0.2193506658077240,0.7324447035789490,-0.8950299024581909,0.3902887701988220,0.7754488587379456,-0.5019419789314270,0.2262346297502518,0.7636089920997620,-0.4036009907722473,0.2902451753616333,0.8626372814178467,-0.8161913156509399,0.2309391796588898,0.8564335107803345,-0.7967451214790344,0.4927095770835876,1.1146106719970703,-0.2371065169572830,0.0951000228524208,1.0811742544174194,-0.1867585331201553,0.5516544580459595,1.4639931917190552,-0.4542116224765778,0.0365467518568039,1.4450353384017944,-0.3098827600479126,0.5535018444061279,1.7278141975402832,-0.9966250658035278,0.0235201753675938,1.6849074363708496,-0.8485889434814453,0.5825290679931641,1.8195503950119019,-1.1245868206024170,0.0024641801137477,1.7628310918807983,-0.9588581323623657,0.5560219883918762,1.8108515739440918,-1.2098318338394165,0.0203211680054665,1.7644443511962891,-1.0684599876403809,0.5385526418685913,1.7747124433517456,-1.0410792827606201,0.0399292297661304,1.7277265787124634,-0.9059470295906067,0.4092759191989899,1.8676638603210449,0.0057914787903428,0.1622546166181564,1.8503063917160034,-0.0067061698064208,0.3791802823543549,2.4773602485656738,-0.2455265223979950,0.1596685945987701,2.4070992469787598,-0.5699935555458069,0.3733103573322296,3.0463099479675293,0.0252609346061945,0.1381432414054871,3.0307221412658691,-0.0653425678610802,0.3854784369468689,3.1487214565277100,0.0210029724985361,0.1285911649465561,3.1338779926300049,-0.0288005080074072,0.3042242228984833,3.1369140148162842,-0.5185184478759766,0.1664248406887054,3.1514055728912354,-0.4532935023307800
0.2490761578083038,0.7863187789916992,-0.9734083414077759,0.2922609746456146,0.7276588082313538,-0.9058383703231812,0.3135362267494202,0.7290852069854736,-0.9066704511642456,0.3362447321414948,0.7324867248535156,-0.9064709544181824,0.2425145357847214,0.7294243574142456,-0.8838679194450378,0.2305297106504440,0.7309349775314331,-0.8849955797195435,0.2189288586378098,0.7326395511627197,-0.8857437968254089,0.3901980221271515,0.7754892706871033,-0.5092257261276245,0.2261406630277634,0.7640138864517212,-0.4026895165443420,0.2892027795314789,0.8626325130462646,-0.8095944523811340,0.2295524328947067,0.8565251827239990,-0.7878900766372681,0.4997290670871735,1.1140345335006714,-0.2708925604820251,0.0974538400769234,1.0877621173858643,-0.1260832399129868,0.5531039237976074,1.4851616621017456,-0.4205738604068756,0.0510927848517895,1.4910452365875244,-0.2851749658584595,0.5627766847610474,1.7670753002166748,-0.8663219213485718,0.0298131592571735,1.6875844001770020,-0.8432195782661438,0.5911527872085571,1.8536385297775269,-0.9853304624557495,0.0086724217981100,1.7487069368362427,-0.9764860868453979,0.5678587555885315,1.8423416614532471,-1.0721147060394287,0.0221271160990000,1.7326769828796387,-1.0709888935089111,0.5502628684043884,1.8104234933853149,-0.9071996808052063,0.0401891991496086,1.7079998254776001,-0.8989909887313843,0.4225962758064270,1.8747981786727905,-0.0235894955694675,0.1816039085388184,1.8529950380325317,0.0228521171957254,0.3872088789939880,2.5341234207153320,-0.2989749908447266,0.1851719915866852,2.4537382125854492,-0.6016559004783630,0.3817239403724670,3.0991673469543457,-0.0482951849699020,0.1504437327384949,3.0566871166229248,-0.2207743227481842,0.3993082344532013,3.2012014389038086,-0.0547757558524609,0.1403372883796692,3.1575357913970947,-0.1998404264450073,0.3040463328361511,3.1820359230041504,-0.5921486616134644,0.1670708060264587,3.1652677059173584,-0.6485799551010132
0.2484617233276367,0.7828027009963989,-0.7766159176826477,0.2917312085628510,0.7263057827949524,-0.7211796045303345,0.3133657872676849,0.7277373075485229,-0.7221468091011047,0.3361403346061707,0.7316006422042847,-0.7219359278678894,0.2424249649047852,0.7284472584724426,-0.6889106631278992,0.2305094003677368,0.7300283908843994,-0.6899815797805786,0.2189255654811859,0.7317438125610352,-0.6907793879508972,0.3899736702442169,0.7744415402412415,-0.3717294335365295,0.2260637283325195,0.7629890441894531,-0.2332182377576828,0.2891424000263214,0.8617058396339417,-0.6359189748764038,0.2293887883424759,0.8549607992172241,-0.6037517786026001,0.4924020171165466,1.1098986864089966,-0.2305817902088165,0.0996034592390060,1.0859608650207520,-0.0243930630385876,0.5397672057151794,1.3439612388610840,-0.6208330392837524,0.0467936433851719,1.3866406679153442,-0.2929503917694092,0.4471217691898346,1.1632727384567261,-1.1733746528625488,0.1175507083535194,1.2179806232452393,-0.8432185053825378,0.4241633415222168,1.1120312213897705,-1.3189036846160889,0.1432491540908813,1.1754983663558960,-0.9839459657669067,0.4221163392066956,1.0739670991897583,-1.3059799671173096,0.1498539745807648,1.1240980625152588,-1.0575883388519287,0.4220081865787506,1.1005181074142456,-1.1811854839324951,0.1640793532133102,1.0202373266220093,-0.8764699101448059,0.4033449292182922,1.8884403705596924,-0.0237533040344715,0.1815980672836304,1.8544872999191284,0.0229633636772633,0.3606011271476746,1.9665017127990723,0.0607721433043480,0.1471730768680573,1.5732343196868896,-0.5438882112503052,0.3187018632888794,2.3849561214447021,0.4210858345031738,0.1599981486797333,2.1081292629241943,-0.1492210924625397,0.3345625698566437,2.4818615913391113,0.4427985548973083,0.1655170917510986,2.2173798084259033,-0.0769267529249191,0.2248316556215286,2.3734867572784424,0.0846123546361923,0.1737225353717804,2.1356213092803955,-0.2812965810298920
0.2477943599224091,0.7829529047012329,-0.8186976313591003,0.2902744710445404,0.7269201874732971,-0.7578288316726685,0.3119954466819763,0.7283732295036316,-0.7587096691131592,0.3345585465431213,0.7320077419281006,-0.7585090398788452,0.2418464422225952,0.7287580966949463,-0.7277130484580994,0.2301732301712036,0.7303602695465088,-0.7288247346878052,0.2186456471681595,0.7321083545684814,-0.7296149730682373,0.3869023323059082,0.7741343379020691,-0.3562044203281403,0.2255669087171555,0.7633588910102844,-0.2350287884473801,0.2887646555900574,0.8617056012153625,-0.6670566797256470,0.2292257994413376,0.8550054430961609,-0.6370760798454285,0.5046213865280151,1.1057589054107666,-0.1259313225746155,0.1000299826264381,1.0859317779541016,-0.0222284235060215,0.5611079931259155,1.4396494626998901,-0.3402319550514221,0.0445067137479782,1.4393177032470703,-0.2068091928958893,0.5599150061607361,1.6803225278854370,-0.9605344533920288,0.0395862236618996,1.6187431812286377,-0.7498089075088501,0.5856097340583801,1.7658699750900269,-1.1027200222015381,0.0214694775640965,1.6838612556457520,-0.8911346197128296,0.5625540018081665,1.7514966726303101,-1.1842883825302124,0.0346394367516041,1.6729347705841064,-0.9905120730400085,0.5448687076568604,1.7203482389450073,-1.0061591863632202,0.0506454631686211,1.6449394226074219,-0.8013807535171509,0.4222297668457031,1.8792783021926880,-0.0199094898998737,0.1815534085035324,1.8537166118621826,0.0190353207290173,0.4219524860382080,2.4625866413116455,-0.4095897674560547,0.1861968934535980,2.3970105648040771,-0.6257523298263550,0.4240249693393707,3.0339584350585938,-0.2423524409532547,0.2038066387176514,3.0087931156158447,-0.1573241055011749,0.4406579434871674,3.1416122913360596,-0.2584504187107086,0.2073897421360016,3.1157739162445068,-0.1184369325637817,0.3480321466922760,3.1067552566528320,-0.8477956056594849,0.2175546586513519,3.1088125705718994,-0.5515836477279663
0.2477943599224091,0.7829529047012329,-0.8186976313591003,0.2902744710445404,0.7269201874732971,-0.7578288316726685,0.3119954466819763,0.7283732295036316,-0.7587096691131592,0.3345585465431213,0.7320077419281006,-0.7585090398788452,0.2418464422225952,0.7287580966949463,-0.7277130484580994,0.2301732301712036,0.7303602695465088,-0.7288247346878052,0.2186456471681595,0.7321083545684814,-0.7296149730682373,0.3869023323059082,0.7741343379020691,-0.3562044203281403,0.2255669087171555,0.7633588910102844,-0.2350287884473801,0.2887646555900574,0.8617056012153625,-0.6670566797256470,0.2292257994413376,0.8550054430961609,-0.6370760798454285,0.5046213865280151,1.1057589054107666,-0.1259313225746155,0.1000299826264381,1.0859317779541016,-0.0222284235060215,0.5611079931259155,1.4396494626998901,-0.3402319550514221,0.0445067137479782,1.4393177032470703,-0.2068091928958893,0.5599150061607361,1.6803225278854370,-0.9605344533920288,0.0395862236618996,1.6187431812286377,-0.7498089075088501,0.5856097340583801,1.7658699750900269,-1.1027200222015381,0.0214694775640965,1.6838612556457520,-0.8911346197128296,0.5625540018081665,1.7514966726303101,-1.1842883825302124,0.0346394367516041,1.6729347705841064,-0.9905120730400085,0.5448687076568604,1.7203482389450073,-1.0061591863632202,0.0506454631686211,1.6449394226074219,-0.8013807535171509,0.4222297668457031,1.8792783021926880,-0.0199094898998737,0.1815534085035324,1.8537166118621826,0.0190353207290173,0.4219524860382080,2.4625866413116455,-0.4095897674560547,0.1861968934535980,2.3970105648040771,-0.6257523298263550,0.4240249693393707,3.0339584350585938,-0.2423524409532547,0.2038066387176514,3.0087931156158447,-0.1573241055011749,0.4406579434871674,3.1416122913360596,-0.2584504187107086,0.2073897421360016,3.1157739162445068,-0.1184369325637817,0.3480321466922760,3.1067552566528320,-0.8477956056594849,0.2175546586513519,3.1088125705718994,-0.5515836477279663
0.2477317750453949,0.7829193472862244,-0.7382944226264954,0.2880397439002991,0.7267634272575378,-0.6846524477005005,0.3090649247169495,0.7280540466308594,-0.6856476068496704,0.3318045735359192,0.7313344478607178,-0.6855382323265076,0.2416598498821259,0.7286176681518555,-0.6264521479606628,0.2300567179918289,0.7301940321922302,-0.6274787187576294,0.2186044156551361,0.7319554090499878,-0.6282330155372620,0.3855281770229340,0.7734476923942566,-0.3493449091911316,0.2255595177412033,0.7633501291275024,-0.0939674749970436,0.2886329889297485,0.8602705001831055,-0.6081420779228210,0.2293903380632401,0.8543545007705688,-0.5413170456886292,0.4929281771183014,1.1053142547607422,-0.3010165989398956,0.1597819328308105,1.0902606248855591,0.2112279832363129,0.5030380487442017,1.2981737852096558,-0.8241960406303406,0.1247734576463699,1.2821460962295532,0.0303695891052485,0.3938180804252625,1.1342483758926392,-1.3330724239349365,0.1660597026348114,1.0064613819122314,-0.4482570588588715,0.3717235028743744,1.0808898210525513,-1.4974540472030640,0.1683420240879059,0.9944060444831848,-0.5661706924438477,0.3726533353328705,1.0527689456939697,-1.4772092103958130,0.1639192402362823,0.9620385766029358,-0.6001827716827393,0.3757092356681824,1.0794279575347900,-1.3378267288208008,0.1740444004535675,0.9550021290779114,-0.4837290346622467,0.4142602086067200,1.9295519590377808,-0.1442191004753113,0.2111749351024628,1.8953547477722168,0.1432464718818665,0.3633820414543152,1.7745872735977173,-0.2807836532592773,0.1929205060005188,1.4658614397048950,-0.2393015623092651,0.4200753569602966,2.0167539119720459,-0.0117157185450196,0.2862881124019623,1.6970574855804443,0.2084065675735474,0.4261558651924133,2.0983250141143799,-0.0931928008794785,0.3147634863853455,1.7807326316833496,0.2517324090003967,0.3278635144233704,1.9466459751129150,-0.3254904150962830,0.2646026015281677,1.6199569702148438,-0.0168257690966129
0.2447109669446945,0.7821968197822571,-0.7272788286209106,0.2836245298385620,0.7266051173210144,-0.6851739883422852,0.3073085248470306,0.7277582883834839,-0.6862686872482300,0.3304854631423950,0.7311074137687683,-0.6860706806182861,0.2393154799938202,0.7289058566093445,-0.6234958171844482,0.2290393561124802,0.7308040261268616,-0.6246184110641479,0.2180643528699875,0.7327355742454529,-0.6254097223281860,0.3838438689708710,0.7732713818550110,-0.3733749091625214,0.2256646901369095,0.7651909589767456,-0.1173272877931595,0.2875545620918274,0.8574434518814087,-0.6084986329078674,0.2294472455978394,0.8525359034538269,-0.5377520918846130,0.4911663532257080,1.1034368276596069,-0.3471545279026031,0.1748154312372208,1.1024093627929688,0.1857500374317169,0.5214353799819946,1.2884972095489502,-0.7984019517898560,0.1368948221206665,1.3248056173324585,0.1108976602554321,0.4319698214530945,1.1912236213684082,-1.3157472610473633,0.1531252413988113,1.2099505662918091,-0.3177832067012787,0.4187502861022949,1.1603991985321045,-1.4688313007354736,0.1552658677101135,1.1860436201095581,-0.4252082407474518,0.4117315709590912,1.1295815706253052,-1.4635930061340332,0.1533535867929459,1.1465088129043579,-0.4823522567749023,0.4116474688053131,1.1504188776016235,-1.3247030973434448,0.1591886579990387,1.1500477790832520,-0.3600606322288513,0.4137926995754242,1.9683290719985962,-0.1319930404424667,0.2194751203060150,1.9189126491546631,0.1309436112642288,0.3613156080245972,1.9978445768356323,-0.0284702181816101,0.1884652674198151,1.5506279468536377,-0.3388548791408539,0.4068558812141418,2.3714303970336914,0.3209860026836395,0.2712309956550598,2.0528688430786133,0.1562686562538147,0.4155174195766449,2.4694788455963135,0.3354859948158264,0.2964022457599640,2.1609940528869629,0.1668865829706192,0.3147909045219421,2.3338818550109863,0.0318405665457249,0.2618623077869415,2.0656378269195557,-0.1877436935901642
0.2432932555675507,0.7819426059722900,-0.7862839698791504,0.2817062437534332,0.7266140580177307,-0.7627857923507690,0.3046887516975403,0.7278071641921997,-0.7639205455780029,0.3270509541034698,0.7311829924583435,-0.7636625170707703,0.2382903397083282,0.7289044857025146,-0.6822713017463684,0.2276744395494461,0.7308024764060974,-0.6835464239120483,0.2165184766054153,0.7327234745025635,-0.6842268705368042,0.3820110261440277,0.7732442021369934,-0.4857779443264008,0.2253782302141190,0.7651959657669067,-0.1502956151962280,0.2864587903022766,0.8564161658287048,-0.6784931421279907,0.2284282445907593,0.8512548804283142,-0.5833399295806885,0.4873535633087158,1.1033612489700317,-0.4248788356781006,0.1686308532953262,1.1040978431701660,0.1468896269798279,0.5234015583992004,1.3004878759384155,-0.8186829686164856,0.1259061247110367,1.3835542201995850,0.1452097892761230,0.4453383386135101,1.2046328783035278,-1.3565881252288818,0.1435930728912354,1.3830169439315796,-0.2712554335594177,0.4378014504909515,1.1698927879333496,-1.5155308246612549,0.1443375051021576,1.3865244388580322,-0.3764970004558563,0.4285302162170410,1.1841839551925659,-1.5288541316986084,0.1480841338634491,1.3492141962051392,-0.4606083929538727,0.4302741587162018,1.1932421922683716,-1.3725841045379639,0.1580725014209747,1.3568516969680786,-0.3235585093498230,0.4089159071445465,1.9703429937362671,-0.1384450942277908,0.2164497375488281,1.9195597171783447,0.1375852525234222,0.3228939771652222,2.3143262863159180,0.0083657931536436,0.1536832749843597,1.9556480646133423,-0.4178124964237213,0.3245995938777924,2.7930669784545898,0.5282741785049438,0.1659329533576965,2.5660221576690674,-0.0702134519815445,0.3453566431999207,2.8949103355407715,0.5611938238143921,0.1822047680616379,2.6773104667663574,-0.0481054410338402,0.2301884144544601,2.8295023441314697,0.2043035030364990,0.1306956112384796,2.6518566608428955,-0.3646480441093445
0.2414222210645676,0.7817046642303467,-0.8416559100151062,0.2783199250698090,0.7265930175781250,-0.7969682216644287,0.3013932406902313,0.7277814745903015,-0.7978806495666504,0.3231254220008850,0.7311240434646606,-0.7975941896438599,0.2366962432861328,0.7289706468582153,-0.7367418408393860,0.2264021635055542,0.7309153079986572,-0.7380776405334473,0.2153327018022537,0.7329438924789429,-0.7387446165084839,0.3792592287063599,0.7703666090965271,-0.4699622094631195,0.2252213209867477,0.7652820348739624,-0.1872555017471313,0.2856728434562683,0.8560321927070618,-0.7057991027832031,0.2278130501508713,0.8512765765190125,-0.6347256898880005,0.5026137828826904,1.0900740623474121,-0.3750057220458984,0.1632809042930603,1.1047397851943970,0.0952861756086349,0.5691156387329102,1.3126083612442017,-0.7431697249412537,0.1025372892618179,1.4522311687469482,-0.0520490594208241,0.4558762907981873,1.2344104051589966,-1.2814393043518066,0.1007959619164467,1.5158320665359497,-0.5667109489440918,0.4406175613403320,1.2124048471450806,-1.4343607425689697,0.0931517332792282,1.5338984727859497,-0.6854881048202515,0.4323944449424744,1.1921268701553345,-1.4627879858016968,0.1009172201156616,1.5053570270538330,-0.7527582049369812,0.4323411881923676,1.2050482034683228,-1.3019899129867554,0.1102962866425514,1.4992209672927856,-0.6127087473869324,0.4284384846687317,1.9560221433639526,-0.1022669225931168,0.2135712653398514,1.9085545539855957,0.1013852581381798,0.3555685877799988,2.5384948253631592,-0.2665939927101135,0.1716336309909821,2.3425610065460205,-0.5328280329704285,0.3471955060958862,3.1101071834564209,-0.0756893679499626,0.1574225872755051,2.9956293106079102,-0.1532575041055679,0.3637505471706390,3.2153737545013428,-0.0885673686861992,0.1621495932340622,3.1063570976257324,-0.1310171782970428,0.2425120621919632,3.1785054206848145,-0.6504238247871399,0.1340235173702240,3.1021840572357178,-0.5631635785102844
0.2411532849073410,0.7820859551429749,-0.7813323736190796,0.2776576876640320,0.7264904379844666,-0.7397815585136414,0.3006412684917450,0.7277489304542542,-0.7408554553985596,0.3224629759788513,0.7311590313911438,-0.7406331300735474,0.2360892742872238,0.7289707660675049,-0.6787664294242859,0.2252711504697800,0.7309696674346924,-0.6799786686897278,0.2140800505876541,0.7330936789512634,-0.6807802915573120,0.3791284561157227,0.7708211541175842,-0.4354901313781738,0.2241743355989456,0.7659101486206055,-0.1559807658195496,0.2850635647773743,0.8560116291046143,-0.6543948054313660,0.2267274111509323,0.8519338369369507,-0.5835757851600647,0.4952128529548645,1.0932478904724121,-0.3675588667392731,0.1642260253429413,1.1077300310134888,0.1244507431983948,0.5492936372756958,1.3111853599548340,-0.7220277190208435,0.1236895173788071,1.4083006381988525,0.0252351965755224,0.4577081203460693,1.2611162662506104,-1.2663401365280151,0.1526373922824860,1.2626149654388428,-0.4616744518280029,0.4491108059883118,1.2476963996887207,-1.4223912954330444,0.1628206074237823,1.2183098793029785,-0.5903059840202332,0.4439097344875336,1.2202064990997314,-1.4471349716186523,0.1479224860668182,1.0998616218566895,-0.6505051851272583,0.4416653215885162,1.2316286563873291,-1.2875906229019165,0.1593786776065826,1.0818748474121094,-0.5063208341598511,0.4169929921627045,1.9740697145462036,-0.1012187004089355,0.2125995159149170,1.9282019138336182,0.1002622470259666,0.3324158787727356,2.0244462490081787,0.0325315296649933,0.1714263707399368,1.6429127454757690,-0.3996652662754059,0.3212131857872009,2.4565985202789307,0.4720512032508850,0.2142753303050995,2.1491749286651611,0.0077211484313011,0.3415611386299133,2.5616459846496582,0.5024570226669312,0.2288664877414703,2.2584207057952881,0.0480853766202927,0.2362124621868134,2.4351098537445068,0.1649198234081268,0.2227685004472733,2.1561653614044189,-0.2141961306333542
0.2411532849073410,0.7820859551429749,-0.7813323736190796,0.2776576876640320,0.7264904379844666,-0.7397815585136414,0.3006412684917450,0.7277489304542542,-0.7408554553985596,0.3224629759788513,0.7311590313911438,-0.7406331300735474,0.2360892742872238,0.7289707660675049,-0.6787664294242859,0.2252711504697800,0.7309696674346924,-0.6799786686897278,0.2140800505876541,0.7330936789512634,-0.6807802915573120,0.3791284561157227,0.7708211541175842,-0.4354901313781738,0.2241743355989456,0.7659101486206055,-0.1559807658195496,0.2850635647773743,0.8560116291046143,-0.6543948054313660,0.2267274111509323,0.8519338369369507,-0.5835757851600647,0.4952128529548645,1.0932478904724121,-0.3675588667392731,0.1642260253429413,1.1077300310134888,0.1244507431983948,0.5492936372756958,1.3111853599548340,-0.7220277190208435,0.1236895173788071,1.4083006381988525,0.0252351965755224,0.4577081203460693,1.2611162662506104,-1.2663401365280151,0.1526373922824860,1.2626149654388428,-0.4616744518280029,0.4491108059883118,1.2476963996887207,-1.4223912954330444,0.1628206074237823,1.2183098793029785,-0.5903059840202332,0.4439097344875336,1.2202064990997314,-1.4471349716186523,0.1479224860668182,1.0998616218566895,-0.6505051851272583,0.4416653215885162,1.2316286563873291,-1.2875906229019165,0.1593786776065826,1.0818748474121094,-0.5063208341598511,0.4169929921627045,1.9740697145462036,-0.1012187004089355,0.2125995159149170,1.9282019138336182,0.1002622470259666,0.3324158787727356,2.0244462490081787,0.0325315296649933,0.1714263707399368,1.6429127454757690,-0.3996652662754059,0.3212131857872009,2.4565985202789307,0.4720512032508850,0.2142753303050995,2.1491749286651611,0.0077211484313011,0.3415611386299133,2.5616459846496582,0.5024570226669312,0.2288664877414703,2.2584207057952881,0.0480853766202927,0.2362124621868134,2.4351098537445068,0.1649198234081268,0.2227685004472733,2.1561653614044189,-0.2141961306333542
0.2414211779832840,0.7819291949272156,-0.8579085469245911,0.2776422798633575,0.7264736890792847,-0.8012879490852356,0.3006351590156555,0.7277255654335022,-0.8023083806037903,0.3224579393863678,0.7310906648635864,-0.8021093606948853,0.2360743284225464,0.7291942238807678,-0.7444593310356140,0.2252363413572311,0.7314997911453247,-0.7456845641136169,0.2139035463333130,0.7341183423995972,-0.7463806271553040,0.3783160746097565,0.7702862024307251,-0.4430481791496277,0.2236867696046829,0.7678940892219543,-0.1587895005941391,0.2863871455192566,0.8548853993415833,-0.7074164152145386,0.2274340391159058,0.8519312739372253,-0.6409846544265747,0.5017817616462708,1.0933334827423096,-0.3494672477245331,0.1627050340175629,1.1160378456115723,0.1163093894720078,0.5652462244033813,1.3110504150390625,-0.7584580183029175,0.1207024082541466,1.4643781185150146,0.0164302289485931,0.4764852523803711,1.2597289085388184,-1.3749172687530518,0.1417222768068314,1.4693729877471924,-0.5960771441459656,0.4700501859188080,1.2475391626358032,-1.5553649663925171,0.1437703669071198,1.4772160053253174,-0.7386644482612610,0.4587906002998352,1.2165912389755249,-1.5668753385543823,0.1356287598609924,1.4304983615875244,-0.8176162838935852,0.4577587544918060,1.2283788919448853,-1.3941131830215454,0.1440797299146652,1.4235931634902954,-0.6510519981384277,0.4341164231300354,1.9731338024139404,-0.0997739061713219,0.2160629928112030,1.9278897047042847,0.0988249257206917,0.3581396937370300,2.5540480613708496,-0.1817336380481720,0.1886563301086426,2.2632672786712646,-0.5094433426856995,0.3475242257118225,3.0983037948608398,0.2776963114738464,0.1813060194253922,2.9001643657684326,-0.1292296051979065,0.3634495437145233,3.2009603977203369,0.2953990101814270,0.1870147734880447,3.0229613780975342,-0.1049335151910782,0.2707908153533936,3.1639540195465088,-0.2139385044574738,0.1495206654071808,2.9737367630004883,-0.5170688629150391
0.2398229092359543,0.7838696837425232,-0.8092743754386902,0.2758555710315704,0.7277539968490601,-0.7618351578712463,0.2984278202056885,0.7284700870513916,-0.7630037069320679,0.3208766579627991,0.7315759062767029,-0.7628312706947327,0.2338874042034149,0.7331676483154297,-0.7026271224021912,0.2234710156917572,0.7366119027137756,-0.7038174867630005,0.2120922356843948,0.7408336400985718,-0.7046849131584167,0.3782519996166229,0.7708197832107544,-0.4321842193603516,0.2223655879497528,0.7762578725814819,-0.1615800112485886,0.2863637208938599,0.8572620749473572,-0.6757432818412781,0.2272215336561203,0.8583110570907593,-0.6072124242782593,0.5008654594421387,1.1009094715118408,-0.3364431262016296,0.1642261147499084,1.1365170478820801,0.1387404054403305,0.5598204135894775,1.3117060661315918,-0.7444491982460022,0.1312842071056366,1.4706981182098389,0.0731697827577591,0.4770359396934509,1.3331220149993896,-1.3352864980697632,0.1333075910806656,1.4715033769607544,-0.4432199001312256,0.4704447388648987,1.3400751352310181,-1.4950907230377197,0.1355534642934799,1.4732016324996948,-0.5711239576339722,0.4606668949127197,1.3075677156448364,-1.4994722604751587,0.1337854266166687,1.4344251155853271,-0.6616802811622620,0.4589401781558990,1.3139141798019409,-1.3463988304138184,0.1402767598628998,1.4331758022308350,-0.5001422166824341,0.4315190911293030,1.9888213872909546,-0.1048964858055115,0.2229916304349899,1.9517281055450439,0.1037824526429176,0.3547967076301575,1.9997630119323730,0.0329620875418186,0.1877422034740448,1.6146295070648193,-0.3965822458267212,0.3477005660533905,2.4648249149322510,0.4568801820278168,0.2723017036914825,2.1815445423126221,0.0038056690245867,0.3635180592536926,2.5736835002899170,0.4834354817867279,0.2961584329605103,2.2966558933258057,0.0432632267475128,0.2889313101768494,2.4676291942596436,0.1408911049365997,0.2774922847747803,2.2208366394042969,-0.2074877917766571
0.2391900271177292,0.7837654948234558,-0.7855713963508606,0.2754502892494202,0.7277161478996277,-0.7238847017288208,0.2982745766639709,0.7282579541206360,-0.7248616814613342,0.3207892477512360,0.7310692667961121,-0.7246807813644409,0.2327075004577637,0.7334811091423035,-0.6862832307815552,0.2220039069652557,0.7369355559349060,-0.6874898076057434,0.2105674296617508,0.7410243153572083,-0.6884102821350098,0.3777883350849152,0.7706752419471741,-0.3671332001686096,0.2213797122240067,0.7766506075859070,-0.1695895791053772,0.2857657074928284,0.8560094237327576,-0.6444579362869263,0.2266384810209274,0.8570032119750977,-0.6011997461318970,0.4902524948120117,1.1065739393234253,-0.2125290632247925,0.1443214118480682,1.1059447526931763,-0.0229227505624294,0.5199353694915771,1.2688175439834595,-0.5239242315292358,0.0575445368885994,1.1437013149261475,-0.2417047023773193,0.4687769412994385,1.1201159954071045,-0.9024464488029480,0.1602081656455994,0.8648509383201599,-0.5130140185356140,0.4640977382659912,1.0676440000534058,-1.0192539691925049,0.2113640308380127,0.8025534749031067,-0.6291893720626831,0.4590554833412170,1.0522446632385254,-1.0321077108383179,0.2257915735244751,0.7880088090896606,-0.6657322645187378,0.4561003744602203,1.0741244554519653,-0.9188417196273804,0.1938925087451935,0.8208034634590149,-0.5094314813613892,0.3995787799358368,1.9895602464675903,-0.0659493133425713,0.2173010408878326,1.9510285854339600,0.0646409392356873,0.3468222618103027,1.8390424251556396,0.0435769706964493,0.1879146248102188,1.4469209909439087,-0.1053905934095383,0.3672989010810852,2.1056125164031982,0.4289495944976807,0.2844918370246887,1.7535824775695801,0.4286163747310638,0.4001780450344086,2.1879155635833740,0.4519551396369934,0.3095729351043701,1.8461086750030518,0.4799067974090576,0.3065168261528015,2.0297446250915527,0.0655734688043594,0.2876587808132172,1.6841008663177490,0.2029246538877487
0.2375809401273727,0.7837432622909546,-0.9150242805480957,0.2733947932720184,0.7278622984886169,-0.8532455563545227,0.2962607145309448,0.7283802628517151,-0.8540403246879578,0.3184213042259216,0.7311047911643982,-0.8538311123847961,0.2314385473728180,0.7335345149040222,-0.8167431950569153,0.2210536003112793,0.7369506955146790,-0.8180400133132935,0.2097616940736771,0.7410150170326233,-0.8187578916549683,0.3754612207412720,0.7703555226325989,-0.4623718261718750,0.2210902720689774,0.7764136195182800,-0.2848735451698303,0.2845150530338287,0.8559091687202454,-0.7573987245559692,0.2259478121995926,0.8566961884498596,-0.7160076498985291,0.4939152300357819,1.1076706647872925,-0.2196818292140961,0.1321407258510590,1.1060957908630371,-0.0236201621592045,0.5547023415565491,1.4365092515945435,-0.4703957140445709,0.0520174689590931,1.4089884757995605,-0.1670136898756027,0.5682595968246460,1.7250652313232422,-0.9949759244918823,0.0509417876601219,1.6426490545272827,-0.5711363554000854,0.6004718542098999,1.8157602548599243,-1.1309120655059814,0.0366853699088097,1.7150390148162842,-0.6889456510543823,0.5713970065116882,1.8111414909362793,-1.1874945163726807,0.0516610629856586,1.7122269868850708,-0.7819244265556335,0.5534499287605286,1.7801158428192139,-1.0295412540435791,0.0610547363758087,1.6870125532150269,-0.6136251688003540,0.4145769178867340,1.9475551843643188,-0.0666027218103409,0.2041202783584595,1.9219638109207153,0.0653654858469963,0.3716502785682678,2.5576820373535156,-0.3994082510471344,0.1863806098699570,2.4676756858825684,-0.4069454669952393,0.3772479891777039,3.1204237937927246,-0.1717455685138702,0.1983649283647537,3.0635962486267090,0.1762565970420837,0.4049231112003326,3.2161340713500977,-0.1805223524570465,0.2039570361375809,3.1582565307617188,0.2077149450778961,0.3046084344387054,3.2143034934997559,-0.7424812316894531,0.1925580352544785,3.1885113716125488,-0.2794493734836578
0.2375809401273727,0.7837432622909546,-0.9150242805480957,0.2733947932720184,0.7278622984886169,-0.8532455563545227,0.2962607145309448,0.7283802628517151,-0.8540403246879578,0.3184213042259216,0.7311047911643982,-0.8538311123847961,0.2314385473728180,0.7335345149040222,-0.8167431950569153,0.2210536003112793,0.7369506955146790,-0.8180400133132935,0.2097616940736771,0.7410150170326233,-0.8187578916549683,0.3754612207412720,0.7703555226325989,-0.4623718261718750,0.2210902720689774,0.7764136195182800,-0.2848735451698303,0.2845150530338287,0.8559091687202454,-0.7573987245559692,0.2259478121995926,0.8566961884498596,-0.7160076498985291,0.4939152300357819,1.1076706647872925,-0.2196818292140961,0.1321407258510590,1.1060957908630371,-0.0236201621592045,0.5547023415565491,1.4365092515945435,-0.4703957140445709,0.0520174689590931,1.4089884757995605,-0.1670136898756027,0.5682595968246460,1.7250652313232422,-0.9949759244918823,0.0509417876601219,1.6426490545272827,-0.5711363554000854,0.6004718542098999,1.8157602548599243,-1.1309120655059814,0.0366853699088097,1.7150390148162842,-0.6889456510543823,0.5713970065116882,1.8111414909362793,-1.1874945163726807,0.0516610629856586,1.7122269868850708,-0.7819244265556335,0.5534499287605286,1.7801158428192139,-1.0295412540435791,0.0610547363758087,1.6870125532150269,-0.6136251688003540,0.4145769178867340,1.9475551843643188,-0.0666027218103409,0.2041202783584595,1.9219638109207153,0.0653654858469963,0.3716502785682678,2.5576820373535156,-0.3994082510471344,0.1863806098699570,2.4676756858825684,-0.4069454669952393,0.3772479891777039,3.1204237937927246,-0.1717455685138702,0.1983649283647537,3.0635962486267090,0.1762565970420837,0.4049231112003326,3.2161340713500977,-0.1805223524570465,0.2039570361375809,3.1582565307617188,0.2077149450778961,0.3046084344387054,3.2143034934997559,-0.7424812316894531,0.1925580352544785,3.1885113716125488,-0.2794493734836578
0.2373323738574982,0.7855553030967712,-0.7004104256629944,0.2734196186065674,0.7284745573997498,-0.6520034074783325,0.2962773740291595,0.7289193868637085,-0.6530702114105225,0.3184453248977661,0.7316978573799133,-0.6528431177139282,0.2311678826808929,0.7346382737159729,-0.6169345378875732,0.2204272747039795,0.7383111715316772,-0.6181584596633911,0.2089408934116364,0.7425720095634460,-0.6190851926803589,0.3750070631504059,0.7722836136817932,-0.3310346007347107,0.2200500518083572,0.7785080075263977,-0.1750805974006653,0.2835375964641571,0.8563532233238220,-0.5698143243789673,0.2241425961256027,0.8570426702499390,-0.5328665375709534,0.4850648939609528,1.1090825796127319,-0.1612245142459869,0.1196518167853355,1.1015661954879761,-0.0000868710194482,0.5430304408073425,1.3882617950439453,-0.4244278967380524,0.0576024278998375,1.3359248638153076,-0.1303064078092575,0.5542360544204712,1.4949424266815186,-0.9553338289260864,0.0645341202616692,1.2560046911239624,-0.5406867265701294,0.5737624764442444,1.5219097137451172,-1.0935148000717163,0.0577676966786385,1.2275689840316772,-0.6684203147888184,0.5501566529273987,1.4852325916290283,-1.1424294710159302,0.0675521418452263,1.1936054229736328,-0.7382560968399048,0.5376450419425964,1.4783834218978882,-0.9881426692008972,0.0745572596788406,1.1100791692733765,-0.5804815888404846,0.3925679922103882,1.9483505487442017,-0.0549858100712299,0.1939943730831146,1.9139163494110107,0.0536878220736980,0.3513715863227844,2.0509824752807617,0.1151886209845543,0.1426329314708710,1.6039307117462158,-0.3000239133834839,0.3296804726123810,2.4193596839904785,0.4929293990135193,0.1997314542531967,2.1130933761596680,0.1435234844684601,0.3474538922309875,2.5076947212219238,0.5173462033271790,0.2092059850692749,2.2180016040802002,0.1815904080867767,0.2621662020683289,2.3887832164764404,0.1878298819065094,0.1939620524644852,2.1266772747039795,-0.0980825722217560
0.2339140921831131,0.7858089804649353,-0.8886352777481079,0.2702642977237701,0.7284947633743286,-0.8168775439262390,0.2933857440948486,0.7289248704910278,-0.8177238702774048,0.3152144551277161,0.7316753864288330,-0.8174903988838196,0.2269556820392609,0.7347261309623718,-0.7838202118873596,0.2154358327388763,0.7384620308876038,-0.7850162982940674,0.2036862820386887,0.7427566647529602,-0.7858373522758484,0.3720073103904724,0.7719146013259888,-0.3667748570442200,0.2141682803630829,0.7785165309906006,-0.2303200662136078,0.2819584608078003,0.8575832247734070,-0.7136470079421997,0.2217115908861160,0.8591455817222595,-0.6782989501953125,0.4950459599494934,1.1089640855789185,-0.1693007797002792,0.1174510866403580,1.1022944450378418,0.0112936878576875,0.5564922690391541,1.4559593200683594,-0.3297933340072632,0.0628466531634331,1.4912049770355225,-0.2035504579544067,0.5766998529434204,1.7037006616592407,-0.8708953857421875,0.0356386490166187,1.6219716072082520,-0.8991347551345825,0.6059147715568542,1.7819451093673706,-1.0074738264083862,0.0120012816041708,1.6670018434524536,-1.0640294551849365,0.5833132863044739,1.7676810026168823,-1.0961952209472656,0.0181646514683962,1.6443167924880981,-1.1532695293426514,0.5668628215789795,1.7394363880157471,-0.9161533117294312,0.0347824916243553,1.6219179630279541,-0.9575103521347046,0.4311000406742096,1.9235135316848755,-0.0502064749598503,0.1972085088491440,1.8989673852920532,0.0492425523698330,0.3978977501392365,2.5504772663116455,-0.3380142748355865,0.2025107592344284,2.4399111270904541,-0.6239234209060669,0.3916847705841064,3.1227095127105713,0.0262736044824123,0.2033531367778778,3.0477168560028076,-0.0369927175343037,0.4121478497982025,3.2291793823242188,0.0298908837139606,0.2110705822706223,3.1526846885681152,0.0050184726715088,0.3101529777050018,3.1989710330963135,-0.5432323217391968,0.1970652192831039,3.1468024253845215,-0.4518716335296631
0.2338132858276367,0.7860137224197388,-0.8327371478080750,0.2702849507331848,0.7284660935401917,-0.7664935588836670,0.2932080924510956,0.7288549542427063,-0.7671892642974854,0.3148374855518341,0.7314861416816711,-0.7669643759727478,0.2264145314693451,0.7347297072410583,-0.7398306131362915,0.2148132622241974,0.7384666204452515,-0.7410932183265686,0.2029620856046677,0.7427569627761841,-0.7418171167373657,0.3710045218467712,0.7715820670127869,-0.3663887381553650,0.2121619731187820,0.7784798145294189,-0.2291768342256546,0.2816483080387115,0.8576307892799377,-0.6749365329742432,0.2207254916429520,0.8593231439590454,-0.6464203000068665,0.5041853785514832,1.0977162122726440,-0.1726545542478561,0.1162007600069046,1.1024687290191650,0.0111616933718324,0.5661624073982239,1.4471257925033569,-0.3817524611949921,0.0649430677294731,1.5055869817733765,-0.1739118844270706,0.5761760473251343,1.6868299245834351,-0.9363274574279785,0.0411879047751427,1.6675167083740234,-0.8126076459884644,0.6023058295249939,1.7653201818466187,-1.0726102590560913,0.0197683218866587,1.7222603559494019,-1.0164477825164795,0.5760654807090759,1.7534902095794678,-1.1448777914047241,0.0261404365301132,1.7082818746566772,-1.0292119979858398,0.5602164864540100,1.7255065441131592,-0.9750981330871582,0.0418591760098934,1.6857517957687378,-0.8541045188903809,0.4428738951683044,1.8803368806838989,-0.0409805737435818,0.1962349712848663,1.8626945018768311,0.0400237329304218,0.4196139276027679,2.5416381359100342,-0.3788933455944061,0.2089607417583466,2.4533782005310059,-0.6627448797225952,0.4101312160491943,3.0966503620147705,-0.2327986210584641,0.1939010173082352,3.0501749515533447,-0.3431845307350159,0.4283807873725891,3.1944267749786377,-0.2506847679615021,0.1953074336051941,3.1496679782867432,-0.3298990130424500,0.3272714614868164,3.1765406131744385,-0.8009206652641296,0.1925769150257111,3.1533439159393311,-0.7857481241226196
0.2338132858276367,0.7860137224197388,-0.8327371478080750,0.2702849507331848,0.7284660935401917,-0.7664935588836670,0.2932080924510956,0.7288549542427063,-0.7671892642974854,0.3148374855518341,0.7314861416816711,-0.7669643759727478,0.2264145314693451,0.7347297072410583,-0.7398306131362915,0.2148132622241974,0.7384666204452515,-0.7410932183265686,0.2029620856046677,0.7427569627761841,-0.7418171167373657,0.3710045218467712,0.7715820670127869,-0.3663887381553650,0.2121619731187820,0.7784798145294189,-0.2291768342256546,0.2816483080387115,0.8576307892799377,-0.6749365329742432,0.2207254916429520,0.8593231439590454,-0.6464203000068665,0.5041853785514832,1.0977162122726440,-0.1726545542478561,0.1162007600069046,1.1024687290191650,0.0111616933718324,0.5661624073982239,1.4471257925033569,-0.3817524611949921,0.0649430677294731,1.5055869817733765,-0.1739118844270706,0.5761760473251343,1.6868299245834351,-0.9363274574279785,0.0411879047751427,1.6675167083740234,-0.8126076459884644,0.6023058295249939,1.7653201818466187,-1.0726102590560913,0.0197683218866587,1.7222603559494019,-1.0164477825164795,0.5760654807090759,1.7534902095794678,-1.1448777914047241,0.0261404365301132,1.7082818746566772,-1.0292119979858398,0.5602164864540100,1.7255065441131592,-0.9750981330871582,0.0418591760098934,1.6857517957687378,-0.8541045188903809,0.4428738951683044,1.8803368806838989,-0.0409805737435818,0.1962349712848663,1.8626945018768311,0.0400237329304218,0.4196139276027679,2.5416381359100342,-0.3788933455944061,0.2089607417583466,2.4533782005310059,-0.6627448797225952,0.4101312160491943,3.0966503620147705,-0.2327986210584641,0.1939010173082352,3.0501749515533447,-0.3431845307350159,0.4283807873725891,3.1944267749786377,-0.2506847679615021,0.1953074336051941,3.1496679782867432,-0.3298990130424500,0.3272714614868164,3.1765406131744385,-0.8009206652641296,0.1925769150257111,3.1533439159393311,-0.7857481241226196
0.2326153814792633,0.7860913872718811,-0.8326380848884583,0.2690729200839996,0.7280054688453674,-0.7665536403656006,0.2917487621307373,0.7280776500701904,-0.7672654390335083,0.3133851885795593,0.7304210662841797,-0.7670428752899170,0.2247460335493088,0.7347442507743835,-0.7416843771934509,0.2126630991697311,0.7386588454246521,-0.7429611682891846,0.2008887827396393,0.7431566715240479,-0.7437193989753723,0.3694698810577393,0.7700322866439819,-0.3726553618907928,0.2101585417985916,0.7789214253425598,-0.2610518932342529,0.2811005413532257,0.8575158715248108,-0.6751193404197693,0.2195611447095871,0.8592672944068909,-0.6496057510375977,0.4966296255588531,1.0980045795440674,-0.1674725711345673,0.1144413575530052,1.1026484966278076,-0.0348034277558327,0.5615690946578979,1.4501073360443115,-0.3127301335334778,0.0666508898139000,1.4923393726348877,-0.1957148015499115,0.5683734416961670,1.7086492776870728,-0.8009085655212402,0.0471275299787521,1.6593197584152222,-0.7449111342430115,0.5977843999862671,1.7924444675445557,-0.9165029525756836,0.0301247444003820,1.7177551984786987,-0.9052769541740417,0.5622706413269043,1.7783894538879395,-0.9938629269599915,0.0363704636693001,1.7020535469055176,-0.9558467864990234,0.5455240607261658,1.7489923238754272,-0.8389666676521301,0.0497107692062855,1.6798378229141235,-0.7907398343086243,0.4387750029563904,1.8774961233139038,-0.0207710079848766,0.1957804411649704,1.8588072061538696,0.0199547428637743,0.4129167497158051,2.5207009315490723,-0.2722203433513641,0.2111118137836456,2.4496562480926514,-0.5987412929534912,0.4074285030364990,3.0650193691253662,-0.1133619546890259,0.1933845132589340,3.0198173522949219,-0.2547635138034821,0.4271886348724365,3.1607081890106201,-0.0877699851989746,0.1942928135395050,3.1147878170013428,-0.2361077070236206,0.3235662281513214,3.1454458236694336,-0.5567943453788757,0.1937445849180222,3.1173624992370605,-0.6650018095970154
0.2301311045885086,0.7860794067382812,-0.7449038624763489,0.2671695649623871,0.7276018857955933,-0.6936603188514709,0.2898392677307129,0.7274188995361328,-0.6946402788162231,0.3114244937896729,0.7296568155288696,-0.6944901943206787,0.2225203812122345,0.7345607280731201,-0.6382137537002563,0.2102061957120895,0.7384040951728821,-0.6392903327941895,0.1992458999156952,0.7425073385238647,-0.6401139497756958,0.3691338598728180,0.7694948911666870,-0.3736975193023682,0.2089388668537140,0.7759283781051636,-0.1325374692678452,0.2756146788597107,0.8578550219535828,-0.6206209659576416,0.2176935970783234,0.8597007989883423,-0.5566906929016113,0.4917672276496887,1.0987395048141479,-0.2947890162467957,0.1515555679798126,1.1078137159347534,0.1067176312208176,0.5278691649436951,1.3042341470718384,-0.7255855798721313,0.1175346001982689,1.3328982591629028,-0.0937472879886627,0.4075367450714111,1.1451203823089600,-1.1572647094726562,0.1885130405426025,0.9996855258941650,-0.5275927782058716,0.3811768293380737,1.0948058366775513,-1.2893691062927246,0.2048932760953903,0.9788344502449036,-0.6445198655128479,0.3790333867073059,1.0663849115371704,-1.2652499675750732,0.1946509629487991,0.9174271821975708,-0.6542945504188538,0.3828094601631165,1.0930112600326538,-1.1571989059448242,0.1940833330154419,0.9417531490325928,-0.5513046979904175,0.4208562374114990,1.9359663724899292,-0.0995481982827187,0.2162371873855591,1.8937510251998901,0.0984575301408768,0.3587642908096313,1.8672405481338501,-0.0704976469278336,0.2150214463472366,1.4484540224075317,-0.2398941516876221,0.3985208868980408,2.1816282272338867,0.3612600266933441,0.2804080843925476,1.8424420356750488,0.2794767320156097,0.4224634170532227,2.2763016223907471,0.3958269655704498,0.2992751598358154,1.9449497461318970,0.3336054384708405,0.3155508637428284,2.1118636131286621,0.0707529187202454,0.2730799615383148,1.8053011894226074,0.1235689967870712
0.2292894124984741,0.7858694195747375,-0.7965855002403259,0.2667180895805359,0.7277650237083435,-0.7544232606887817,0.2893483936786652,0.7276438474655151,-0.7555425167083740,0.3104056119918823,0.7299335002899170,-0.7554005384445190,0.2218371629714966,0.7348026037216187,-0.6775732040405273,0.2094866484403610,0.7386525273323059,-0.6785889863967896,0.1986335217952728,0.7427198290824890,-0.6793705224990845,0.3685850799083710,0.7698950171470642,-0.4512260854244232,0.2089540064334869,0.7761638164520264,-0.1465456783771515,0.2739897370338440,0.8577881455421448,-0.6768276691436768,0.2172426283359528,0.8593984842300415,-0.5870460271835327,0.4846859574317932,1.1055642366409302,-0.4061889648437500,0.1579203307628632,1.1118278503417969,0.1681918501853943,0.5252153277397156,1.3155179023742676,-0.8522037267684937,0.1252034902572632,1.3247590065002441,0.0762878432869911,0.4300430417060852,1.2479819059371948,-1.4268826246261597,0.1786652505397797,1.0432572364807129,-0.3933352530002594,0.4165066182613373,1.2277108430862427,-1.5987117290496826,0.1940156519412994,1.0587202310562134,-0.5142127275466919,0.4068539738655090,1.1969906091690063,-1.6086995601654053,0.1874283850193024,0.9539314508438110,-0.5612176656723022,0.4046322703361511,1.2121169567108154,-1.4437526464462280,0.1859554946422577,0.9829167127609253,-0.4334414601325989,0.4098244607448578,1.9762327671051025,-0.1589875817298889,0.2181042879819870,1.9253300428390503,0.1578296869993210,0.3393822610378265,1.9478724002838135,-0.1190290004014969,0.2145539820194244,1.5374802350997925,-0.1172626987099648,0.3939293920993805,2.2894277572631836,0.3329554796218872,0.2893290519714355,1.9652760028839111,0.3730962872505188,0.4226765036582947,2.3837938308715820,0.3686152994632721,0.3168717622756958,2.0722162723541260,0.4192063808441162,0.2932698130607605,2.2336564064025879,0.0124903433024883,0.2674978971481323,1.9373089075088501,0.1612301021814346
0.2292894124984741,0.7858694195747375,-0.7965855002403259,0.2667180895805359,0.7277650237083435,-0.7544232606887817,0.2893483936786652,0.7276438474655151,-0.7555425167083740,0.3104056119918823,0.7299335002899170,-0.7554005384445190,0.2218371629714966,0.7348026037216187,-0.6775732040405273,0.2094866484403610,0.7386525273323059,-0.6785889863967896,0.1986335217952728,0.7427198290824890,-0.6793705224990845,0.3685850799083710,0.7698950171470642,-0.4512260854244232,0.2089540064334869,0.7761638164520264,-0.1465456783771515,0.2739897370338440,0.8577881455421448,-0.6768276691436768,0.2172426283359528,0.8593984842300415,-0.5870460271835327,0.4846859574317932,1.1055642366409302,-0.4061889648437500,0.1579203307628632,1.1118278503417969,0.1681918501853943,0.5252153277397156,1.3155179023742676,-0.8522037267684937,0.1252034902572632,1.3247590065002441,0.0762878432869911,0.4300430417060852,1.2479819059371948,-1.4268826246261597,0.1786652505397797,1.0432572364807129,-0.3933352530002594,0.4165066182613373,1.2277108430862427,-1.5987117290496826,0.1940156519412994,1.0587202310562134,-0.5142127275466919,0.4068539738655090,1.1969906091690063,-1.6086995601654053,0.1874283850193024,0.9539314508438110,-0.5612176656723022,0.4046322703361511,1.2121169567108154,-1.4437526464462280,0.1859554946422577,0.9829167127609253,-0.4334414601325989,0.4098244607448578,1.9762327671051025,-0.1589875817298889,0.2181042879819870,1.9253300428390503,0.1578296869993210,0.3393822610378265,1.9478724002838135,-0.1190290004014969,0.2145539820194244,1.5374802350997925,-0.1172626987099648,0.3939293920993805,2.2894277572631836,0.3329554796218872,0.2893290519714355,1.9652760028839111,0.3730962872505188,0.4226765036582947,2.3837938308715820,0.3686152994632721,0.3168717622756958,2.0722162723541260,0.4192063808441162,0.2932698130607605,2.2336564064025879,0.0124903433024883,0.2674978971481323,1.9373089075088501,0.1612301021814346
0.2269645631313324,0.7859476208686829,-0.9292906522750854,0.2649993300437927,0.7288320660591125,-0.8837901949882507,0.2871339917182922,0.7287273406982422,-0.8847905993461609,0.3082022666931152,0.7308990955352783,-0.8845240473747253,0.2208006829023361,0.7358974218368530,-0.8291624188423157,0.2085711210966110,0.7395919561386108,-0.8303807973861694,0.1979207992553711,0.7433709502220154,-0.8310617208480835,0.3684438467025757,0.7710372209548950,-0.5329357385635376,0.2092728614807129,0.7772623896598816,-0.2927288413047791,0.2713268697261810,0.8579425215721130,-0.7834480404853821,0.2157207429409027,0.8594585657119751,-0.7215144038200378,0.4896652102470398,1.1074657440185547,-0.3557154834270477,0.1342631578445435,1.1116949319839478,0.0407158695161343,0.5709662437438965,1.4185755252838135,-0.5851032733917236,0.0794595107436180,1.4127069711685181,-0.0724490806460381,0.5223364233970642,1.5853163003921509,-1.0766054391860962,0.0509848482906818,1.4372787475585938,-0.7173167467117310,0.5258091092109680,1.6387728452682495,-1.2160136699676514,0.0342234335839748,1.4551053047180176,-0.8741852045059204,0.5080109834671021,1.6075339317321777,-1.2942633628845215,0.0403889343142509,1.4219232797622681,-0.9598103761672974,0.5017055273056030,1.5932613611221313,-1.1135021448135376,0.0543773658573627,1.4193025827407837,-0.7756130695343018,0.4099665284156799,1.9744951725006104,-0.1080217137932777,0.2017397582530975,1.9259818792343140,0.1071936860680580,0.3414523601531982,2.5274307727813721,-0.0189784243702888,0.2009547203779221,2.2085862159729004,-0.4773645401000977,0.3894544541835785,3.0842394828796387,0.5090078115463257,0.1875761151313782,2.9301347732543945,-0.0805151164531708,0.4105147719383240,3.1913864612579346,0.5325750708580017,0.1917972266674042,3.0595698356628418,-0.0585265569388866,0.2958224117755890,3.1444747447967529,0.0501347295939922,0.1743891984224319,3.0227043628692627,-0.5165315866470337
0.2265106141567230,0.7879722118377686,-1.0062206983566284,0.2636086642742157,0.7292411327362061,-0.9415417909622192,0.2856526374816895,0.7290068864822388,-0.9424571990966797,0.3069497346878052,0.7310361862182617,-0.9422366023063660,0.2200936526060104,0.7366352677345276,-0.9086140394210815,0.2082118093967438,0.7405667901039124,-0.9099300503730774,0.1972569823265076,0.7447558045387268,-0.9108183979988098,0.3666205406188965,0.7706234455108643,-0.5228742361068726,0.2089805305004120,0.7787570357322693,-0.3661439120769501,0.2718194127082825,0.8596789240837097,-0.8337088823318481,0.2157038003206253,0.8615170717239380,-0.7987312078475952,0.5092796683311462,1.1059471368789673,-0.2653628587722778,0.1213538274168968,1.1137924194335938,-0.0892332345247269,0.5733391046524048,1.4254401922225952,-0.4098862111568451,0.0679402202367783,1.5020420551300049,-0.1977763772010803,0.5560554862022400,1.5682399272918701,-0.9559105634689331,0.0434146448969841,1.6545255184173584,-0.7687203884124756,0.5707602500915527,1.6115301847457886,-1.0940151214599609,0.0286807678639889,1.7005759477615356,-0.9223033785820007,0.5558046102523804,1.5834567546844482,-1.1781404018402100,0.0339575111865997,1.6790982484817505,-1.0150730609893799,0.5452836155891418,1.5705124139785767,-0.9988917112350464,0.0471525378525257,1.6599252223968506,-0.8254457712173462,0.4235865473747253,1.9703676700592041,-0.0267137251794338,0.1999827772378922,1.9321866035461426,0.0259042270481586,0.3793268799781799,2.5963826179504395,-0.0618487298488617,0.2032230198383331,2.4353833198547363,-0.6182557344436646,0.3946781158447266,3.1675448417663574,0.3838629126548767,0.1851172596216202,3.0728034973144531,-0.2022527903318405,0.4116802811622620,3.2798500061035156,0.4025820791721344,0.1852635443210602,3.1938600540161133,-0.1783816218376160,0.3253553211688995,3.2223594188690186,-0.1170532926917076,0.1803071200847626,3.1393547058105469,-0.6615440845489502
0.2263746559619904,0.7879098653793335,-0.8363643884658813,0.2635905742645264,0.7287693023681641,-0.7972573041915894,0.2856615781784058,0.7287002801895142,-0.7983023524284363,0.3069896697998047,0.7309939861297607,-0.7981620430946350,0.2200834006071091,0.7361292243003845,-0.7295647859573364,0.2081994265317917,0.7401130795478821,-0.7307170033454895,0.1972174942493439,0.7443147897720337,-0.7315358519554138,0.3666048049926758,0.7708678841590881,-0.5195035934448242,0.2089563906192780,0.7778335213661194,-0.2074998617172241,0.2714866399765015,0.8598436117172241,-0.7183001637458801,0.2148547917604446,0.8614578247070312,-0.6391912698745728,0.4758805334568024,1.1122062206268311,-0.4042612612247467,0.1498845815658569,1.1143110990524292,0.1213791221380234,0.4902738630771637,1.3433622121810913,-0.8056100606918335,0.1094829216599464,1.3216873407363892,0.0725511163473129,0.4774395525455475,1.2233231067657471,-1.2410950660705566,0.1281113028526306,1.0492742061614990,-0.2887000441551208,0.4861248135566711,1.1830962896347046,-1.3885471820831299,0.1404121369123459,1.0312798023223877,-0.3885733485221863,0.4894080758094788,1.1582154035568237,-1.4018248319625854,0.1405934989452362,0.9661000967025757,-0.4384060502052307,0.4815008044242859,1.1780806779861450,-1.2583103179931641,0.1448291093111038,0.9930215477943420,-0.3284749388694763,0.3814405202865601,2.0021429061889648,-0.1541145741939545,0.2002147883176804,1.9552444219589233,0.1532521843910217,0.2899382710456848,1.8490833044052124,-0.0725442767143250,0.1924921572208405,1.5123751163482666,-0.0846166387200356,0.3143390417098999,2.0941882133483887,0.3656033873558044,0.2230445146560669,1.7215751409530640,0.3625913560390472,0.3540656864643097,2.1846652030944824,0.3763573765754700,0.2390992641448975,1.8035061359405518,0.4060648381710052,0.2214542627334595,1.9993013143539429,-0.0071264868602157,0.2118635177612305,1.6317874193191528,0.1850804686546326
0.2263746559619904,0.7879098653793335,-0.8363643884658813,0.2635905742645264,0.7287693023681641,-0.7972573041915894,0.2856615781784058,0.7287002801895142,-0.7983023524284363,0.3069896697998047,0.7309939861297607,-0.7981620430946350,0.2200834006071091,0.7361292243003845,-0.7295647859573364,0.2081994265317917,0.7401130795478821,-0.7307170033454895,0.1972174942493439,0.7443147897720337,-0.7315358519554138,0.3666048049926758,0.7708678841590881,-0.5195035934448242,0.2089563906192780,0.7778335213661194,-0.2074998617172241,0.2714866399765015,0.8598436117172241,-0.7183001637458801,0.2148547917604446,0.8614578247070312,-0.6391912698745728,0.4758805334568024,1.1122062206268311,-0.4042612612247467,0.1498845815658569,1.1143110990524292,0.1213791221380234,0.4902738630771637,1.3433622121810913,-0.8056100606918335,0.1094829216599464,1.3216873407363892,0.0725511163473129,0.4774395525455475,1.2233231067657471,-1.2410950660705566,0.1281113028526306,1.0492742061614990,-0.2887000441551208,0.4861248135566711,1.1830962896347046,-1.3885471820831299,0.1404121369123459,1.0312798023223877,-0.3885733485221863,0.4894080758094788,1.1582154035568237,-1.4018248319625854,0.1405934989452362,0.9661000967025757,-0.4384060502052307,0.4815008044242859,1.1780806779861450,-1.2583103179931641,0.1448291093111038,0.9930215477943420,-0.3284749388694763,0.3814405202865601,2.0021429061889648,-0.1541145741939545,0.2002147883176804,1.9552444219589233,0.1532521843910217,0.2899382710456848,1.8490833044052124,-0.0725442767143250,0.1924921572208405,1.5123751163482666,-0.0846166387200356,0.3143390417098999,2.0941882133483887,0.3656033873558044,0.2230445146560669,1.7215751409530640,0.3625913560390472,0.3540656864643097,2.1846652030944824,0.3763573765754700,0.2390992641448975,1.8035061359405518,0.4060648381710052,0.2214542627334595,1.9993013143539429,-0.0071264868602157,0.2118635177612305,1.6317874193191528,0.1850804686546326
0.2232048213481903,0.7884749770164490,-0.9734614491462708,0.2618368864059448,0.7296184897422791,-0.9204195737838745,0.2839749753475189,0.7296234965324402,-0.9213145971298218,0.3046926856040955,0.7318310141563416,-0.9211114645004272,0.2183222025632858,0.7366235256195068,-0.8610678911209106,0.2063482999801636,0.7403751015663147,-0.8623040318489075,0.1958506405353546,0.7443345785140991,-0.8629926443099976,0.3654634356498718,0.7710599303245544,-0.5563852190971375,0.2087914943695068,0.7776256203651428,-0.2748031020164490,0.2683565616607666,0.8600072860717773,-0.8224543333053589,0.2122357785701752,0.8614374399185181,-0.7514481544494629,0.4875701367855072,1.1121248006820679,-0.4029230475425720,0.1309433281421661,1.1151103973388672,0.1012835875153542,0.5306447148323059,1.4551607370376587,-0.7036777138710022,0.0708153620362282,1.4546455144882202,0.0242912285029888,0.5376026034355164,1.7117309570312500,-1.2086101770401001,0.0375110469758511,1.6179144382476807,-0.6121331453323364,0.5669994950294495,1.7922650575637817,-1.3661253452301025,0.0175513476133347,1.6749416589736938,-0.7513111233711243,0.5441812872886658,1.7838467359542847,-1.4278982877731323,0.0277562327682972,1.6620727777481079,-0.8626931309700012,0.5288165807723999,1.7571356296539307,-1.2424076795578003,0.0434284806251526,1.6416108608245850,-0.6806545853614807,0.4026557803153992,1.9848768711090088,-0.1501278877258301,0.1952412128448486,1.9494769573211670,0.1492232978343964,0.3743104338645935,2.5885794162750244,-0.5081462860107422,0.1924508064985275,2.4995391368865967,-0.2403765916824341,0.3603502213954926,3.1648788452148438,-0.3389031291007996,0.1953074336051941,3.0814008712768555,0.2810705006122589,0.3923261761665344,3.2700572013854980,-0.3553895354270935,0.2048121690750122,3.1803975105285645,0.3213006854057312,0.2236255407333374,3.2483065128326416,-0.9638870358467102,0.1677324175834656,3.1958532333374023,-0.0585513338446617
0.2232437878847122,0.7889686226844788,-0.8003317713737488,0.2618668675422668,0.7289111614227295,-0.7478967308998108,0.2845857739448547,0.7282504439353943,-0.7489644885063171,0.3064985275268555,0.7303992509841919,-0.7488269209861755,0.2181405723094940,0.7366088032722473,-0.6888548135757446,0.2063457071781158,0.7403783202171326,-0.6899213194847107,0.1958108246326447,0.7443427443504333,-0.6907472610473633,0.3657924234867096,0.7710679769515991,-0.4267481267452240,0.2086908817291260,0.7777573466300964,-0.1564912199974060,0.2683656811714172,0.8604426980018616,-0.6691738367080688,0.2121335566043854,0.8617981672286987,-0.6006222367286682,0.4749103486537933,1.1120711565017700,-0.3674456179141998,0.1497651636600494,1.1178110837936401,0.1417213976383209,0.4922767579555511,1.2772843837738037,-0.7767657041549683,0.1065507158637047,1.2941679954528809,0.0322182551026344,0.4092075228691101,1.1280338764190674,-1.2554426193237305,0.1087150126695633,1.0661910772323608,-0.3706881701946259,0.3942531943321228,1.0777837038040161,-1.4116342067718506,0.1102358326315880,0.9923557639122009,-0.4867975711822510,0.3922898471355438,1.0542312860488892,-1.4169894456863403,0.1052089333534241,0.9610286951065063,-0.5268468856811523,0.3926258385181427,1.0765827894210815,-1.2701251506805420,0.1408149600028992,0.9594662785530090,-0.4083155095577240,0.3871901631355286,2.0015921592712402,-0.1422136425971985,0.2078030854463577,1.9642245769500732,0.1412144601345062,0.2881161868572235,1.8294143676757812,-0.0405345670878887,0.2011677026748657,1.5065215826034546,0.0837420076131821,0.3535692095756531,2.0776782035827637,0.4329060912132263,0.2765674293041229,1.7089325189590454,0.5352720022201538,0.3925124406814575,2.1682965755462646,0.4655340611934662,0.3007847964763641,1.8001463413238525,0.5732903480529785,0.2459701597690582,1.9724129438400269,0.0758725777268410,0.2545993924140930,1.5820834636688232,0.2661607265472412
0.2230410873889923,0.7877675294876099,-0.8071111440658569,0.2615698873996735,0.7288991808891296,-0.7571622729301453,0.2843500077724457,0.7282446622848511,-0.7582162022590637,0.3064189553260803,0.7304009795188904,-0.7580326199531555,0.2179168909788132,0.7365053296089172,-0.6987287402153015,0.2062531262636185,0.7402337789535522,-0.6998749971389771,0.1956219077110291,0.7441142797470093,-0.7006627321243286,0.3651875853538513,0.7710181474685669,-0.4288896620273590,0.2086097002029419,0.7772707343101501,-0.1647706776857376,0.2683993875980377,0.8596447706222534,-0.6738002300262451,0.2121413499116898,0.8591734766960144,-0.6058310270309448,0.4755907058715820,1.1114219427108765,-0.3591763377189636,0.1495422124862671,1.1175225973129272,0.1577756702899933,0.5258115530014038,1.2884750366210938,-0.7750022411346436,0.1001881211996078,1.3524209260940552,0.0862414836883545,0.4621747434139252,1.2236722707748413,-1.3751879930496216,0.1071760281920433,1.3218575716018677,-0.3922026157379150,0.4563036561012268,1.2034939527511597,-1.5467803478240967,0.1089671403169632,1.3081316947937012,-0.5156804919242859,0.4452689290046692,1.1767185926437378,-1.5591902732849121,0.1050416827201843,1.2774989604949951,-0.5832142829895020,0.4435528218746185,1.1896312236785889,-1.3933365345001221,0.1321183145046234,1.2760906219482422,-0.4408652782440186,0.3883159160614014,1.9988616704940796,-0.1364168226718903,0.1997790038585663,1.9615939855575562,0.1354095190763474,0.3055788576602936,2.3540797233581543,0.0029114482458681,0.1644787639379501,1.9318995475769043,-0.4237057268619537,0.3525108993053436,2.8226008415222168,0.5547648668289185,0.1691227257251740,2.5640089511871338,-0.0347955748438835,0.3847709596157074,2.9219563007354736,0.5886929035186768,0.1805544942617416,2.6821489334106445,-0.0045303003862500,0.2518752217292786,2.8465485572814941,0.1815541833639145,0.1441460251808167,2.6303751468658447,-0.3501904308795929
0.2224427759647369,0.7883899211883545,-0.8365942835807800,0.2599950730800629,0.7290163636207581,-0.7848924398422241,0.2825666368007660,0.7284448146820068,-0.7857916355133057,0.3039669990539551,0.7304879426956177,-0.7856059074401855,0.2174516916275024,0.7365128993988037,-0.7368808388710022,0.2058229148387909,0.7402450442314148,-0.7382065057754517,0.1952124238014221,0.7441391348838806,-0.7390022873878479,0.3637556433677673,0.7707242965698242,-0.4334002137184143,0.2085407227277756,0.7773047089576721,-0.2063377201557159,0.2680978178977966,0.8604639768600464,-0.6904773116111755,0.2119950056076050,0.8611620068550110,-0.6343765854835510,0.4829890727996826,1.1136012077331543,-0.2924634814262390,0.1489663422107697,1.1205155849456787,0.1265097707509995,0.5527442693710327,1.4860501289367676,-0.4351400434970856,0.0903688147664070,1.5016521215438843,0.0547644793987274,0.5385760068893433,1.7937039136886597,-0.8999312520027161,0.0685715898871422,1.7108573913574219,-0.4078671932220459,0.5621458888053894,1.8842635154724121,-1.0219509601593018,0.0538298971951008,1.7722133398056030,-0.5177482962608337,0.5355864763259888,1.8739944696426392,-1.0981333255767822,0.0536420643329620,1.7590134143829346,-0.6091897487640381,0.5207726359367371,1.8426541090011597,-0.9357322454452515,0.0726168751716614,1.7344913482666016,-0.4616248011589050,0.4120767116546631,1.9760187864303589,-0.1203145608305931,0.1988707780838013,1.9453557729721069,0.1193878501653671,0.3540486991405487,2.6002869606018066,-0.3275517821311951,0.1674925237894058,2.4658286571502686,-0.5361649394035339,0.3546659350395203,3.1830964088439941,-0.1832829117774963,0.1565404832363129,3.1133205890655518,-0.2203128039836884,0.3854300379753113,3.2943985462188721,-0.1998793035745621,0.1637677103281021,3.2236783504486084,-0.2047846764326096,0.2545562982559204,3.2489326000213623,-0.7371349334716797,0.1338797658681870,3.2185173034667969,-0.6279807090759277
0.2225360572338104,0.7883585095405579,-0.8036173582077026,0.2600694000720978,0.7287069559097290,-0.7592112421989441,0.2827755808830261,0.7283048629760742,-0.7602580785751343,0.3043335974216461,0.7305085659027100,-0.7600730657577515,0.2175194025039673,0.7363187074661255,-0.7025185823440552,0.2058278322219849,0.7401762604713440,-0.7037396430969238,0.1952046453952789,0.7441171407699585,-0.7046240568161011,0.3638650476932526,0.7711710333824158,-0.4352725446224213,0.2083197385072708,0.7772752642631531,-0.1871567517518997,0.2681281268596649,0.8604515194892883,-0.6737098097801208,0.2118712961673737,0.8610945343971252,-0.6082077026367188,0.4690185189247131,1.1138155460357666,-0.3356453776359558,0.1516083031892776,1.1131283044815063,0.1318742036819458,0.4962890744209290,1.3594231605529785,-0.5967331528663635,0.1033156514167786,1.3160108327865601,0.0876649543642998,0.4560790657997131,1.3514554500579834,-0.9899724721908569,0.1066791564226151,1.0810487270355225,-0.3375443816184998,0.4561123251914978,1.3480031490325928,-1.1370016336441040,0.1238842159509659,1.0661185979843140,-0.4539862275123596,0.4486040472984314,1.3117572069168091,-1.1689875125885010,0.1452735066413879,1.0011340379714966,-0.5179265737533569,0.4446095824241638,1.3172702789306641,-1.0143933296203613,0.1518794000148773,0.9942977428436279,-0.3822216391563416,0.3819462358951569,1.9781903028488159,-0.1409104317426682,0.1986495554447174,1.9425354003906250,0.1397677659988403,0.3145036697387695,1.8819924592971802,-0.1625500917434692,0.1672655493021011,1.4543786048889160,-0.1414074599742889,0.3202079236507416,2.2146868705749512,0.0772249624133110,0.2363403141498566,1.8324404954910278,0.2659378945827484,0.3535787165164948,2.3097443580627441,0.1095944792032242,0.2602399885654449,1.9343535900115967,0.3056183159351349,0.2353252619504929,2.1560704708099365,-0.1678943783044815,0.2289697676897049,1.7877318859100342,0.0620384030044079
0.2225270271301270,0.7878961563110352,-0.8073588609695435,0.2599038779735565,0.7288367748260498,-0.7514698505401611,0.2826299965381622,0.7285411357879639,-0.7522838711738586,0.3041140437126160,0.7306403517723083,-0.7520639896392822,0.2175383567810059,0.7362349033355713,-0.7062234878540039,0.2059233933687210,0.7399524450302124,-0.7074157595634460,0.1952540427446365,0.7436723709106445,-0.7083119153976440,0.3626735508441925,0.7708609700202942,-0.3666928112506866,0.2083119153976440,0.7770478725433350,-0.2162380516529083,0.2673085033893585,0.8597679734230042,-0.6617262959480286,0.2118627279996872,0.8598645925521851,-0.6103209853172302,0.4780164659023285,1.0984688997268677,-0.1151381507515907,0.1057298183441162,1.0960050821304321,-0.0131436362862587,0.5350897312164307,1.4217461347579956,-0.2482727020978928,0.0228311754763126,1.4062721729278564,-0.1146405339241028,0.5453637838363647,1.6809166669845581,-0.7725884318351746,0.0115668829530478,1.6812438964843750,-0.5477069616317749,0.5731347799301147,1.7655237913131714,-0.8934000134468079,-0.0049388641491532,1.7701665163040161,-0.6720530986785889,0.5459755659103394,1.7563192844390869,-0.9791222810745239,0.0208655335009098,1.7703639268875122,-0.7594192028045654,0.5282290577888489,1.7269271612167358,-0.8159438967704773,0.0347811430692673,1.7369008064270020,-0.5962677597999573,0.3902139067649841,1.8962683677673340,-0.0270581040531397,0.1704949438571930,1.8770523071289062,0.0258646253496408,0.3548974096775055,2.4770431518554688,-0.3391966223716736,0.1599544137716293,2.4183397293090820,-0.5813195705413818,0.3482445180416107,3.0665998458862305,-0.1742737889289856,0.1560700386762619,3.0376286506652832,-0.1261672675609589,0.3640750050544739,3.1635572910308838,-0.1872406303882599,0.1568963974714279,3.1281816959381104,-0.0980088263750076,0.2781528234481812,3.1721041202545166,-0.7391887903213501,0.1745615899562836,3.1791656017303467,-0.5435889959335327
0.2225270271301270,0.7878961563110352,-0.8073588609695435,0.2599038779735565,0.7288367748260498,-0.7514698505401611,0.2826299965381622,0.7285411357879639,-0.7522838711738586,0.3041140437126160,0.7306403517723083,-0.7520639896392822,0.2175383567810059,0.7362349033355713,-0.7062234878540039,0.2059233933687210,0.7399524450302124,-0.7074157595634460,0.1952540427446365,0.7436723709106445,-0.7083119153976440,0.3626735508441925,0.7708609700202942,-0.3666928112506866,0.2083119153976440,0.7770478725433350,-0.2162380516529083,0.2673085033893585,0.8597679734230042,-0.6617262959480286,0.2118627279996872,0.8598645925521851,-0.6103209853172302,0.4780164659023285,1.0984688997268677,-0.1151381507515907,0.1057298183441162,1.0960050821304321,-0.0131436362862587,0.5350897312164307,1.4217461347579956,-0.2482727020978928,0.0228311754763126,1.4062721729278564,-0.1146405339241028,0.5453637838363647,1.6809166669845581,-0.7725884318351746,0.0115668829530478,1.6812438964843750,-0.5477069616317749,0.5731347799301147,1.7655237913131714,-0.8934000134468079,-0.0049388641491532,1.7701665163040161,-0.6720530986785889,0.5459755659103394,1.7563192844390869,-0.9791222810745239,0.0208655335009098,1.7703639268875122,-0.7594192028045654,0.5282290577888489,1.7269271612167358,-0.8159438967704773,0.0347811430692673,1.7369008064270020,-0.5962677597999573,0.3902139067649841,1.8962683677673340,-0.0270581040531397,0.1704949438571930,1.8770523071289062,0.0258646253496408,0.3548974096775055,2.4770431518554688,-0.3391966223716736,0.1599544137716293,2.4183397293090820,-0.5813195705413818,0.3482445180416107,3.0665998458862305,-0.1742737889289856,0.1560700386762619,3.0376286506652832,-0.1261672675609589,0.3640750050544739,3.1635572910308838,-0.1872406303882599,0.1568963974714279,3.1281816959381104,-0.0980088263750076,0.2781528234481812,3.1721041202545166,-0.7391887903213501,0.1745615899562836,3.1791656017303467,-0.5435889959335327
0.2225441634654999,0.7885285615921021,-0.6517719030380249,0.2609004676342010,0.7288448810577393,-0.6129450201988220,0.2835700511932373,0.7284667491912842,-0.6139094829559326,0.3048261702060699,0.7302814722061157,-0.6136387586593628,0.2175336331129074,0.7366991043090820,-0.5553115010261536,0.2059281170368195,0.7406752705574036,-0.5564330816268921,0.1953136622905731,0.7445210814476013,-0.5572171807289124,0.3627516627311707,0.7704867720603943,-0.3225904107093811,0.2098134011030197,0.7768234610557556,-0.0746756717562675,0.2669669985771179,0.8602663874626160,-0.5345036983489990,0.2117710858583450,0.8598664402961731,-0.4681847691535950,0.4796675145626068,1.0573452711105347,-0.1756624430418015,0.1332877427339554,1.0951498746871948,0.2039432823657990,0.5331043004989624,1.2782043218612671,-0.5957478284835815,0.0812079831957817,1.4049795866012573,0.1953539252281189,0.4465382099151611,1.1941772699356079,-1.1296930313110352,0.0712574422359467,1.5712803602218628,-0.1590161025524139,0.4275739192962646,1.1744734048843384,-1.2793148756027222,0.0597777888178825,1.6588859558105469,-0.2493801862001419,0.4163945615291595,1.1360914707183838,-1.2633793354034424,0.0626399144530296,1.6337163448333740,-0.3222861289978027,0.4182033538818359,1.1540071964263916,-1.1338987350463867,0.0696727037429810,1.5841645002365112,-0.2034695595502853,0.4051259160041809,1.9010080099105835,-0.0677126497030258,0.1987567842006683,1.8722351789474487,0.0664312839508057,0.3589062690734863,2.0761091709136963,-0.1908126324415207,0.1679710149765015,1.7233589887619019,-0.5084774494171143,0.3678355813026428,2.5888605117797852,0.0676808506250381,0.2011106759309769,2.3278012275695801,-0.0923508033156395,0.3895732164382935,2.6975998878479004,0.0878970772027969,0.2094970941543579,2.4397721290588379,-0.0527541637420654,0.2929285168647766,2.6149609088897705,-0.1822220683097839,0.2110584974288940,2.3970811367034912,-0.3938365280628204
0.2229679524898529,0.7878977656364441,-0.7225142717361450,0.2616421282291412,0.7276660799980164,-0.6720850467681885,0.2846233546733856,0.7273837924003601,-0.6729480624198914,0.3060670197010040,0.7296851873397827,-0.6726242303848267,0.2179017513990402,0.7352727055549622,-0.6275852918624878,0.2060901224613190,0.7390566468238831,-0.6287569403648376,0.1956075578927994,0.7423717975616455,-0.6295518279075623,0.3639749884605408,0.7714357376098633,-0.3852031826972961,0.2097636759281158,0.7750129699707031,-0.1122265458106995,0.2660410404205322,0.8602774739265442,-0.5653816461563110,0.2113777846097946,0.8597592711448669,-0.5357474684715271,0.4673646986484528,1.0975331068038940,-0.4153023362159729,0.1657867729663849,1.1135237216949463,0.2068181931972504,0.4660292565822601,1.2867448329925537,-0.9154167175292969,0.1459855884313583,1.2916140556335449,0.2059018313884735,0.4114933013916016,1.1225758790969849,-1.3742907047271729,0.1891742646694183,1.0693765878677368,-0.0502359457314014,0.4064124226570129,1.0674350261688232,-1.5330078601837158,0.2023489773273468,1.0062634944915771,-0.1370147466659546,0.4072642922401428,1.0438209772109985,-1.5219566822052002,0.1976379901170731,0.9741792678833008,-0.1778002083301544,0.4044803082942963,1.0711884498596191,-1.3832243680953979,0.1976426541805267,0.9569308757781982,-0.0847816318273544,0.3891591429710388,1.9881314039230347,-0.1763598769903183,0.2109771966934204,1.9477388858795166,0.1754925400018692,0.2832546234130859,1.8451377153396606,-0.1062717661261559,0.1786824315786362,1.5219576358795166,-0.0556257441639900,0.3273464739322662,2.0920622348785400,0.4007647037506104,0.2500727176666260,1.7844926118850708,0.4178877472877502,0.3774327933788300,2.1773507595062256,0.4429395198822021,0.2750958800315857,1.8708419799804688,0.4640921950340271,0.2116813212633133,2.0142037868499756,0.1171677261590958,0.2269735634326935,1.7197092771530151,0.2152910977602005
0.2229679524898529,0.7878977656364441,-0.7225142717361450,0.2616421282291412,0.7276660799980164,-0.6720850467681885,0.2846233546733856,0.7273837924003601,-0.6729480624198914,0.3060670197010040,0.7296851873397827,-0.6726242303848267,0.2179017513990402,0.7352727055549622,-0.6275852918624878,0.2060901224613190,0.7390566468238831,-0.6287569403648376,0.1956075578927994,0.7423717975616455,-0.6295518279075623,0.3639749884605408,0.7714357376098633,-0.3852031826972961,0.2097636759281158,0.7750129699707031,-0.1122265458106995,0.2660410404205322,0.8602774739265442,-0.5653816461563110,0.2113777846097946,0.8597592711448669,-0.5357474684715271,0.4673646986484528,1.0975331068038940,-0.4153023362159729,0.1657867729663849,1.1135237216949463,0.2068181931972504,0.4660292565822601,1.2867448329925537,-0.9154167175292969,0.1459855884313583,1.2916140556335449,0.2059018313884735,0.4114933013916016,1.1225758790969849,-1.3742907047271729,0.1891742646694183,1.0693765878677368,-0.0502359457314014,0.4064124226570129,1.0674350261688232,-1.5330078601837158,0.2023489773273468,1.0062634944915771,-0.1370147466659546,0.4072642922401428,1.0438209772109985,-1.5219566822052002,0.1976379901170731,0.9741792678833008,-0.1778002083301544,0.4044803082942963,1.0711884498596191,-1.3832243680953979,0.1976426541805267,0.9569308757781982,-0.0847816318273544,0.3891591429710388,1.9881314039230347,-0.1763598769903183,0.2109771966934204,1.9477388858795166,0.1754925400018692,0.2832546234130859,1.8451377153396606,-0.1062717661261559,0.1786824315786362,1.5219576358795166,-0.0556257441639900,0.3273464739322662,2.0920622348785400,0.4007647037506104,0.2500727176666260,1.7844926118850708,0.4178877472877502,0.3774327933788300,2.1773507595062256,0.4429395198822021,0.2750958800315857,1.8708419799804688,0.4640921950340271,0.2116813212633133,2.0142037868499756,0.1171677261590958,0.2269735634326935,1.7197092771530151,0.2152910977602005
0.2227318584918976,0.7878857254981995,-0.9671042561531067,0.2615621685981750,0.7283298373222351,-0.9060951471328735,0.2845333218574524,0.7282285690307617,-0.9069882631301880,0.3057771027088165,0.7305004000663757,-0.9067242741584778,0.2176463603973389,0.7355788946151733,-0.8699251413345337,0.2057927548885345,0.7392060756683350,-0.8712019920349121,0.1954707652330399,0.7424054741859436,-0.8719577789306641,0.3639867603778839,0.7718936204910278,-0.5067165493965149,0.2098307311534882,0.7752014398574829,-0.3269125223159790,0.2658447027206421,0.8602685928344727,-0.7973037362098694,0.2111018151044846,0.8596534729003906,-0.7616078257560730,0.4833842217922211,1.1055611371994019,-0.3514543473720551,0.1389799118041992,1.1088155508041382,-0.0273968577384949,0.5275827646255493,1.4581303596496582,-0.4779009819030762,0.0549231097102165,1.4068367481231689,-0.2206056416034698,0.5316311120986938,1.7327713966369629,-0.9682700037956238,0.0048836879432201,1.5589803457260132,-0.8785482645034790,0.5547590255737305,1.8200594186782837,-1.1004511117935181,-0.0239882767200470,1.6077804565429688,-1.0357019901275635,0.5351879000663757,1.8083040714263916,-1.1956952810287476,-0.0130376052111387,1.5983567237854004,-1.1282644271850586,0.5213075876235962,1.7774388790130615,-1.0146009922027588,0.0049268370494246,1.5791326761245728,-0.9384471774101257,0.3903253078460693,1.9730308055877686,-0.0997034758329391,0.1835389733314514,1.9316217899322510,0.0987357273697853,0.3403637409210205,2.5672528743743896,-0.2556285262107849,0.1637973487377167,2.4183161258697510,-0.3027914166450500,0.3381904959678650,3.1509523391723633,-0.0028201828245074,0.1657327711582184,3.0586075782775879,0.2310419529676437,0.3771953284740448,3.2577841281890869,-0.0112543134018779,0.1733904182910919,3.1661524772644043,0.2599950432777405,0.2448730468750000,3.2316794395446777,-0.5796203613281250,0.1492290049791336,3.1750588417053223,-0.2167046070098877
0.2231162786483765,0.7867954373359680,-0.9141085743904114,0.2617570161819458,0.7278128862380981,-0.8534581065177917,0.2846685051918030,0.7280271053314209,-0.8543203473091125,0.3058071732521057,0.7305056452751160,-0.8541036844253540,0.2180776894092560,0.7341175675392151,-0.8143523931503296,0.2060641497373581,0.7373472452163696,-0.8156121969223022,0.1957595050334930,0.7400184869766235,-0.8163692355155945,0.3635328412055969,0.7718185186386108,-0.4935826361179352,0.2100125849246979,0.7710115313529968,-0.2826115489006042,0.2658356428146362,0.8576125502586365,-0.7560950517654419,0.2111083269119263,0.8577879071235657,-0.7129657268524170,0.4891286790370941,1.0952290296554565,-0.2411170452833176,0.1156136840581894,1.1050684452056885,0.0149038936942816,0.5547727346420288,1.4859071969985962,-0.3520375490188599,0.0551657676696777,1.4936916828155518,-0.1947750151157379,0.5661082863807678,1.7858300209045410,-0.8530750274658203,0.0141002787277102,1.7287162542343140,-0.5508927702903748,0.5960212945938110,1.8754556179046631,-0.9766634702682495,-0.0082576740533113,1.7968496084213257,-0.6242048144340515,0.5705904960632324,1.8709635734558105,-1.0628970861434937,-0.0043271360918880,1.7926157712936401,-0.8790427446365356,0.5533624887466431,1.8389236927032471,-0.8949945569038391,0.0108881229534745,1.7652461528778076,-0.6451437473297119,0.4076894819736481,1.9187020063400269,-0.0851395204663277,0.1686975806951523,1.8803006410598755,0.0840509384870529,0.3902602195739746,2.5823280811309814,-0.5118712186813354,0.1645908802747726,2.5208420753479004,-0.4378545880317688,0.3638559281826019,3.1694037914276123,-0.4139665961265564,0.1635310500860214,3.1168141365051270,0.0970448479056358,0.3892228901386261,3.2744288444519043,-0.4351941645145416,0.1682507246732712,3.2123823165893555,0.1324432939291000,0.2656988501548767,3.2556076049804688,-1.0227824449539185,0.1512825787067413,3.2403519153594971,-0.2984611690044403
0.2242659777402878,0.7868195772171021,-0.7151254415512085,0.2624452412128448,0.7278597354888916,-0.6716782450675964,0.2848665118217468,0.7280854582786560,-0.6727498769760132,0.3061277568340302,0.7305604815483093,-0.6725795269012451,0.2189913541078568,0.7341572046279907,-0.6271778345108032,0.2072255313396454,0.7374421954154968,-0.6283671259880066,0.1966404616832733,0.7403360605239868,-0.6292911171913147,0.3638769388198853,0.7720340490341187,-0.3832445144653320,0.2101956158876419,0.7718585729598999,-0.1803797483444214,0.2675558030605316,0.8575955033302307,-0.5946561098098755,0.2115203440189362,0.8576958775520325,-0.5457732081413269,0.4796621799468994,1.1012847423553467,-0.2417026013135910,0.1137476116418839,1.1030399799346924,0.0323269739747047,0.5355868339538574,1.3858354091644287,-0.4212986826896667,0.0584491901099682,1.3785818815231323,-0.1016808748245239,0.4775817990303040,1.3912621736526489,-0.9460371732711792,0.0546095259487629,1.1370114088058472,-0.4995793402194977,0.4688642024993896,1.3897763490676880,-1.0781354904174805,0.0766183659434319,1.2035088539123535,-0.5895351171493530,0.4573133885860443,1.3550866842269897,-1.1256860494613647,0.0803967118263245,1.1631902456283569,-0.8569908142089844,0.4550004005432129,1.3624274730682373,-0.9767120480537415,0.0631863102316856,1.0911979675292969,-0.5951480865478516,0.3868530988693237,1.9426234960556030,-0.0821002349257469,0.1705165058374405,1.8930180072784424,0.0809533745050430,0.3341631293296814,1.9822287559509277,0.0042211473919451,0.1501508504152298,1.5796506404876709,-0.4228952825069427,0.3117089867591858,2.3918936252593994,0.2986668050289154,0.1961376965045929,2.0601992607116699,0.0442428924143314,0.3339489102363586,2.4890480041503906,0.3165443241596222,0.2127191275358200,2.1619210243225098,0.0814206153154373,0.2340111285448074,2.3721764087677002,0.0017537757521495,0.2059120386838913,2.0722119808197021,-0.2572695314884186
0.2242659777402878,0.7868195772171021,-0.7151254415512085,0.2624452412128448,0.7278597354888916,-0.6716782450675964,0.2848665118217468,0.7280854582786560,-0.6727498769760132,0.3061277568340302,0.7305604815483093,-0.6725795269012451,0.2189913541078568,0.7341572046279907,-0.6271778345108032,0.2072255313396454,0.7374421954154968,-0.6283671259880066,0.1966404616832733,0.7403360605239868,-0.6292911171913147,0.3638769388198853,0.7720340490341187,-0.3832445144653320,0.2101956158876419,0.7718585729598999,-0.1803797483444214,0.2675558030605316,0.8575955033302307,-0.5946561098098755,0.2115203440189362,0.8576958775520325,-0.5457732081413269,0.4796621799468994,1.1012847423553467,-0.2417026013135910,0.1137476116418839,1.1030399799346924,0.0323269739747047,0.5355868339538574,1.3858354091644287,-0.4212986826896667,0.0584491901099682,1.3785818815231323,-0.1016808748245239,0.4775817990303040,1.3912621736526489,-0.9460371732711792,0.0546095259487629,1.1370114088058472,-0.4995793402194977,0.4688642024993896,1.3897763490676880,-1.0781354904174805,0.0766183659434319,1.2035088539123535,-0.5895351171493530,0.4573133885860443,1.3550866842269897,-1.1256860494613647,0.0803967118263245,1.1631902456283569,-0.8569908142089844,0.4550004005432129,1.3624274730682373,-0.9767120480537415,0.0631863102316856,1.0911979675292969,-0.5951480865478516,0.3868530988693237,1.9426234960556030,-0.0821002349257469,0.1705165058374405,1.8930180072784424,0.0809533745050430,0.3341631293296814,1.9822287559509277,0.0042211473919451,0.1501508504152298,1.5796506404876709,-0.4228952825069427,0.3117089867591858,2.3918936252593994,0.2986668050289154,0.1961376965045929,2.0601992607116699,0.0442428924143314,0.3339489102363586,2.4890480041503906,0.3165443241596222,0.2127191275358200,2.1619210243225098,0.0814206153154373,0.2340111285448074,2.3721764087677002,0.0017537757521495,0.2059120386838913,2.0722119808197021,-0.2572695314884186
0.2258692979812622,0.7859027981758118,-0.7496898174285889,0.2640340328216553,0.7277454733848572,-0.6942048072814941,0.2869467139244080,0.7280924916267395,-0.6952268481254578,0.3087650537490845,0.7306485772132874,-0.6950715780258179,0.2204726189374924,0.7335085272789001,-0.6462622880935669,0.2089233696460724,0.7366783618927002,-0.6474289894104004,0.1979153454303741,0.7397250533103943,-0.6483625173568726,0.3658104836940765,0.7718514800071716,-0.3677936196327209,0.2112773209810257,0.7717680335044861,-0.1585436612367630,0.2686542272567749,0.8587099909782410,-0.6185408830642700,0.2121386975049973,0.8575890660285950,-0.5637893676757812,0.4808085858821869,1.1150543689727783,-0.2731670439243317,0.1314758807420731,1.0977545976638794,0.0674485117197037,0.4602046012878418,1.2762184143066406,-0.7483753561973572,0.0716235414147377,1.2238465547561646,-0.1637846529483795,0.3870524466037750,1.1100486516952515,-1.0472831726074219,0.1244250386953354,0.9968750476837158,-0.6006138920783997,0.3732423186302185,1.0597285032272339,-1.1832544803619385,0.1436076164245605,0.9298315048217773,-0.7346783280372620,0.3762050867080688,1.0373530387878418,-1.1913150548934937,0.1585205495357513,0.8894832134246826,-0.7579864263534546,0.3760636448860168,1.0582531690597534,-1.0630674362182617,0.1615552902221680,0.8868886232376099,-0.6295915842056274,0.3904652297496796,1.9718070030212402,-0.0955703705549240,0.2002439796924591,1.9268231391906738,0.0943391174077988,0.3188613355159760,1.7654274702072144,0.0541978888213634,0.1993149816989899,1.4134219884872437,-0.0045005842112005,0.3789745271205902,1.9853084087371826,0.4404451847076416,0.2782963812351227,1.6295568943023682,0.4207774102687836,0.4095626771450043,2.0672552585601807,0.4628434777259827,0.2993592619895935,1.7185227870941162,0.4578006863594055,0.2899995148181915,1.8845809698104858,0.0595121458172798,0.2763062417507172,1.5146763324737549,0.1474115550518036
0.2258692979812622,0.7859027981758118,-0.7496898174285889,0.2640340328216553,0.7277454733848572,-0.6942048072814941,0.2869467139244080,0.7280924916267395,-0.6952268481254578,0.3087650537490845,0.7306485772132874,-0.6950715780258179,0.2204726189374924,0.7335085272789001,-0.6462622880935669,0.2089233696460724,0.7366783618927002,-0.6474289894104004,0.1979153454303741,0.7397250533103943,-0.6483625173568726,0.3658104836940765,0.7718514800071716,-0.3677936196327209,0.2112773209810257,0.7717680335044861,-0.1585436612367630,0.2686542272567749,0.8587099909782410,-0.6185408830642700,0.2121386975049973,0.8575890660285950,-0.5637893676757812,0.4808085858821869,1.1150543689727783,-0.2731670439243317,0.1314758807420731,1.0977545976638794,0.0674485117197037,0.4602046012878418,1.2762184143066406,-0.7483753561973572,0.0716235414147377,1.2238465547561646,-0.1637846529483795,0.3870524466037750,1.1100486516952515,-1.0472831726074219,0.1244250386953354,0.9968750476837158,-0.6006138920783997,0.3732423186302185,1.0597285032272339,-1.1832544803619385,0.1436076164245605,0.9298315048217773,-0.7346783280372620,0.3762050867080688,1.0373530387878418,-1.1913150548934937,0.1585205495357513,0.8894832134246826,-0.7579864263534546,0.3760636448860168,1.0582531690597534,-1.0630674362182617,0.1615552902221680,0.8868886232376099,-0.6295915842056274,0.3904652297496796,1.9718070030212402,-0.0955703705549240,0.2002439796924591,1.9268231391906738,0.0943391174077988,0.3188613355159760,1.7654274702072144,0.0541978888213634,0.1993149816989899,1.4134219884872437,-0.0045005842112005,0.3789745271205902,1.9853084087371826,0.4404451847076416,0.2782963812351227,1.6295568943023682,0.4207774102687836,0.4095626771450043,2.0672552585601807,0.4628434777259827,0.2993592619895935,1.7185227870941162,0.4578006863594055,0.2899995148181915,1.8845809698104858,0.0595121458172798,0.2763062417507172,1.5146763324737549,0.1474115550518036
0.2258437871932983,0.7853921651840210,-0.9930292963981628,0.2640869617462158,0.7276921868324280,-0.9288169145584106,0.2869688868522644,0.7279508113861084,-0.9296823740005493,0.3087775409221649,0.7304099202156067,-0.9294607043266296,0.2205785810947418,0.7334989309310913,-0.8986283540725708,0.2091689854860306,0.7366675138473511,-0.8998636007308960,0.1980297118425369,0.7397032380104065,-0.9006524085998535,0.3658065199851990,0.7705432772636414,-0.5173394083976746,0.2116053104400635,0.7717196941375732,-0.3773701488971710,0.2694568336009979,0.8585155010223389,-0.8266502618789673,0.2125790566205978,0.8550994396209717,-0.7948496937751770,0.4968829154968262,1.1124935150146484,-0.2710002958774567,0.1137268170714378,1.0937736034393311,-0.1281846612691879,0.5340019464492798,1.4402862787246704,-0.4423040747642517,0.0319630578160286,1.4116120338439941,-0.3823959231376648,0.5500143766403198,1.7138572931289673,-0.9434019327163696,0.0165099073201418,1.5853629112243652,-1.0594091415405273,0.5779483318328857,1.7995665073394775,-1.0760213136672974,-0.0034076576121151,1.6400347948074341,-1.2292649745941162,0.5541949272155762,1.7911179065704346,-1.1639362573623657,0.0187739022076130,1.6260226964950562,-1.3095550537109375,0.5372325181961060,1.7607536315917969,-0.9888661503791809,0.0341980159282684,1.6063401699066162,-1.1140698194503784,0.4005855023860931,1.9235960245132446,-0.0351457819342613,0.1872030198574066,1.8951090574264526,0.0341191813349724,0.3790683150291443,2.5374708175659180,-0.2609918713569641,0.1975530833005905,2.4393889904022217,-0.4536471962928772,0.3903434276580811,3.1158006191253662,-0.0797161608934402,0.1938749998807907,3.0712862014770508,0.0086927060037851,0.4098635315895081,3.2228078842163086,-0.0966140478849411,0.1928592771291733,3.1749753952026367,0.0339824333786964,0.3198517858982086,3.1841378211975098,-0.6799506545066833,0.2089765518903732,3.1817781925201416,-0.4369654059410095
0.2274694144725800,0.7865418195724487,-0.9739348292350769,0.2661986052989960,0.7276880145072937,-0.8980357050895691,0.2887595295906067,0.7278604507446289,-0.8989018201828003,0.3105413913726807,0.7300497889518738,-0.8987135887145996,0.2217176258563995,0.7340707778930664,-0.8671931028366089,0.2100613862276077,0.7376867532730103,-0.8683667182922363,0.1985963284969330,0.7416405081748962,-0.8691860437393188,0.3664889335632324,0.7692865133285522,-0.4792005121707916,0.2117041051387787,0.7734588980674744,-0.3197453618049622,0.2713471949100494,0.8586114048957825,-0.7954966425895691,0.2138011157512665,0.8560006022453308,-0.7616032361984253,0.5076146721839905,1.1062639951705933,-0.1726848483085632,0.1143587827682495,1.0945494174957275,-0.0632138103246689,0.5699893236160278,1.4526042938232422,-0.3223156929016113,0.0508790239691734,1.4721972942352295,-0.2795999646186829,0.5768452882766724,1.7113312482833862,-0.9026865959167480,0.0293318778276443,1.6198387145996094,-0.9877368211746216,0.6005273461341858,1.7925065755844116,-1.0479228496551514,0.0178648438304663,1.6678572893142700,-1.1638562679290771,0.5772467851638794,1.7784023284912109,-1.1406109333038330,0.0336796753108501,1.6466912031173706,-1.2440376281738281,0.5615777969360352,1.7484449148178101,-0.9502781629562378,0.0471994057297707,1.6275676488876343,-1.0428066253662109,0.4329084455966949,1.9122118949890137,-0.0354441031813622,0.1940396130084991,1.8854042291641235,0.0344877429306507,0.4070827364921570,2.5701286792755127,-0.4505970478057861,0.2054392546415329,2.4814696311950684,-0.5397711992263794,0.4177515506744385,3.1532862186431885,-0.1248551383614540,0.1969437152147293,3.0858132839202881,0.0120398914441466,0.4380041956901550,3.2598893642425537,-0.1267730593681335,0.1986490041017532,3.1935861110687256,0.0462349019944668,0.3411873877048492,3.2335853576660156,-0.7453871965408325,0.2055728733539581,3.1826372146606445,-0.4534768164157867
0.2277631014585495,0.7868856787681580,-0.7476685047149658,0.2662381529808044,0.7274404764175415,-0.7092880606651306,0.2887976765632629,0.7275831699371338,-0.7103123664855957,0.3106326758861542,0.7299706935882568,-0.7101476192474365,0.2220630943775177,0.7340615391731262,-0.6392750144004822,0.2103042900562286,0.7377022504806519,-0.6403797864913940,0.1988527625799179,0.7416868209838867,-0.6411837339401245,0.3676661550998688,0.7695282697677612,-0.4247326850891113,0.2120427787303925,0.7737641930580139,-0.1122361570596695,0.2713567316532135,0.8585970997810364,-0.6300509572029114,0.2142888754606247,0.8564876914024353,-0.5479477643966675,0.4963333010673523,1.1053307056427002,-0.3232798278331757,0.1578146368265152,1.0970402956008911,0.2269125282764435,0.5398820042610168,1.3682506084442139,-0.7902002334594727,0.1221622824668884,1.4052995443344116,0.1499964892864227,0.4702828526496887,1.3131276369094849,-1.3499804735183716,0.1439346969127655,1.2539314031600952,-0.3504044115543365,0.4591522216796875,1.2934466600418091,-1.5163309574127197,0.1538375914096832,1.2103765010833740,-0.4691777229309082,0.4565839171409607,1.2559754848480225,-1.5211710929870605,0.1487251967191696,1.1619613170623779,-0.5246411561965942,0.4561477601528168,1.2717760801315308,-1.3636877536773682,0.1490769684314728,1.0456632375717163,-0.3941942155361176,0.4245533347129822,1.9386769533157349,-0.1460933536291122,0.2135556489229202,1.9036680459976196,0.1451480984687805,0.3394274413585663,1.8527673482894897,-0.1349014192819595,0.2040713280439377,1.5181596279144287,-0.3125274479389191,0.3715876936912537,2.2714781761169434,0.2975904047489166,0.2694202065467834,1.9044312238693237,0.0776571780443192,0.4103944897651672,2.3801333904266357,0.3290765583515167,0.2969619035720825,2.0052206516265869,0.1220204010605812,0.2800413966178894,2.2483975887298584,0.0098012210801244,0.2546591162681580,1.8774279356002808,-0.0900737270712852
0.2277631014585495,0.7868856787681580,-0.7476685047149658,0.2662381529808044,0.7274404764175415,-0.7092880606651306,0.2887976765632629,0.7275831699371338,-0.7103123664855957,0.3106326758861542,0.7299706935882568,-0.7101476192474365,0.2220630943775177,0.7340615391731262,-0.6392750144004822,0.2103042900562286,0.7377022504806519,-0.6403797864913940,0.1988527625799179,0.7416868209838867,-0.6411837339401245,0.3676661550998688,0.7695282697677612,-0.4247326850891113,0.2120427787303925,0.7737641930580139,-0.1122361570596695,0.2713567316532135,0.8585970997810364,-0.6300509572029114,0.2142888754606247,0.8564876914024353,-0.5479477643966675,0.4963333010673523,1.1053307056427002,-0.3232798278331757,0.1578146368265152,1.0970402956008911,0.2269125282764435,0.5398820042610168,1.3682506084442139,-0.7902002334594727,0.1221622824668884,1.4052995443344116,0.1499964892864227,0.4702828526496887,1.3131276369094849,-1.3499804735183716,0.1439346969127655,1.2539314031600952,-0.3504044115543365,0.4591522216796875,1.2934466600418091,-1.5163309574127197,0.1538375914096832,1.2103765010833740,-0.4691777229309082,0.4565839171409607,1.2559754848480225,-1.5211710929870605,0.1487251967191696,1.1619613170623779,-0.5246411561965942,0.4561477601528168,1.2717760801315308,-1.3636877536773682,0.1490769684314728,1.0456632375717163,-0.3941942155361176,0.4245533347129822,1.9386769533157349,-0.1460933536291122,0.2135556489229202,1.9036680459976196,0.1451480984687805,0.3394274413585663,1.8527673482894897,-0.1349014192819595,0.2040713280439377,1.5181596279144287,-0.3125274479389191,0.3715876936912537,2.2714781761169434,0.2975904047489166,0.2694202065467834,1.9044312238693237,0.0776571780443192,0.4103944897651672,2.3801333904266357,0.3290765583515167,0.2969619035720825,2.0052206516265869,0.1220204010605812,0.2800413966178894,2.2483975887298584,0.0098012210801244,0.2546591162681580,1.8774279356002808,-0.0900737270712852
0.2285486161708832,0.7868097424507141,-0.8958942294120789,0.2669637501239777,0.7277514934539795,-0.8532985448837280,0.2894601225852966,0.7279422879219055,-0.8543398976325989,0.3110925555229187,0.7302889227867126,-0.8541075587272644,0.2224270403385162,0.7342439293861389,-0.7900907993316650,0.2104752510786057,0.7378974556922913,-0.7913249731063843,0.1992875784635544,0.7417644262313843,-0.7919828295707703,0.3679174184799194,0.7695466279983521,-0.5122188329696655,0.2123621255159378,0.7737045884132385,-0.2230939418077469,0.2730630636215210,0.8584610223770142,-0.7541989684104919,0.2157719433307648,0.8565306067466736,-0.6798535585403442,0.4984505176544189,1.1054043769836426,-0.3495621383190155,0.1558820903301239,1.1115669012069702,0.1628776490688324,0.5840634107589722,1.4151902198791504,-0.7125033140182495,0.1139038950204849,1.4903404712677002,0.0432160943746567,0.5586196184158325,1.5760201215744019,-1.2690241336822510,0.1023717522621155,1.5312875509262085,-0.4841961860656738,0.5712294578552246,1.6269093751907349,-1.4516167640686035,0.0859506353735924,1.5470520257949829,-0.6162992715835571,0.5550409555435181,1.5978714227676392,-1.4243052005767822,0.0801519155502319,1.5135266780853271,-0.6327809095382690,0.5462409257888794,1.5869406461715698,-1.2795722484588623,0.0929443985223770,1.4941782951354980,-0.5184944272041321,0.4287482202053070,1.9515705108642578,-0.1325706094503403,0.2124035656452179,1.9117637872695923,0.1316097229719162,0.3596097826957703,2.5190813541412354,-0.1309559941291809,0.2052627801895142,2.1737618446350098,-0.4555726647377014,0.3714974224567413,3.0395367145538330,0.2879672944545746,0.2122763842344284,2.8557913303375244,-0.1207607388496399,0.4073092341423035,3.1461095809936523,0.3048354983329773,0.2244157344102859,2.9848647117614746,-0.0996128991246223,0.2802077829837799,3.0856809616088867,-0.1316455006599426,0.1719184815883636,2.9374766349792480,-0.4691762328147888
0.2294859141111374,0.7858330011367798,-0.8126685023307800,0.2693710029125214,0.7275595068931580,-0.7597087621688843,0.2933597564697266,0.7274863719940186,-0.7607496976852417,0.3146257996559143,0.7295063734054565,-0.7605899572372437,0.2236487865447998,0.7342358231544495,-0.7048163414001465,0.2130254954099655,0.7377892732620239,-0.7059348821640015,0.2024935781955719,0.7414873838424683,-0.7067582607269287,0.3692573010921478,0.7674981355667114,-0.4221443235874176,0.2144990265369415,0.7719264626502991,-0.1738467216491699,0.2768193781375885,0.8572066426277161,-0.6762279272079468,0.2189052104949951,0.8534280657768250,-0.6134478449821472,0.4980869889259338,1.0962722301483154,-0.3309545218944550,0.1532446742057800,1.0971440076828003,0.1267892718315125,0.5388172864913940,1.3001939058303833,-0.7397739887237549,0.1073059663176537,1.2662675380706787,-0.0924358367919922,0.4667044579982758,1.1036282777786255,-1.2424892187118530,0.1820993870496750,1.0136221647262573,-0.5928763151168823,0.4529537558555603,1.0393472909927368,-1.3964416980743408,0.2082567960023880,0.9390622377395630,-0.7224279046058655,0.4552052915096283,1.0091305971145630,-1.3906655311584473,0.2094024121761322,0.9062815904617310,-0.7202945947647095,0.4546291828155518,1.0372673273086548,-1.2530820369720459,0.2045926302671432,0.9351227283477783,-0.5889538526535034,0.4097051620483398,1.9567837715148926,-0.1281556785106659,0.2190420925617218,1.9169954061508179,0.1270601898431778,0.3396460115909576,1.8142219781875610,-0.0840500965714455,0.2063995301723480,1.4628363847732544,-0.1253048479557037,0.3474923670291901,2.0294940471649170,0.2526410222053528,0.2803356051445007,1.6959285736083984,0.3268712162971497,0.3873280286788940,2.1101546287536621,0.2697725892066956,0.3048684597015381,1.7793880701065063,0.3685947954654694,0.2540852427482605,1.9369896650314331,-0.1367210745811462,0.2587119936943054,1.6143174171447754,0.0867814645171165
0.2298125475645065,0.7859371304512024,-0.9135876893997192,0.2693319916725159,0.7276788949966431,-0.8719657659530640,0.2932301163673401,0.7276105880737305,-0.8729711771011353,0.3146045804023743,0.7295624613761902,-0.8727430105209351,0.2242102324962616,0.7342787981033325,-0.8141549229621887,0.2141809165477753,0.7377918958663940,-0.8154559135437012,0.2039861977100372,0.7414771914482117,-0.8162538409233093,0.3694549202919006,0.7668903470039368,-0.5389048457145691,0.2174653708934784,0.7719120383262634,-0.2763475477695465,0.2774665951728821,0.8575327396392822,-0.7739600539207458,0.2206473350524902,0.8544127345085144,-0.7074868679046631,0.4985133707523346,1.0971268415451050,-0.3819954097270966,0.1553651392459869,1.1040998697280884,0.0774524807929993,0.5640457868576050,1.3336824178695679,-0.7017496228218079,0.1055519357323647,1.4360117912292480,-0.0323459021747112,0.5072584152221680,1.3304047584533691,-1.2215235233306885,0.1061518937349319,1.5361112356185913,-0.5397247076034546,0.5040718317031860,1.3417322635650635,-1.3721047639846802,0.0915122330188751,1.5651996135711670,-0.6635226011276245,0.4931395053863525,1.2895910739898682,-1.4032016992568970,0.0884699076414108,1.5467238426208496,-0.7383012771606445,0.4910104870796204,1.2936592102050781,-1.2439806461334229,0.1025717481970787,1.5378566980361938,-0.5844773054122925,0.4149158596992493,1.9598826169967651,-0.1277519762516022,0.2183737307786942,1.9175163507461548,0.1267725825309753,0.3481146693229675,2.4750108718872070,-0.0770913437008858,0.1929558366537094,2.1073579788208008,-0.4942309856414795,0.3606603443622589,3.0004229545593262,0.3138961195945740,0.2059338092803955,2.7987937927246094,-0.1956208646297455,0.3934930860996246,3.1034090518951416,0.3263180851936340,0.2191167324781418,2.9238650798797607,-0.1799350380897522,0.2730876803398132,3.0561795234680176,-0.1460834145545959,0.1754593104124069,2.8939483165740967,-0.5947151780128479
0.2298125475645065,0.7859371304512024,-0.9135876893997192,0.2693319916725159,0.7276788949966431,-0.8719657659530640,0.2932301163673401,0.7276105880737305,-0.8729711771011353,0.3146045804023743,0.7295624613761902,-0.8727430105209351,0.2242102324962616,0.7342787981033325,-0.8141549229621887,0.2141809165477753,0.7377918958663940,-0.8154559135437012,0.2039861977100372,0.7414771914482117,-0.8162538409233093,0.3694549202919006,0.7668903470039368,-0.5389048457145691,0.2174653708934784,0.7719120383262634,-0.2763475477695465,0.2774665951728821,0.8575327396392822,-0.7739600539207458,0.2206473350524902,0.8544127345085144,-0.7074868679046631,0.4985133707523346,1.0971268415451050,-0.3819954097270966,0.1553651392459869,1.1040998697280884,0.0774524807929993,0.5640457868576050,1.3336824178695679,-0.7017496228218079,0.1055519357323647,1.4360117912292480,-0.0323459021747112,0.5072584152221680,1.3304047584533691,-1.2215235233306885,0.1061518937349319,1.5361112356185913,-0.5397247076034546,0.5040718317031860,1.3417322635650635,-1.3721047639846802,0.0915122330188751,1.5651996135711670,-0.6635226011276245,0.4931395053863525,1.2895910739898682,-1.4032016992568970,0.0884699076414108,1.5467238426208496,-0.7383012771606445,0.4910104870796204,1.2936592102050781,-1.2439806461334229,0.1025717481970787,1.5378566980361938,-0.5844773054122925,0.4149158596992493,1.9598826169967651,-0.1277519762516022,0.2183737307786942,1.9175163507461548,0.1267725825309753,0.3481146693229675,2.4750108718872070,-0.0770913437008858,0.1929558366537094,2.1073579788208008,-0.4942309856414795,0.3606603443622589,3.0004229545593262,0.3138961195945740,0.2059338092803955,2.7987937927246094,-0.1956208646297455,0.3934930860996246,3.1034090518951416,0.3263180851936340,0.2191167324781418,2.9238650798797607,-0.1799350380897522,0.2730876803398132,3.0561795234680176,-0.1460834145545959,0.1754593104124069,2.8939483165740967,-0.5947151780128479
0.2326102703809738,0.7850228548049927,-0.8997715711593628,0.2726925611495972,0.7276022434234619,-0.8600455522537231,0.2960037589073181,0.7276877760887146,-0.8610934019088745,0.3168786764144897,0.7300525307655334,-0.8610890507698059,0.2278224974870682,0.7332599163055420,-0.8017399907112122,0.2169481515884399,0.7364379167556763,-0.8028550148010254,0.2058263719081879,0.7397784590721130,-0.8037832379341125,0.3710443377494812,0.7688724994659424,-0.5056623220443726,0.2187801152467728,0.7714406251907349,-0.2670995593070984,0.2777877449989319,0.8577848672866821,-0.7716012001037598,0.2209303379058838,0.8538415431976318,-0.7014554738998413,0.4892098903656006,1.1039097309112549,-0.3788634836673737,0.1545780450105667,1.0843569040298462,0.0489561855792999,0.5604835748672485,1.3782541751861572,-0.6832043528556824,0.0928728058934212,1.3971498012542725,-0.0442450568079948,0.5109394788742065,1.4468560218811035,-1.1971704959869385,0.1216082721948624,1.3769952058792114,-0.5433524250984192,0.5163322091102600,1.4696211814880371,-1.3450942039489746,0.1293006539344788,1.3749097585678101,-0.6727108359336853,0.5055717229843140,1.4283795356750488,-1.3812568187713623,0.1361769735813141,1.3160872459411621,-0.7370548844337463,0.5001124143600464,1.4263304471969604,-1.2221180200576782,0.1362026333808899,1.3322277069091797,-0.5877490043640137,0.4040896892547607,1.9560587406158447,-0.0870002880692482,0.1959147155284882,1.9072227478027344,0.0862303078174591,0.3480946719646454,2.5428147315979004,-0.0431520566344261,0.1922314018011093,2.2446997165679932,-0.6819881200790405,0.3305918872356415,3.0887632369995117,0.2884129285812378,0.1497498452663422,2.9041907787322998,-0.4417687952518463,0.3467560410499573,3.1896548271179199,0.2955725491046906,0.1484834700822830,3.0217711925506592,-0.4286791384220123,0.2475777864456177,3.1503837108612061,-0.1501644551753998,0.1324940621852875,2.9880239963531494,-0.8148770332336426
0.2343370020389557,0.7857720255851746,-0.9055420160293579,0.2744336128234863,0.7276993393898010,-0.8515729904174805,0.2975502610206604,0.7279427647590637,-0.8525353670120239,0.3181791305541992,0.7304279208183289,-0.8524439930915833,0.2289783209562302,0.7330240011215210,-0.8002761006355286,0.2179794013500214,0.7359674572944641,-0.8014817237854004,0.2065445631742477,0.7390033602714539,-0.8023297190666199,0.3718421459197998,0.7692568302154541,-0.4694768786430359,0.2189093828201294,0.7708036899566650,-0.2519204616546631,0.2783834338188171,0.8593158721923828,-0.7585614919662476,0.2210780680179596,0.8557468056678772,-0.6964118480682373,0.4977180361747742,1.1090471744537354,-0.2882254719734192,0.1469973921775818,1.0901919603347778,0.0932089015841484,0.5693203210830688,1.4287002086639404,-0.5246095061302185,0.0898027494549751,1.4992462396621704,0.0182853117585182,0.5515617132186890,1.5874463319778442,-1.0796827077865601,0.0569379925727844,1.6265162229537964,-0.5078431963920593,0.5699496865272522,1.6386026144027710,-1.2230392694473267,0.0368338078260422,1.6672002077102661,-0.6277807354927063,0.5554925203323364,1.6102939844131470,-1.2874145507812500,0.0372605584561825,1.6420112848281860,-0.7227057218551636,0.5440074801445007,1.5960540771484375,-1.1155064105987549,0.0525319986045361,1.6283478736877441,-0.5638826489448547,0.4176551401615143,1.9558947086334229,-0.1030889973044395,0.1959438025951385,1.9075764417648315,0.1021181121468544,0.3575817048549652,2.5754587650299072,-0.4654702246189117,0.1916136294603348,2.3783290386199951,-0.5637803077697754,0.3433578014373779,3.1355910301208496,-0.3764624893665314,0.1554200649261475,3.0279707908630371,-0.2331609725952148,0.3645662367343903,3.2472558021545410,-0.3986917734146118,0.1595658957958221,3.1509530544281006,-0.2121348381042480,0.2486123293638229,3.1855514049530029,-0.9523158073425293,0.1179163902997971,3.1103415489196777,-0.6007114052772522
0.2348370552062988,0.7865391373634338,-0.8396798968315125,0.2745274305343628,0.7277425527572632,-0.8001402020454407,0.2976124882698059,0.7280023097991943,-0.8011826276779175,0.3182324469089508,0.7305749058723450,-0.8010212779045105,0.2295967042446136,0.7330765128135681,-0.7261130809783936,0.2183932960033417,0.7360464334487915,-0.7273100614547729,0.2068767547607422,0.7391105890274048,-0.7279146909713745,0.3724751472473145,0.7695342898368835,-0.4636687636375427,0.2193253040313721,0.7708159685134888,-0.1406981199979782,0.2785742878913879,0.8599818944931030,-0.7042280435562134,0.2212393581867218,0.8575298786163330,-0.6145046949386597,0.4980579316616058,1.1090050935745239,-0.3371536433696747,0.1631194055080414,1.1022270917892456,0.3041658699512482,0.5659945011138916,1.4781483411788940,-0.5723217725753784,0.1353678703308105,1.5053699016571045,0.3764943480491638,0.5414587259292603,1.7256826162338257,-1.0925751924514771,0.0762504860758781,1.5884890556335449,-0.0747017189860344,0.5601322054862976,1.7955116033554077,-1.2362585067749023,0.0420203432440758,1.6110758781433105,-0.1653168052434921,0.5423120856285095,1.7701735496520996,-1.2937885522842407,0.0537256225943565,1.5823625326156616,-0.2803466320037842,0.5311415195465088,1.7496501207351685,-1.1256086826324463,0.0641147047281265,1.5720938444137573,-0.1387443542480469,0.4219605028629303,1.9592087268829346,-0.1761305034160614,0.2030117213726044,1.9094942808151245,0.1751674711704254,0.3671202957630157,2.5616848468780518,-0.3658305704593658,0.1991025507450104,2.2874457836151123,-0.4200500547885895,0.3467704653739929,3.1297936439514160,-0.1260649114847183,0.1633716374635696,2.9647560119628906,-0.2127640992403030,0.3673445880413055,3.2511267662048340,-0.1297635883092880,0.1689405143260956,3.1013038158416748,-0.1819958388805389,0.2548253536224365,3.1635296344757080,-0.6230865716934204,0.1198394522070885,3.0298185348510742,-0.5366598367691040
0.2347346544265747,0.7865136265754700,-0.8810947537422180,0.2744631171226501,0.7277095913887024,-0.8336082696914673,0.2975887358188629,0.7280100584030151,-0.8344939351081848,0.3182471394538879,0.7307151556015015,-0.8342765569686890,0.2296305149793625,0.7329273223876953,-0.7964037656784058,0.2184013873338699,0.7358567714691162,-0.7977614402770996,0.2069992721080780,0.7387863397598267,-0.7985041141510010,0.3732836544513702,0.7710786461830139,-0.4787681996822357,0.2200085222721100,0.7704632878303528,-0.3209438920021057,0.2781766653060913,0.8602454066276550,-0.7346470952033997,0.2208842486143112,0.8573453426361084,-0.6941093802452087,0.4918980598449707,1.1181297302246094,-0.2622134089469910,0.1272813826799393,1.0904176235198975,-0.0716538578271866,0.5569000244140625,1.5026893615722656,-0.4191021025180817,0.0295237097889185,1.4839489459991455,-0.1621369421482086,0.5371567606925964,1.7702354192733765,-0.9712346792221069,0.0097793824970722,1.6559745073318481,-0.6155547499656677,0.5540571212768555,1.8532723188400269,-1.1033470630645752,-0.0096488455310464,1.7169297933578491,-0.7422449588775635,0.5371745228767395,1.8351317644119263,-1.1880987882614136,0.0080259945243597,1.7049863338470459,-0.8297613263130188,0.5262182950973511,1.8056954145431519,-1.0151207447052002,0.0202848985791206,1.6816785335540771,-0.6650417447090149,0.3994464874267578,1.9351900815963745,-0.0502113029360771,0.1578329354524612,1.8937267065048218,0.0491110421717167,0.3671842217445374,2.5782999992370605,-0.3053821027278900,0.1813329309225082,2.4491424560546875,-0.4143958985805511,0.3477723896503448,3.1548621654510498,-0.1066020280122757,0.1458750665187836,3.0904366970062256,-0.0687493011355400,0.3676679730415344,3.2611391544342041,-0.1230666413903236,0.1446094363927841,3.1966404914855957,-0.0441003553569317,0.2660413086414337,3.2182970046997070,-0.6663030385971069,0.1290041953325272,3.1960418224334717,-0.5019789934158325
0.2347346544265747,0.7865136265754700,-0.8810947537422180,0.2744631171226501,0.7277095913887024,-0.8336082696914673,0.2975887358188629,0.7280100584030151,-0.8344939351081848,0.3182471394538879,0.7307151556015015,-0.8342765569686890,0.2296305149793625,0.7329273223876953,-0.7964037656784058,0.2184013873338699,0.7358567714691162,-0.7977614402770996,0.2069992721080780,0.7387863397598267,-0.7985041141510010,0.3732836544513702,0.7710786461830139,-0.4787681996822357,0.2200085222721100,0.7704632878303528,-0.3209438920021057,0.2781766653060913,0.8602454066276550,-0.7346470952033997,0.2208842486143112,0.8573453426361084,-0.6941093802452087,0.4918980598449707,1.1181297302246094,-0.2622134089469910,0.1272813826799393,1.0904176235198975,-0.0716538578271866,0.5569000244140625,1.5026893615722656,-0.4191021025180817,0.0295237097889185,1.4839489459991455,-0.1621369421482086,0.5371567606925964,1.7702354192733765,-0.9712346792221069,0.0097793824970722,1.6559745073318481,-0.6155547499656677,0.5540571212768555,1.8532723188400269,-1.1033470630645752,-0.0096488455310464,1.7169297933578491,-0.7422449588775635,0.5371745228767395,1.8351317644119263,-1.1880987882614136,0.0080259945243597,1.7049863338470459,-0.8297613263130188,0.5262182950973511,1.8056954145431519,-1.0151207447052002,0.0202848985791206,1.6816785335540771,-0.6650417447090149,0.3994464874267578,1.9351900815963745,-0.0502113029360771,0.1578329354524612,1.8937267065048218,0.0491110421717167,0.3671842217445374,2.5782999992370605,-0.3053821027278900,0.1813329309225082,2.4491424560546875,-0.4143958985805511,0.3477723896503448,3.1548621654510498,-0.1066020280122757,0.1458750665187836,3.0904366970062256,-0.0687493011355400,0.3676679730415344,3.2611391544342041,-0.1230666413903236,0.1446094363927841,3.1966404914855957,-0.0441003553569317,0.2660413086414337,3.2182970046997070,-0.6663030385971069,0.1290041953325272,3.1960418224334717,-0.5019789934158325
0.2351124584674835,0.7865179777145386,-0.8112948536872864,0.2744655311107635,0.7277097105979919,-0.7320721745491028,0.2971824705600739,0.7280109524726868,-0.7328240275382996,0.3180797696113586,0.7307161092758179,-0.7327025532722473,0.2298466712236404,0.7328994870185852,-0.7126934528350830,0.2185336798429489,0.7358165979385376,-0.7138612270355225,0.2070759832859039,0.7387489080429077,-0.7147056460380554,0.3733893632888794,0.7711794972419739,-0.2915851473808289,0.2186306267976761,0.7704483866691589,-0.1991273611783981,0.2780500352382660,0.8596962094306946,-0.6369044780731201,0.2206424474716187,0.8566740751266479,-0.6175603270530701,0.4924612641334534,1.1190947294235229,-0.0523665063083172,0.0996972620487213,1.0931990146636963,-0.0220359712839127,0.5569114685058594,1.5252805948257446,-0.1603146493434906,0.0315042585134506,1.5136750936508179,-0.1156880110502243,0.5553053617477417,1.8260997533798218,-0.6731351613998413,-0.0112177673727274,1.6983571052551270,-0.6511331796646118,0.5824760198593140,1.9196282625198364,-0.7946004271507263,-0.0365086048841476,1.7571368217468262,-0.7877008318901062,0.5578976273536682,1.9083459377288818,-0.8848827481269836,-0.0279125925153494,1.7397251129150391,-0.8760427236557007,0.5402531027793884,1.8733092546463013,-0.7176243662834167,-0.0101571194827557,1.7174019813537598,-0.7035278081893921,0.4103530347347260,1.9144569635391235,-0.0268088486045599,0.1607307493686676,1.8846442699432373,0.0258438196033239,0.3946181833744049,2.5770888328552246,-0.4537681639194489,0.1815977394580841,2.5064280033111572,-0.6192361712455750,0.3897180259227753,3.1772310733795166,-0.2561237215995789,0.1617068350315094,3.1174156665802002,-0.0320931375026703,0.4060257971286774,3.2864072322845459,-0.2687118649482727,0.1555365920066833,3.2185180187225342,0.0146030690521002,0.3156864047050476,3.2689805030822754,-0.8526113629341125,0.1727475076913834,3.2406246662139893,-0.4360848367214203
0.2365073710680008,0.7865076065063477,-0.9563692808151245,0.2773310244083405,0.7275384068489075,-0.9132113456726074,0.2999266982078552,0.7278842926025391,-0.9141701459884644,0.3224297463893890,0.7305094003677368,-0.9139264822006226,0.2306112945079803,0.7325045466423035,-0.8499954342842102,0.2188825309276581,0.7351815700531006,-0.8511883020401001,0.2076635807752609,0.7376512289047241,-0.8519026041030884,0.3773006498813629,0.7719148993492126,-0.5837584733963013,0.2189947813749313,0.7690714001655579,-0.2939874827861786,0.2783724963665009,0.8596823811531067,-0.8178672790527344,0.2206352651119232,0.8564453721046448,-0.7440892457962036,0.4922472834587097,1.1188584566116333,-0.4857207834720612,0.1251938790082932,1.1090564727783203,0.0465741716325283,0.5437852144241333,1.4122673273086548,-0.9331749677658081,0.0569112710654736,1.4956080913543701,0.1424382030963898,0.4488662779331207,1.3908276557922363,-1.5857814550399780,-0.0081178760156035,1.6263680458068848,-0.2753967642784119,0.4352312088012695,1.3896923065185547,-1.7785832881927490,-0.0328502357006073,1.6653480529785156,-0.3841587007045746,0.4255549907684326,1.3449470996856689,-1.7899671792984009,-0.0031794614624232,1.6435749530792236,-0.4972253441810608,0.4267201423645020,1.3525137901306152,-1.6033242940902710,0.0120240086689591,1.6270612478256226,-0.3383289277553558,0.4098275601863861,1.9366657733917236,-0.1208630204200745,0.1699097454547882,1.9023777246475220,0.1199690476059914,0.3600377142429352,2.5284957885742188,-0.0942922085523605,0.1812299489974976,2.3153204917907715,-0.4334900975227356,0.3856477439403534,3.0794105529785156,0.3475146889686584,0.1662755459547043,2.9594330787658691,0.0054697142913938,0.4030660986900330,3.1887953281402588,0.3618949353694916,0.1568289101123810,3.0714480876922607,0.0351395867764950,0.3084180951118469,3.1423122882843018,-0.1280433833599091,0.1508949846029282,3.0460786819458008,-0.3816730678081512
0.2365073710680008,0.7865076065063477,-0.9563692808151245,0.2773310244083405,0.7275384068489075,-0.9132113456726074,0.2999266982078552,0.7278842926025391,-0.9141701459884644,0.3224297463893890,0.7305094003677368,-0.9139264822006226,0.2306112945079803,0.7325045466423035,-0.8499954342842102,0.2188825309276581,0.7351815700531006,-0.8511883020401001,0.2076635807752609,0.7376512289047241,-0.8519026041030884,0.3773006498813629,0.7719148993492126,-0.5837584733963013,0.2189947813749313,0.7690714001655579,-0.2939874827861786,0.2783724963665009,0.8596823811531067,-0.8178672790527344,0.2206352651119232,0.8564453721046448,-0.7440892457962036,0.4922472834587097,1.1188584566116333,-0.4857207834720612,0.1251938790082932,1.1090564727783203,0.0465741716325283,0.5437852144241333,1.4122673273086548,-0.9331749677658081,0.0569112710654736,1.4956080913543701,0.1424382030963898,0.4488662779331207,1.3908276557922363,-1.5857814550399780,-0.0081178760156035,1.6263680458068848,-0.2753967642784119,0.4352312088012695,1.3896923065185547,-1.7785832881927490,-0.0328502357006073,1.6653480529785156,-0.3841587007045746,0.4255549907684326,1.3449470996856689,-1.7899671792984009,-0.0031794614624232,1.6435749530792236,-0.4972253441810608,0.4267201423645020,1.3525137901306152,-1.6033242940902710,0.0120240086689591,1.6270612478256226,-0.3383289277553558,0.4098275601863861,1.9366657733917236,-0.1208630204200745,0.1699097454547882,1.9023777246475220,0.1199690476059914,0.3600377142429352,2.5284957885742188,-0.0942922085523605,0.1812299489974976,2.3153204917907715,-0.4334900975227356,0.3856477439403534,3.0794105529785156,0.3475146889686584,0.1662755459547043,2.9594330787658691,0.0054697142913938,0.4030660986900330,3.1887953281402588,0.3618949353694916,0.1568289101123810,3.0714480876922607,0.0351395867764950,0.3084180951118469,3.1423122882843018,-0.1280433833599091,0.1508949846029282,3.0460786819458008,-0.3816730678081512
0.2360943108797073,0.7865166068077087,-0.9007503390312195,0.2772536873817444,0.7276509404182434,-0.8696379661560059,0.2999131977558136,0.7280330061912537,-0.8709313273429871,0.3224163651466370,0.7307409048080444,-0.8706526756286621,0.2306236028671265,0.7326067090034485,-0.7958329916000366,0.2191391885280609,0.7352116703987122,-0.7969724535942078,0.2083224356174469,0.7376363873481750,-0.7977847456932068,0.3774563670158386,0.7719960808753967,-0.5498504042625427,0.2199183702468872,0.7689722180366516,-0.2573978602886200,0.2783621251583099,0.8604829907417297,-0.7826827764511108,0.2208862751722336,0.8569097518920898,-0.6955292820930481,0.4888767302036285,1.1206049919128418,-0.4271975457668304,0.1374097019433975,1.1137983798980713,0.0948807373642921,0.5356177687644958,1.3911893367767334,-0.8054010272026062,0.0905138850212097,1.4457579851150513,0.1029420942068100,0.4371232390403748,1.3748072385787964,-1.3803706169128418,0.0772062167525291,1.3536902666091919,-0.3487631678581238,0.4209632873535156,1.3755757808685303,-1.5501610040664673,0.0771655589342117,1.3304213285446167,-0.4504660069942474,0.4132691323757172,1.3309395313262939,-1.5739065408706665,0.0819470733404160,1.2816051244735718,-0.5681345462799072,0.4154756069183350,1.3397887945175171,-1.4014967679977417,0.0867302417755127,1.2908020019531250,-0.4093191623687744,0.4025918543338776,1.9792259931564331,-0.1230808123946190,0.1762661635875702,1.9302059412002563,0.1221407502889633,0.3468878567218781,2.2086036205291748,0.0696074515581131,0.1776365935802460,1.7563705444335938,-0.2756367921829224,0.3575853705406189,2.6996941566467285,0.5019713640213013,0.2005003392696381,2.3896806240081787,0.1638044416904449,0.3779453635215759,2.8129572868347168,0.5275017023086548,0.2066095769405365,2.5133275985717773,0.2040853053331375,0.2851454019546509,2.6994597911834717,0.1572691947221756,0.2042162120342255,2.4428842067718506,-0.0685126334428787
0.2360710352659225,0.7860308885574341,-1.0312355756759644,0.2773659825325012,0.7281114459037781,-0.9748145937919617,0.2999669611454010,0.7286714911460876,-0.9755918383598328,0.3223925530910492,0.7315084934234619,-0.9752675890922546,0.2309314906597137,0.7326717972755432,-0.9372802972793579,0.2199558764696121,0.7351954579353333,-0.9385358095169067,0.2089715301990509,0.7375209927558899,-0.9391935467720032,0.3769315779209137,0.7718768715858459,-0.6001120209693909,0.2211174666881561,0.7684816718101501,-0.4267191886901855,0.2783148884773254,0.8596795201301575,-0.8788851499557495,0.2211072444915771,0.8528434634208679,-0.8359184265136719,0.4974401593208313,1.1116354465484619,-0.3924217820167542,0.1331011205911636,1.0898029804229736,-0.1383912265300751,0.5561932325363159,1.4860945940017700,-0.5685386657714844,0.0556372776627541,1.4522653818130493,-0.2068110406398773,0.5413306355476379,1.8099377155303955,-1.0775645971298218,0.0176971387118101,1.6808794736862183,-0.6705830097198486,0.5702523589134216,1.9099459648132324,-1.2148311138153076,-0.0082990163937211,1.7556900978088379,-0.7954045534133911,0.5364521145820618,1.9133603572845459,-1.3075792789459229,0.0102081988006830,1.7614077329635620,-0.8945130109786987,0.5199109911918640,1.8749631643295288,-1.1235972642898560,0.0257268808782101,1.7328478097915649,-0.7263302206993103,0.4087220728397369,1.9024351835250854,-0.0773448571562767,0.1707745492458344,1.8696005344390869,0.0761857330799103,0.3891659379005432,2.5312063694000244,-0.3759807050228119,0.1722741425037384,2.4559900760650635,-0.3012493848800659,0.3821865916252136,3.1193578243255615,-0.1522934883832932,0.1682240664958954,3.0618777275085449,0.3536425232887268,0.4003547132015228,3.2169935703277588,-0.1620227247476578,0.1695670932531357,3.1595075130462646,0.4034472107887268,0.2936292290687561,3.2316362857818604,-0.7531242370605469,0.1660294085741043,3.1999523639678955,-0.0088187409564853
0.2360219508409500,0.7880676984786987,-0.6818892955780029,0.2778278589248657,0.7290787100791931,-0.6237317919731140,0.3002228140830994,0.7295643091201782,-0.6243757605552673,0.3224110007286072,0.7324059605598450,-0.6242001652717590,0.2310039103031158,0.7344799041748047,-0.5834439396858215,0.2199817448854446,0.7371026873588562,-0.5847107172012329,0.2089448422193527,0.7393429875373840,-0.5854074358940125,0.3769677281379700,0.7721403241157532,-0.2802333235740662,0.2211369276046753,0.7686432003974915,-0.0937791317701340,0.2782458662986755,0.8597629070281982,-0.5424349904060364,0.2211640328168869,0.8530207276344299,-0.4971443116664886,0.4979878067970276,1.0916877985000610,-0.1375637948513031,0.1331163644790649,1.0863500833511353,0.1531535238027573,0.5573328733444214,1.3289999961853027,-0.3252011537551880,0.0662940368056297,1.4317780733108521,0.0888995081186295,0.5228621363639832,1.3403528928756714,-0.6900617480278015,0.0347807034850121,1.5940495729446411,-0.3283934593200684,0.5309816598892212,1.3497916460037231,-0.7937484979629517,0.0143793923780322,1.6456860303878784,-0.4194719195365906,0.5100983381271362,1.3263568878173828,-0.8233505487442017,0.0236766450107098,1.6361421346664429,-0.4975262284278870,0.5021097660064697,1.3271061182022095,-0.7063290476799011,0.0387681908905506,1.6175390481948853,-0.3745155632495880,0.4206320345401764,1.8641253709793091,-0.0756496787071228,0.1793056279420853,1.8333064317703247,0.0745376348495483,0.3942910432815552,2.5150651931762695,-0.4356093406677246,0.1865093261003494,2.4142785072326660,-0.6373496651649475,0.3889728188514709,3.0830781459808350,-0.3443408608436584,0.1685719192028046,3.0081326961517334,-0.2746098935604095,0.4110521674156189,3.1835477352142334,-0.3636338412761688,0.1700526922941208,3.1054558753967285,-0.2507851421833038,0.2951578497886658,3.1799967288970947,-0.8862164616584778,0.1602239310741425,3.1277937889099121,-0.6422312855720520
0.2360219508409500,0.7880676984786987,-0.6818892955780029,0.2778278589248657,0.7290787100791931,-0.6237317919731140,0.3002228140830994,0.7295643091201782,-0.6243757605552673,0.3224110007286072,0.7324059605598450,-0.6242001652717590,0.2310039103031158,0.7344799041748047,-0.5834439396858215,0.2199817448854446,0.7371026873588562,-0.5847107172012329,0.2089448422193527,0.7393429875373840,-0.5854074358940125,0.3769677281379700,0.7721403241157532,-0.2802333235740662,0.2211369276046753,0.7686432003974915,-0.0937791317701340,0.2782458662986755,0.8597629070281982,-0.5424349904060364,0.2211640328168869,0.8530207276344299,-0.4971443116664886,0.4979878067970276,1.0916877985000610,-0.1375637948513031,0.1331163644790649,1.0863500833511353,0.1531535238027573,0.5573328733444214,1.3289999961853027,-0.3252011537551880,0.0662940368056297,1.4317780733108521,0.0888995081186295,0.5228621363639832,1.3403528928756714,-0.6900617480278015,0.0347807034850121,1.5940495729446411,-0.3283934593200684,0.5309816598892212,1.3497916460037231,-0.7937484979629517,0.0143793923780322,1.6456860303878784,-0.4194719195365906,0.5100983381271362,1.3263568878173828,-0.8233505487442017,0.0236766450107098,1.6361421346664429,-0.4975262284278870,0.5021097660064697,1.3271061182022095,-0.7063290476799011,0.0387681908905506,1.6175390481948853,-0.3745155632495880,0.4206320345401764,1.8641253709793091,-0.0756496787071228,0.1793056279420853,1.8333064317703247,0.0745376348495483,0.3942910432815552,2.5150651931762695,-0.4356093406677246,0.1865093261003494,2.4142785072326660,-0.6373496651649475,0.3889728188514709,3.0830781459808350,-0.3443408608436584,0.1685719192028046,3.0081326961517334,-0.2746098935604095,0.4110521674156189,3.1835477352142334,-0.3636338412761688,0.1700526922941208,3.1054558753967285,-0.2507851421833038,0.2951578497886658,3.1799967288970947,-0.8862164616584778,0.1602239310741425,3.1277937889099121,-0.6422312855720520
0.2372054308652878,0.7874279618263245,-0.9670798182487488,0.2801999747753143,0.7286192178726196,-0.8922168016433716,0.3025188446044922,0.7295424938201904,-0.8930619359016418,0.3241533637046814,0.7324706315994263,-0.8928958177566528,0.2325774729251862,0.7333765029907227,-0.8617218136787415,0.2208790034055710,0.7361331582069397,-0.8627986907958984,0.2098559439182281,0.7384148836135864,-0.8635619878768921,0.3775979876518250,0.7743234038352966,-0.4385072290897369,0.2211731970310211,0.7681877017021179,-0.3088412284851074,0.2780718207359314,0.8585526347160339,-0.7920969724655151,0.2210039347410202,0.8523830175399780,-0.7598701715469360,0.4975749552249908,1.0932983160018921,-0.1954289227724075,0.1254841089248657,1.0847059488296509,-0.0392874181270599,0.5527752041816711,1.3668570518493652,-0.4367000460624695,0.0634852275252342,1.4352626800537109,-0.2525074183940887,0.5211547613143921,1.5786800384521484,-0.7509323358535767,0.0349164046347141,1.5902783870697021,-0.9072599411010742,0.5300694704055786,1.6556056737899780,-0.8538104295730591,0.0163499657064676,1.6381524801254272,-1.0722682476043701,0.5091398954391479,1.6395739316940308,-1.0658422708511353,0.0252399351447821,1.6302602291107178,-1.1495987176895142,0.5009645223617554,1.6118301153182983,-0.7797713875770569,0.0395914576947689,1.6113251447677612,-0.9598366618156433,0.4193444252014160,1.8613399267196655,-0.0544126406311989,0.1789975762367249,1.8314234018325806,0.0535253100097179,0.3921431899070740,2.5076367855072021,-0.3694949746131897,0.1920341551303864,2.4011149406433105,-0.5523795485496521,0.3895049393177032,3.0653715133666992,-0.0267994441092014,0.1739071905612946,2.9769377708435059,-0.2274214923381805,0.4117579460144043,3.1697957515716553,-0.0120391137897968,0.1734896451234818,3.0772972106933594,-0.1531485468149185,0.2975879311561584,3.1479980945587158,-0.6096103191375732,0.1685252785682678,3.0791761875152588,-0.4633550643920898
0.2384326905012131,0.7873923182487488,-0.8766670227050781,0.2809345722198486,0.7286242246627808,-0.8075529932975769,0.3027617931365967,0.7295573353767395,-0.8083965182304382,0.3243480622768402,0.7325002551078796,-0.8082019090652466,0.2341431081295013,0.7330368161201477,-0.7706958651542664,0.2226276844739914,0.7355507612228394,-0.7717363834381104,0.2116389721632004,0.7376833558082581,-0.7724503278732300,0.3790245056152344,0.7746726274490356,-0.3985150158405304,0.2216654121875763,0.7678285837173462,-0.2257937937974930,0.2784736156463623,0.8589227795600891,-0.7124665975570679,0.2213472425937653,0.8533615469932556,-0.6719683408737183,0.5013909935951233,1.0935688018798828,-0.1962614506483078,0.1239133030176163,1.0860286951065063,0.0270606484264135,0.5525721907615662,1.4396551847457886,-0.4016309380531311,0.0673043876886368,1.4727662801742554,-0.1575982123613358,0.5467205047607422,1.6943045854568481,-0.9216119050979614,0.0355825200676918,1.6334130764007568,-0.7002932429313660,0.5695024728775024,1.7758554220199585,-1.0610327720642090,0.0190393012017012,1.6861517429351807,-0.8421484231948853,0.5472723245620728,1.7603791952133179,-1.1518580913543701,0.0276523437350988,1.6671767234802246,-0.9277696609497070,0.5311846137046814,1.7308608293533325,-0.9580659866333008,0.0403354726731777,1.6469827890396118,-0.7541403770446777,0.4191248416900635,1.8726803064346313,-0.0520159415900707,0.1791829764842987,1.8405756950378418,0.0511990003287792,0.3934219479560852,2.5080654621124268,-0.2612815201282501,0.1846236139535904,2.3737375736236572,-0.5046929717063904,0.3883426189422607,3.0531706809997559,0.2468393146991730,0.1688936203718185,2.9689080715179443,-0.1603932082653046,0.4108107686042786,3.1564943790435791,0.2673470377922058,0.1706788241863251,3.0778772830963135,-0.0808261185884476,0.2983247041702271,3.1279301643371582,-0.2484992742538452,0.1616744399070740,3.0582890510559082,-0.3935195207595825
0.2393541783094406,0.7872337698936462,-0.6580314636230469,0.2808277308940887,0.7282467484474182,-0.6255291104316711,0.3025882840156555,0.7287997603416443,-0.6264973878860474,0.3239456713199615,0.7310950756072998,-0.6262681484222412,0.2347241342067719,0.7330007553100586,-0.5479629039764404,0.2235759794712067,0.7355361580848694,-0.5489974617958069,0.2127125710248947,0.7376717329025269,-0.5495793819427490,0.3790540099143982,0.7683934569358826,-0.3553382158279419,0.2247830182313919,0.7677776813507080,-0.0119418743997812,0.2808992862701416,0.8585605025291443,-0.5478271842002869,0.2256897985935211,0.8535214066505432,-0.4554628729820251,0.4864528179168701,1.0366085767745972,-0.3528413176536560,0.1963259130716324,1.0828468799591064,0.3587543368339539,0.5014170408248901,1.2512351274490356,-0.9729045033454895,0.1946419328451157,1.3287384510040283,0.2795893549919128,0.4060043692588806,1.0580879449844360,-1.5955915451049805,0.2160892486572266,1.1769735813140869,-0.1987294405698776,0.3880034685134888,1.0070993900299072,-1.7798290252685547,0.2247199267148972,1.1476175785064697,-0.3026019334793091,0.3915364742279053,0.9675145745277405,-1.7537883520126343,0.2174578458070755,1.0982317924499512,-0.3580783009529114,0.3941970765590668,0.9975589513778687,-1.5966497659683228,0.2090570181608200,1.0222268104553223,-0.2433042973279953,0.4215654432773590,1.8756568431854248,-0.1853072345256805,0.2354320287704468,1.8433153629302979,0.1844346672296524,0.3847257196903229,2.2265014648437500,-0.2787821590900421,0.1898270398378372,1.8006421327590942,-0.4518507421016693,0.3909841179847717,2.7901945114135742,-0.0500032231211662,0.1930028349161148,2.5227811336517334,-0.1609446257352829,0.4232586026191711,2.9112639427185059,-0.0489967092871666,0.2098980247974396,2.6586949825286865,-0.1366346180438995,0.2982287108898163,2.8265001773834229,-0.4417280256748199,0.1616302877664566,2.6158277988433838,-0.4306950569152832
0.2405800521373749,0.7875725626945496,-0.7418721914291382,0.2814069390296936,0.7280849218368530,-0.6951651573181152,0.3035470843315125,0.7284014225006104,-0.6960886716842651,0.3253793418407440,0.7307550311088562,-0.6958611011505127,0.2350876033306122,0.7329131960868835,-0.6344732642173767,0.2239073514938354,0.7354038357734680,-0.6355636715888977,0.2128858268260956,0.7375372052192688,-0.6362383365631104,0.3817774057388306,0.7685029506683350,-0.3721017241477966,0.2251070439815521,0.7671954631805420,-0.0875945836305618,0.2808903753757477,0.8591544032096863,-0.6101806759834290,0.2261472195386887,0.8537461757659912,-0.5388352870941162,0.4896242618560791,1.0487782955169678,-0.3335714042186737,0.1834621727466583,1.0899254083633423,0.2399313449859619,0.5329352617263794,1.3350580930709839,-0.6573175787925720,0.1704173982143402,1.4451009035110474,0.1366566419601440,0.4803470671176910,1.5338568687438965,-1.1893154382705688,0.2135024964809418,1.5398488044738770,-0.3397682607173920,0.4897507727146149,1.6061145067214966,-1.3376162052154541,0.2127666771411896,1.5793073177337646,-0.4503205716609955,0.4661781191825867,1.5894072055816650,-1.3758456707000732,0.1880878508090973,1.5504738092422485,-0.5361679792404175,0.4580081105232239,1.5674039125442505,-1.2121344804763794,0.1925028115510941,1.5247977972030640,-0.3921391963958740,0.4232313036918640,1.8781541585922241,-0.1734007596969604,0.2287511378526688,1.8444629907608032,0.1727018058300018,0.3872679173946381,2.4481518268585205,-0.2808346450328827,0.1967628300189972,2.2629656791687012,-0.4523917734622955,0.3906795084476471,2.9710378646850586,0.0323234349489212,0.1926251798868179,2.8675684928894043,-0.0870228782296181,0.4215411245822906,3.0672686100006104,0.0434151329100132,0.2044452428817749,2.9741399288177490,-0.0573567040264606,0.2981113791465759,3.0444021224975586,-0.4020016789436340,0.1628635823726654,2.9639842510223389,-0.4088361859321594
0.2445338219404221,0.7874878048896790,-0.8772763013839722,0.2845276296138763,0.7280610203742981,-0.8392926454544067,0.3067249059677124,0.7284461855888367,-0.8402347564697266,0.3286615908145905,0.7310298085212708,-0.8400074243545532,0.2384181469678879,0.7324764728546143,-0.7722536325454712,0.2270927876234055,0.7349191308021545,-0.7734407186508179,0.2154411375522614,0.7370396256446838,-0.7739509344100952,0.3837004005908966,0.7686603069305420,-0.5256389379501343,0.2259779721498489,0.7670786976814270,-0.2225950062274933,0.2853058874607086,0.8592341542243958,-0.7462362051010132,0.2279639691114426,0.8543196916580200,-0.6684328913688660,0.4856495857238770,1.0676178932189941,-0.4793511033058167,0.1753294765949249,1.0963361263275146,0.1744630336761475,0.5232217907905579,1.3549550771713257,-0.9845039248466492,0.1566344499588013,1.4683605432510376,0.1540705710649490,0.4422720968723297,1.3544886112213135,-1.6266790628433228,0.1922385543584824,1.5822221040725708,-0.2651594281196594,0.4350764751434326,1.3488513231277466,-1.8125013113021851,0.2061017453670502,1.6193637847900391,-0.3603537678718567,0.4271335601806641,1.3112684488296509,-1.8071660995483398,0.1574083566665649,1.5945372581481934,-0.4542377591133118,0.4258418977260590,1.3226764202117920,-1.6380910873413086,0.1637251973152161,1.5781128406524658,-0.3207153677940369,0.4064645171165466,1.9058429002761841,-0.1581930816173553,0.2141475230455399,1.8652330636978149,0.1574399471282959,0.3530875742435455,2.5100533962249756,-0.1244063526391983,0.1826991140842438,2.2806143760681152,-0.3814416229724884,0.3560838699340820,3.0387604236602783,0.3121103048324585,0.1681550741195679,2.9100978374481201,-0.0521404929459095,0.3854506611824036,3.1411638259887695,0.3290384411811829,0.1796479672193527,3.0255706310272217,-0.0257239341735840,0.2597363591194153,3.1037213802337646,-0.1379268616437912,0.1269377917051315,3.0028169155120850,-0.4165338575839996
0.2445338219404221,0.7874878048896790,-0.8772763013839722,0.2845276296138763,0.7280610203742981,-0.8392926454544067,0.3067249059677124,0.7284461855888367,-0.8402347564697266,0.3286615908145905,0.7310298085212708,-0.8400074243545532,0.2384181469678879,0.7324764728546143,-0.7722536325454712,0.2270927876234055,0.7349191308021545,-0.7734407186508179,0.2154411375522614,0.7370396256446838,-0.7739509344100952,0.3837004005908966,0.7686603069305420,-0.5256389379501343,0.2259779721498489,0.7670786976814270,-0.2225950062274933,0.2853058874607086,0.8592341542243958,-0.7462362051010132,0.2279639691114426,0.8543196916580200,-0.6684328913688660,0.4856495857238770,1.0676178932189941,-0.4793511033058167,0.1753294765949249,1.0963361263275146,0.1744630336761475,0.5232217907905579,1.3549550771713257,-0.9845039248466492,0.1566344499588013,1.4683605432510376,0.1540705710649490,0.4422720968723297,1.3544886112213135,-1.6266790628433228,0.1922385543584824,1.5822221040725708,-0.2651594281196594,0.4350764751434326,1.3488513231277466,-1.8125013113021851,0.2061017453670502,1.6193637847900391,-0.3603537678718567,0.4271335601806641,1.3112684488296509,-1.8071660995483398,0.1574083566665649,1.5945372581481934,-0.4542377591133118,0.4258418977260590,1.3226764202117920,-1.6380910873413086,0.1637251973152161,1.5781128406524658,-0.3207153677940369,0.4064645171165466,1.9058429002761841,-0.1581930816173553,0.2141475230455399,1.8652330636978149,0.1574399471282959,0.3530875742435455,2.5100533962249756,-0.1244063526391983,0.1826991140842438,2.2806143760681152,-0.3814416229724884,0.3560838699340820,3.0387604236602783,0.3121103048324585,0.1681550741195679,2.9100978374481201,-0.0521404929459095,0.3854506611824036,3.1411638259887695,0.3290384411811829,0.1796479672193527,3.0255706310272217,-0.0257239341735840,0.2597363591194153,3.1037213802337646,-0.1379268616437912,0.1269377917051315,3.0028169155120850,-0.4165338575839996
0.2445161342620850,0.7882074713706970,-0.9529408216476440,0.2845109999179840,0.7287210822105408,-0.8916755914688110,0.3067068755626678,0.7292521595954895,-0.8923902511596680,0.3286344408988953,0.7318562269210815,-0.8921372294425964,0.2385571897029877,0.7330092191696167,-0.8587623834609985,0.2272992879152298,0.7353932857513428,-0.8599560856819153,0.2157151252031326,0.7374569773674011,-0.8606012463569641,0.3834993243217468,0.7687525153160095,-0.5122848153114319,0.2264565527439117,0.7674428820610046,-0.3429989218711853,0.2853512167930603,0.8604242205619812,-0.7927719354629517,0.2280203402042389,0.8558620214462280,-0.7561874389648438,0.5007568597793579,1.0661108493804932,-0.2820453047752380,0.1343252062797546,1.0884543657302856,-0.0921379625797272,0.5649687051773071,1.4198129177093506,-0.4127857089042664,0.0745639055967331,1.4609892368316650,-0.1823368221521378,0.5826104283332825,1.6948437690734863,-0.9331685304641724,0.0632518678903580,1.6909407377243042,-0.6345488429069519,0.6164796948432922,1.7779871225357056,-1.0589541196823120,0.0432217642664909,1.7707333564758301,-0.7601905465126038,0.5907953977584839,1.7713156938552856,-1.1554120779037476,0.0516944713890553,1.7702641487121582,-0.8555258512496948,0.5700212717056274,1.7427585124969482,-0.9810738563537598,0.0684683993458748,1.7415519952774048,-0.6877223253250122,0.4304555058479309,1.8572942018508911,-0.0513182580471039,0.2127999514341354,1.8362818956375122,0.0502614267170429,0.4325413107872009,2.5046372413635254,-0.3486363589763641,0.1986880004405975,2.4036321640014648,-0.4871607422828674,0.4158521592617035,3.0599932670593262,-0.2229513674974442,0.1906397491693497,3.0114367008209229,-0.0293238963931799,0.4303195476531982,3.1657876968383789,-0.2445437014102936,0.1951268613338470,3.1100480556488037,0.0060589597560465,0.3378069400787354,3.1409945487976074,-0.8460098505020142,0.1922736167907715,3.1304585933685303,-0.4073956906795502
0.2471598833799362,0.7877162694931030,-0.8536620140075684,0.2908296883106232,0.7279814481735229,-0.7841471433639526,0.3120727837085724,0.7284105420112610,-0.7851767539978027,0.3344210982322693,0.7309532761573792,-0.7850683927536011,0.2399971783161163,0.7327793240547180,-0.7574909925460815,0.2280734032392502,0.7352474927902222,-0.7585356831550598,0.2166514843702316,0.7373663783073425,-0.7595678567886353,0.3900153040885925,0.7690565586090088,-0.4089874625205994,0.2296530455350876,0.7670839428901672,-0.3081727623939514,0.2884415984153748,0.8603456020355225,-0.7036889791488647,0.2291021794080734,0.8553175330162048,-0.6797687411308289,0.4985748827457428,1.0874991416931152,-0.2591413855552673,0.1341971606016159,1.0822910070419312,-0.0552759058773518,0.5094081163406372,1.2803386449813843,-0.5352197289466858,0.0991182923316956,1.2732707262039185,-0.3643652796745300,0.3695270419120789,1.1227593421936035,-0.9673928022384644,0.1521372050046921,1.0111302137374878,-0.8988428115844727,0.3327644169330597,1.0764003992080688,-1.0958293676376343,0.1513288766145706,0.9846775531768799,-1.0500526428222656,0.3304888606071472,1.0461395978927612,-1.1070879697799683,0.1615268886089325,0.9357867836952209,-1.0576597452163696,0.3387463092803955,1.0658466815948486,-0.9826653599739075,0.1653039902448654,0.9596386551856995,-0.9235463142395020,0.4134532809257507,1.9134405851364136,-0.0469955094158649,0.2181390523910522,1.8755395412445068,0.0458650253713131,0.3540740907192230,1.6762468814849854,0.0064353146590292,0.2003585547208786,1.3370317220687866,-0.0574390366673470,0.3668662905693054,1.8143845796585083,0.3805678188800812,0.2819699645042419,1.4489135742187500,0.4008427560329437,0.4016965329647064,1.8845881223678589,0.4042949080467224,0.3050342202186584,1.5283104181289673,0.4435123503208160,0.2705120146274567,1.6894190311431885,0.0052626999095082,0.2771146893501282,1.3001295328140259,0.1440147757530212
0.2471598833799362,0.7877162694931030,-0.8536620140075684,0.2908296883106232,0.7279814481735229,-0.7841471433639526,0.3120727837085724,0.7284105420112610,-0.7851767539978027,0.3344210982322693,0.7309532761573792,-0.7850683927536011,0.2399971783161163,0.7327793240547180,-0.7574909925460815,0.2280734032392502,0.7352474927902222,-0.7585356831550598,0.2166514843702316,0.7373663783073425,-0.7595678567886353,0.3900153040885925,0.7690565586090088,-0.4089874625205994,0.2296530455350876,0.7670839428901672,-0.3081727623939514,0.2884415984153748,0.8603456020355225,-0.7036889791488647,0.2291021794080734,0.8553175330162048,-0.6797687411308289,0.4985748827457428,1.0874991416931152,-0.2591413855552673,0.1341971606016159,1.0822910070419312,-0.0552759058773518,0.5094081163406372,1.2803386449813843,-0.5352197289466858,0.0991182923316956,1.2732707262039185,-0.3643652796745300,0.3695270419120789,1.1227593421936035,-0.9673928022384644,0.1521372050046921,1.0111302137374878,-0.8988428115844727,0.3327644169330597,1.0764003992080688,-1.0958293676376343,0.1513288766145706,0.9846775531768799,-1.0500526428222656,0.3304888606071472,1.0461395978927612,-1.1070879697799683,0.1615268886089325,0.9357867836952209,-1.0576597452163696,0.3387463092803955,1.0658466815948486,-0.9826653599739075,0.1653039902448654,0.9596386551856995,-0.9235463142395020,0.4134532809257507,1.9134405851364136,-0.0469955094158649,0.2181390523910522,1.8755395412445068,0.0458650253713131,0.3540740907192230,1.6762468814849854,0.0064353146590292,0.2003585547208786,1.3370317220687866,-0.0574390366673470,0.3668662905693054,1.8143845796585083,0.3805678188800812,0.2819699645042419,1.4489135742187500,0.4008427560329437,0.4016965329647064,1.8845881223678589,0.4042949080467224,0.3050342202186584,1.5283104181289673,0.4435123503208160,0.2705120146274567,1.6894190311431885,0.0052626999095082,0.2771146893501282,1.3001295328140259,0.1440147757530212
0.2471620738506317,0.7877010703086853,-0.8787816762924194,0.2910003066062927,0.7285875678062439,-0.8301439285278320,0.3129228651523590,0.7291278839111328,-0.8310648798942566,0.3350869715213776,0.7318609952926636,-0.8308084607124329,0.2401412725448608,0.7333822846412659,-0.7843233942985535,0.2287001609802246,0.7356393933296204,-0.7855043411254883,0.2177316695451736,0.7375869154930115,-0.7862634062767029,0.3896951079368591,0.7691474556922913,-0.4902032911777496,0.2300303727388382,0.7670610547065735,-0.2948841750621796,0.2891077399253845,0.8605161905288696,-0.7365513443946838,0.2303893566131592,0.8548784255981445,-0.6903318166732788,0.4994803071022034,1.0862860679626465,-0.3624993562698364,0.1341584473848343,1.0768673419952393,-0.0268143080174923,0.5304759144783020,1.3018784523010254,-0.8083047866821289,0.0706008523702621,1.3430444002151489,-0.2870627343654633,0.4398024678230286,1.2210737466812134,-1.4202468395233154,0.1012321114540100,1.3477796316146851,-0.7547010183334351,0.4229615628719330,1.2027230262756348,-1.5941839218139648,0.1009380966424942,1.3665810823440552,-0.8923352360725403,0.4175672531127930,1.1680980920791626,-1.6032232046127319,0.1165199428796768,1.3300139904022217,-0.9490491747856140,0.4194792807102203,1.1820091009140015,-1.4378505945205688,0.1232802271842957,1.3305735588073730,-0.7986022233963013,0.4113757610321045,1.9136061668395996,-0.0573272593319416,0.2055582702159882,1.8745180368423462,0.0563639700412750,0.3454424142837524,2.3471472263336182,-0.0737960115075111,0.1721217334270477,1.9548523426055908,-0.4940632283687592,0.3532237708568573,2.8871181011199951,0.2775911688804626,0.1950754225254059,2.7140727043151855,-0.2185559719800949,0.3814279437065125,2.9842231273651123,0.2915895581245422,0.2028511762619019,2.8336713314056396,-0.2045613825321198,0.2551717460155487,2.9564445018768311,-0.1538685560226440,0.2025955170392990,2.8310270309448242,-0.6311322450637817
0.2484715282917023,0.7881192564964294,-0.8782121539115906,0.2917037308216095,0.7285694479942322,-0.8183066248893738,0.3141964077949524,0.7290829420089722,-0.8191276788711548,0.3364472091197968,0.7317641377449036,-0.8189643025398254,0.2415394783020020,0.7333369851112366,-0.7788214683532715,0.2302654683589935,0.7355803847312927,-0.7800352573394775,0.2194432467222214,0.7375556230545044,-0.7808314561843872,0.3900978565216064,0.7692606449127197,-0.3828009068965912,0.2305440604686737,0.7670747041702271,-0.1994198411703110,0.2900132536888123,0.8605424761772156,-0.7187866568565369,0.2307586669921875,0.8548802137374878,-0.6761608123779297,0.5059111118316650,1.0828328132629395,-0.1889966428279877,0.1320461779832840,1.0895320177078247,0.1086052656173706,0.5545147657394409,1.4340889453887939,-0.4896788001060486,0.0718825608491898,1.4909920692443848,0.0514021627604961,0.5383188128471375,1.6678329706192017,-1.2007753849029541,0.0488414466381073,1.6914000511169434,-0.4302781224250793,0.5594123601913452,1.7436223030090332,-1.3713219165802002,0.0263952016830444,1.7513142824172974,-0.5432457327842712,0.5415895581245422,1.7287398576736450,-1.5042724609375000,0.0235974229872227,1.7382118701934814,-0.6569687128067017,0.5266203880310059,1.7013550996780396,-1.2533376216888428,0.0397863388061523,1.7145974636077881,-0.4911983609199524,0.4391912519931793,1.9095448255538940,-0.0635612383484840,0.2050041407346725,1.8744393587112427,0.0623425245285034,0.4089223742485046,2.5628969669342041,-0.6286916136741638,0.2012186050415039,2.4661920070648193,-0.6620824933052063,0.3999280035495758,3.1271290779113770,-0.5440586805343628,0.1958150267601013,3.0643956661224365,-0.2554423809051514,0.4174682497978210,3.2346241474151611,-0.5688043832778931,0.2035249471664429,3.1752419471740723,-0.2319903075695038,0.3211288452148438,3.1953744888305664,-1.1684675216674805,0.1971634030342102,3.1495549678802490,-0.6802543401718140
0.2484715282917023,0.7881192564964294,-0.8782121539115906,0.2917037308216095,0.7285694479942322,-0.8183066248893738,0.3141964077949524,0.7290829420089722,-0.8191276788711548,0.3364472091197968,0.7317641377449036,-0.8189643025398254,0.2415394783020020,0.7333369851112366,-0.7788214683532715,0.2302654683589935,0.7355803847312927,-0.7800352573394775,0.2194432467222214,0.7375556230545044,-0.7808314561843872,0.3900978565216064,0.7692606449127197,-0.3828009068965912,0.2305440604686737,0.7670747041702271,-0.1994198411703110,0.2900132536888123,0.8605424761772156,-0.7187866568565369,0.2307586669921875,0.8548802137374878,-0.6761608123779297,0.5059111118316650,1.0828328132629395,-0.1889966428279877,0.1320461779832840,1.0895320177078247,0.1086052656173706,0.5545147657394409,1.4340889453887939,-0.4896788001060486,0.0718825608491898,1.4909920692443848,0.0514021627604961,0.5383188128471375,1.6678329706192017,-1.2007753849029541,0.0488414466381073,1.6914000511169434,-0.4302781224250793,0.5594123601913452,1.7436223030090332,-1.3713219165802002,0.0263952016830444,1.7513142824172974,-0.5432457327842712,0.5415895581245422,1.7287398576736450,-1.5042724609375000,0.0235974229872227,1.7382118701934814,-0.6569687128067017,0.5266203880310059,1.7013550996780396,-1.2533376216888428,0.0397863388061523,1.7145974636077881,-0.4911983609199524,0.4391912519931793,1.9095448255538940,-0.0635612383484840,0.2050041407346725,1.8744393587112427,0.0623425245285034,0.4089223742485046,2.5628969669342041,-0.6286916136741638,0.2012186050415039,2.4661920070648193,-0.6620824933052063,0.3999280035495758,3.1271290779113770,-0.5440586805343628,0.1958150267601013,3.0643956661224365,-0.2554423809051514,0.4174682497978210,3.2346241474151611,-0.5688043832778931,0.2035249471664429,3.1752419471740723,-0.2319903075695038,0.3211288452148438,3.1953744888305664,-1.1684675216674805,0.1971634030342102,3.1495549678802490,-0.6802543401718140
0.2507630586624146,0.7894489765167236,-0.8805418014526367,0.2939054965972900,0.7292166352272034,-0.8243385553359985,0.3168010115623474,0.7298119664192200,-0.8253027796745300,0.3389914929866791,0.7324439287185669,-0.8250478506088257,0.2437521666288376,0.7334155440330505,-0.7858037948608398,0.2322455644607544,0.7355704903602600,-0.7870048284530640,0.2213079035282135,0.7375145554542542,-0.7878175973892212,0.3925188481807709,0.7703496217727661,-0.4364045262336731,0.2325370311737061,0.7670845389366150,-0.2737347483634949,0.2926304340362549,0.8617192506790161,-0.7275458574295044,0.2315892428159714,0.8561472296714783,-0.6875506639480591,0.5050621628761292,1.0965647697448730,-0.2147617787122726,0.1318536698818207,1.0926862955093384,-0.0275177843868732,0.5540121793746948,1.3857072591781616,-0.5189889669418335,0.0812190249562263,1.4324215650558472,-0.1880352199077606,0.4973138868808746,1.4542145729064941,-1.1282112598419189,0.0933817252516747,1.3695670366287231,-0.7099525928497314,0.4905883669853210,1.4687029123306274,-1.2746841907501221,0.0923109948635101,1.3481785058975220,-0.8583493232727051,0.4792529940605164,1.4336125850677490,-1.3250985145568848,0.0982746630907059,1.3029053211212158,-0.9106647372245789,0.4769316315650940,1.4378054141998291,-1.1581585407257080,0.1031830087304115,1.3121305704116821,-0.7508484721183777,0.4280312955379486,1.9310902357101440,-0.0392986238002777,0.2048958837985992,1.8859416246414185,0.0382487736642361,0.3798519372940063,2.1537959575653076,0.1987854689359665,0.1826093196868896,1.7916624546051025,-0.5623453855514526,0.3331691324710846,2.5795085430145264,0.6688019037246704,0.1899146735668182,2.3589487075805664,-0.2215508669614792,0.3421530127525330,2.6810581684112549,0.6975466609001160,0.1953190267086029,2.4724259376525879,-0.1231613606214523,0.2642168998718262,2.5629158020019531,0.3481121063232422,0.1964663863182068,2.3925056457519531,-0.3302237689495087
0.2507410049438477,0.7895257472991943,-0.8581115603446960,0.2935253679752350,0.7310343980789185,-0.8128716349601746,0.3166889846324921,0.7322494983673096,-0.8138836622238159,0.3388934731483459,0.7353124618530273,-0.8136954307556152,0.2443206012248993,0.7345311045646667,-0.7422745823860168,0.2335215061903000,0.7365531921386719,-0.7434765100479126,0.2228754460811615,0.7384181618690491,-0.7440901398658752,0.3921388983726501,0.7711289525032043,-0.4487003684043884,0.2352728098630905,0.7673903703689575,-0.1378603875637054,0.2927316725254059,0.8626006841659546,-0.7157939672470093,0.2337998151779175,0.8573059439659119,-0.6316226720809937,0.5054070353507996,1.1023749113082886,-0.3833655714988708,0.1656950265169144,1.1029446125030518,0.3235080540180206,0.5541816949844360,1.4572747945785522,-0.7248507142066956,0.1224877610802650,1.4844454526901245,0.2900879681110382,0.5162916779518127,1.6559844017028809,-1.2763707637786865,0.0912214368581772,1.5281310081481934,-0.3197813034057617,0.5264786481857300,1.7122594118118286,-1.4396657943725586,0.0772799924015999,1.5395622253417969,-0.4336475431919098,0.5148311853408813,1.6855846643447876,-1.4834158420562744,0.0666391775012016,1.5080970525741577,-0.5467987060546875,0.5069633126258850,1.6712183952331543,-1.3018023967742920,0.0812126547098160,1.5037462711334229,-0.3880054354667664,0.4277927875518799,1.9447487592697144,-0.2114214152097702,0.2051544189453125,1.8878917694091797,0.2104179859161377,0.3519628643989563,2.4957191944122314,-0.4163914322853088,0.1775639951229095,2.1179611682891846,-0.4983282685279846,0.3271810710430145,3.0650000572204590,-0.2090463191270828,0.1542448848485947,2.8595435619354248,-0.2157487124204636,0.3508799672126770,3.1819293498992920,-0.2175538241863251,0.1688096374273300,3.0012497901916504,-0.2022796422243118,0.2176056653261185,3.1130790710449219,-0.7307900190353394,0.0807447209954262,2.9475741386413574,-0.5889868736267090
0.2509809136390686,0.7880265116691589,-0.9626499414443970,0.2934929430484772,0.7307409644126892,-0.8948103189468384,0.3166464567184448,0.7320480346679688,-0.8957382440567017,0.3388351798057556,0.7350997328758240,-0.8955501317977905,0.2447812259197235,0.7341462373733521,-0.8584848642349243,0.2337455451488495,0.7362266182899475,-0.8596478700637817,0.2230289876461029,0.7381276488304138,-0.8604089021682739,0.3921276628971100,0.7711783647537231,-0.4659190177917480,0.2352608740329742,0.7674688696861267,-0.2960417568683624,0.2928108572959900,0.8624371290206909,-0.7896227240562439,0.2339456826448441,0.8569837212562561,-0.7498237490653992,0.5065317749977112,1.1125887632369995,-0.2535223364830017,0.1433625519275665,1.0955219268798828,-0.0086727570742369,0.5592851638793945,1.4860059022903442,-0.4003987908363342,0.0729107111692429,1.4789011478424072,-0.2891337871551514,0.5401405096054077,1.7332538366317749,-0.9537559747695923,0.0570500381290913,1.5419892072677612,-1.0634362697601318,0.5560389757156372,1.8136330842971802,-1.0990358591079712,0.0411211475729942,1.5677299499511719,-1.2490453720092773,0.5381852984428406,1.7932642698287964,-1.1876424551010132,0.0492221042513847,1.5392566919326782,-1.3224102258682251,0.5258750319480896,1.7645589113235474,-0.9981809854507446,0.0639645904302597,1.5297374725341797,-1.1171486377716064,0.4272269308567047,1.9300677776336670,-0.0722990483045578,0.1901538521051407,1.8841319084167480,0.0713838487863541,0.3852289319038391,2.5384781360626221,-0.3891751766204834,0.1810543239116669,2.4163043498992920,-0.5567341446876526,0.3672570586204529,3.1198678016662598,-0.1109622493386269,0.1582271307706833,3.0457928180694580,-0.0368617959320545,0.3790962994098663,3.2298190593719482,-0.1133004799485207,0.1698087900876999,3.1572751998901367,0.0043903514742851,0.2878288328647614,3.1937015056610107,-0.6649698019027710,0.1187406778335571,3.1458997726440430,-0.5188775062561035
0.2513896226882935,0.7880186438560486,-0.9506667852401733,0.2940312325954437,0.7307156324386597,-0.8791511654853821,0.3169756531715393,0.7320315241813660,-0.8800241351127625,0.3392221033573151,0.7350575923919678,-0.8798119425773621,0.2448574006557465,0.7337281703948975,-0.8515295982360840,0.2337548434734344,0.7356804013252258,-0.8526836633682251,0.2230369597673416,0.7375737428665161,-0.8534585237503052,0.3926734030246735,0.7713301181793213,-0.4479304850101471,0.2341511547565460,0.7674493789672852,-0.3321906626224518,0.2929090559482574,0.8624804019927979,-0.7797808647155762,0.2339015454053879,0.8570794463157654,-0.7540965080261230,0.5079379081726074,1.1133322715759277,-0.1788292825222015,0.1131550222635269,1.0955278873443604,-0.1247077733278275,0.5679656267166138,1.4789216518402100,-0.3379004895687103,0.0493296906352043,1.4759649038314819,-0.3235268294811249,0.5876550078392029,1.7489242553710938,-0.9200655221939087,0.0197550486773252,1.6703827381134033,-0.8852532505989075,0.6199823617935181,1.8404113054275513,-1.0552296638488770,-0.0054146246984601,1.7426550388336182,-1.0361087322235107,0.5904417037963867,1.8331701755523682,-1.1506856679916382,0.0130575103685260,1.7389372587203979,-1.1207540035247803,0.5710443258285522,1.7988344430923462,-0.9690923690795898,0.0302650481462479,1.7117921113967896,-0.9381133317947388,0.4328154027462006,1.8881671428680420,0.0039581181481481,0.1901408880949020,1.8650726079940796,-0.0049651539884508,0.4097836911678314,2.5186150074005127,-0.2784871459007263,0.1910436898469925,2.4445881843566895,-0.5802475810050964,0.4071301817893982,3.0931844711303711,0.0429706946015358,0.1698652356863022,3.0583379268646240,-0.0636069700121880,0.4186118245124817,3.1984455585479736,0.0415829047560692,0.1727548688650131,3.1608259677886963,-0.0239915773272514,0.3391217589378357,3.1794486045837402,-0.5304695367813110,0.1840958148241043,3.1747956275939941,-0.5242403745651245
0.2522606551647186,0.7884265780448914,-0.9039652943611145,0.2954034507274628,0.7307006120681763,-0.8618488311767578,0.3184579312801361,0.7318894267082214,-0.8629816174507141,0.3407862484455109,0.7344740033149719,-0.8627045750617981,0.2455387562513351,0.7337146401405334,-0.8205285072326660,0.2344546616077423,0.7355999350547791,-0.8216189146041870,0.2239430844783783,0.7373527288436890,-0.8224350810050964,0.3933930993080139,0.7712083458900452,-0.4939294457435608,0.2353399544954300,0.7673070430755615,-0.3058536946773529,0.2936380207538605,0.8628253340721130,-0.7740906476974487,0.2341264784336090,0.8575081229209900,-0.7335877418518066,0.5024444460868835,1.1129537820816040,-0.3457426726818085,0.1155441850423813,1.0957109928131104,-0.0343704149127007,0.5486487746238708,1.4098694324493408,-0.6488643884658813,0.0563490912318230,1.4634462594985962,-0.1505516469478607,0.4910910725593567,1.4962388277053833,-1.1410189867019653,0.0361342914402485,1.5474851131439209,-0.5507388710975647,0.4847495555877686,1.5213884115219116,-1.2832080125808716,0.0288423188030720,1.5666590929031372,-0.6687699556350708,0.4745641648769379,1.4836665391921997,-1.3113708496093750,0.0408566854894161,1.5350897312164307,-0.7447096109390259,0.4709611535072327,1.4846001863479614,-1.1633012294769287,0.0512030310928822,1.5304617881774902,-0.5984929800033569,0.4110330641269684,1.9162737131118774,-0.0018707517301664,0.1904518753290176,1.8763630390167236,0.0011524974834174,0.3474205136299133,2.1776161193847656,0.0725585222244263,0.1790825128555298,1.8050630092620850,-0.4191261827945709,0.3260797858238220,2.6305253505706787,0.4357109963893890,0.1709925830364227,2.3749890327453613,0.0040660351514816,0.3420250713825226,2.7362015247344971,0.4533122479915619,0.1746398210525513,2.4875557422637939,0.0428740307688713,0.2543026208877563,2.6249876022338867,0.0899384245276451,0.1812338829040527,2.4226396083831787,-0.2372836172580719
0.2522606551647186,0.7884265780448914,-0.9039652943611145,0.2954034507274628,0.7307006120681763,-0.8618488311767578,0.3184579312801361,0.7318894267082214,-0.8629816174507141,0.3407862484455109,0.7344740033149719,-0.8627045750617981,0.2455387562513351,0.7337146401405334,-0.8205285072326660,0.2344546616077423,0.7355999350547791,-0.8216189146041870,0.2239430844783783,0.7373527288436890,-0.8224350810050964,0.3933930993080139,0.7712083458900452,-0.4939294457435608,0.2353399544954300,0.7673070430755615,-0.3058536946773529,0.2936380207538605,0.8628253340721130,-0.7740906476974487,0.2341264784336090,0.8575081229209900,-0.7335877418518066,0.5024444460868835,1.1129537820816040,-0.3457426726818085,0.1155441850423813,1.0957109928131104,-0.0343704149127007,0.5486487746238708,1.4098694324493408,-0.6488643884658813,0.0563490912318230,1.4634462594985962,-0.1505516469478607,0.4910910725593567,1.4962388277053833,-1.1410189867019653,0.0361342914402485,1.5474851131439209,-0.5507388710975647,0.4847495555877686,1.5213884115219116,-1.2832080125808716,0.0288423188030720,1.5666590929031372,-0.6687699556350708,0.4745641648769379,1.4836665391921997,-1.3113708496093750,0.0408566854894161,1.5350897312164307,-0.7447096109390259,0.4709611535072327,1.4846001863479614,-1.1633012294769287,0.0512030310928822,1.5304617881774902,-0.5984929800033569,0.4110330641269684,1.9162737131118774,-0.0018707517301664,0.1904518753290176,1.8763630390167236,0.0011524974834174,0.3474205136299133,2.1776161193847656,0.0725585222244263,0.1790825128555298,1.8050630092620850,-0.4191261827945709,0.3260797858238220,2.6305253505706787,0.4357109963893890,0.1709925830364227,2.3749890327453613,0.0040660351514816,0.3420250713825226,2.7362015247344971,0.4533122479915619,0.1746398210525513,2.4875557422637939,0.0428740307688713,0.2543026208877563,2.6249876022338867,0.0899384245276451,0.1812338829040527,2.4226396083831787,-0.2372836172580719
0.2521505951881409,0.7884173989295959,-0.9221407175064087,0.2945458590984344,0.7311316728591919,-0.8633847236633301,0.3174749314785004,0.7325499057769775,-0.8642846941947937,0.3398186564445496,0.7354434132575989,-0.8640156984329224,0.2455502450466156,0.7339092493057251,-0.8325700759887695,0.2345929145812988,0.7357318401336670,-0.8336995244026184,0.2240778952836990,0.7374361157417297,-0.8344069719314575,0.3922600746154785,0.7715182900428772,-0.4877589344978333,0.2353650033473969,0.7673068642616272,-0.3297558426856995,0.2935444116592407,0.8627199530601501,-0.7730976343154907,0.2345675677061081,0.8572314977645874,-0.7414101362228394,0.5076294541358948,1.1127681732177734,-0.2519903182983398,0.1107759103178978,1.0881487131118774,-0.1026943549513817,0.5504260659217834,1.4679063558578491,-0.4119843542575836,0.0350481122732162,1.4579769372940063,-0.2361526042222977,0.5515492558479309,1.7761094570159912,-0.9479184150695801,0.0075209038332105,1.7070704698562622,-0.6985832452774048,0.5836986303329468,1.8709949254989624,-1.0826528072357178,-0.0162205751985312,1.7936069965362549,-0.8304076194763184,0.5550233721733093,1.8722823858261108,-1.1739017963409424,0.0054930942133069,1.7999259233474731,-0.9239319562911987,0.5339320898056030,1.8383229970932007,-0.9949156045913696,0.0219080578535795,1.7684664726257324,-0.7516627907752991,0.4133833050727844,1.8657428026199341,-0.0103787817060947,0.1760262995958328,1.8399790525436401,0.0093848723918200,0.3794723153114319,2.4322462081909180,-0.3387421369552612,0.1739835143089294,2.3761854171752930,-0.4772476553916931,0.3705425262451172,3.0023074150085449,-0.1213665604591370,0.1662831008434296,2.9742479324340820,0.0855632945895195,0.3815252184867859,3.0986771583557129,-0.1315995305776596,0.1685124784708023,3.0629034042358398,0.1302427500486374,0.3046467304229736,3.1032834053039551,-0.7095142602920532,0.1801769584417343,3.1176071166992188,-0.2753730416297913
0.2531355917453766,0.7887489199638367,-0.9150198698043823,0.2984147965908051,0.7311521172523499,-0.8515847325325012,0.3193032741546631,0.7324916720390320,-0.8523803949356079,0.3413259387016296,0.7353901267051697,-0.8522168993949890,0.2459270954132080,0.7348527908325195,-0.8236035108566284,0.2346237450838089,0.7372275590896606,-0.8247591853141785,0.2241034805774689,0.7394742965698242,-0.8254976272583008,0.3929315507411957,0.7720053195953369,-0.4680821895599365,0.2352222204208374,0.7682048678398132,-0.3666406273841858,0.2938989996910095,0.8621029257774353,-0.7627300024032593,0.2353929579257965,0.8569553494453430,-0.7318710088729858,0.5118662714958191,1.1007403135299683,-0.2167014777660370,0.1092690229415894,1.0820517539978027,-0.1788804084062576,0.5509606599807739,1.4647887945175171,-0.3835887312889099,0.0405709818005562,1.4466934204101562,-0.3546192944049835,0.5608708858489990,1.6953034400939941,-0.9294627308845520,0.0201563164591789,1.6545262336730957,-0.8485891222953796,0.5882560014724731,1.7693297863006592,-1.0548214912414551,0.0012061096495017,1.7187402248382568,-0.9878160357475281,0.5634163618087769,1.7567431926727295,-1.1424298286437988,0.0164216458797455,1.7160098552703857,-1.0671031475067139,0.5447808504104614,1.7318121194839478,-0.9749883413314819,0.0299938712269068,1.6929223537445068,-0.8975930213928223,0.4261505603790283,1.8245214223861694,0.0159634388983250,0.1850241720676422,1.8102425336837769,-0.0168215557932854,0.4276238381862640,2.4491283893585205,-0.1877881735563278,0.2163227349519730,2.3884468078613281,-0.5621310472488403,0.4318408370018005,3.0137274265289307,0.0034140471834689,0.2088725119829178,2.9914381504058838,-0.1939937770366669,0.4459815919399261,3.1115388870239258,-0.0229312758892775,0.2059121131896973,3.0846548080444336,-0.1750623136758804,0.3726482093334198,3.0959196090698242,-0.5872131586074829,0.2397217303514481,3.1042816638946533,-0.6198471784591675
0.2527166604995728,0.7886440157890320,-0.7459872961044312,0.2989775538444519,0.7304502129554749,-0.7035270929336548,0.3197374939918518,0.7319824099540710,-0.7044998407363892,0.3417157232761383,0.7353778481483459,-0.7044287919998169,0.2460991442203522,0.7339360713958740,-0.6366540789604187,0.2347878962755203,0.7360790371894836,-0.6376963853836060,0.2243262231349945,0.7377949357032776,-0.6384454965591431,0.3933927118778229,0.7778016328811646,-0.4236881136894226,0.2362454682588577,0.7670905590057373,-0.1320057660341263,0.2925241887569427,0.8635870218276978,-0.6356028318405151,0.2348274439573288,0.8569310307502747,-0.5573959350585938,0.4824550747871399,1.1112223863601685,-0.4029575288295746,0.1758694499731064,1.0897704362869263,0.1827496886253357,0.4880085587501526,1.3463801145553589,-0.8532294034957886,0.1537513732910156,1.3041857481002808,0.0650744065642357,0.3847053647041321,1.1713440418243408,-1.2193615436553955,0.2068317383527756,1.0200653076171875,-0.3240409791469574,0.3622961044311523,1.1199657917022705,-1.3576083183288574,0.2343012392520905,0.9947403073310852,-0.4166124463081360,0.3648639023303986,1.0915722846984863,-1.3235666751861572,0.2137716263532639,0.9459266066551208,-0.4422084391117096,0.3691223263740540,1.1187846660614014,-1.2147465944290161,0.2133578360080719,0.9361594319343567,-0.3534859716892242,0.3950913250446320,1.9367973804473877,-0.1694847643375397,0.2092611789703369,1.8859450817108154,0.1686299592256546,0.2764001488685608,1.8309174776077271,-0.2410799264907837,0.2150471657514572,1.4905835390090942,-0.1468691676855087,0.3355345129966736,2.0796422958374023,0.1458753198385239,0.2712444663047791,1.7532061338424683,0.3891257047653198,0.3859509229660034,2.1513798236846924,0.1842013299465179,0.2844461798667908,1.8171199560165405,0.4475750923156738,0.2415862381458282,2.0400891304016113,-0.0851992219686508,0.2883495688438416,1.7420941591262817,0.2793723940849304
0.2527166604995728,0.7886440157890320,-0.7459872961044312,0.2989775538444519,0.7304502129554749,-0.7035270929336548,0.3197374939918518,0.7319824099540710,-0.7044998407363892,0.3417157232761383,0.7353778481483459,-0.7044287919998169,0.2460991442203522,0.7339360713958740,-0.6366540789604187,0.2347878962755203,0.7360790371894836,-0.6376963853836060,0.2243262231349945,0.7377949357032776,-0.6384454965591431,0.3933927118778229,0.7778016328811646,-0.4236881136894226,0.2362454682588577,0.7670905590057373,-0.1320057660341263,0.2925241887569427,0.8635870218276978,-0.6356028318405151,0.2348274439573288,0.8569310307502747,-0.5573959350585938,0.4824550747871399,1.1112223863601685,-0.4029575288295746,0.1758694499731064,1.0897704362869263,0.1827496886253357,0.4880085587501526,1.3463801145553589,-0.8532294034957886,0.1537513732910156,1.3041857481002808,0.0650744065642357,0.3847053647041321,1.1713440418243408,-1.2193615436553955,0.2068317383527756,1.0200653076171875,-0.3240409791469574,0.3622961044311523,1.1199657917022705,-1.3576083183288574,0.2343012392520905,0.9947403073310852,-0.4166124463081360,0.3648639023303986,1.0915722846984863,-1.3235666751861572,0.2137716263532639,0.9459266066551208,-0.4422084391117096,0.3691223263740540,1.1187846660614014,-1.2147465944290161,0.2133578360080719,0.9361594319343567,-0.3534859716892242,0.3950913250446320,1.9367973804473877,-0.1694847643375397,0.2092611789703369,1.8859450817108154,0.1686299592256546,0.2764001488685608,1.8309174776077271,-0.2410799264907837,0.2150471657514572,1.4905835390090942,-0.1468691676855087,0.3355345129966736,2.0796422958374023,0.1458753198385239,0.2712444663047791,1.7532061338424683,0.3891257047653198,0.3859509229660034,2.1513798236846924,0.1842013299465179,0.2844461798667908,1.8171199560165405,0.4475750923156738,0.2415862381458282,2.0400891304016113,-0.0851992219686508,0.2883495688438416,1.7420941591262817,0.2793723940849304
0.2522134780883789,0.7892903685569763,-0.7892301678657532,0.2974763512611389,0.7315777540206909,-0.7398539185523987,0.3189499676227570,0.7333734631538391,-0.7407875657081604,0.3409983813762665,0.7368606328964233,-0.7406588792800903,0.2458582669496536,0.7344291210174561,-0.6844476461410522,0.2344625294208527,0.7362514138221741,-0.6855737566947937,0.2241171151399612,0.7377961277961731,-0.6862981915473938,0.3930811882019043,0.7779862284660339,-0.4265346527099609,0.2364158332347870,0.7668327689170837,-0.1421919614076614,0.2896593809127808,0.8634883165359497,-0.6603277921676636,0.2341725081205368,0.8565254211425781,-0.5910187959671021,0.4841259419918060,1.1111081838607788,-0.3903645277023315,0.1732521057128906,1.0821236371994019,0.2069030553102493,0.5132902264595032,1.3529869318008423,-0.7795250415802002,0.1193925291299820,1.3418716192245483,0.1165314763784409,0.4606823325157166,1.2169950008392334,-1.1688468456268311,0.1094845905900002,1.1981220245361328,-0.4415925145149231,0.4597184062004089,1.2147002220153809,-1.3098490238189697,0.1076085418462753,1.1298809051513672,-0.5621995925903320,0.4582964479923248,1.1532672643661499,-1.3257663249969482,0.1001146063208580,1.0626738071441650,-0.6372429132461548,0.4567281305789948,1.1567537784576416,-1.1818901300430298,0.1087138429284096,1.0974107980728149,-0.4928418695926666,0.3972276151180267,1.9217325448989868,-0.1617948859930038,0.1997925639152527,1.8705012798309326,0.1607273668050766,0.2950513958930969,2.3956716060638428,-0.4959851801395416,0.2098340541124344,2.2421243190765381,-0.1996181160211563,0.3407973647117615,2.9495160579681396,-0.3476346731185913,0.2180784195661545,2.8555681705474854,0.3125525712966919,0.3891798257827759,3.0479681491851807,-0.3611944019794464,0.2285580337047577,2.9603729248046875,0.3500354886054993,0.2521515488624573,3.0336990356445312,-0.9059427976608276,0.1845349371433258,2.9690806865692139,-0.0111774131655693
0.2535078227519989,0.7890136837959290,-0.7685864567756653,0.2967028319835663,0.7301427125930786,-0.7117978930473328,0.3184532523155212,0.7311169505119324,-0.7125607728958130,0.3396288454532623,0.7335433959960938,-0.7123969793319702,0.2459023892879486,0.7336259484291077,-0.6655191183090210,0.2344089746475220,0.7356213331222534,-0.6666979789733887,0.2239449024200439,0.7373891472816467,-0.6674060225486755,0.3921939134597778,0.7690017819404602,-0.3553207218647003,0.2351016104221344,0.7668249607086182,-0.1363853961229324,0.2906642556190491,0.8612135648727417,-0.6238086819648743,0.2346924245357513,0.8564078211784363,-0.5698540210723877,0.4866237640380859,1.0750540494918823,-0.2718960046768188,0.1754754185676575,1.0822271108627319,0.1798949986696243,0.5189459919929504,1.2666102647781372,-0.6739069223403931,0.1126583963632584,1.3898901939392090,0.0729678496718407,0.4436653256416321,1.1072400808334351,-1.1931929588317871,0.1084173098206520,1.4114048480987549,-0.4224156737327576,0.4324030876159668,1.0722005367279053,-1.3462179899215698,0.0978054255247116,1.4002242088317871,-0.5245860815048218,0.4292153716087341,1.0401545763015747,-1.3463630676269531,0.0852217823266983,1.3657143115997314,-0.6032034754753113,0.4294044375419617,1.0582392215728760,-1.2041008472442627,0.0979295000433922,1.3737078905105591,-0.4714253842830658,0.4170455038547516,1.8903586864471436,-0.1342368423938751,0.2104493677616119,1.8407084941864014,0.1332207918167114,0.3204417228698730,2.4307878017425537,-0.4769238829612732,0.2084824591875076,2.2688164710998535,-0.4651261866092682,0.3465195894241333,2.9939832687377930,-0.4405414164066315,0.1807004213333130,2.8742175102233887,-0.1111653670668602,0.3894907832145691,3.0915837287902832,-0.4655080735683441,0.1871332228183746,2.9777233600616455,-0.0892192646861076,0.2544648349285126,3.0848498344421387,-0.9941251873970032,0.1365083009004593,2.9874980449676514,-0.4608197212219238
0.2535544335842133,0.7886970043182373,-0.7539388537406921,0.2963387966156006,0.7294378876686096,-0.7126747369766235,0.3183568418025970,0.7303796410560608,-0.7136075496673584,0.3395286202430725,0.7329537868499756,-0.7133955359458923,0.2459135502576828,0.7327919006347656,-0.6545416116714478,0.2344092428684235,0.7347263693809509,-0.6556017994880676,0.2239468991756439,0.7364017367362976,-0.6561948060989380,0.3921864628791809,0.7687723040580750,-0.3945830464363098,0.2350309193134308,0.7660821080207825,-0.1517203450202942,0.2906462550163269,0.8610302209854126,-0.6306652426719666,0.2345744073390961,0.8563003540039062,-0.5651658177375793,0.4857310652732849,1.0756746530532837,-0.4048859179019928,0.1728783845901489,1.0823129415512085,0.1732091456651688,0.5205340981483459,1.2784781455993652,-0.9318000674247742,0.1291197836399078,1.3911128044128418,0.0834879279136658,0.3943593502044678,1.1274578571319580,-1.4797819852828979,0.1563661843538284,1.3181674480438232,-0.3706919550895691,0.3634205162525177,1.0887749195098877,-1.6459560394287109,0.1623893678188324,1.2959667444229126,-0.4785796105861664,0.3593442142009735,1.0471600294113159,-1.6128495931625366,0.1586941480636597,1.2447381019592285,-0.5313922762870789,0.3672294914722443,1.0720201730728149,-1.4767111539840698,0.1609481871128082,1.2524983882904053,-0.4116064608097076,0.4054794311523438,1.8911586999893188,-0.1347838342189789,0.2079351395368576,1.8410385847091675,0.1339066922664642,0.2994476556777954,2.2551739215850830,-0.0215266309678555,0.1723543107509613,1.9232045412063599,-0.4580293595790863,0.2925367951393127,2.7769670486450195,0.4773491024971008,0.1481013745069504,2.5485825538635254,-0.1031793802976608,0.3246631920337677,2.8834671974182129,0.5100723505020142,0.1563410460948944,2.6703484058380127,-0.0746602043509483,0.1861883997917175,2.8191573619842529,0.1804166585206985,0.1059020012617111,2.6155593395233154,-0.4219799041748047
0.2535544335842133,0.7886970043182373,-0.7539388537406921,0.2963387966156006,0.7294378876686096,-0.7126747369766235,0.3183568418025970,0.7303796410560608,-0.7136075496673584,0.3395286202430725,0.7329537868499756,-0.7133955359458923,0.2459135502576828,0.7327919006347656,-0.6545416116714478,0.2344092428684235,0.7347263693809509,-0.6556017994880676,0.2239468991756439,0.7364017367362976,-0.6561948060989380,0.3921864628791809,0.7687723040580750,-0.3945830464363098,0.2350309193134308,0.7660821080207825,-0.1517203450202942,0.2906462550163269,0.8610302209854126,-0.6306652426719666,0.2345744073390961,0.8563003540039062,-0.5651658177375793,0.4857310652732849,1.0756746530532837,-0.4048859179019928,0.1728783845901489,1.0823129415512085,0.1732091456651688,0.5205340981483459,1.2784781455993652,-0.9318000674247742,0.1291197836399078,1.3911128044128418,0.0834879279136658,0.3943593502044678,1.1274578571319580,-1.4797819852828979,0.1563661843538284,1.3181674480438232,-0.3706919550895691,0.3634205162525177,1.0887749195098877,-1.6459560394287109,0.1623893678188324,1.2959667444229126,-0.4785796105861664,0.3593442142009735,1.0471600294113159,-1.6128495931625366,0.1586941480636597,1.2447381019592285,-0.5313922762870789,0.3672294914722443,1.0720201730728149,-1.4767111539840698,0.1609481871128082,1.2524983882904053,-0.4116064608097076,0.4054794311523438,1.8911586999893188,-0.1347838342189789,0.2079351395368576,1.8410385847091675,0.1339066922664642,0.2994476556777954,2.2551739215850830,-0.0215266309678555,0.1723543107509613,1.9232045412063599,-0.4580293595790863,0.2925367951393127,2.7769670486450195,0.4773491024971008,0.1481013745069504,2.5485825538635254,-0.1031793802976608,0.3246631920337677,2.8834671974182129,0.5100723505020142,0.1563410460948944,2.6703484058380127,-0.0746602043509483,0.1861883997917175,2.8191573619842529,0.1804166585206985,0.1059020012617111,2.6155593395233154,-0.4219799041748047
0.2536878883838654,0.7883947491645813,-0.8059991598129272,0.2961478829383850,0.7294339537620544,-0.7211201786994934,0.3179721832275391,0.7304221391677856,-0.7217599153518677,0.3389909863471985,0.7330980300903320,-0.7214833498001099,0.2461983412504196,0.7325909733772278,-0.7001218795776367,0.2345807850360870,0.7345697283744812,-0.7012546062469482,0.2239398658275604,0.7363256812095642,-0.7018827199935913,0.3914237618446350,0.7689071893692017,-0.3367577195167542,0.2327854186296463,0.7661554217338562,-0.1660809963941574,0.2913612127304077,0.8609552979469299,-0.6336902976036072,0.2345777004957199,0.8563169836997986,-0.6090570092201233,0.4949217438697815,1.0762317180633545,-0.1492719650268555,0.1336802542209625,1.0823683738708496,0.0516794510185719,0.5545402169227600,1.3016129732131958,-0.6189588308334351,0.0464293733239174,1.4335957765579224,-0.1374635696411133,0.4781099855899811,1.2050671577453613,-1.3244831562042236,0.0206204615533352,1.6360797882080078,-0.6486207842826843,0.4739628732204437,1.1987806558609009,-1.4820957183837891,-0.0002080778067466,1.6954623460769653,-0.7824047207832336,0.4562409818172455,1.1668543815612793,-1.4926006793975830,0.0137328896671534,1.6902964115142822,-0.8608682751655579,0.4505117833614349,1.1769449710845947,-1.3381949663162231,0.0284010861068964,1.6698538064956665,-0.6970832943916321,0.4163006246089935,1.8812823295593262,-0.0379193387925625,0.1990894526243210,1.8411680459976196,0.0368968062102795,0.3894916176795959,2.4618065357208252,-0.3190114796161652,0.2000318020582199,2.3751704692840576,-0.7384005188941956,0.3815059661865234,3.0310771465301514,-0.2316506356000900,0.1777543425559998,2.9787518978118896,-0.2851697206497192,0.3952977061271667,3.1389086246490479,-0.2569104731082916,0.1750434488058090,3.0816349983215332,-0.2552487850189209,0.3006996512413025,3.0985457897186279,-0.8611053228378296,0.1841788589954376,3.0743548870086670,-0.7130998373031616
0.2530081570148468,0.7883884906768799,-0.7737518548965454,0.2956868410110474,0.7294911742210388,-0.7101513147354126,0.3171446919441223,0.7305184602737427,-0.7110878229141235,0.3386163115501404,0.7333155274391174,-0.7109001278877258,0.2460412681102753,0.7325021028518677,-0.6755567789077759,0.2343457639217377,0.7343046665191650,-0.6766831278800964,0.2237777262926102,0.7359116077423096,-0.6775363683700562,0.3925853371620178,0.7750273346900940,-0.3568510413169861,0.2326582223176956,0.7661244869232178,-0.1773944199085236,0.2908273339271545,0.8621463179588318,-0.6298466324806213,0.2327841222286224,0.8573580980300903,-0.5930282473564148,0.4813360273838043,1.1050530672073364,-0.2069813907146454,0.1334631145000458,1.0824679136276245,0.0360000953078270,0.4945757389068604,1.3030618429183960,-0.6090252995491028,0.0925243198871613,1.2987405061721802,-0.1745675206184387,0.3907937109470367,1.2040330171585083,-1.1015856266021729,0.1461471170186996,1.1037585735321045,-0.6616557836532593,0.3679087460041046,1.1812542676925659,-1.2367354631423950,0.1605724990367889,1.0472103357315063,-0.7953774929046631,0.3656207323074341,1.1467320919036865,-1.2453521490097046,0.1602896749973297,1.0077987909317017,-0.8268713951110840,0.3681292235851288,1.1608507633209229,-1.1159389019012451,0.1575127840042114,0.9828971028327942,-0.6927248239517212,0.3846251964569092,1.9163588285446167,-0.0536025948822498,0.1991511583328247,1.8671604394912720,0.0526556447148323,0.3335669934749603,1.7476080656051636,-0.0249713398516178,0.1916866451501846,1.3993728160858154,-0.2548407316207886,0.3381494581699371,2.0528135299682617,0.3712860345840454,0.2540534436702728,1.7128995656967163,0.2321984320878983,0.3662660717964172,2.1374361515045166,0.4008449018001556,0.2733601927757263,1.8017051219940186,0.2840274572372437,0.2534710168838501,2.0094830989837646,0.0805699601769447,0.2565114200115204,1.6669909954071045,0.0690555721521378
0.2515848875045776,0.7882491350173950,-0.8368379473686218,0.2948023080825806,0.7301061749458313,-0.7840588092803955,0.3166528344154358,0.7310078740119934,-0.7848819494247437,0.3378078639507294,0.7337015867233276,-0.7846301794052124,0.2450061589479446,0.7339750528335571,-0.7402846813201904,0.2340936362743378,0.7357657551765442,-0.7414512038230896,0.2237305194139481,0.7371880412101746,-0.7421470880508423,0.3879072964191437,0.7733179330825806,-0.4234239161014557,0.2328893393278122,0.7662512063980103,-0.2138824760913849,0.2901456952095032,0.8613351583480835,-0.6870944499969482,0.2333922088146210,0.8556867837905884,-0.6373786926269531,0.5037826299667358,1.0961366891860962,-0.2241073846817017,0.1344975829124451,1.0759086608886719,0.0420190803706646,0.5564961433410645,1.3370937108993530,-0.5838718414306641,0.0911795273423195,1.3982776403427124,-0.1604005992412567,0.5239846706390381,1.4540675878524780,-1.1776386499404907,0.1002669706940651,1.5455046892166138,-0.6815127134323120,0.5340658426284790,1.5001766681671143,-1.3440266847610474,0.0908242389559746,1.5959155559539795,-0.8241974711418152,0.5188010931015015,1.4713737964630127,-1.3994511365890503,0.0985950902104378,1.5774441957473755,-0.9072702527046204,0.5103791952133179,1.4588580131530762,-1.2132432460784912,0.1077621132135391,1.5553672313690186,-0.7343840003013611,0.4288190007209778,1.8886367082595825,-0.0599837899208069,0.2055973261594772,1.8556295633316040,0.0589858964085579,0.4101976454257965,2.4369692802429199,-0.3589303791522980,0.2057112902402878,2.2926008701324463,-0.4794189035892487,0.4068751335144043,2.9922668933868408,-0.1735852807760239,0.2337130606174469,2.8885703086853027,0.0382866524159908,0.4247898161411285,3.0932564735412598,-0.1871937513351440,0.2364691793918610,2.9882225990295410,0.0730359926819801,0.3225756287574768,3.0672922134399414,-0.7653393745422363,0.2441109120845795,2.9940605163574219,-0.3712438046932220
0.2515290975570679,0.7886483669281006,-0.7730737328529358,0.2945152819156647,0.7299902439117432,-0.7315429449081421,0.3164925575256348,0.7309721708297729,-0.7324980497360229,0.3376826047897339,0.7337099909782410,-0.7324010729789734,0.2449429780244827,0.7339580655097961,-0.6666530370712280,0.2338128536939621,0.7357664704322815,-0.6676492691040039,0.2232633531093597,0.7372061014175415,-0.6683517694473267,0.3880501985549927,0.7742564082145691,-0.4218882024288177,0.2325903624296188,0.7670843601226807,-0.1498080939054489,0.2899940609931946,0.8620529174804688,-0.6527543067932129,0.2320432364940643,0.8566322922706604,-0.5783632397651672,0.4834574759006500,1.1070302724838257,-0.4072000384330750,0.1703046858310699,1.0859510898590088,0.2063494622707367,0.4929649829864502,1.3197140693664551,-0.7814413309097290,0.1523927450180054,1.2822499275207520,0.2407845258712769,0.3557626605033875,1.1247311830520630,-1.0690257549285889,0.1980604231357574,1.0100954771041870,0.1057284921407700,0.3233761489391327,1.0626614093780518,-1.1840425729751587,0.2210695445537567,0.9787520766258240,0.0592078641057014,0.3259004950523376,1.0356006622314453,-1.1520903110504150,0.2066543549299240,0.9321744441986084,0.0342248305678368,0.3338920474052429,1.0656723976135254,-1.0610775947570801,0.2082834988832474,0.9539247751235962,0.0838203579187393,0.3999787271022797,1.9679549932479858,-0.1885785162448883,0.2135614901781082,1.9218554496765137,0.1877503246068954,0.3081546425819397,1.7642802000045776,-0.3441357910633087,0.2045767009258270,1.4667856693267822,0.0500579997897148,0.3913392126560211,1.9599248170852661,0.1226662546396255,0.2706355154514313,1.6578568220138550,0.4821385443210602,0.4185457229614258,2.0335514545440674,0.1618968099355698,0.2894868850708008,1.7313635349273682,0.5257302522659302,0.2921155095100403,1.8851351737976074,-0.1128778308629990,0.2599379122257233,1.5848469734191895,0.3281720876693726
0.2515128850936890,0.7886571288108826,-1.0952917337417603,0.2945148348808289,0.7305065989494324,-1.0225923061370850,0.3165329694747925,0.7318284511566162,-1.0233485698699951,0.3377299904823303,0.7347010970115662,-1.0231612920761108,0.2449508160352707,0.7341061234474182,-0.9961521029472351,0.2337016165256500,0.7358475327491760,-0.9972745776176453,0.2231287658214569,0.7372033596038818,-0.9979489445686340,0.3880205750465393,0.7745777964591980,-0.5795990228652954,0.2326421737670898,0.7667015194892883,-0.4529404640197754,0.2897392809391022,0.8616824746131897,-0.9175347089767456,0.2319971024990082,0.8555392026901245,-0.8889840245246887,0.4881815314292908,1.1069357395172119,-0.3821672201156616,0.1236785277724266,1.0810496807098389,-0.1570728123188019,0.5408326387405396,1.4697177410125732,-0.4459108710289001,0.0248655453324318,1.3938518762588501,-0.2040126770734787,0.5184015631675720,1.7771811485290527,-0.9257141947746277,-0.0094636073336005,1.6701245307922363,-0.6618403792381287,0.5391530394554138,1.8725211620330811,-1.0569000244140625,-0.0350374691188335,1.7544381618499756,-0.7993742823600769,0.5122373700141907,1.8666743040084839,-1.1361439228057861,-0.0170395486056805,1.7556577920913696,-0.9049047231674194,0.4957412779331207,1.8308926820755005,-0.9660509824752808,0.0011288638925180,1.7262902259826660,-0.7191469669342041,0.4000642895698547,1.9018708467483521,-0.0628288760781288,0.1627228856086731,1.8773353099822998,0.0615936703979969,0.3861565291881561,2.4366815090179443,-0.3278729319572449,0.1918179094791412,2.4008657932281494,-0.1091599911451340,0.4031987786293030,3.0077662467956543,0.0272878352552652,0.2102819979190826,2.9787013530731201,0.4639382362365723,0.4194455146789551,3.1084446907043457,0.0316200628876686,0.2122048586606979,3.0677192211151123,0.5259714722633362,0.3303436040878296,3.1091485023498535,-0.5700371861457825,0.2285255193710327,3.1220955848693848,0.1188359260559082
0.2515128850936890,0.7886571288108826,-1.0952917337417603,0.2945148348808289,0.7305065989494324,-1.0225923061370850,0.3165329694747925,0.7318284511566162,-1.0233485698699951,0.3377299904823303,0.7347010970115662,-1.0231612920761108,0.2449508160352707,0.7341061234474182,-0.9961521029472351,0.2337016165256500,0.7358475327491760,-0.9972745776176453,0.2231287658214569,0.7372033596038818,-0.9979489445686340,0.3880205750465393,0.7745777964591980,-0.5795990228652954,0.2326421737670898,0.7667015194892883,-0.4529404640197754,0.2897392809391022,0.8616824746131897,-0.9175347089767456,0.2319971024990082,0.8555392026901245,-0.8889840245246887,0.4881815314292908,1.1069357395172119,-0.3821672201156616,0.1236785277724266,1.0810496807098389,-0.1570728123188019,0.5408326387405396,1.4697177410125732,-0.4459108710289001,0.0248655453324318,1.3938518762588501,-0.2040126770734787,0.5184015631675720,1.7771811485290527,-0.9257141947746277,-0.0094636073336005,1.6701245307922363,-0.6618403792381287,0.5391530394554138,1.8725211620330811,-1.0569000244140625,-0.0350374691188335,1.7544381618499756,-0.7993742823600769,0.5122373700141907,1.8666743040084839,-1.1361439228057861,-0.0170395486056805,1.7556577920913696,-0.9049047231674194,0.4957412779331207,1.8308926820755005,-0.9660509824752808,0.0011288638925180,1.7262902259826660,-0.7191469669342041,0.4000642895698547,1.9018708467483521,-0.0628288760781288,0.1627228856086731,1.8773353099822998,0.0615936703979969,0.3861565291881561,2.4366815090179443,-0.3278729319572449,0.1918179094791412,2.4008657932281494,-0.1091599911451340,0.4031987786293030,3.0077662467956543,0.0272878352552652,0.2102819979190826,2.9787013530731201,0.4639382362365723,0.4194455146789551,3.1084446907043457,0.0316200628876686,0.2122048586606979,3.0677192211151123,0.5259714722633362,0.3303436040878296,3.1091485023498535,-0.5700371861457825,0.2285255193710327,3.1220955848693848,0.1188359260559082
0.2520242929458618,0.7881613373756409,-0.9401117563247681,0.2951765060424805,0.7298012375831604,-0.8281353116035461,0.3169749379158020,0.7308493256568909,-0.8286925554275513,0.3381036221981049,0.7330318689346313,-0.8284941911697388,0.2450637519359589,0.7336357831954956,-0.8487512469291687,0.2336953133344650,0.7353412508964539,-0.8498432040214539,0.2229521572589874,0.7367012500762939,-0.8506329655647278,0.3880506753921509,0.7723049521446228,-0.3474819958209991,0.2314426004886627,0.7660684585571289,-0.3710564970970154,0.2900495231151581,0.8610192537307739,-0.7319171428680420,0.2319963872432709,0.8545843958854675,-0.7638085484504700,0.4903868138790131,1.1066561937332153,-0.1023774147033691,0.0973924547433853,1.0810316801071167,-0.0645620375871658,0.5402020215988159,1.4925246238708496,-0.2349749356508255,0.0040277494117618,1.4401209354400635,-0.2253400981426239,0.5458714962005615,1.7990422248840332,-0.7854996323585510,-0.0349602848291397,1.7123571634292603,-0.7509471774101257,0.5775631666183472,1.8951102495193481,-0.9161278605461121,-0.0626534000039101,1.7917068004608154,-0.8922001719474792,0.5496488809585571,1.8909722566604614,-1.0100548267364502,-0.0446042492985725,1.7912747859954834,-0.9792395830154419,0.5293239355087280,1.8551349639892578,-0.8339948654174805,-0.0271769668906927,1.7629973888397217,-0.8027137517929077,0.4003027975559235,1.8761789798736572,-0.0160101763904095,0.1535791456699371,1.8579566478729248,0.0148996654897928,0.3899654746055603,2.4922006130218506,-0.4368134438991547,0.1893391907215118,2.4412779808044434,-0.5176187753677368,0.3971451222896576,3.0750968456268311,-0.2323710024356842,0.1943662166595459,3.0347142219543457,0.1279128491878510,0.4181880950927734,3.1783871650695801,-0.2438553124666214,0.1927857846021652,3.1309289932250977,0.1802360117435455,0.3194354176521301,3.1665601730346680,-0.8314371109008789,0.2187869995832443,3.1553857326507568,-0.2797513306140900
0.2497153729200363,0.7904922366142273,-0.9249833226203918,0.2929535210132599,0.7311059236526489,-0.8548396229743958,0.3133733868598938,0.7318574786186218,-0.8556245565414429,0.3343057334423065,0.7334409952163696,-0.8554277420043945,0.2435816824436188,0.7356989383697510,-0.8267980813980103,0.2315720766782761,0.7378202080726624,-0.8280018568038940,0.2207679450511932,0.7397724390029907,-0.8288108706474304,0.3881011903285980,0.7730304002761841,-0.4443045556545258,0.2311463654041290,0.7698487639427185,-0.3089775741100311,0.2879413962364197,0.8625165224075317,-0.7576919794082642,0.2303560227155685,0.8572634458541870,-0.7292085886001587,0.5029457807540894,1.1064382791519165,-0.1148223280906677,0.1453957259654999,1.0954725742340088,-0.0205401889979839,0.5557899475097656,1.4734911918640137,-0.3977765142917633,0.0450935065746307,1.4751724004745483,-0.1734637022018433,0.5528538823127747,1.7217900753021240,-0.8963116407394409,0.0039732838049531,1.6647467613220215,-0.6523016095161438,0.5752525329589844,1.7982093095779419,-1.0236483812332153,-0.0056188204325736,1.7202047109603882,-0.7790721654891968,0.5555109381675720,1.7815245389938354,-1.0973783731460571,0.0055927345529199,1.7057272195816040,-0.8651986122131348,0.5410315394401550,1.7556061744689941,-0.9333901405334473,0.0175305567681789,1.6847921609878540,-0.7040843367576599,0.4380127489566803,1.8761253356933594,-0.0312977582216263,0.1968698501586914,1.8553929328918457,0.0300553180277348,0.4012356400489807,2.5105948448181152,-0.4050957560539246,0.2096612155437469,2.4284436702728271,-0.5881105661392212,0.4059442579746246,3.0846810340881348,-0.2394760400056839,0.1949190199375153,3.0388877391815186,-0.1817226409912109,0.4296693205833435,3.1878993511199951,-0.2542197406291962,0.1957772523164749,3.1397895812988281,-0.1572308242321014,0.3193568885326385,3.1753275394439697,-0.7998477220535278,0.2123510539531708,3.1586172580718994,-0.5879436731338501
0.2497022151947021,0.7904145121574402,-0.8257561922073364,0.2927900254726410,0.7308033108711243,-0.7844094038009644,0.3135825991630554,0.7315889596939087,-0.7853868603706360,0.3348360657691956,0.7333945631980896,-0.7852485179901123,0.2435610294342041,0.7350266575813293,-0.7224841117858887,0.2315249443054199,0.7370342612266541,-0.7235940098762512,0.2207491397857666,0.7388446331024170,-0.7244716286659241,0.3888130187988281,0.7731626629829407,-0.4490129351615906,0.2307296097278595,0.7689876556396484,-0.2105379402637482,0.2879989743232727,0.8630161285400391,-0.7030674219131470,0.2303668260574341,0.8579107522964478,-0.6319699883460999,0.4988310337066650,1.1064267158508301,-0.3602505624294281,0.1641394048929214,1.0954053401947021,0.1003431230783463,0.5189551115036011,1.3678425550460815,-0.7763489484786987,0.1149554848670959,1.3369706869125366,-0.0382242277264595,0.4305132329463959,1.2273933887481689,-1.1972877979278564,0.1879281997680664,1.0320760011672974,-0.4785745143890381,0.4115768373012543,1.1849691867828369,-1.3327473402023315,0.2216449081897736,0.9335429072380066,-0.5910145044326782,0.4144596159458160,1.1492227315902710,-1.3233579397201538,0.1983900368213654,0.9479339718818665,-0.6126557588577271,0.4155448377132416,1.1720691919326782,-1.2008517980575562,0.1995983272790909,0.9526412487030029,-0.5063002705574036,0.4270879626274109,1.9178575277328491,-0.1286389082670212,0.2125767916440964,1.8794040679931641,0.1275305449962616,0.3556933701038361,1.8445322513580322,-0.0853548198938370,0.2051992863416672,1.5029133558273315,-0.2711170315742493,0.3582963049411774,2.1804413795471191,0.3892933726310730,0.2577145397663116,1.8518821001052856,0.2537933886051178,0.3964261114597321,2.2742173671722412,0.4282811284065247,0.2809148430824280,1.9421526193618774,0.3128330409526825,0.2512193322181702,2.1363661289215088,0.1398114264011383,0.2509034276008606,1.8271863460540771,0.1442589014768600
0.2497022151947021,0.7904145121574402,-0.8257561922073364,0.2927900254726410,0.7308033108711243,-0.7844094038009644,0.3135825991630554,0.7315889596939087,-0.7853868603706360,0.3348360657691956,0.7333945631980896,-0.7852485179901123,0.2435610294342041,0.7350266575813293,-0.7224841117858887,0.2315249443054199,0.7370342612266541,-0.7235940098762512,0.2207491397857666,0.7388446331024170,-0.7244716286659241,0.3888130187988281,0.7731626629829407,-0.4490129351615906,0.2307296097278595,0.7689876556396484,-0.2105379402637482,0.2879989743232727,0.8630161285400391,-0.7030674219131470,0.2303668260574341,0.8579107522964478,-0.6319699883460999,0.4988310337066650,1.1064267158508301,-0.3602505624294281,0.1641394048929214,1.0954053401947021,0.1003431230783463,0.5189551115036011,1.3678425550460815,-0.7763489484786987,0.1149554848670959,1.3369706869125366,-0.0382242277264595,0.4305132329463959,1.2273933887481689,-1.1972877979278564,0.1879281997680664,1.0320760011672974,-0.4785745143890381,0.4115768373012543,1.1849691867828369,-1.3327473402023315,0.2216449081897736,0.9335429072380066,-0.5910145044326782,0.4144596159458160,1.1492227315902710,-1.3233579397201538,0.1983900368213654,0.9479339718818665,-0.6126557588577271,0.4155448377132416,1.1720691919326782,-1.2008517980575562,0.1995983272790909,0.9526412487030029,-0.5063002705574036,0.4270879626274109,1.9178575277328491,-0.1286389082670212,0.2125767916440964,1.8794040679931641,0.1275305449962616,0.3556933701038361,1.8445322513580322,-0.0853548198938370,0.2051992863416672,1.5029133558273315,-0.2711170315742493,0.3582963049411774,2.1804413795471191,0.3892933726310730,0.2577145397663116,1.8518821001052856,0.2537933886051178,0.3964261114597321,2.2742173671722412,0.4282811284065247,0.2809148430824280,1.9421526193618774,0.3128330409526825,0.2512193322181702,2.1363661289215088,0.1398114264011383,0.2509034276008606,1.8271863460540771,0.1442589014768600
0.2490889281034470,0.7901509404182434,-0.6753215193748474,0.2917277216911316,0.7308319807052612,-0.6477527022361755,0.3130241632461548,0.7316803336143494,-0.6487875580787659,0.3339834809303284,0.7336906790733337,-0.6485935449600220,0.2432259619235992,0.7349052429199219,-0.5613313913345337,0.2312068641185760,0.7367563843727112,-0.5623551607131958,0.2205040156841278,0.7383497357368469,-0.5629734992980957,0.3886477351188660,0.7731897234916687,-0.3916455209255219,0.2309518307447433,0.7686853408813477,-0.0097791757434607,0.2872048616409302,0.8626739978790283,-0.5700541734695435,0.2302253246307373,0.8572700619697571,-0.4670549333095551,0.4935290217399597,1.0993129014968872,-0.4023649692535400,0.1977265030145645,1.0953155755996704,0.3936249911785126,0.5036993622779846,1.3372131586074829,-0.9180839657783508,0.2021926343441010,1.3505744934082031,0.3700957894325256,0.4070520401000977,1.2052109241485596,-1.4319083690643311,0.2194505035877228,1.2258498668670654,-0.1018338352441788,0.3890090584754944,1.1707104444503784,-1.5967844724655151,0.2263690978288651,1.1996353864669800,-0.1964620798826218,0.3919216692447662,1.1317527294158936,-1.5790195465087891,0.2129750549793243,1.1713734865188599,-0.2664475142955780,0.3944899141788483,1.1552668809890747,-1.4338173866271973,0.2169317752122879,1.1748749017715454,-0.1511580497026443,0.4249959588050842,1.9379744529724121,-0.2111002504825592,0.2287199795246124,1.8874449729919434,0.2101107835769653,0.3553138673305511,1.9215029478073120,-0.1618450134992599,0.1851752698421478,1.4649684429168701,-0.3006400167942047,0.3736679553985596,2.3932161331176758,0.2049804925918579,0.2671313285827637,1.9900761842727661,0.0354378744959831,0.4177244603633881,2.5044839382171631,0.2296482324600220,0.3004375994205475,2.1072502136230469,0.0664848238229752,0.2691654264926910,2.3994879722595215,-0.0744918137788773,0.2458774745464325,2.0095062255859375,0.0120225604623556
0.2483041733503342,0.7889774441719055,-0.7462180852890015,0.2890264391899109,0.7308149337768555,-0.7025399804115295,0.3112282454967499,0.7316430211067200,-0.7034683227539062,0.3329978883266449,0.7336770892143250,-0.7033130526542664,0.2430850714445114,0.7345222830772400,-0.6385585069656372,0.2312947064638138,0.7363473773002625,-0.6396971344947815,0.2211685627698898,0.7377353906631470,-0.6403535008430481,0.3882419764995575,0.7716509103775024,-0.4375299513339996,0.2347355335950851,0.7667779922485352,-0.0944802984595299,0.2866483330726624,0.8619165420532227,-0.6191516518592834,0.2303296029567719,0.8565824031829834,-0.5410702228546143,0.4946282804012299,1.0949968099594116,-0.4239865839481354,0.2014619857072830,1.0950028896331787,0.2902222573757172,0.5070490241050720,1.3414551019668579,-0.8945820927619934,0.1914643496274948,1.3613897562026978,0.2483684271574020,0.4165099263191223,1.3023144006729126,-1.4820268154144287,0.2045934200286865,1.2274416685104370,-0.2664806544780731,0.4038371443748474,1.2999004125595093,-1.6556627750396729,0.2095400094985962,1.1965117454528809,-0.3825010061264038,0.4013616442680359,1.2605443000793457,-1.6607691049575806,0.2004266083240509,1.1451957225799561,-0.4521455168724060,0.4043684005737305,1.2701796293258667,-1.4942599534988403,0.1998261511325836,1.0616480112075806,-0.3163771927356720,0.4270580708980560,1.9427140951156616,-0.1964639425277710,0.2334155291318893,1.8865634202957153,0.1955195516347885,0.3531860709190369,2.4599368572235107,-0.1649238169193268,0.1879877150058746,2.0710418224334717,-0.3969573378562927,0.3408892750740051,3.0323748588562012,0.1562702208757401,0.1507419645786285,2.7808089256286621,-0.1490144580602646,0.3782492280006409,3.1440665721893311,0.1862181425094604,0.1612200438976288,2.9149134159088135,-0.1331562101840973,0.2129480391740799,3.0903484821319580,-0.2335972785949707,0.0742014274001122,2.8652465343475342,-0.4390573501586914
0.2483059912919998,0.7888719439506531,-0.7462962865829468,0.2889897525310516,0.7306266427040100,-0.7010954618453979,0.3112747073173523,0.7316365838050842,-0.7019768953323364,0.3331492543220520,0.7340308427810669,-0.7018045186996460,0.2431758344173431,0.7333164215087891,-0.6380624175071716,0.2314134836196899,0.7346849441528320,-0.6392806768417358,0.2213942557573318,0.7357689738273621,-0.6398892402648926,0.3883349895477295,0.7740348577499390,-0.3979451656341553,0.2348053008317947,0.7652412652969360,-0.0895458757877350,0.2855810821056366,0.8621227741241455,-0.6145225763320923,0.2302388399839401,0.8564541935920715,-0.5392469167709351,0.4919977188110352,1.0979168415069580,-0.3903627097606659,0.2002170383930206,1.0952813625335693,0.2999919056892395,0.5130559206008911,1.4342588186264038,-0.7854583859443665,0.1763889640569687,1.4489915370941162,0.3405596613883972,0.4731594920158386,1.6971590518951416,-1.3846013545989990,0.1296049058437347,1.6186980009078979,-0.0389581397175789,0.4946870803833008,1.7791237831115723,-1.5361573696136475,0.1115141287446022,1.6715947389602661,-0.1148587688803673,0.4687485098838806,1.7687121629714966,-1.5310077667236328,0.1010126918554306,1.6580861806869507,-0.2296092510223389,0.4572351872920990,1.7436747550964355,-1.3867099285125732,0.1124252527952194,1.6343826055526733,-0.1002972126007080,0.4168992638587952,1.9408386945724487,-0.1902501285076141,0.2062319815158844,1.8861968517303467,0.1892560124397278,0.3534828424453735,2.5599782466888428,-0.4881703853607178,0.1764067113399506,2.4224507808685303,-0.4216934740543365,0.3396385908126831,3.1430144309997559,-0.4912780821323395,0.1394772827625275,3.0562362670898438,-0.2388765811920166,0.3734961152076721,3.2545487880706787,-0.5202527046203613,0.1490477770566940,3.1710627079010010,-0.2351037710905075,0.2130080163478851,3.2118079662322998,-1.0482996702194214,0.0800846666097641,3.1543121337890625,-0.6197705864906311
0.2483997046947479,0.7897440791130066,-0.7428219914436340,0.2889730632305145,0.7307990789413452,-0.6847130060195923,0.3111866116523743,0.7317402362823486,-0.6855415105819702,0.3329166769981384,0.7340995669364929,-0.6853604316711426,0.2431862652301788,0.7335617542266846,-0.6319472193717957,0.2315003871917725,0.7350017428398132,-0.6331598758697510,0.2214048653841019,0.7362070679664612,-0.6338462829589844,0.3881318271160126,0.7740288376808167,-0.3167946934700012,0.2345129996538162,0.7660540938377380,-0.0750393420457840,0.2861824333667755,0.8621519207954407,-0.5955367684364319,0.2302743494510651,0.8573796153068542,-0.5339531898498535,0.4938849806785583,1.0925275087356567,-0.2428052127361298,0.1901348531246185,1.1108229160308838,0.2601827681064606,0.5315963625907898,1.3442927598953247,-0.7708400487899780,0.1436836868524551,1.5153931379318237,0.2535078525543213,0.4727302193641663,1.2137243747711182,-1.3299109935760498,0.0884827747941017,1.6368588209152222,-0.2827001214027405,0.4865545332431793,1.1777633428573608,-1.4947803020477295,0.0678736120462418,1.6725608110427856,-0.3796823918819427,0.4654756486415863,1.1478945016860962,-1.4949418306350708,0.0621496364474297,1.6518470048904419,-0.4868459105491638,0.4562502801418304,1.1674665212631226,-1.3413708209991455,0.0775749385356903,1.6355654001235962,-0.3426414430141449,0.4250439703464508,1.9422672986984253,-0.1651014238595963,0.2061871588230133,1.8898094892501831,0.1638908833265305,0.3549165129661560,2.5550565719604492,-0.4869462549686432,0.1782905310392380,2.3129639625549316,-0.4613751471042633,0.3451461195945740,3.1141598224639893,-0.4415030479431152,0.1501543223857880,2.9721379280090332,-0.1719019263982773,0.3764300048351288,3.2225100994110107,-0.4673024713993073,0.1597959101200104,3.0978865623474121,-0.1563617438077927,0.2162941247224808,3.1667621135711670,-1.0375102758407593,0.1007665544748306,3.0553274154663086,-0.5591887235641479
0.2484063804149628,0.7896543145179749,-0.9278497695922852,0.2893516719341278,0.7307552695274353,-0.8755866885185242,0.3119477629661560,0.7317705750465393,-0.8765252828598022,0.3338283300399780,0.7345463633537292,-0.8762964010238647,0.2433829307556152,0.7333067655563354,-0.8268212080001831,0.2317411005496979,0.7347384691238403,-0.8280802965164185,0.2214233130216599,0.7359383106231689,-0.8287882804870605,0.3882958889007568,0.7758063077926636,-0.5026294589042664,0.2342976033687592,0.7660461068153381,-0.2809285521507263,0.2874810099601746,0.8632460832595825,-0.7745134830474854,0.2302744686603546,0.8582742810249329,-0.7196158766746521,0.4963403642177582,1.1084855794906616,-0.2960171699523926,0.1771877706050873,1.1150015592575073,0.0619849562644958,0.5547612905502319,1.4186075925827026,-0.5889734029769897,0.1009244918823242,1.4984701871871948,-0.0009815238881856,0.5286871194839478,1.5504307746887207,-1.0884621143341064,0.0696789696812630,1.5740097761154175,-0.5341896414756775,0.5428472757339478,1.5947335958480835,-1.2275054454803467,0.0556823313236237,1.5976550579071045,-0.6579796075820923,0.5272933244705200,1.5649502277374268,-1.2844233512878418,0.0561214685440063,1.5686990022659302,-0.7498716711997986,0.5173152089118958,1.5532566308975220,-1.1195297241210938,0.0685017704963684,1.5554683208465576,-0.5898715853691101,0.4247125685214996,1.9485142230987549,-0.1189998760819435,0.2041733264923096,1.8987381458282471,0.1179889887571335,0.3558490872383118,2.5522825717926025,-0.2526660859584808,0.1809981465339661,2.2967755794525146,-0.4794012606143951,0.3467108607292175,3.1074891090393066,0.0707704573869705,0.1537030190229416,2.9535331726074219,-0.1435951590538025,0.3740728199481964,3.2160203456878662,0.0740177035331726,0.1601929366588593,3.0781509876251221,-0.1237131953239441,0.2282320559024811,3.1619253158569336,-0.4227368831634521,0.1125743240118027,3.0305399894714355,-0.5198531150817871
0.2484063804149628,0.7896543145179749,-0.9278497695922852,0.2893516719341278,0.7307552695274353,-0.8755866885185242,0.3119477629661560,0.7317705750465393,-0.8765252828598022,0.3338283300399780,0.7345463633537292,-0.8762964010238647,0.2433829307556152,0.7333067655563354,-0.8268212080001831,0.2317411005496979,0.7347384691238403,-0.8280802965164185,0.2214233130216599,0.7359383106231689,-0.8287882804870605,0.3882958889007568,0.7758063077926636,-0.5026294589042664,0.2342976033687592,0.7660461068153381,-0.2809285521507263,0.2874810099601746,0.8632460832595825,-0.7745134830474854,0.2302744686603546,0.8582742810249329,-0.7196158766746521,0.4963403642177582,1.1084855794906616,-0.2960171699523926,0.1771877706050873,1.1150015592575073,0.0619849562644958,0.5547612905502319,1.4186075925827026,-0.5889734029769897,0.1009244918823242,1.4984701871871948,-0.0009815238881856,0.5286871194839478,1.5504307746887207,-1.0884621143341064,0.0696789696812630,1.5740097761154175,-0.5341896414756775,0.5428472757339478,1.5947335958480835,-1.2275054454803467,0.0556823313236237,1.5976550579071045,-0.6579796075820923,0.5272933244705200,1.5649502277374268,-1.2844233512878418,0.0561214685440063,1.5686990022659302,-0.7498716711997986,0.5173152089118958,1.5532566308975220,-1.1195297241210938,0.0685017704963684,1.5554683208465576,-0.5898715853691101,0.4247125685214996,1.9485142230987549,-0.1189998760819435,0.2041733264923096,1.8987381458282471,0.1179889887571335,0.3558490872383118,2.5522825717926025,-0.2526660859584808,0.1809981465339661,2.2967755794525146,-0.4794012606143951,0.3467108607292175,3.1074891090393066,0.0707704573869705,0.1537030190229416,2.9535331726074219,-0.1435951590538025,0.3740728199481964,3.2160203456878662,0.0740177035331726,0.1601929366588593,3.0781509876251221,-0.1237131953239441,0.2282320559024811,3.1619253158569336,-0.4227368831634521,0.1125743240118027,3.0305399894714355,-0.5198531150817871
0.2484055757522583,0.7898217439651489,-0.9610436558723450,0.2900082468986511,0.7308452725410461,-0.8992813825607300,0.3126475811004639,0.7318979501724243,-0.9001809954643250,0.3343244194984436,0.7347801923751831,-0.8999398946762085,0.2434346675872803,0.7333254218101501,-0.8583472967147827,0.2318185269832611,0.7347462773323059,-0.8595705032348633,0.2214153558015823,0.7359687685966492,-0.8602566719055176,0.3883011937141418,0.7763810753822327,-0.4935848712921143,0.2335450947284698,0.7663060426712036,-0.2996598184108734,0.2881328463554382,0.8650184273719788,-0.7936198711395264,0.2302752435207367,0.8591721653938293,-0.7485367059707642,0.4968283176422119,1.1132788658142090,-0.2823277115821838,0.1663672626018524,1.1142796277999878,0.0285985730588436,0.5548452138900757,1.4546968936920166,-0.4731099009513855,0.0730588883161545,1.4869788885116577,-0.1493387222290039,0.5440894961357117,1.7018462419509888,-0.9946268796920776,0.0402796715497971,1.5801380872726440,-0.8075171709060669,0.5648719668388367,1.7804595232009888,-1.1364586353302002,0.0208769477903843,1.6179606914520264,-0.9601856470108032,0.5457082986831665,1.7643134593963623,-1.2165678739547729,0.0293942093849182,1.5956891775131226,-1.0477145910263062,0.5326169133186340,1.7381999492645264,-1.0355513095855713,0.0441390797495842,1.5814685821533203,-0.8648383021354675,0.4245466589927673,1.9469850063323975,-0.0947389230132103,0.2006709873676300,1.8991290330886841,0.0937740802764893,0.3735612034797668,2.5884225368499756,-0.2849757671356201,0.1813099831342697,2.4172832965850830,-0.4766563475131989,0.3566902577877045,3.1461818218231201,0.0234861727803946,0.1567956656217575,3.0575242042541504,-0.0586588904261589,0.3793216645717621,3.2527592182159424,0.0260617937892675,0.1628782451152802,3.1739809513092041,-0.0361094214022160,0.2517351210117340,3.2068138122558594,-0.5294905304908752,0.1141959577798843,3.1459755897521973,-0.4802053570747375
0.2498258799314499,0.7906687259674072,-1.0323021411895752,0.2912418842315674,0.7308625578880310,-0.9654019474983215,0.3137934505939484,0.7320078015327454,-0.9663383364677429,0.3356009423732758,0.7349897027015686,-0.9660977125167847,0.2439626455307007,0.7330583333969116,-0.9306219220161438,0.2324270457029343,0.7344540357589722,-0.9318585395812988,0.2216366529464722,0.7357311248779297,-0.9326643943786621,0.3893672823905945,0.7763981223106384,-0.5312470197677612,0.2332822978496552,0.7663088440895081,-0.3714716434478760,0.2911663651466370,0.8655120730400085,-0.8566323518753052,0.2308746874332428,0.8604993224143982,-0.8199755549430847,0.5092711448669434,1.1184531450271606,-0.2767475843429565,0.1444533318281174,1.1123156547546387,-0.0911485925316811,0.5655293464660645,1.4518214464187622,-0.4970157742500305,0.0736693441867828,1.4911447763442993,-0.3012832403182983,0.5499153733253479,1.6223973035812378,-1.0771685838699341,0.0495062321424484,1.6000535488128662,-0.9689958691596985,0.5644184947013855,1.6772046089172363,-1.2262239456176758,0.0334313437342644,1.6380308866500854,-1.1385293006896973,0.5481432676315308,1.6506512165069580,-1.2665072679519653,0.0401480346918106,1.6126435995101929,-1.2209439277648926,0.5369218587875366,1.6340345144271851,-1.1101500988006592,0.0536846332252026,1.5984753370285034,-1.0246529579162598,0.4285605847835541,1.9455455541610718,-0.0330943390727043,0.1983652561903000,1.9033602476119995,0.0322050116956234,0.3848377764225006,2.5896453857421875,-0.1846114695072174,0.1821018755435944,2.4395403861999512,-0.5548087954521179,0.3778312504291534,3.1385762691497803,0.2590693831443787,0.1589227020740509,3.0564541816711426,-0.0634384602308273,0.3953390419483185,3.2416944503784180,0.2724698781967163,0.1612988114356995,3.1679365634918213,-0.0362781733274460,0.2964667975902557,3.2076823711395264,-0.2626031041145325,0.1340830624103546,3.1434173583984375,-0.4957974851131439
0.2518796920776367,0.7907726168632507,-1.0983397960662842,0.2936346530914307,0.7308499217033386,-1.0307534933090210,0.3158794045448303,0.7319978475570679,-1.0316951274871826,0.3374543488025665,0.7349819540977478,-1.0314264297485352,0.2451086938381195,0.7330440878868103,-0.9944651722908020,0.2331501245498657,0.7344427108764648,-0.9956870079040527,0.2219265401363373,0.7357266545295715,-0.9964411854743958,0.3910686373710632,0.7763774991035461,-0.5891814231872559,0.2332271039485931,0.7670840620994568,-0.4252081811428070,0.2941180467605591,0.8659650087356567,-0.9207705259323120,0.2313266545534134,0.8614113926887512,-0.8823568224906921,0.5109087824821472,1.1358428001403809,-0.3304274380207062,0.1307241171598434,1.1119998693466187,-0.1097200661897659,0.5661041736602783,1.5001617670059204,-0.5207811594009399,0.0499069020152092,1.5122169256210327,-0.3577641844749451,0.5532086491584778,1.7365320920944214,-1.1065938472747803,0.0090134190395474,1.6326267719268799,-1.1095569133758545,0.5711531639099121,1.8132240772247314,-1.2656757831573486,-0.0164829567074776,1.6710662841796875,-1.2875273227691650,0.5512048602104187,1.7931039333343506,-1.3544657230377197,-0.0041889781132340,1.6489068269729614,-1.3746994733810425,0.5379899740219116,1.7678849697113037,-1.1582986116409302,0.0147303473204374,1.6371366977691650,-1.1693172454833984,0.4269981980323792,1.9553322792053223,-0.0454884096980095,0.1885957419872284,1.9149336814880371,0.0445729345083237,0.3845976293087006,2.6214828491210938,-0.2356824129819870,0.1818653792142868,2.4646503925323486,-0.5484719872474670,0.3726488947868347,3.1773195266723633,0.1421239078044891,0.1594946384429932,3.1037917137145996,-0.0416713729500771,0.3899932205677032,3.2830419540405273,0.1372286826372147,0.1605581939220428,3.2179160118103027,-0.0154519248753786,0.2855693399906158,3.2407021522521973,-0.5094023346900940,0.1455381512641907,3.1953542232513428,-0.4916066527366638
0.2519285082817078,0.7906755805015564,-1.0895349979400635,0.2945271432399750,0.7308841943740845,-1.0154670476913452,0.3168118298053741,0.7320778369903564,-1.0162589550018311,0.3382881283760071,0.7351320981979370,-1.0160560607910156,0.2453616559505463,0.7330148816108704,-0.9830123186111450,0.2333298921585083,0.7343780994415283,-0.9842748641967773,0.2219593971967697,0.7356365323066711,-0.9850639104843140,0.3915987610816956,0.7767751216888428,-0.5640040636062622,0.2331544607877731,0.7667877674102783,-0.4064017832279205,0.2940658330917358,0.8663898110389709,-0.9065335988998413,0.2313138544559479,0.8610591292381287,-0.8714024424552917,0.5101724863052368,1.1353192329406738,-0.3219501376152039,0.1248292326927185,1.0926846265792847,-0.0849933475255966,0.5656509399414062,1.5197098255157471,-0.5097059011459351,0.0278720650821924,1.5022244453430176,-0.2446247637271881,0.5545986890792847,1.8027347326278687,-1.0967808961868286,-0.0235868766903877,1.6839730739593506,-0.8275625109672546,0.5791543722152710,1.8912893533706665,-1.2450516223907471,-0.0529953837394714,1.7507252693176270,-0.9356123208999634,0.5568909049034119,1.8787035942077637,-1.3382437229156494,-0.0424523875117302,1.7453191280364990,-1.0798827409744263,0.5405341982841492,1.8458784818649292,-1.1458538770675659,-0.0232809856534004,1.7228538990020752,-0.8941847681999207,0.4206625819206238,1.9357571601867676,-0.0526608414947987,0.1687978059053421,1.8965581655502319,0.0518419519066811,0.3830311298370361,2.5982871055603027,-0.6192474365234375,0.1723761856555939,2.5211703777313232,-0.5852780938148499,0.3725786507129669,3.1837913990020752,-0.5812946557998657,0.1591246277093887,3.1375639438629150,-0.0985935106873512,0.3914076685905457,3.2908756732940674,-0.6128343343734741,0.1611645966768265,3.2437303066253662,-0.0699255242943764,0.2845720648765564,3.2673685550689697,-1.2415963411331177,0.1446740329265594,3.2475578784942627,-0.5366389155387878
0.2519285082817078,0.7906755805015564,-1.0895349979400635,0.2945271432399750,0.7308841943740845,-1.0154670476913452,0.3168118298053741,0.7320778369903564,-1.0162589550018311,0.3382881283760071,0.7351320981979370,-1.0160560607910156,0.2453616559505463,0.7330148816108704,-0.9830123186111450,0.2333298921585083,0.7343780994415283,-0.9842748641967773,0.2219593971967697,0.7356365323066711,-0.9850639104843140,0.3915987610816956,0.7767751216888428,-0.5640040636062622,0.2331544607877731,0.7667877674102783,-0.4064017832279205,0.2940658330917358,0.8663898110389709,-0.9065335988998413,0.2313138544559479,0.8610591292381287,-0.8714024424552917,0.5101724863052368,1.1353192329406738,-0.3219501376152039,0.1248292326927185,1.0926846265792847,-0.0849933475255966,0.5656509399414062,1.5197098255157471,-0.5097059011459351,0.0278720650821924,1.5022244453430176,-0.2446247637271881,0.5545986890792847,1.8027347326278687,-1.0967808961868286,-0.0235868766903877,1.6839730739593506,-0.8275625109672546,0.5791543722152710,1.8912893533706665,-1.2450516223907471,-0.0529953837394714,1.7507252693176270,-0.9356123208999634,0.5568909049034119,1.8787035942077637,-1.3382437229156494,-0.0424523875117302,1.7453191280364990,-1.0798827409744263,0.5405341982841492,1.8458784818649292,-1.1458538770675659,-0.0232809856534004,1.7228538990020752,-0.8941847681999207,0.4206625819206238,1.9357571601867676,-0.0526608414947987,0.1687978059053421,1.8965581655502319,0.0518419519066811,0.3830311298370361,2.5982871055603027,-0.6192474365234375,0.1723761856555939,2.5211703777313232,-0.5852780938148499,0.3725786507129669,3.1837913990020752,-0.5812946557998657,0.1591246277093887,3.1375639438629150,-0.0985935106873512,0.3914076685905457,3.2908756732940674,-0.6128343343734741,0.1611645966768265,3.2437303066253662,-0.0699255242943764,0.2845720648765564,3.2673685550689697,-1.2415963411331177,0.1446740329265594,3.2475578784942627,-0.5366389155387878
0.2524220347404480,0.7882528305053711,-1.0902011394500732,0.2961837947368622,0.7292899489402771,-1.0073298215866089,0.3185557425022125,0.7313269972801208,-1.0081160068511963,0.3400639295578003,0.7348039150238037,-1.0079154968261719,0.2457478344440460,0.7286405563354492,-0.9849049448966980,0.2335374057292938,0.7295672893524170,-0.9860206842422485,0.2220153808593750,0.7307157516479492,-0.9867509007453918,0.3918221592903137,0.7764797806739807,-0.5512783527374268,0.2319861948490143,0.7630004882812500,-0.4182783663272858,0.2941885590553284,0.8641596436500549,-0.9002460241317749,0.2312248498201370,0.8569001555442810,-0.8773018121719360,0.5113223195075989,1.0867609977722168,-0.2691256701946259,0.1063365116715431,1.0883451700210571,-0.1446712017059326,0.5685328841209412,1.5099853277206421,-0.4485357701778412,0.0200804062187672,1.4939188957214355,-0.3474852144718170,0.5930753946304321,1.7637468576431274,-1.0905376672744751,-0.0193917043507099,1.7148283720016479,-0.9656728506088257,0.6301175355911255,1.8511711359024048,-1.2469756603240967,-0.0467381551861763,1.7956502437591553,-1.1274192333221436,0.6025067567825317,1.8451930284500122,-1.3386768102645874,-0.0317092277109623,1.7929272651672363,-1.2261621952056885,0.5797880291938782,1.8134129047393799,-1.1437388658523560,-0.0137000735849142,1.7639546394348145,-1.0241287946701050,0.4245010912418365,1.8781054019927979,-0.0358539894223213,0.1654593199491501,1.8446251153945923,0.0348011367022991,0.4096430242061615,2.5624954700469971,-0.5013489127159119,0.1743178814649582,2.4722645282745361,-0.4519318938255310,0.4065716266632080,3.1571023464202881,-0.3340418040752411,0.1737540811300278,3.0806028842926025,0.3610565066337585,0.4240376353263855,3.2654707431793213,-0.3648862540721893,0.1776926219463348,3.1849014759063721,0.4222808778285980,0.3231515288352966,3.2264306545257568,-0.8517804145812988,0.1694884300231934,3.1999943256378174,-0.0347412563860416
0.2548346519470215,0.7817737460136414,-0.8558225631713867,0.2981315851211548,0.7230459451675415,-0.7938662171363831,0.3201959133148193,0.7239801883697510,-0.7949447631835938,0.3421733975410461,0.7274505496025085,-0.7948096990585327,0.2480736672878265,0.7241661548614502,-0.7523072957992554,0.2351099252700806,0.7253491282463074,-0.7533907890319824,0.2230849266052246,0.7263527512550354,-0.7542934417724609,0.3969865441322327,0.7742234468460083,-0.4359726011753082,0.2338595092296600,0.7604125738143921,-0.2496291846036911,0.2945474088191986,0.8585178852081299,-0.7133039832115173,0.2335061281919479,0.8498923778533936,-0.6682282090187073,0.5027444958686829,1.0904532670974731,-0.2909890115261078,0.1596006602048874,1.0892821550369263,-0.0094674043357372,0.5475598573684692,1.3045648336410522,-0.6889284849166870,0.1355605721473694,1.3225144147872925,-0.2245084941387177,0.4151886999607086,1.1134755611419678,-1.1483528614044189,0.1689569652080536,1.0435078144073486,-0.6049247384071350,0.3814325630664825,1.0596311092376709,-1.2918684482574463,0.1884310543537140,1.0458706617355347,-0.7273731231689453,0.3778539299964905,1.0226874351501465,-1.3118073940277100,0.1818971186876297,1.0092062950134277,-0.7496090531349182,0.3846808969974518,1.0478208065032959,-1.1562486886978149,0.1834996938705444,0.9463956356048584,-0.6326941251754761,0.4144879281520844,1.9216870069503784,-0.0577063076198101,0.2136518657207489,1.8810073137283325,0.0566283091902733,0.3619222044944763,1.7908188104629517,-0.0286093112081289,0.2055964022874832,1.4142037630081177,-0.2651019096374512,0.3848264515399933,2.0672912597656250,0.4051771163940430,0.3132326900959015,1.6561224460601807,0.3247222900390625,0.4150640070438385,2.1502099037170410,0.4362035393714905,0.3383750915527344,1.7382770776748657,0.3837705552577972,0.3176333010196686,2.0210540294647217,0.0764316171407700,0.3103395998477936,1.5948960781097412,0.1369436085224152
0.2587524056434631,0.7724879384040833,-1.0183837413787842,0.3020840287208557,0.7163627743721008,-0.9631589651107788,0.3242603242397308,0.7180850505828857,-0.9641596674919128,0.3450648188591003,0.7219478487968445,-0.9639651179313660,0.2519822716712952,0.7179906964302063,-0.9249238967895508,0.2388898432254791,0.7191879749298096,-0.9260892868041992,0.2266286313533783,0.7201427817344666,-0.9268280863761902,0.3973232209682465,0.7664546966552734,-0.5790150165557861,0.2377411574125290,0.7526385188102722,-0.4043198525905609,0.2995364964008331,0.8437525033950806,-0.8613637089729309,0.2385589629411697,0.8347184658050537,-0.8199534416198730,0.5066024661064148,1.0885704755783081,-0.3480970263481140,0.1493342667818069,1.0709770917892456,-0.1043118983507156,0.5653188228607178,1.3386976718902588,-0.5862551927566528,0.0999135524034500,1.3684275150299072,-0.3138211965560913,0.5254974961280823,1.4850031137466431,-1.0543992519378662,0.1183565706014633,1.4100444316864014,-0.9557365179061890,0.5322154164314270,1.5397663116455078,-1.1918988227844238,0.1194738149642944,1.4394481182098389,-1.1161466836929321,0.5214347243309021,1.5150114297866821,-1.2575335502624512,0.1315589249134064,1.4043533802032471,-1.1899255514144897,0.5134890675544739,1.4970628023147583,-1.0868314504623413,0.1374494731426239,1.3935154676437378,-1.0078678131103516,0.4193512499332428,1.8958688974380493,-0.0572933256626129,0.2111566066741943,1.8611006736755371,0.0562820509076118,0.3726266920566559,2.4060254096984863,-0.1364287286996841,0.2004578411579132,2.2619206905364990,-0.2975496053695679,0.3838222324848175,2.9606635570526123,0.2354027777910233,0.2094383537769318,2.8771083354949951,0.2374281883239746,0.4116329252719879,3.0639436244964600,0.2663089632987976,0.2128418982028961,2.9808135032653809,0.3005664944648743,0.3117446303367615,3.0319609642028809,-0.1434783637523651,0.2073497474193573,2.9852616786956787,-0.1155649796128273
0.2587524056434631,0.7724879384040833,-1.0183837413787842,0.3020840287208557,0.7163627743721008,-0.9631589651107788,0.3242603242397308,0.7180850505828857,-0.9641596674919128,0.3450648188591003,0.7219478487968445,-0.9639651179313660,0.2519822716712952,0.7179906964302063,-0.9249238967895508,0.2388898432254791,0.7191879749298096,-0.9260892868041992,0.2266286313533783,0.7201427817344666,-0.9268280863761902,0.3973232209682465,0.7664546966552734,-0.5790150165557861,0.2377411574125290,0.7526385188102722,-0.4043198525905609,0.2995364964008331,0.8437525033950806,-0.8613637089729309,0.2385589629411697,0.8347184658050537,-0.8199534416198730,0.5066024661064148,1.0885704755783081,-0.3480970263481140,0.1493342667818069,1.0709770917892456,-0.1043118983507156,0.5653188228607178,1.3386976718902588,-0.5862551927566528,0.0999135524034500,1.3684275150299072,-0.3138211965560913,0.5254974961280823,1.4850031137466431,-1.0543992519378662,0.1183565706014633,1.4100444316864014,-0.9557365179061890,0.5322154164314270,1.5397663116455078,-1.1918988227844238,0.1194738149642944,1.4394481182098389,-1.1161466836929321,0.5214347243309021,1.5150114297866821,-1.2575335502624512,0.1315589249134064,1.4043533802032471,-1.1899255514144897,0.5134890675544739,1.4970628023147583,-1.0868314504623413,0.1374494731426239,1.3935154676437378,-1.0078678131103516,0.4193512499332428,1.8958688974380493,-0.0572933256626129,0.2111566066741943,1.8611006736755371,0.0562820509076118,0.3726266920566559,2.4060254096984863,-0.1364287286996841,0.2004578411579132,2.2619206905364990,-0.2975496053695679,0.3838222324848175,2.9606635570526123,0.2354027777910233,0.2094383537769318,2.8771083354949951,0.2374281883239746,0.4116329252719879,3.0639436244964600,0.2663089632987976,0.2128418982028961,2.9808135032653809,0.3005664944648743,0.3117446303367615,3.0319609642028809,-0.1434783637523651,0.2073497474193573,2.9852616786956787,-0.1155649796128273
0.2706190049648285,0.7487877607345581,-1.1802980899810791,0.3117743134498596,0.7002346515655518,-1.0914108753204346,0.3335668444633484,0.7032483220100403,-1.0923532247543335,0.3553336560726166,0.7069441676139832,-1.0922563076019287,0.2625255286693573,0.6975669860839844,-1.0780856609344482,0.2483429014682770,0.6978486776351929,-1.0792994499206543,0.2346333563327789,0.6984264850616455,-1.0802682638168335,0.4074375033378601,0.7566941976547241,-0.5771645307540894,0.2391609251499176,0.7292891740798950,-0.5077407360076904,0.3054328560829163,0.8281385302543640,-0.9745024442672729,0.2472459524869919,0.8156502246856689,-0.9653652906417847,0.5151639580726624,1.0934464931488037,-0.2455583810806274,0.0935565903782845,1.0709903240203857,-0.2494219243526459,0.5647400617599487,1.5024383068084717,-0.3422879874706268,0.0136029478162527,1.4899333715438843,-0.4993487000465393,0.5315839052200317,1.7883739471435547,-0.8882404565811157,-0.0144674377515912,1.7494338750839233,-1.1934632062911987,0.5414535999298096,1.8787652254104614,-1.0244214534759521,-0.0386567376554012,1.8226032257080078,-1.3793663978576660,0.5277568101882935,1.8554699420928955,-1.1219924688339233,-0.0198974795639515,1.8083095550537109,-1.4667625427246094,0.5159330368041992,1.8239247798919678,-0.9363223910331726,-0.0011771460995078,1.7837179899215698,-1.2491902112960815,0.4141910076141357,1.8993334770202637,0.0259998198598623,0.1645128875970840,1.8655167818069458,-0.0269952379167080,0.3861563205718994,2.5580191612243652,-0.2312888205051422,0.1807736903429031,2.4939033985137939,-0.6548568606376648,0.3776276707649231,3.1376154422760010,0.2048826664686203,0.1649296581745148,3.1278307437896729,-0.0153444930911064,0.3835209906101227,3.2474420070648193,0.2067414969205856,0.1591893881559372,3.2328443527221680,0.0290362834930420,0.3280670940876007,3.2172830104827881,-0.4557217955589294,0.1866313070058823,3.2465837001800537,-0.4849024415016174
0.2706190049648285,0.7487877607345581,-1.1802980899810791,0.3117743134498596,0.7002346515655518,-1.0914108753204346,0.3335668444633484,0.7032483220100403,-1.0923532247543335,0.3553336560726166,0.7069441676139832,-1.0922563076019287,0.2625255286693573,0.6975669860839844,-1.0780856609344482,0.2483429014682770,0.6978486776351929,-1.0792994499206543,0.2346333563327789,0.6984264850616455,-1.0802682638168335,0.4074375033378601,0.7566941976547241,-0.5771645307540894,0.2391609251499176,0.7292891740798950,-0.5077407360076904,0.3054328560829163,0.8281385302543640,-0.9745024442672729,0.2472459524869919,0.8156502246856689,-0.9653652906417847,0.5151639580726624,1.0934464931488037,-0.2455583810806274,0.0935565903782845,1.0709903240203857,-0.2494219243526459,0.5647400617599487,1.5024383068084717,-0.3422879874706268,0.0136029478162527,1.4899333715438843,-0.4993487000465393,0.5315839052200317,1.7883739471435547,-0.8882404565811157,-0.0144674377515912,1.7494338750839233,-1.1934632062911987,0.5414535999298096,1.8787652254104614,-1.0244214534759521,-0.0386567376554012,1.8226032257080078,-1.3793663978576660,0.5277568101882935,1.8554699420928955,-1.1219924688339233,-0.0198974795639515,1.8083095550537109,-1.4667625427246094,0.5159330368041992,1.8239247798919678,-0.9363223910331726,-0.0011771460995078,1.7837179899215698,-1.2491902112960815,0.4141910076141357,1.8993334770202637,0.0259998198598623,0.1645128875970840,1.8655167818069458,-0.0269952379167080,0.3861563205718994,2.5580191612243652,-0.2312888205051422,0.1807736903429031,2.4939033985137939,-0.6548568606376648,0.3776276707649231,3.1376154422760010,0.2048826664686203,0.1649296581745148,3.1278307437896729,-0.0153444930911064,0.3835209906101227,3.2474420070648193,0.2067414969205856,0.1591893881559372,3.2328443527221680,0.0290362834930420,0.3280670940876007,3.2172830104827881,-0.4557217955589294,0.1866313070058823,3.2465837001800537,-0.4849024415016174
0.2734537720680237,0.7393212914466858,-1.2252032756805420,0.3136899173259735,0.6925909519195557,-1.1260114908218384,0.3352722227573395,0.6964130401611328,-1.1269824504852295,0.3575187921524048,0.7005461454391479,-1.1268583536148071,0.2651970982551575,0.6886101365089417,-1.1185111999511719,0.2507835030555725,0.6889993548393250,-1.1197040081024170,0.2365530282258987,0.6897154450416565,-1.1206319332122803,0.4094043374061584,0.7504568696022034,-0.5740412473678589,0.2391338646411896,0.7215788960456848,-0.5366163253784180,0.3068079650402069,0.8225059509277344,-1.0084311962127686,0.2491051703691483,0.8078482747077942,-1.0082294940948486,0.5140641927719116,1.1014600992202759,-0.2220806330442429,0.0773484483361244,1.0692328214645386,-0.2817926704883575,0.5622261762619019,1.5204643011093140,-0.3199936747550964,-0.0016085045645013,1.5000724792480469,-0.5534252524375916,0.5351254343986511,1.7839993238449097,-0.9168549776077271,-0.0359596982598305,1.7283765077590942,-1.2884716987609863,0.5481088161468506,1.8695317506790161,-1.0610810518264771,-0.0614452771842480,1.7947134971618652,-1.4904880523681641,0.5322886109352112,1.8445585966110229,-1.1600265502929688,-0.0448050387203693,1.7788670063018799,-1.5784919261932373,0.5187355875968933,1.8146325349807739,-0.9673727750778198,-0.0256444104015827,1.7557299137115479,-1.3465691804885864,0.4089801311492920,1.8997666835784912,0.0615842565894127,0.1459592282772064,1.8702768087387085,-0.0625201910734177,0.3856565356254578,2.5751657485961914,-0.0924567654728889,0.1780662685632706,2.4734241962432861,-0.7292233705520630,0.3794533014297485,3.1350305080413818,0.5364409089088440,0.1611912548542023,3.1011977195739746,-0.0222077202051878,0.3838873505592346,3.2406036853790283,0.5662507414817810,0.1520566195249557,3.2050666809082031,0.0295256190001965,0.3325618803501129,3.2146637439727783,-0.0028314553201199,0.1921903192996979,3.2173082828521729,-0.4848789572715759
0.2743397355079651,0.7311211824417114,-0.9646779894828796,0.3154301047325134,0.6872406005859375,-0.9033838510513306,0.3371035456657410,0.6912940740585327,-0.9045031666755676,0.3584103286266327,0.6966438293457031,-0.9043068885803223,0.2693101763725281,0.6816055178642273,-0.8584796786308289,0.2559946179389954,0.6814504265785217,-0.8595811724662781,0.2426847964525223,0.6808907389640808,-0.8604738116264343,0.4132509827613831,0.7496621608734131,-0.5111733675003052,0.2483183592557907,0.7137569785118103,-0.3219791054725647,0.3070186674594879,0.8179044723510742,-0.8103475570678711,0.2508193254470825,0.7994330525398254,-0.7625837326049805,0.5098271965980530,1.0960832834243774,-0.3254033923149109,0.1116248965263367,1.0581150054931641,-0.0224767941981554,0.5112044215202332,1.3916931152343750,-0.7727855443954468,0.1064603775739670,1.3694579601287842,-0.2663291990756989,0.3562654554843903,1.1576459407806396,-1.3042099475860596,0.1935306340456009,1.0161410570144653,-0.7949648499488831,0.3158655166625977,1.0860341787338257,-1.4567186832427979,0.2475772202014923,0.9988042116165161,-0.9342325329780579,0.3226149976253510,1.0467878580093384,-1.4343798160552979,0.2213738709688187,0.9322857260704041,-0.9384158849716187,0.3292465507984161,1.0790370702743530,-1.3040544986724854,0.2241288870573044,0.9573268890380859,-0.8158472180366516,0.4022788107395172,1.9205724000930786,-0.0348775945603848,0.1667763888835907,1.8719456195831299,0.0339059457182884,0.3746712803840637,1.9992157220840454,0.0140627650544047,0.1729618757963181,1.5321421623229980,-0.5750726461410522,0.3631453216075897,2.3178718090057373,0.5305437445640564,0.2367118597030640,1.8793296813964844,0.0976650342345238,0.3798630237579346,2.4172453880310059,0.5661376714706421,0.2598312795162201,1.9818068742752075,0.1659296602010727,0.2855491340160370,2.2321584224700928,0.1951282620429993,0.2275007665157318,1.8057693243026733,-0.0748505443334579
0.2747336030006409,0.7224265336990356,-1.1741616725921631,0.3192926049232483,0.6774973273277283,-1.0740712881088257,0.3406838774681091,0.6823113560676575,-1.0749186277389526,0.3621276021003723,0.6892333626747131,-1.0747984647750854,0.2692177593708038,0.6747222542762756,-1.0609265565872192,0.2559326291084290,0.6756337285041809,-1.0620323419570923,0.2431450635194778,0.6757678389549255,-1.0628973245620728,0.4139463007450104,0.7415513396263123,-0.5373257398605347,0.2480795383453369,0.7102478146553040,-0.4638847410678864,0.3114288449287415,0.8101504445075989,-0.9627925157546997,0.2520280480384827,0.7917326688766479,-0.9518476724624634,0.5189812183380127,1.0974959135055542,-0.2705005109310150,0.0964231714606285,1.0644813776016235,-0.2020678967237473,0.5436100363731384,1.5099701881408691,-0.4492513239383698,0.0553259365260601,1.4717403650283813,-0.4471340775489807,0.5166679024696350,1.8018220663070679,-1.0942435264587402,0.0617286488413811,1.7111648321151733,-1.1118164062500000,0.5397552251815796,1.9072525501251221,-1.2542353868484497,0.0414149761199951,1.8018219470977783,-1.2905209064483643,0.5092418193817139,1.9065920114517212,-1.3807901144027710,0.0669531524181366,1.8026219606399536,-1.3812054395675659,0.4921499192714691,1.8612602949142456,-1.1526770591735840,0.0841282457113266,1.7673583030700684,-1.1668884754180908,0.4166296422481537,1.9156805276870728,-0.0089865941554308,0.1593358814716339,1.8725785017013550,0.0078293122351170,0.3946287035942078,2.5144085884094238,-0.4326926767826080,0.1732936650514603,2.4496417045593262,-0.6408632993698120,0.3851764500141144,3.0864400863647461,-0.1561405360698700,0.2050075232982635,3.0744235515594482,0.0094010997563601,0.3983262181282043,3.1947305202484131,-0.1640160381793976,0.2085029631853104,3.1842875480651855,0.0565361268818378,0.3159895539283752,3.1877484321594238,-0.8126112818717957,0.2172498404979706,3.2095811367034912,-0.4545943737030029
0.2747336030006409,0.7224265336990356,-1.1741616725921631,0.3192926049232483,0.6774973273277283,-1.0740712881088257,0.3406838774681091,0.6823113560676575,-1.0749186277389526,0.3621276021003723,0.6892333626747131,-1.0747984647750854,0.2692177593708038,0.6747222542762756,-1.0609265565872192,0.2559326291084290,0.6756337285041809,-1.0620323419570923,0.2431450635194778,0.6757678389549255,-1.0628973245620728,0.4139463007450104,0.7415513396263123,-0.5373257398605347,0.2480795383453369,0.7102478146553040,-0.4638847410678864,0.3114288449287415,0.8101504445075989,-0.9627925157546997,0.2520280480384827,0.7917326688766479,-0.9518476724624634,0.5189812183380127,1.0974959135055542,-0.2705005109310150,0.0964231714606285,1.0644813776016235,-0.2020678967237473,0.5436100363731384,1.5099701881408691,-0.4492513239383698,0.0553259365260601,1.4717403650283813,-0.4471340775489807,0.5166679024696350,1.8018220663070679,-1.0942435264587402,0.0617286488413811,1.7111648321151733,-1.1118164062500000,0.5397552251815796,1.9072525501251221,-1.2542353868484497,0.0414149761199951,1.8018219470977783,-1.2905209064483643,0.5092418193817139,1.9065920114517212,-1.3807901144027710,0.0669531524181366,1.8026219606399536,-1.3812054395675659,0.4921499192714691,1.8612602949142456,-1.1526770591735840,0.0841282457113266,1.7673583030700684,-1.1668884754180908,0.4166296422481537,1.9156805276870728,-0.0089865941554308,0.1593358814716339,1.8725785017013550,0.0078293122351170,0.3946287035942078,2.5144085884094238,-0.4326926767826080,0.1732936650514603,2.4496417045593262,-0.6408632993698120,0.3851764500141144,3.0864400863647461,-0.1561405360698700,0.2050075232982635,3.0744235515594482,0.0094010997563601,0.3983262181282043,3.1947305202484131,-0.1640160381793976,0.2085029631853104,3.1842875480651855,0.0565361268818378,0.3159895539283752,3.1877484321594238,-0.8126112818717957,0.2172498404979706,3.2095811367034912,-0.4545943737030029
0.2790408730506897,0.7158945798873901,-1.2695972919464111,0.3223994374275208,0.6721419692039490,-1.1720702648162842,0.3448470532894135,0.6761754155158997,-1.1729711294174194,0.3657403886318207,0.6818487644195557,-1.1728320121765137,0.2729387581348419,0.6685821413993835,-1.1601622104644775,0.2587134242057800,0.6688897609710693,-1.1612297296524048,0.2448866814374924,0.6691420078277588,-1.1620738506317139,0.4167786240577698,0.7345465421676636,-0.6274489760398865,0.2483245581388474,0.7029126882553101,-0.5696660876274109,0.3139392733573914,0.8020041584968567,-1.0578922033309937,0.2539758086204529,0.7851762175559998,-1.0490851402282715,0.5311813950538635,1.0759272575378418,-0.3119358420372009,0.0965795367956161,1.0631463527679443,-0.2941064238548279,0.5635131597518921,1.5047967433929443,-0.4370772242546082,0.0471711680293083,1.4708404541015625,-0.5351377725601196,0.5677726268768311,1.8207544088363647,-1.0437136888504028,0.0370786003768444,1.7476799488067627,-1.2476830482482910,0.5962756276130676,1.9248822927474976,-1.2063223123550415,0.0088837342336774,1.8398137092590332,-1.4470560550689697,0.5676917433738708,1.9209787845611572,-1.3708213567733765,0.0358068048954010,1.8380768299102783,-1.5427482128143311,0.5480167269706726,1.8787519931793213,-1.1095178127288818,0.0558179132640362,1.8017276525497437,-1.3084694147109985,0.4434495866298676,1.8759399652481079,0.0071582123637199,0.1654857546091080,1.8464661836624146,-0.0081960763782263,0.4363183081150055,2.5235548019409180,-0.2555938661098480,0.1867474913597107,2.4765179157257080,-0.4888892769813538,0.4209642410278320,3.0918056964874268,0.4798304140567780,0.2039193660020828,3.0908999443054199,0.4362820982933044,0.4304861128330231,3.1941118240356445,0.5154072046279907,0.2077942341566086,3.1915595531463623,0.5071814656257629,0.3537710905075073,3.2000679969787598,-0.1172848194837570,0.2179393321275711,3.2356369495391846,-0.0227337889373302
0.2875725626945496,0.6978914737701416,-0.9668013453483582,0.3319065570831299,0.6523603200912476,-0.8987540006637573,0.3543672859668732,0.6574638485908508,-0.8999780416488647,0.3756012320518494,0.6655485033988953,-0.9000313878059387,0.2836774289608002,0.6457542181015015,-0.8541536331176758,0.2690666317939758,0.6451250910758972,-0.8553048968315125,0.2539875805377960,0.6453160643577576,-0.8562690019607544,0.4365603327751160,0.7282525300979614,-0.5212438702583313,0.2535536289215088,0.6872839331626892,-0.3234160542488098,0.3202120065689087,0.7935685515403748,-0.8206745982170105,0.2574774622917175,0.7739351987838745,-0.7718869447708130,0.5207748413085938,1.0866158008575439,-0.4038246572017670,0.1395252496004105,1.0521134138107300,-0.0456390045583248,0.4931119382381439,1.3343462944030762,-0.8042834401130676,0.0964682623744011,1.2734175920486450,-0.2703127264976501,0.3470986485481262,1.0905871391296387,-1.1930624246597290,0.1941058486700058,0.9670695662498474,-0.7013272047042847,0.3108288347721100,1.0201704502105713,-1.3361527919769287,0.2206066399812698,0.9318011999130249,-0.8208395838737488,0.3166158795356750,0.9841252565383911,-1.3379873037338257,0.2220113277435303,0.8782348036766052,-0.8310161828994751,0.3211236298084259,1.0149840116500854,-1.1956226825714111,0.2054487466812134,0.9103895425796509,-0.7242821455001831,0.4151520729064941,1.9504834413528442,-0.0875925123691559,0.1904157698154449,1.9049915075302124,0.0863781794905663,0.4046392440795898,1.7042469978332520,-0.0401497222483158,0.1934256851673126,1.3770530223846436,-0.1342778354883194,0.3820071816444397,1.8484044075012207,0.4946582913398743,0.2507300078868866,1.5608886480331421,0.4775779247283936,0.4060272574424744,1.9162660837173462,0.5338574051856995,0.2688220739364624,1.6410320997238159,0.5391410589218140,0.3012019097805023,1.7663500308990479,0.1494734436273575,0.2359543293714523,1.4814629554748535,0.2600074410438538
0.2903290688991547,0.6898031830787659,-1.1804277896881104,0.3365153074264526,0.6433689594268799,-1.0842926502227783,0.3601822853088379,0.6487562656402588,-1.0852212905883789,0.3828588128089905,0.6564503312110901,-1.0850851535797119,0.2837942540645599,0.6387322545051575,-1.0613133907318115,0.2690779566764832,0.6391224265098572,-1.0625998973846436,0.2543601393699646,0.6396792531013489,-1.0635350942611694,0.4384981989860535,0.7148883938789368,-0.5572217702865601,0.2536875307559967,0.6816747188568115,-0.4393574297428131,0.3277367353439331,0.7825940251350403,-0.9713895916938782,0.2607066333293915,0.7615477442741394,-0.9497006535530090,0.5458399057388306,1.0762012004852295,-0.3424353301525116,0.1299387514591217,1.0530825853347778,-0.1486663520336151,0.5707116127014160,1.3508509397506714,-0.7922759056091309,0.0642175003886223,1.4275214672088623,-0.3664269745349884,0.5161560177803040,1.2622380256652832,-1.2883479595184326,0.0336172133684158,1.5979453325271606,-1.0293073654174805,0.5182210206985474,1.2991901636123657,-1.4693461656570435,0.0107509288936853,1.6525893211364746,-1.2134656906127930,0.5061081647872925,1.2315630912780762,-1.5329833030700684,0.0186310317367315,1.6342271566390991,-1.3079272508621216,0.4990842938423157,1.2241020202636719,-1.3290189504623413,0.0350052043795586,1.6155234575271606,-1.0893981456756592,0.4484647810459137,1.9497027397155762,-0.0395388975739479,0.1924214065074921,1.9041758775711060,0.0386261418461800,0.4400115013122559,2.5558204650878906,-0.2154074907302856,0.2134083211421967,2.4649233818054199,-0.5976799726486206,0.4400385916233063,3.1047632694244385,0.4300537705421448,0.2487149983644485,3.0991582870483398,0.2173112928867340,0.4607076048851013,3.2059953212738037,0.4558533132076263,0.2569783329963684,3.2041268348693848,0.2853651642799377,0.3546438515186310,3.1872313022613525,-0.1304016560316086,0.2336279600858688,3.2190403938293457,-0.2442673146724701
0.2969452440738678,0.6827861070632935,-1.1682785749435425,0.3457493782043457,0.6379547715187073,-1.0846407413482666,0.3705489337444305,0.6444290876388550,-1.0855902433395386,0.3912305235862732,0.6529710888862610,-1.0854550600051880,0.2926059663295746,0.6306864619255066,-1.0631403923034668,0.2764254212379456,0.6312887072563171,-1.0645378828048706,0.2598174810409546,0.6320977807044983,-1.0654937028884888,0.4479307234287262,0.7143456935882568,-0.5896186232566833,0.2586053311824799,0.6763392090797424,-0.4939014017581940,0.3327209055423737,0.7788801789283752,-0.9726236462593079,0.2651171684265137,0.7542876601219177,-0.9539305567741394,0.5539361238479614,1.0780436992645264,-0.3371145129203796,0.1293139159679413,1.0503925085067749,-0.2015985548496246,0.5794900655746460,1.4337990283966064,-0.5642514228820801,0.0497384257614613,1.4834958314895630,-0.3828473985195160,0.5519546866416931,1.6069166660308838,-1.1384233236312866,0.0136146228760481,1.6990406513214111,-1.0249838829040527,0.5612788796424866,1.6823432445526123,-1.2783358097076416,-0.0092018684372306,1.7612847089767456,-1.1917479038238525,0.5484954118728638,1.6387538909912109,-1.3859398365020752,0.0008536264067516,1.7411006689071655,-1.2841122150421143,0.5366442203521729,1.6145852804183960,-1.1910808086395264,0.0193037930876017,1.7190209627151489,-1.0831173658370972,0.4459999203681946,1.9482560157775879,-0.0144895389676094,0.1822467148303986,1.9034521579742432,0.0134127289056778,0.4291868209838867,2.6055374145507812,-0.2226847112178802,0.2104351967573166,2.5084071159362793,-0.6942903399467468,0.4172306060791016,3.2148814201354980,0.0432586297392845,0.1722913235425949,3.1778800487518311,-0.2808774113655090,0.4338253140449524,3.3237013816833496,0.0320380516350269,0.1604909151792526,3.2842385768890381,-0.2586710751056671,0.3232017755508423,3.3043482303619385,-0.5540301203727722,0.1925631463527679,3.3051288127899170,-0.7677327394485474
0.2969452440738678,0.6827861070632935,-1.1682785749435425,0.3457493782043457,0.6379547715187073,-1.0846407413482666,0.3705489337444305,0.6444290876388550,-1.0855902433395386,0.3912305235862732,0.6529710888862610,-1.0854550600051880,0.2926059663295746,0.6306864619255066,-1.0631403923034668,0.2764254212379456,0.6312887072563171,-1.0645378828048706,0.2598174810409546,0.6320977807044983,-1.0654937028884888,0.4479307234287262,0.7143456935882568,-0.5896186232566833,0.2586053311824799,0.6763392090797424,-0.4939014017581940,0.3327209055423737,0.7788801789283752,-0.9726236462593079,0.2651171684265137,0.7542876601219177,-0.9539305567741394,0.5539361238479614,1.0780436992645264,-0.3371145129203796,0.1293139159679413,1.0503925085067749,-0.2015985548496246,0.5794900655746460,1.4337990283966064,-0.5642514228820801,0.0497384257614613,1.4834958314895630,-0.3828473985195160,0.5519546866416931,1.6069166660308838,-1.1384233236312866,0.0136146228760481,1.6990406513214111,-1.0249838829040527,0.5612788796424866,1.6823432445526123,-1.2783358097076416,-0.0092018684372306,1.7612847089767456,-1.1917479038238525,0.5484954118728638,1.6387538909912109,-1.3859398365020752,0.0008536264067516,1.7411006689071655,-1.2841122150421143,0.5366442203521729,1.6145852804183960,-1.1910808086395264,0.0193037930876017,1.7190209627151489,-1.0831173658370972,0.4459999203681946,1.9482560157775879,-0.0144895389676094,0.1822467148303986,1.9034521579742432,0.0134127289056778,0.4291868209838867,2.6055374145507812,-0.2226847112178802,0.2104351967573166,2.5084071159362793,-0.6942903399467468,0.4172306060791016,3.2148814201354980,0.0432586297392845,0.1722913235425949,3.1778800487518311,-0.2808774113655090,0.4338253140449524,3.3237013816833496,0.0320380516350269,0.1604909151792526,3.2842385768890381,-0.2586710751056671,0.3232017755508423,3.3043482303619385,-0.5540301203727722,0.1925631463527679,3.3051288127899170,-0.7677327394485474
0.3050695359706879,0.6706642508506775,-1.2660753726959229,0.3516513705253601,0.6288217306137085,-1.1653807163238525,0.3768647909164429,0.6363012194633484,-1.1663669347763062,0.3967605233192444,0.6452333927154541,-1.1662734746932983,0.2999273836612701,0.6209374666213989,-1.1519750356674194,0.2840892374515533,0.6216818690299988,-1.1532516479492188,0.2668797671794891,0.6224406957626343,-1.1542196273803711,0.4530881047248840,0.7088266015052795,-0.6064738035202026,0.2645340859889984,0.6675578355789185,-0.5387848615646362,0.3398949503898621,0.7686225771903992,-1.0460202693939209,0.2733430564403534,0.7421441674232483,-1.0363829135894775,0.5590931773185730,1.0766718387603760,-0.3167858719825745,0.1296067982912064,1.0391335487365723,-0.2385628223419189,0.5835860371589661,1.5196365118026733,-0.4454742074012756,0.0458945408463478,1.4987562894821167,-0.4764753878116608,0.5763154625892639,1.8542485237121582,-1.1035023927688599,0.0113902725279331,1.7590773105621338,-1.2106802463531494,0.5985472202301025,1.9617216587066650,-1.2611337900161743,-0.0127145573496819,1.8377681970596313,-1.4042764902114868,0.5787112116813660,1.9464901685714722,-1.3714579343795776,-0.0012285703560337,1.8241742849349976,-1.5046477317810059,0.5608751773834229,1.9039895534515381,-1.1706483364105225,0.0171825774013996,1.7937015295028687,-1.2724479436874390,0.4467710554599762,1.9384857416152954,-0.0118587696924806,0.1765412688255310,1.8995503187179565,0.0107698561623693,0.4240215420722961,2.6204133033752441,-0.4724607467651367,0.1920743882656097,2.5602097511291504,-0.6184602975845337,0.4135655760765076,3.2208485603332520,-0.0445545725524426,0.1561833918094635,3.2031373977661133,0.1979386061429977,0.4270293712615967,3.3285098075866699,-0.0382811427116394,0.1504521816968918,3.3074376583099365,0.2644375264644623,0.3145630359649658,3.3148634433746338,-0.7131878137588501,0.1629726737737656,3.3418090343475342,-0.3221549391746521
0.3154908716678619,0.6520813107490540,-1.3345777988433838,0.3632106482982635,0.6087616682052612,-1.2429561614990234,0.3878081440925598,0.6159936189651489,-1.2439653873443604,0.4064839482307434,0.6245915293693542,-1.2438306808471680,0.3123336136341095,0.6032450199127197,-1.2233384847640991,0.2966143190860748,0.6045696139335632,-1.2245163917541504,0.2800740599632263,0.6053913831710815,-1.2254542112350464,0.4636735320091248,0.6877461671829224,-0.7167227864265442,0.2794309556484222,0.6486628055572510,-0.6239773631095886,0.3502084612846375,0.7505111098289490,-1.1290619373321533,0.2859716713428497,0.7235338687896729,-1.1105730533599854,0.5927518606185913,1.0702896118164062,-0.3992764353752136,0.1407569795846939,1.0196051597595215,-0.3382866084575653,0.6312781572341919,1.5146224498748779,-0.5124309659004211,0.0720945671200752,1.4857673645019531,-0.6045863628387451,0.6404479742050171,1.8433952331542969,-1.1579830646514893,0.0370318256318569,1.7453541755676270,-1.3480855226516724,0.6693555116653442,1.9471009969711304,-1.3191754817962646,-0.0069766393862665,1.8295785188674927,-1.5477540493011475,0.6428525447845459,1.9388676881790161,-1.4341125488281250,0.0213559810072184,1.8228335380554199,-1.6456356048583984,0.6232508420944214,1.8965771198272705,-1.2186675071716309,0.0460232123732567,1.7891594171524048,-1.4108941555023193,0.4805229306221008,1.8785851001739502,-0.0044547547586262,0.1925770938396454,1.8465991020202637,0.0034248146694154,0.4517428874969482,2.5669107437133789,-0.3430386781692505,0.2192535102367401,2.4926712512969971,-0.5720255970954895,0.4447281360626221,3.1674609184265137,0.0934042036533356,0.1926999390125275,3.1269423961639404,0.2728323340415955,0.4564577639102936,3.2793853282928467,0.1050943955779076,0.1857698708772659,3.2331147193908691,0.3316846489906311,0.3715198040008545,3.2656607627868652,-0.5258931517601013,0.2138232737779617,3.2662365436553955,-0.2111320942640305
0.3261451423168182,0.6461103558540344,-1.2789405584335327,0.3754120469093323,0.6014713644981384,-1.1971418857574463,0.4004966318607330,0.6073645949363708,-1.1982058286666870,0.4173262119293213,0.6151545643806458,-1.1980649232864380,0.3204889595508575,0.5952309370040894,-1.1694393157958984,0.3026503026485443,0.5960605740547180,-1.1706111431121826,0.2843428254127502,0.5976029038429260,-1.1715023517608643,0.4716748297214508,0.6816230416297913,-0.6577484607696533,0.2800872027873993,0.6420155167579651,-0.5850424170494080,0.3605121374130249,0.7452619075775146,-1.0886636972427368,0.2899735569953918,0.7221150994300842,-1.0595595836639404,0.5962550640106201,1.0659029483795166,-0.3074136674404144,0.1496262550354004,1.0166660547256470,-0.2952770590782166,0.6269208788871765,1.5153772830963135,-0.4259329438209534,0.0844392254948616,1.4831725358963013,-0.5463557839393616,0.6314743757247925,1.8336056470870972,-1.0354282855987549,0.0572876743972301,1.7228884696960449,-1.2400695085525513,0.6574918031692505,1.9384163618087769,-1.1807243824005127,0.0149502847343683,1.8079264163970947,-1.4240691661834717,0.6322786808013916,1.9279614686965942,-1.2944281101226807,0.0459023416042328,1.8032460212707520,-1.5146462917327881,0.6139872074127197,1.8834394216537476,-1.0920703411102295,0.0690076723694801,1.7682780027389526,-1.2980027198791504,0.4837381839752197,1.8491137027740479,0.0089835412800312,0.1958830505609512,1.8353675603866577,-0.0100686363875866,0.4529913067817688,2.5432798862457275,-0.3974439203739166,0.2234615832567215,2.4730060100555420,-0.7175151109695435,0.4439865946769714,3.1294860839843750,-0.0880278944969177,0.1958579272031784,3.1017708778381348,-0.1663956791162491,0.4557877182960510,3.2356693744659424,-0.0926535949110985,0.1861501932144165,3.2070505619049072,-0.1339972317218781,0.3732392191886902,3.2355430126190186,-0.7225779294967651,0.2264370173215866,3.2378761768341064,-0.6815665364265442
0.3338108360767365,0.6331415772438049,-1.2165267467498779,0.3831091821193695,0.5906283855438232,-1.1074348688125610,0.4085443019866943,0.5970551371574402,-1.1083096265792847,0.4260314106941223,0.6044278740882874,-1.1081321239471436,0.3254992961883545,0.5831103920936584,-1.0992152690887451,0.3080428242683411,0.5840057730674744,-1.1001757383346558,0.2903192937374115,0.5855570435523987,-1.1010953187942505,0.4759338796138763,0.6730471253395081,-0.5491873621940613,0.2836264967918396,0.6286534070968628,-0.5147482156753540,0.3697030842304230,0.7312830090522766,-1.0078923702239990,0.2967127263545990,0.7080472111701965,-1.0026384592056274,0.6086761355400085,1.0593748092651367,-0.2401084601879120,0.1491656452417374,1.0175392627716064,-0.2736777365207672,0.6440642476081848,1.5129331350326538,-0.3610530793666840,0.0836823433637619,1.4797291755676270,-0.5195406675338745,0.6320112347602844,1.8326660394668579,-0.9529431462287903,0.0569223351776600,1.7559968233108521,-1.2015029191970825,0.6550388932228088,1.9472441673278809,-1.1034994125366211,0.0188856516033411,1.8527338504791260,-1.3783361911773682,0.6200150847434998,1.9497927427291870,-1.2074955701828003,0.0466200038790703,1.8648079633712769,-1.4624385833740234,0.6037591099739075,1.8971236944198608,-1.0057257413864136,0.0705153048038483,1.8210986852645874,-1.2573326826095581,0.4939751625061035,1.8440079689025879,0.0186645593494177,0.1955364197492599,1.8221899271011353,-0.0198882967233658,0.4674840569496155,2.5343501567840576,-0.4041891694068909,0.2223366945981979,2.4744870662689209,-0.6159180402755737,0.4510526657104492,3.1129767894744873,0.0176535882055759,0.1962474733591080,3.0904932022094727,0.2500776052474976,0.4630704820156097,3.2181205749511719,0.0254047028720379,0.1874212026596069,3.1962611675262451,0.3134369850158691,0.3711440265178680,3.2375366687774658,-0.6016419529914856,0.2273864299058914,3.2460465431213379,-0.2099565565586090
0.3369659781455994,0.6223605871200562,-1.2164566516876221,0.3875550031661987,0.5807253718376160,-1.1076554059982300,0.4133026599884033,0.5891897082328796,-1.1085275411605835,0.4295580387115479,0.5977074503898621,-1.1083587408065796,0.3310397863388062,0.5721234679222107,-1.0989129543304443,0.3132758438587189,0.5734472274780273,-1.0999333858489990,0.2956166565418243,0.5749756693840027,-1.1008546352386475,0.4788724780082703,0.6676979064941406,-0.5460695624351501,0.2882356643676758,0.6201213598251343,-0.5114995241165161,0.3724778592586517,0.7221583724021912,-1.0064227581024170,0.2998745739459991,0.6967346668243408,-0.9995888471603394,0.6059687733650208,1.0550607442855835,-0.2374486029148102,0.1485099941492081,1.0158622264862061,-0.2687209248542786,0.6433305144309998,1.5111516714096069,-0.3739026486873627,0.0659816339612007,1.4620165824890137,-0.5118338465690613,0.6298200488090515,1.8278454542160034,-0.9873329401016235,0.0366780012845993,1.7336752414703369,-1.1848332881927490,0.6531914472579956,1.9408169984817505,-1.1412259340286255,-0.0005463246488944,1.8257175683975220,-1.3611719608306885,0.6178264617919922,1.9379662275314331,-1.2399061918258667,0.0316209159791470,1.8329638242721558,-1.4469823837280273,0.6011074185371399,1.8878074884414673,-1.0389900207519531,0.0542904958128929,1.7931307554244995,-1.2394872903823853,0.4895947575569153,1.8345745801925659,0.0178461708128452,0.1886711269617081,1.8081912994384766,-0.0190762933343649,0.4626205563545227,2.5283269882202148,-0.4214501976966858,0.2163020074367523,2.4751975536346436,-0.6245928406715393,0.4502998292446136,3.1064312458038330,-0.0082551650702953,0.1961773931980133,3.0931046009063721,0.1629578769207001,0.4638752341270447,3.2105309963226318,-0.0018619494512677,0.1880867630243301,3.1989359855651855,0.2204923629760742,0.3702177703380585,3.2294228076934814,-0.6460480690002441,0.2265657633543015,3.2420525550842285,-0.3241201639175415
0.3369659781455994,0.6223605871200562,-1.2164566516876221,0.3875550031661987,0.5807253718376160,-1.1076554059982300,0.4133026599884033,0.5891897082328796,-1.1085275411605835,0.4295580387115479,0.5977074503898621,-1.1083587408065796,0.3310397863388062,0.5721234679222107,-1.0989129543304443,0.3132758438587189,0.5734472274780273,-1.0999333858489990,0.2956166565418243,0.5749756693840027,-1.1008546352386475,0.4788724780082703,0.6676979064941406,-0.5460695624351501,0.2882356643676758,0.6201213598251343,-0.5114995241165161,0.3724778592586517,0.7221583724021912,-1.0064227581024170,0.2998745739459991,0.6967346668243408,-0.9995888471603394,0.6059687733650208,1.0550607442855835,-0.2374486029148102,0.1485099941492081,1.0158622264862061,-0.2687209248542786,0.6433305144309998,1.5111516714096069,-0.3739026486873627,0.0659816339612007,1.4620165824890137,-0.5118338465690613,0.6298200488090515,1.8278454542160034,-0.9873329401016235,0.0366780012845993,1.7336752414703369,-1.1848332881927490,0.6531914472579956,1.9408169984817505,-1.1412259340286255,-0.0005463246488944,1.8257175683975220,-1.3611719608306885,0.6178264617919922,1.9379662275314331,-1.2399061918258667,0.0316209159791470,1.8329638242721558,-1.4469823837280273,0.6011074185371399,1.8878074884414673,-1.0389900207519531,0.0542904958128929,1.7931307554244995,-1.2394872903823853,0.4895947575569153,1.8345745801925659,0.0178461708128452,0.1886711269617081,1.8081912994384766,-0.0190762933343649,0.4626205563545227,2.5283269882202148,-0.4214501976966858,0.2163020074367523,2.4751975536346436,-0.6245928406715393,0.4502998292446136,3.1064312458038330,-0.0082551650702953,0.1961773931980133,3.0931046009063721,0.1629578769207001,0.4638752341270447,3.2105309963226318,-0.0018619494512677,0.1880867630243301,3.1989359855651855,0.2204923629760742,0.3702177703380585,3.2294228076934814,-0.6460480690002441,0.2265657633543015,3.2420525550842285,-0.3241201639175415
0.3452786505222321,0.6134147047996521,-1.2148938179016113,0.3954613804817200,0.5716332793235779,-1.0969293117523193,0.4202784597873688,0.5797269344329834,-1.0977867841720581,0.4356588423252106,0.5880302190780640,-1.0976624488830566,0.3372604250907898,0.5631632208824158,-1.0939863920211792,0.3182275295257568,0.5642379522323608,-1.0949151515960693,0.2996653914451599,0.5660426020622253,-1.0958565473556519,0.4869534969329834,0.6627781391143799,-0.5027048587799072,0.2901079058647156,0.6143435835838318,-0.4829962849617004,0.3807047307491302,0.7132055163383484,-0.9936363101005554,0.3049949109554291,0.6902993321418762,-0.9956697225570679,0.6169761419296265,1.0554338693618774,-0.1822721511125565,0.1330378949642181,1.0220211744308472,-0.2634005844593048,0.6616193056106567,1.5172064304351807,-0.3169285655021667,0.0321524254977703,1.4669400453567505,-0.5627077817916870,0.6562165021896362,1.8521198034286499,-0.9713870286941528,0.0220889374613762,1.7816070318222046,-1.3302470445632935,0.6826751232147217,1.9732251167297363,-1.1374423503875732,-0.0115647865459323,1.8885962963104248,-1.5427626371383667,0.6414768695831299,1.9773981571197510,-1.2447973489761353,0.0293236784636974,1.9043042659759521,-1.6303699016571045,0.6230669617652893,1.9232556819915771,-1.0283453464508057,0.0500421710312366,1.8578896522521973,-1.3879134654998779,0.4982541501522064,1.8370089530944824,0.0302628837525845,0.1885329633951187,1.8170019388198853,-0.0315456576645374,0.4735926091670990,2.5659368038177490,-0.4525310397148132,0.2167638242244720,2.5165064334869385,-0.7044045925140381,0.4594329893589020,3.1552560329437256,0.0281916651874781,0.2083816528320312,3.1700091361999512,0.0746629685163498,0.4716647267341614,3.2656259536743164,0.0362448170781136,0.1998134106397629,3.2873616218566895,0.1298215389251709,0.3786126971244812,3.2749099731445312,-0.6180331707000732,0.2498163729906082,3.3143768310546875,-0.4679547250270844
0.3489765822887421,0.6050037145614624,-1.3207976818084717,0.4002535343170166,0.5575170516967773,-1.2041434049606323,0.4239684939384460,0.5671445131301880,-1.2050812244415283,0.4388936161994934,0.5783150792121887,-1.2049727439880371,0.3447553217411041,0.5491551756858826,-1.2002009153366089,0.3262839317321777,0.5505399107933044,-1.2013404369354248,0.3069725930690765,0.5523027777671814,-1.2023941278457642,0.4934615492820740,0.6569551229476929,-0.5891145467758179,0.2954831421375275,0.6021915078163147,-0.5744708776473999,0.3847921192646027,0.7055828571319580,-1.0895607471466064,0.3100122809410095,0.6771183609962463,-1.0912626981735229,0.6221038103103638,1.0551410913467407,-0.2100246399641037,0.1288748979568481,1.0234810113906860,-0.3226954936981201,0.6637864708900452,1.5207086801528931,-0.3197924494743347,0.0195660851895809,1.4613429307937622,-0.6034960150718689,0.6545819044113159,1.8577562570571899,-0.9090738296508789,0.0061064683832228,1.7657555341720581,-1.3518747091293335,0.6772800087928772,1.9759169816970825,-1.0637962818145752,-0.0262962523847818,1.8674465417861938,-1.5612977743148804,0.6420558691024780,1.9771362543106079,-1.1817741394042969,0.0135032515972853,1.8791236877441406,-1.6569449901580811,0.6256762146949768,1.9237827062606812,-0.9672003984451294,0.0332960635423660,1.8354048728942871,-1.4122927188873291,0.4954961836338043,1.8386175632476807,0.0383962914347649,0.1882775425910950,1.8468872308731079,-0.0397083349525928,0.4811363220214844,2.5800144672393799,-0.3944330513477325,0.2139807641506195,2.5339574813842773,-0.6574422121047974,0.4610855579376221,3.1855444908142090,0.1827321499586105,0.2013788223266602,3.1791794300079346,0.2789162099361420,0.4712181985378265,3.2984900474548340,0.1992780268192291,0.1929151266813278,3.2914960384368896,0.3482854962348938,0.3830236196517944,3.3055119514465332,-0.5062168836593628,0.2421559840440750,3.3302106857299805,-0.2344700843095779
0.3508027195930481,0.5966164469718933,-1.2905980348587036,0.4017085134983063,0.5497807264328003,-1.1726520061492920,0.4253412783145905,0.5592529177665710,-1.1734688282012939,0.4412398338317871,0.5706253647804260,-1.1732968091964722,0.3475024104118347,0.5421871542930603,-1.1709902286529541,0.3298859000205994,0.5437732338905334,-1.1721060276031494,0.3115294575691223,0.5452048778533936,-1.1731586456298828,0.4973488748073578,0.6484842896461487,-0.5808417797088623,0.3012744188308716,0.5935820341110229,-0.5664896368980408,0.3869999051094055,0.6974225640296936,-1.0676488876342773,0.3134479522705078,0.6680386066436768,-1.0714771747589111,0.6276069283485413,1.0535202026367188,-0.2121693640947342,0.1284335553646088,1.0228620767593384,-0.3082803189754486,0.6627552509307861,1.5298093557357788,-0.3280230164527893,0.0228133853524923,1.4577783346176147,-0.5373793244361877,0.6506689190864563,1.8726634979248047,-0.9618203043937683,0.0093358112499118,1.7743657827377319,-1.1495707035064697,0.6742301583290100,1.9956195354461670,-1.1281564235687256,-0.0227918941527605,1.8835898637771606,-1.3289850950241089,0.6367834806442261,2.0010528564453125,-1.2486017942428589,0.0159844309091568,1.9039901494979858,-1.4342617988586426,0.6203143000602722,1.9434074163436890,-1.0240125656127930,0.0353572592139244,1.8556686639785767,-1.2101664543151855,0.4982744753360748,1.8444867134094238,0.0366357155144215,0.1884426623582840,1.8549849987030029,-0.0378902740776539,0.4876461625099182,2.6022248268127441,-0.4016878008842468,0.2137543261051178,2.5473523139953613,-0.5772149562835693,0.4631165564060211,3.2089529037475586,0.0457305274903774,0.2005270272493362,3.1828238964080811,0.2986404597759247,0.4741332530975342,3.3185946941375732,0.0520883500576019,0.1922095119953156,3.2924220561981201,0.3634863495826721,0.3807674050331116,3.3414711952209473,-0.6378642916679382,0.2393597066402435,3.3440716266632080,-0.1784013062715530
0.3508027195930481,0.5966164469718933,-1.2905980348587036,0.4017085134983063,0.5497807264328003,-1.1726520061492920,0.4253412783145905,0.5592529177665710,-1.1734688282012939,0.4412398338317871,0.5706253647804260,-1.1732968091964722,0.3475024104118347,0.5421871542930603,-1.1709902286529541,0.3298859000205994,0.5437732338905334,-1.1721060276031494,0.3115294575691223,0.5452048778533936,-1.1731586456298828,0.4973488748073578,0.6484842896461487,-0.5808417797088623,0.3012744188308716,0.5935820341110229,-0.5664896368980408,0.3869999051094055,0.6974225640296936,-1.0676488876342773,0.3134479522705078,0.6680386066436768,-1.0714771747589111,0.6276069283485413,1.0535202026367188,-0.2121693640947342,0.1284335553646088,1.0228620767593384,-0.3082803189754486,0.6627552509307861,1.5298093557357788,-0.3280230164527893,0.0228133853524923,1.4577783346176147,-0.5373793244361877,0.6506689190864563,1.8726634979248047,-0.9618203043937683,0.0093358112499118,1.7743657827377319,-1.1495707035064697,0.6742301583290100,1.9956195354461670,-1.1281564235687256,-0.0227918941527605,1.8835898637771606,-1.3289850950241089,0.6367834806442261,2.0010528564453125,-1.2486017942428589,0.0159844309091568,1.9039901494979858,-1.4342617988586426,0.6203143000602722,1.9434074163436890,-1.0240125656127930,0.0353572592139244,1.8556686639785767,-1.2101664543151855,0.4982744753360748,1.8444867134094238,0.0366357155144215,0.1884426623582840,1.8549849987030029,-0.0378902740776539,0.4876461625099182,2.6022248268127441,-0.4016878008842468,0.2137543261051178,2.5473523139953613,-0.5772149562835693,0.4631165564060211,3.2089529037475586,0.0457305274903774,0.2005270272493362,3.1828238964080811,0.2986404597759247,0.4741332530975342,3.3185946941375732,0.0520883500576019,0.1922095119953156,3.2924220561981201,0.3634863495826721,0.3807674050331116,3.3414711952209473,-0.6378642916679382,0.2393597066402435,3.3440716266632080,-0.1784013062715530
0.3528690934181213,0.5935441255569458,-1.3416403532028198,0.4054962992668152,0.5459141135215759,-1.2220733165740967,0.4285793900489807,0.5549892187118530,-1.2229270935058594,0.4445962905883789,0.5658662915229797,-1.2227715253829956,0.3508262038230896,0.5386046171188354,-1.2215096950531006,0.3329418301582336,0.5402600169181824,-1.2226798534393311,0.3145754635334015,0.5416621565818787,-1.2237799167633057,0.4999330937862396,0.6429972052574158,-0.6019955277442932,0.3041859269142151,0.5894687771797180,-0.5927070379257202,0.3890627920627594,0.6964265108108521,-1.1053788661956787,0.3154216706752777,0.6659966707229614,-1.1096783876419067,0.6348353624343872,1.0521945953369141,-0.2251293957233429,0.1188227981328964,1.0253987312316895,-0.3170361518859863,0.6665734648704529,1.5313012599945068,-0.3027417361736298,0.0161365382373333,1.4533282518386841,-0.4993993639945984,0.6526991128921509,1.8756716251373291,-0.9121804237365723,0.0023649900685996,1.7810734510421753,-1.0699887275695801,0.6761161088943481,1.9982753992080688,-1.0731773376464844,-0.0308476053178310,1.8937250375747681,-1.2465488910675049,0.6378701925277710,2.0079557895660400,-1.1952544450759888,0.0097397165372968,1.9198353290557861,-1.3560853004455566,0.6216312050819397,1.9487007856369019,-0.9732391238212585,0.0286153368651867,1.8683452606201172,-1.1298768520355225,0.4975413680076599,1.8757880926132202,0.0354689992964268,0.1812583804130554,1.8556563854217529,-0.0366387926042080,0.4863067567348480,2.6173727512359619,-0.5080199837684631,0.2140515297651291,2.5689713954925537,-0.5063984990119934,0.4635189473628998,3.2340092658996582,-0.1142656207084656,0.2017010450363159,3.2108261585235596,0.4588657319545746,0.4762882590293884,3.3472630977630615,-0.1128187179565430,0.1930783092975616,3.3238992691040039,0.5327230095863342,0.3804571032524109,3.3649356365203857,-0.8589147329330444,0.2387625426054001,3.3734323978424072,-0.0352631285786629
0.3561637997627258,0.5845553874969482,-1.2378547191619873,0.4096467494964600,0.5366005301475525,-1.1212447881698608,0.4334050118923187,0.5458863377571106,-1.1221814155578613,0.4501133859157562,0.5571048259735107,-1.1219581365585327,0.3551433682441711,0.5298400521278381,-1.1141746044158936,0.3380222618579865,0.5316177010536194,-1.1153496503829956,0.3205130398273468,0.5328758955001831,-1.1163899898529053,0.5050923824310303,0.6347655057907104,-0.5380476713180542,0.3103629052639008,0.5812839269638062,-0.5004816055297852,0.3921232521533966,0.6875573992729187,-1.0162501335144043,0.3200778067111969,0.6584599018096924,-1.0143562555313110,0.6436371207237244,1.0524955987930298,-0.2248850613832474,0.1168145164847374,1.0258623361587524,-0.2886732220649719,0.6764253377914429,1.5582319498062134,-0.3763654828071594,-0.0038604014553130,1.4537523984909058,-0.5441590547561646,0.6571564078330994,1.9253495931625366,-1.1044499874114990,-0.0200828146189451,1.7977808713912964,-1.2748808860778809,0.6800357103347778,2.0553741455078125,-1.2885713577270508,-0.0554002150893211,1.9128553867340088,-1.4904955625534058,0.6384923458099365,2.0601856708526611,-1.4030165672302246,-0.0097787752747536,1.9339002370834351,-1.5886118412017822,0.6215007901191711,2.0018219947814941,-1.1654119491577148,0.0110608870163560,1.8857693672180176,-1.3377439975738525,0.4972275793552399,1.9118320941925049,0.0390316508710384,0.1713257431983948,1.8783199787139893,-0.0402875170111656,0.4842129349708557,2.6675086021423340,-0.2945398986339569,0.1967690438032150,2.6089203357696533,-0.5329260230064392,0.4393852651119232,3.3115425109863281,0.3031196594238281,0.1640265136957169,3.2754547595977783,0.3394120335578918,0.4456109106540680,3.4282913208007812,0.3256129622459412,0.1547899693250656,3.3910906314849854,0.4039165973663330,0.3523737490177155,3.4477515220642090,-0.3619035482406616,0.1960627287626266,3.4375450611114502,-0.1081631928682327
0.3586893975734711,0.5798450708389282,-1.2202578783035278,0.4121610224246979,0.5316910147666931,-1.0996117591857910,0.4370955824851990,0.5407392978668213,-1.1004776954650879,0.4539612829685211,0.5517265200614929,-1.1002590656280518,0.3567591309547424,0.5260745286941528,-1.0968567132949829,0.3393841087818146,0.5280996561050415,-1.0980436801910400,0.3218583464622498,0.5293425321578979,-1.0990402698516846,0.5068694353103638,0.6308724284172058,-0.5097728967666626,0.3117362260818481,0.5781175494194031,-0.4893147945404053,0.3949702978134155,0.6829870343208313,-0.9960943460464478,0.3227026164531708,0.6541892886161804,-0.9993253946304321,0.6464009284973145,1.0526392459869385,-0.1869616359472275,0.1147515624761581,1.0273240804672241,-0.2865151464939117,0.6791416406631470,1.5593433380126953,-0.2871080636978149,-0.0206316746771336,1.4537255764007568,-0.5424920320510864,0.6704009771347046,1.9189580678939819,-0.9221944808959961,-0.0550197176635265,1.7920315265655518,-1.2622239589691162,0.6965648531913757,2.0440051555633545,-1.0820523500442505,-0.0963362753391266,1.9025393724441528,-1.4699766635894775,0.6575529575347900,2.0460047721862793,-1.2086312770843506,-0.0500544235110283,1.9207562208175659,-1.5670068264007568,0.6399019956588745,1.9906743764877319,-0.9856539964675903,-0.0265554375946522,1.8747470378875732,-1.3236413002014160,0.5012511610984802,1.9183478355407715,0.0539796277880669,0.1715863496065140,1.8986346721649170,-0.0553036220371723,0.4936296045780182,2.6922297477722168,-0.2668562531471252,0.1974824070930481,2.6488459110260010,-0.5419667959213257,0.4426472783088684,3.3348608016967773,0.3970361948013306,0.1664024591445923,3.3179218769073486,0.4305053651332855,0.4477328360080719,3.4476861953735352,0.4278152883052826,0.1571315228939056,3.4267213344573975,0.5117708444595337,0.3552095293998718,3.4765102863311768,-0.2572309374809265,0.2001920193433762,3.4987158775329590,-0.0484934151172638
0.3603482842445374,0.5799807310104370,-1.1861413717269897,0.4144515991210938,0.5321174263954163,-1.0751662254333496,0.4398786425590515,0.5403929352760315,-1.0760799646377563,0.4579111039638519,0.5504191517829895,-1.0759180784225464,0.3572057485580444,0.5257408618927002,-1.0715607404708862,0.3393451273441315,0.5268777012825012,-1.0728191137313843,0.3216643631458282,0.5278645157814026,-1.0739176273345947,0.5096305608749390,0.6268656253814697,-0.5147134065628052,0.3116806149482727,0.5741459727287292,-0.4898192286491394,0.3988845944404602,0.6840664148330688,-0.9744256138801575,0.3236811459064484,0.6551226973533630,-0.9763491749763489,0.6536202430725098,1.0527672767639160,-0.1982041746377945,0.1127900630235672,1.0315815210342407,-0.2865099906921387,0.6870640516281128,1.5620234012603760,-0.2012661397457123,-0.0189993605017662,1.4667022228240967,-0.5281128883361816,0.6743128895759583,1.9251276254653931,-0.5861741304397583,-0.0501520633697510,1.8223875761032104,-1.1476610898971558,0.6984852552413940,2.0522103309631348,-0.6992123723030090,-0.0859522297978401,1.9390189647674561,-1.3238397836685181,0.6590958833694458,2.0601320266723633,-0.8155862689018250,-0.0480095669627190,1.9635865688323975,-1.4189190864562988,0.6421167850494385,2.0012614727020264,-0.6378692388534546,-0.0232702139765024,1.9117043018341064,-1.2048908472061157,0.5078483819961548,1.9265220165252686,0.0535450354218483,0.1717000454664230,1.9003049135208130,-0.0547677576541901,0.4984525144100189,2.7012553215026855,-0.2803995609283447,0.1933040022850037,2.6452515125274658,-0.4237371981143951,0.4468285143375397,3.3380155563354492,0.3563419282436371,0.1592547148466110,3.3087162971496582,0.5579243302345276,0.4516276419162750,3.4515500068664551,0.3774215281009674,0.1504044532775879,3.4177119731903076,0.6368424892425537,0.3585405945777893,3.4841079711914062,-0.2676650881767273,0.1913479268550873,3.4967970848083496,0.1172915920615196
0.3611614108085632,0.5810191035270691,-1.3609900474548340,0.4148642122745514,0.5335894227027893,-1.2330129146575928,0.4405170977115631,0.5415971279144287,-1.2340141534805298,0.4596671164035797,0.5515812635421753,-1.2339012622833252,0.3581005930900574,0.5261268615722656,-1.2287062406539917,0.3400094509124756,0.5264037847518921,-1.2299563884735107,0.3223258852958679,0.5268692374229431,-1.2310869693756104,0.5132510662078857,0.6271123290061951,-0.5748632550239563,0.3121017217636108,0.5735834836959839,-0.5520038604736328,0.3992885947227478,0.6852003931999207,-1.1103794574737549,0.3236982226371765,0.6568042635917664,-1.1122016906738281,0.6508464813232422,1.0558745861053467,-0.2006987780332565,0.1067685633897781,1.0323895215988159,-0.2860301136970520,0.6872488260269165,1.5761070251464844,-0.2553680837154388,-0.0287804491817951,1.4746912717819214,-0.5306298732757568,0.6707481145858765,1.9360499382019043,-0.8179868459701538,-0.0536167994141579,1.8236130475997925,-1.2535402774810791,0.6945158243179321,2.0624518394470215,-1.0056898593902588,-0.0880642980337143,1.9354656934738159,-1.4640567302703857,0.6560033559799194,2.0646507740020752,-1.1423554420471191,-0.0490987375378609,1.9547284841537476,-1.5730682611465454,0.6392370462417603,2.0067825317382812,-0.8869091868400574,-0.0268876291811466,1.9059456586837769,-1.3185169696807861,0.5030940771102905,1.9462907314300537,0.0495470687747002,0.1551498025655746,1.9145069122314453,-0.0509072318673134,0.4801285862922668,2.7103910446166992,-0.4669143557548523,0.1896903365850449,2.6690042018890381,-0.5742737054824829,0.4467288553714752,3.3605072498321533,0.0479252077639103,0.1611396372318268,3.3534345626831055,0.4494701027870178,0.4531003534793854,3.4801981449127197,0.0571479797363281,0.1525004655122757,3.4711787700653076,0.5315194129943848,0.3546071350574493,3.4892549514770508,-0.7309161424636841,0.1923059970140457,3.5183196067810059,-0.1713811904191971
0.3631393313407898,0.5826684832572937,-1.3751401901245117,0.4187983572483063,0.5354210734367371,-1.2606490850448608,0.4423694014549255,0.5434048771858215,-1.2615982294082642,0.4620635509490967,0.5533068180084229,-1.2614166736602783,0.3618153929710388,0.5273764729499817,-1.2582733631134033,0.3443967103958130,0.5270986557006836,-1.2595664262771606,0.3275186419487000,0.5268214344978333,-1.2605984210968018,0.5156074762344360,0.6278674602508545,-0.6507974863052368,0.3168129324913025,0.5727395415306091,-0.6375354528427124,0.4005718827247620,0.6865426898002625,-1.1405320167541504,0.3253039419651031,0.6579021215438843,-1.1446300745010376,0.6482751369476318,1.0586642026901245,-0.2813114225864410,0.1005642637610435,1.0312377214431763,-0.3734503388404846,0.6847287416458130,1.5783959627151489,-0.3473062217235565,-0.0529925897717476,1.4521958827972412,-0.6260988712310791,0.6666415929794312,1.9459043741226196,-0.9256720542907715,-0.0731751695275307,1.8228623867034912,-1.3436100482940674,0.6912468671798706,2.0716090202331543,-1.0944879055023193,-0.1083982735872269,1.9262603521347046,-1.5507496595382690,0.6533018350601196,2.0721149444580078,-1.2333002090454102,-0.0609452649950981,1.9445897340774536,-1.6544984579086304,0.6349887251853943,2.0170962810516357,-0.9946712255477905,-0.0392692238092422,1.8969478607177734,-1.4064742326736450,0.4993999004364014,1.9449708461761475,0.0487777069211006,0.1516452878713608,1.9113081693649292,-0.0501868948340416,0.4795092642307281,2.7196629047393799,-0.3239161372184753,0.1851763874292374,2.6602303981781006,-0.5666292905807495,0.4432230889797211,3.3930306434631348,0.0874571055173874,0.1598505377769470,3.3632924556732178,0.3721167743206024,0.4476277828216553,3.5163960456848145,0.0939786583185196,0.1516163200139999,3.4813961982727051,0.4347485899925232,0.3553499281406403,3.5228960514068604,-0.6339242458343506,0.1927442699670792,3.5352091789245605,-0.1996745914220810
0.3631393313407898,0.5826684832572937,-1.3751401901245117,0.4187983572483063,0.5354210734367371,-1.2606490850448608,0.4423694014549255,0.5434048771858215,-1.2615982294082642,0.4620635509490967,0.5533068180084229,-1.2614166736602783,0.3618153929710388,0.5273764729499817,-1.2582733631134033,0.3443967103958130,0.5270986557006836,-1.2595664262771606,0.3275186419487000,0.5268214344978333,-1.2605984210968018,0.5156074762344360,0.6278674602508545,-0.6507974863052368,0.3168129324913025,0.5727395415306091,-0.6375354528427124,0.4005718827247620,0.6865426898002625,-1.1405320167541504,0.3253039419651031,0.6579021215438843,-1.1446300745010376,0.6482751369476318,1.0586642026901245,-0.2813114225864410,0.1005642637610435,1.0312377214431763,-0.3734503388404846,0.6847287416458130,1.5783959627151489,-0.3473062217235565,-0.0529925897717476,1.4521958827972412,-0.6260988712310791,0.6666415929794312,1.9459043741226196,-0.9256720542907715,-0.0731751695275307,1.8228623867034912,-1.3436100482940674,0.6912468671798706,2.0716090202331543,-1.0944879055023193,-0.1083982735872269,1.9262603521347046,-1.5507496595382690,0.6533018350601196,2.0721149444580078,-1.2333002090454102,-0.0609452649950981,1.9445897340774536,-1.6544984579086304,0.6349887251853943,2.0170962810516357,-0.9946712255477905,-0.0392692238092422,1.8969478607177734,-1.4064742326736450,0.4993999004364014,1.9449708461761475,0.0487777069211006,0.1516452878713608,1.9113081693649292,-0.0501868948340416,0.4795092642307281,2.7196629047393799,-0.3239161372184753,0.1851763874292374,2.6602303981781006,-0.5666292905807495,0.4432230889797211,3.3930306434631348,0.0874571055173874,0.1598505377769470,3.3632924556732178,0.3721167743206024,0.4476277828216553,3.5163960456848145,0.0939786583185196,0.1516163200139999,3.4813961982727051,0.4347485899925232,0.3553499281406403,3.5228960514068604,-0.6339242458343506,0.1927442699670792,3.5352091789245605,-0.1996745914220810
0.3646328151226044,0.5830730199813843,-1.3477311134338379,0.4202021062374115,0.5363024473190308,-1.2336074113845825,0.4443313479423523,0.5441654324531555,-1.2345445156097412,0.4674918651580811,0.5536264181137085,-1.2343786954879761,0.3627436459064484,0.5282145142555237,-1.2290818691253662,0.3455397486686707,0.5279809236526489,-1.2303248643875122,0.3284491002559662,0.5277571082115173,-1.2313635349273682,0.5244904756546021,0.6280716657638550,-0.6360218524932861,0.3171678781509399,0.5735756754875183,-0.6146078109741211,0.4040955901145935,0.6886973977088928,-1.1164498329162598,0.3251920342445374,0.6638275384902954,-1.1177055835723877,0.6511048674583435,1.0653363466262817,-0.2808187007904053,0.1010492816567421,1.0318471193313599,-0.3588078618049622,0.6844301819801331,1.6039394140243530,-0.3517844080924988,-0.0460469909012318,1.4681525230407715,-0.6072254180908203,0.6660445928573608,1.9636799097061157,-0.9714543223381042,-0.0655846074223518,1.8258303403854370,-1.3239281177520752,0.6893040537834167,2.0917744636535645,-1.1440362930297852,-0.1007843613624573,1.9337679147720337,-1.5291018486022949,0.6527043581008911,2.0923182964324951,-1.2736270427703857,-0.0544201806187630,1.9515376091003418,-1.6324678659439087,0.6337026357650757,2.0325872898101807,-1.0371829271316528,-0.0332927443087101,1.9027100801467896,-1.3867710828781128,0.4995823800563812,1.9591976404190063,0.0477192997932434,0.1522989124059677,1.9213432073593140,-0.0491312891244888,0.4792711734771729,2.7440314292907715,-0.3747107684612274,0.1855332255363464,2.6789197921752930,-0.6534621119499207,0.4465349614620209,3.4056117534637451,0.0290178060531616,0.1700721383094788,3.3828749656677246,0.1863532662391663,0.4531986713409424,3.5291962623596191,0.0316137596964836,0.1607840508222580,3.5057768821716309,0.2462598830461502,0.3573057055473328,3.5390303134918213,-0.7098628282546997,0.2136944532394409,3.5528533458709717,-0.3656362891197205
0.3680132031440735,0.5905536413192749,-1.6079969406127930,0.4252894520759583,0.5409382581710815,-1.4812705516815186,0.4495739340782166,0.5499753355979919,-1.4822578430175781,0.4726216793060303,0.5614796876907349,-1.4820846319198608,0.3669381737709045,0.5316709876060486,-1.4800190925598145,0.3493245244026184,0.5307424664497375,-1.4812957048416138,0.3310959935188293,0.5304362773895264,-1.4823276996612549,0.5293350815773010,0.6376072764396667,-0.7940716743469238,0.3185745775699615,0.5764734745025635,-0.7815486192703247,0.4060488343238831,0.7043910622596741,-1.3419220447540283,0.3255085349082947,0.6752577424049377,-1.3465678691864014,0.6500211358070374,1.0810828208923340,-0.3723124861717224,0.0965735465288162,1.0326608419418335,-0.4292615354061127,0.6828472018241882,1.6250628232955933,-0.4278512001037598,-0.0407924726605415,1.4839627742767334,-0.5989746451377869,0.6582076549530029,1.9855177402496338,-1.0757062435150146,-0.0581650622189045,1.8398966789245605,-1.2866801023483276,0.6810268163681030,2.1112604141235352,-1.2501783370971680,-0.0927615612745285,1.9503067731857300,-1.4814769029617310,0.6434264183044434,2.1109125614166260,-1.3764107227325439,-0.0479804873466492,1.9677199125289917,-1.6157038211822510,0.6254624128341675,2.0528798103332520,-1.1392644643783569,-0.0273352004587650,1.9185956716537476,-1.3553017377853394,0.4942842423915863,1.9751112461090088,0.0335407033562660,0.1396720111370087,1.9329869747161865,-0.0351482629776001,0.4788675904273987,2.7549812793731689,-0.3880285024642944,0.1816322952508926,2.7045884132385254,-0.4761421084403992,0.4483767449855804,3.4376599788665771,-0.0540979988873005,0.1705009043216705,3.4100213050842285,0.4485836625099182,0.4567113816738129,3.5644276142120361,-0.0623083189129829,0.1613438427448273,3.5346503257751465,0.5165690183639526,0.3595656752586365,3.5846967697143555,-0.8422604799270630,0.2077335417270660,3.5887565612792969,-0.0820806026458740
0.3677889108657837,0.5949628353118896,-1.5913761854171753,0.4251226484775543,0.5434294342994690,-1.4533239603042603,0.4493304789066315,0.5530945658683777,-1.4545925855636597,0.4727721214294434,0.5651947855949402,-1.4544661045074463,0.3667829632759094,0.5342158079147339,-1.4432017803192139,0.3493454158306122,0.5335457921028137,-1.4451611042022705,0.3314116597175598,0.5333395600318909,-1.4467989206314087,0.5311099290847778,0.6403924822807312,-0.7342483997344971,0.3195048272609711,0.5801554322242737,-0.7043676376342773,0.4057867527008057,0.7095755934715271,-1.3047831058502197,0.3253845572471619,0.6812468171119690,-1.3053371906280518,0.6449898481369019,1.0830070972442627,-0.3001729846000671,0.0988832265138626,1.0310672521591187,-0.4027217924594879,0.6607061624526978,1.6242921352386475,-0.3544431626796722,-0.0392789319157600,1.4754230976104736,-0.6113753914833069,0.6420804262161255,1.9865828752517700,-0.9591578245162964,-0.0604851543903351,1.8330048322677612,-1.3662531375885010,0.6632184386253357,2.1107759475708008,-1.1116772890090942,-0.0956474840641022,1.9413362741470337,-1.5780283212661743,0.6328161954879761,2.1072735786437988,-1.2411544322967529,-0.0532735474407673,1.9547046422958374,-1.6856658458709717,0.6153343915939331,2.0514585971832275,-1.0213514566421509,-0.0323221944272518,1.9095283746719360,-1.4314016103744507,0.4750120639801025,1.9726619720458984,0.0424809791147709,0.1347775459289551,1.9321634769439697,-0.0440388694405556,0.4454361796379089,2.7522864341735840,-0.3491380810737610,0.1547467410564423,2.6927187442779541,-0.6596423983573914,0.3946273624897003,3.4271652698516846,0.0133593799546361,0.1098303049802780,3.3912374973297119,0.1683454513549805,0.3964776396751404,3.5494599342346191,0.0049047665670514,0.0976292863488197,3.5114221572875977,0.2275930941104889,0.3143615424633026,3.5688772201538086,-0.7700099349021912,0.1413204520940781,3.5707356929779053,-0.3787183165550232
0.3677889108657837,0.5949628353118896,-1.5913761854171753,0.4251226484775543,0.5434294342994690,-1.4533239603042603,0.4493304789066315,0.5530945658683777,-1.4545925855636597,0.4727721214294434,0.5651947855949402,-1.4544661045074463,0.3667829632759094,0.5342158079147339,-1.4432017803192139,0.3493454158306122,0.5335457921028137,-1.4451611042022705,0.3314116597175598,0.5333395600318909,-1.4467989206314087,0.5311099290847778,0.6403924822807312,-0.7342483997344971,0.3195048272609711,0.5801554322242737,-0.7043676376342773,0.4057867527008057,0.7095755934715271,-1.3047831058502197,0.3253845572471619,0.6812468171119690,-1.3053371906280518,0.6449898481369019,1.0830070972442627,-0.3001729846000671,0.0988832265138626,1.0310672521591187,-0.4027217924594879,0.6607061624526978,1.6242921352386475,-0.3544431626796722,-0.0392789319157600,1.4754230976104736,-0.6113753914833069,0.6420804262161255,1.9865828752517700,-0.9591578245162964,-0.0604851543903351,1.8330048322677612,-1.3662531375885010,0.6632184386253357,2.1107759475708008,-1.1116772890090942,-0.0956474840641022,1.9413362741470337,-1.5780283212661743,0.6328161954879761,2.1072735786437988,-1.2411544322967529,-0.0532735474407673,1.9547046422958374,-1.6856658458709717,0.6153343915939331,2.0514585971832275,-1.0213514566421509,-0.0323221944272518,1.9095283746719360,-1.4314016103744507,0.4750120639801025,1.9726619720458984,0.0424809791147709,0.1347775459289551,1.9321634769439697,-0.0440388694405556,0.4454361796379089,2.7522864341735840,-0.3491380810737610,0.1547467410564423,2.6927187442779541,-0.6596423983573914,0.3946273624897003,3.4271652698516846,0.0133593799546361,0.1098303049802780,3.3912374973297119,0.1683454513549805,0.3964776396751404,3.5494599342346191,0.0049047665670514,0.0976292863488197,3.5114221572875977,0.2275930941104889,0.3143615424633026,3.5688772201538086,-0.7700099349021912,0.1413204520940781,3.5707356929779053,-0.3787183165550232
0.3679286837577820,0.5994402170181274,-1.5041351318359375,0.4260320663452148,0.5474064350128174,-1.3796600103378296,0.4502755999565125,0.5581820011138916,-1.3807393312454224,0.4737734794616699,0.5717450380325317,-1.3805980682373047,0.3673556447029114,0.5369489789009094,-1.3723013401031494,0.3501059710979462,0.5362069010734558,-1.3738180398941040,0.3321034610271454,0.5359926819801331,-1.3750989437103271,0.5312737226486206,0.6479092240333557,-0.7223045229911804,0.3213213086128235,0.5825390219688416,-0.6907614469528198,0.4056113362312317,0.7145423293113708,-1.2466025352478027,0.3253144025802612,0.6866892576217651,-1.2466150522232056,0.6444059610366821,1.0865454673767090,-0.3261941075325012,0.0984192341566086,1.0305775403976440,-0.3974633514881134,0.6573428511619568,1.6222940683364868,-0.4313692152500153,-0.0441395677626133,1.4692535400390625,-0.6178492307662964,0.6359545588493347,1.9823455810546875,-1.0829468965530396,-0.0757638961076736,1.8315958976745605,-1.3405885696411133,0.6571351885795593,2.1073539257049561,-1.2506743669509888,-0.1143900901079178,1.9387547969818115,-1.5471500158309937,0.6235718727111816,2.1031148433685303,-1.3718115091323853,-0.0731136351823807,1.9514374732971191,-1.6538881063461304,0.6059378385543823,2.0470688343048096,-1.1435273885726929,-0.0503618791699409,1.9061255455017090,-1.4049179553985596,0.4721604287624359,1.9765788316726685,0.0447038039565086,0.1321717649698257,1.9311714172363281,-0.0461843423545361,0.4342821240425110,2.7561125755310059,-0.2730904221534729,0.1432533562183380,2.6874909400939941,-0.7150840163230896,0.3868126273155212,3.4276115894317627,0.2399762570858002,0.0994348824024200,3.3846828937530518,0.1658361554145813,0.3902714550495148,3.5494542121887207,0.2521474361419678,0.0864915549755096,3.5023255348205566,0.2324128448963165,0.3042676150798798,3.5702285766601562,-0.4570799767971039,0.1319766491651535,3.5677578449249268,-0.3506423830986023
0.3678302764892578,0.6105449795722961,-1.5014095306396484,0.4260599017143250,0.5605171322822571,-1.3586837053298950,0.4504282474517822,0.5745611190795898,-1.3596893548965454,0.4732133448123932,0.5899479389190674,-1.3595641851425171,0.3672386705875397,0.5446598529815674,-1.3691318035125732,0.3498534560203552,0.5428128838539124,-1.3704094886779785,0.3318731486797333,0.5437210202217102,-1.3717263936996460,0.5305479168891907,0.6700096726417542,-0.6585212945938110,0.3212337791919708,0.5895273685455322,-0.6631645560264587,0.4033717215061188,0.7282305955886841,-1.2061163187026978,0.3218389749526978,0.6969969868659973,-1.2243816852569580,0.6240638494491577,1.0967885255813599,-0.2518593072891235,0.0925119072198868,1.0307573080062866,-0.3459586203098297,0.6274681687355042,1.6205011606216431,-0.2930932641029358,-0.0475112721323967,1.4691504240036011,-0.5426961183547974,0.5953230857849121,1.9764671325683594,-0.8898607492446899,-0.0765472576022148,1.8244682550430298,-1.2120734453201294,0.6125952005386353,2.1005551815032959,-1.0416311025619507,-0.1130600571632385,1.9282022714614868,-1.4035634994506836,0.5810312032699585,2.0968077182769775,-1.1621872186660767,-0.0733045116066933,1.9362701177597046,-1.5103433132171631,0.5660635232925415,2.0409388542175293,-0.9484897851943970,-0.0520667731761932,1.8927494287490845,-1.2737931013107300,0.4490927159786224,1.9763846397399902,0.0447892919182777,0.1160449385643005,1.9295841455459595,-0.0462662056088448,0.4137926697731018,2.7614021301269531,-0.2981356084346771,0.1241790801286697,2.6848313808441162,-0.6716148257255554,0.3692167103290558,3.4263281822204590,0.1326439380645752,0.0968018025159836,3.3894395828247070,0.1399660408496857,0.3743496835231781,3.5476324558258057,0.1371011435985565,0.0864871740341187,3.5100965499877930,0.1984147727489471,0.2880972623825073,3.5624427795410156,-0.5313937067985535,0.1264337003231049,3.5634105205535889,-0.3765996098518372
0.3655126690864563,0.6172249913215637,-1.3073086738586426,0.4252449870109558,0.5663882493972778,-1.2046785354614258,0.4490721821784973,0.5809339880943298,-1.2056696414947510,0.4718341827392578,0.5969443917274475,-1.2055882215499878,0.3664018511772156,0.5504041910171509,-1.1948231458663940,0.3493922054767609,0.5493829846382141,-1.1962144374847412,0.3317329287528992,0.5501683354377747,-1.1973532438278198,0.5287453532218933,0.6766893863677979,-0.6340530514717102,0.3213468194007874,0.5957502722740173,-0.5889359712600708,0.3997278809547424,0.7359894514083862,-1.0826671123504639,0.3200640380382538,0.7017821073532104,-1.0786017179489136,0.6224693059921265,1.0964607000350952,-0.2576921880245209,0.1025649160146713,1.0263382196426392,-0.3067978024482727,0.6137176156044006,1.6089575290679932,-0.2775958180427551,-0.0046964865177870,1.4598414897918701,-0.5218042731285095,0.5855093002319336,1.9717319011688232,-0.7004306912422180,-0.0631290823221207,1.7695577144622803,-1.1868584156036377,0.6033700704574585,2.0915436744689941,-0.8123779296875000,-0.1029603853821754,1.8555086851119995,-1.3664371967315674,0.5766453742980957,2.0844812393188477,-0.9314380884170532,-0.0714313387870789,1.8580228090286255,-1.4703323841094971,0.5620368719100952,2.0337061882019043,-0.7527814507484436,-0.0517904348671436,1.8248753547668457,-1.2491410970687866,0.4482042193412781,1.9690529108047485,0.0407621711492538,0.1234683394432068,1.9139244556427002,-0.0420952886343002,0.4071815907955170,2.7512180805206299,-0.2762394547462463,0.1287817060947418,2.6657702922821045,-0.6841707825660706,0.3651629090309143,3.4091751575469971,0.1456142365932465,0.0976497009396553,3.3634409904479980,0.0672585889697075,0.3720985054969788,3.5273623466491699,0.1514296382665634,0.0877003446221352,3.4739389419555664,0.1227995529770851,0.2875202000141144,3.5312316417694092,-0.4785102009773254,0.1222857087850571,3.5360915660858154,-0.4007650315761566
0.3655126690864563,0.6172249913215637,-1.3073086738586426,0.4252449870109558,0.5663882493972778,-1.2046785354614258,0.4490721821784973,0.5809339880943298,-1.2056696414947510,0.4718341827392578,0.5969443917274475,-1.2055882215499878,0.3664018511772156,0.5504041910171509,-1.1948231458663940,0.3493922054767609,0.5493829846382141,-1.1962144374847412,0.3317329287528992,0.5501683354377747,-1.1973532438278198,0.5287453532218933,0.6766893863677979,-0.6340530514717102,0.3213468194007874,0.5957502722740173,-0.5889359712600708,0.3997278809547424,0.7359894514083862,-1.0826671123504639,0.3200640380382538,0.7017821073532104,-1.0786017179489136,0.6224693059921265,1.0964607000350952,-0.2576921880245209,0.1025649160146713,1.0263382196426392,-0.3067978024482727,0.6137176156044006,1.6089575290679932,-0.2775958180427551,-0.0046964865177870,1.4598414897918701,-0.5218042731285095,0.5855093002319336,1.9717319011688232,-0.7004306912422180,-0.0631290823221207,1.7695577144622803,-1.1868584156036377,0.6033700704574585,2.0915436744689941,-0.8123779296875000,-0.1029603853821754,1.8555086851119995,-1.3664371967315674,0.5766453742980957,2.0844812393188477,-0.9314380884170532,-0.0714313387870789,1.8580228090286255,-1.4703323841094971,0.5620368719100952,2.0337061882019043,-0.7527814507484436,-0.0517904348671436,1.8248753547668457,-1.2491410970687866,0.4482042193412781,1.9690529108047485,0.0407621711492538,0.1234683394432068,1.9139244556427002,-0.0420952886343002,0.4071815907955170,2.7512180805206299,-0.2762394547462463,0.1287817060947418,2.6657702922821045,-0.6841707825660706,0.3651629090309143,3.4091751575469971,0.1456142365932465,0.0976497009396553,3.3634409904479980,0.0672585889697075,0.3720985054969788,3.5273623466491699,0.1514296382665634,0.0877003446221352,3.4739389419555664,0.1227995529770851,0.2875202000141144,3.5312316417694092,-0.4785102009773254,0.1222857087850571,3.5360915660858154,-0.4007650315761566
0.3575549125671387,0.6394050717353821,-1.2970168590545654,0.4180712103843689,0.5905004739761353,-1.2011839151382446,0.4431540966033936,0.6005664467811584,-1.2020694017410278,0.4641051888465881,0.6125738024711609,-1.2019549608230591,0.3569568693637848,0.5795075893402100,-1.2058812379837036,0.3392440974712372,0.5784215927124023,-1.2072800397872925,0.3213388323783875,0.5771063566207886,-1.2083293199539185,0.5175231695175171,0.6871824860572815,-0.6447635889053345,0.3143074214458466,0.6168877482414246,-0.6506512165069580,0.3947792947292328,0.7472658157348633,-1.0833909511566162,0.3164277970790863,0.7173340320587158,-1.0973402261734009,0.6128256916999817,1.0804634094238281,-0.2473509311676025,0.1269204765558243,1.0204298496246338,-0.3923699557781219,0.6161807775497437,1.5418300628662109,-0.1313366591930389,0.0436915457248688,1.4337006807327271,-0.6157739162445068,0.5908522605895996,1.8770329952239990,-0.4011989533901215,0.0122587140649557,1.7343012094497681,-1.2811675071716309,0.6110950708389282,1.9782161712646484,-0.4825422167778015,-0.0194219574332237,1.8241579532623291,-1.4522478580474854,0.5922833681106567,1.9727847576141357,-0.6062574982643127,0.0061322441324592,1.8266042470932007,-1.5343153476715088,0.5773895978927612,1.9311965703964233,-0.4519993662834167,0.0266073234379292,1.7913101911544800,-1.3317114114761353,0.4536626338958740,1.8857822418212891,0.0626014396548271,0.1649323105812073,1.8507342338562012,-0.0637301504611969,0.4381528496742249,2.6384720802307129,-0.0642743259668350,0.1694790422916412,2.5493083000183105,-0.5997101068496704,0.3998839259147644,3.2638115882873535,0.4767656922340393,0.1297048032283783,3.2182731628417969,0.1018406972289085,0.4028429090976715,3.3713061809539795,0.4977331757545471,0.1205548495054245,3.3251824378967285,0.1581947207450867,0.3444588184356689,3.4022936820983887,-0.0880982801318169,0.1592419892549515,3.3900904655456543,-0.4287221431732178
0.3575549125671387,0.6394050717353821,-1.2970168590545654,0.4180712103843689,0.5905004739761353,-1.2011839151382446,0.4431540966033936,0.6005664467811584,-1.2020694017410278,0.4641051888465881,0.6125738024711609,-1.2019549608230591,0.3569568693637848,0.5795075893402100,-1.2058812379837036,0.3392440974712372,0.5784215927124023,-1.2072800397872925,0.3213388323783875,0.5771063566207886,-1.2083293199539185,0.5175231695175171,0.6871824860572815,-0.6447635889053345,0.3143074214458466,0.6168877482414246,-0.6506512165069580,0.3947792947292328,0.7472658157348633,-1.0833909511566162,0.3164277970790863,0.7173340320587158,-1.0973402261734009,0.6128256916999817,1.0804634094238281,-0.2473509311676025,0.1269204765558243,1.0204298496246338,-0.3923699557781219,0.6161807775497437,1.5418300628662109,-0.1313366591930389,0.0436915457248688,1.4337006807327271,-0.6157739162445068,0.5908522605895996,1.8770329952239990,-0.4011989533901215,0.0122587140649557,1.7343012094497681,-1.2811675071716309,0.6110950708389282,1.9782161712646484,-0.4825422167778015,-0.0194219574332237,1.8241579532623291,-1.4522478580474854,0.5922833681106567,1.9727847576141357,-0.6062574982643127,0.0061322441324592,1.8266042470932007,-1.5343153476715088,0.5773895978927612,1.9311965703964233,-0.4519993662834167,0.0266073234379292,1.7913101911544800,-1.3317114114761353,0.4536626338958740,1.8857822418212891,0.0626014396548271,0.1649323105812073,1.8507342338562012,-0.0637301504611969,0.4381528496742249,2.6384720802307129,-0.0642743259668350,0.1694790422916412,2.5493083000183105,-0.5997101068496704,0.3998839259147644,3.2638115882873535,0.4767656922340393,0.1297048032283783,3.2182731628417969,0.1018406972289085,0.4028429090976715,3.3713061809539795,0.4977331757545471,0.1205548495054245,3.3251824378967285,0.1581947207450867,0.3444588184356689,3.4022936820983887,-0.0880982801318169,0.1592419892549515,3.3900904655456543,-0.4287221431732178
0.3525430560112000,0.6460173726081848,-1.1848895549774170,0.4116601943969727,0.5955981016159058,-1.0816104412078857,0.4371004700660706,0.6053664088249207,-1.0824332237243652,0.4570779800415039,0.6182085275650024,-1.0822503566741943,0.3506358265876770,0.5841327309608459,-1.0778111219406128,0.3330677449703217,0.5824243426322937,-1.0791586637496948,0.3144007325172424,0.5809648036956787,-1.0801602602005005,0.5106545686721802,0.6899034380912781,-0.5248739123344421,0.3105163574218750,0.6202452182769775,-0.5032715797424316,0.3894521296024323,0.7481591105461121,-0.9680894017219543,0.3145501315593719,0.7211104631423950,-0.9704991579055786,0.6044222116470337,1.0683580636978149,-0.1687440276145935,0.1451840549707413,1.0113588571548462,-0.2648161649703979,0.6093492507934570,1.5225571393966675,-0.1278147101402283,0.0754004269838333,1.4343819618225098,-0.5084897279739380,0.5852457880973816,1.8480406999588013,-0.5198019146919250,0.0227351877838373,1.7041169404983521,-1.1719657182693481,0.6038981080055237,1.9488432407379150,-0.6217404007911682,-0.0129053341224790,1.7802478075027466,-1.3440619707107544,0.5837767720222473,1.9433891773223877,-0.7376799583435059,0.0069160833954811,1.7789133787155151,-1.4335868358612061,0.5700611472129822,1.9012088775634766,-0.5712929964065552,0.0286986771970987,1.7485531568527222,-1.2270677089691162,0.4541444182395935,1.8669316768646240,0.0580953732132912,0.1782737672328949,1.8325067758560181,-0.0592103488743305,0.4420112073421478,2.5915939807891846,-0.2689762115478516,0.1797180920839310,2.5220479965209961,-0.6186450719833374,0.4023715853691101,3.2037110328674316,0.0375066436827183,0.1470892131328583,3.1672327518463135,0.0750684663653374,0.4070204198360443,3.3111071586608887,0.0348511412739754,0.1404020488262177,3.2702796459197998,0.1278100162744522,0.3435429632663727,3.3250811100006104,-0.5834288001060486,0.1681391894817352,3.3293614387512207,-0.3990231156349182
0.3476490378379822,0.6511585712432861,-1.0943467617034912,0.4079225659370422,0.6015986204147339,-0.9934120178222656,0.4337166845798492,0.6110092997550964,-0.9942427873611450,0.4535849690437317,0.6244364380836487,-0.9940681457519531,0.3440097570419312,0.5904346108436584,-0.9829599261283875,0.3259230554103851,0.5887305736541748,-0.9841618537902832,0.3096551895141602,0.5868608951568604,-0.9851218461990356,0.5043697357177734,0.6957269310951233,-0.4576857089996338,0.3077914118766785,0.6272094249725342,-0.4104286134243011,0.3835921883583069,0.7512649893760681,-0.8865114450454712,0.3110450506210327,0.7243697047233582,-0.8814322352409363,0.5928033590316772,1.0704250335693359,-0.1391372531652451,0.1443941891193390,1.0112578868865967,-0.1932617574930191,0.6073666810989380,1.5206065177917480,-0.1553585827350616,0.0630886852741241,1.4441679716110229,-0.4945294857025146,0.5789183378219604,1.8266918659210205,-0.5582138299942017,0.0170059688389301,1.6823050975799561,-1.1970180273056030,0.5953098535537720,1.9286615848541260,-0.6896290183067322,-0.0184527579694986,1.7475981712341309,-1.3938988447189331,0.5686100721359253,1.9155857563018799,-0.7688047289848328,0.0046286019496620,1.7392777204513550,-1.4617654085159302,0.5552776455879211,1.8737467527389526,-0.5987128615379333,0.0257464442402124,1.7149502038955688,-1.2490873336791992,0.4546890854835510,1.8733962774276733,0.0576067641377449,0.1767885386943817,1.8362369537353516,-0.0587266497313976,0.4317398965358734,2.5991437435150146,-0.2129628658294678,0.1819150298833847,2.5291123390197754,-0.7289219498634338,0.3984541296958923,3.2128548622131348,0.3145336210727692,0.1550181657075882,3.1783528327941895,-0.0552620775997639,0.4060590267181396,3.3235733509063721,0.3355580270290375,0.1474867761135101,3.2856068611145020,-0.0045588579960167,0.3265632390975952,3.3240728378295898,-0.2553332448005676,0.1803144812583923,3.3219335079193115,-0.5331277847290039
0.3410405516624451,0.6527345776557922,-1.1493029594421387,0.4039656519889832,0.6061221361160278,-1.0406303405761719,0.4301117956638336,0.6162909865379333,-1.0414549112319946,0.4490416646003723,0.6284261941909790,-1.0412843227386475,0.3356268405914307,0.5926422476768494,-1.0377091169357300,0.3172392845153809,0.5913209915161133,-1.0389542579650879,0.3016840219497681,0.5902637243270874,-1.0399001836776733,0.4971617162227631,0.7001423239707947,-0.4718330800533295,0.2983738780021667,0.6324965953826904,-0.4572914540767670,0.3780725896358490,0.7539869546890259,-0.9298059344291687,0.3032253980636597,0.7262953519821167,-0.9339429140090942,0.5702580213546753,1.0736881494522095,-0.1187137141823769,0.1399000734090805,1.0146132707595825,-0.2271754294633865,0.5941387414932251,1.5219238996505737,-0.1124289780855179,0.0499626211822033,1.4530494213104248,-0.5006357431411743,0.5785313844680786,1.8303418159484863,-0.5491803884506226,-0.0034903031773865,1.6970065832138062,-1.2039450407028198,0.5972028970718384,1.9364095926284790,-0.6627981066703796,-0.0404250696301460,1.7604868412017822,-1.3979265689849854,0.5710378885269165,1.9246941804885864,-0.7740153074264526,-0.0169073604047298,1.7484794855117798,-1.4746645689010620,0.5568200349807739,1.8775591850280762,-0.6008824706077576,0.0055322418920696,1.7293847799301147,-1.2580260038375854,0.4465455114841461,1.8769856691360474,0.0716670304536819,0.1676364243030548,1.8393629789352417,-0.0728075951337814,0.4307029843330383,2.5969939231872559,-0.1771749407052994,0.1813963353633881,2.5336840152740479,-0.7143005132675171,0.3941158652305603,3.2154581546783447,0.3174398243427277,0.1546024382114410,3.1905484199523926,-0.0321212299168110,0.3996203839778900,3.3269772529602051,0.3331736326217651,0.1470993906259537,3.2990307807922363,0.0174739267677069,0.3257288336753845,3.3282158374786377,-0.2686797976493835,0.1843285411596298,3.3376691341400146,-0.5164288878440857
0.3410405516624451,0.6527345776557922,-1.1493029594421387,0.4039656519889832,0.6061221361160278,-1.0406303405761719,0.4301117956638336,0.6162909865379333,-1.0414549112319946,0.4490416646003723,0.6284261941909790,-1.0412843227386475,0.3356268405914307,0.5926422476768494,-1.0377091169357300,0.3172392845153809,0.5913209915161133,-1.0389542579650879,0.3016840219497681,0.5902637243270874,-1.0399001836776733,0.4971617162227631,0.7001423239707947,-0.4718330800533295,0.2983738780021667,0.6324965953826904,-0.4572914540767670,0.3780725896358490,0.7539869546890259,-0.9298059344291687,0.3032253980636597,0.7262953519821167,-0.9339429140090942,0.5702580213546753,1.0736881494522095,-0.1187137141823769,0.1399000734090805,1.0146132707595825,-0.2271754294633865,0.5941387414932251,1.5219238996505737,-0.1124289780855179,0.0499626211822033,1.4530494213104248,-0.5006357431411743,0.5785313844680786,1.8303418159484863,-0.5491803884506226,-0.0034903031773865,1.6970065832138062,-1.2039450407028198,0.5972028970718384,1.9364095926284790,-0.6627981066703796,-0.0404250696301460,1.7604868412017822,-1.3979265689849854,0.5710378885269165,1.9246941804885864,-0.7740153074264526,-0.0169073604047298,1.7484794855117798,-1.4746645689010620,0.5568200349807739,1.8775591850280762,-0.6008824706077576,0.0055322418920696,1.7293847799301147,-1.2580260038375854,0.4465455114841461,1.8769856691360474,0.0716670304536819,0.1676364243030548,1.8393629789352417,-0.0728075951337814,0.4307029843330383,2.5969939231872559,-0.1771749407052994,0.1813963353633881,2.5336840152740479,-0.7143005132675171,0.3941158652305603,3.2154581546783447,0.3174398243427277,0.1546024382114410,3.1905484199523926,-0.0321212299168110,0.3996203839778900,3.3269772529602051,0.3331736326217651,0.1470993906259537,3.2990307807922363,0.0174739267677069,0.3257288336753845,3.3282158374786377,-0.2686797976493835,0.1843285411596298,3.3376691341400146,-0.5164288878440857
0.3365769386291504,0.6535527706146240,-1.1804590225219727,0.3970066010951996,0.6066458225250244,-1.0716472864151001,0.4214182496070862,0.6175944805145264,-1.0724948644638062,0.4414908885955811,0.6302873492240906,-1.0723354816436768,0.3328062891960144,0.5927312374114990,-1.0679584741592407,0.3140745759010315,0.5916249752044678,-1.0692257881164551,0.2973669171333313,0.5913740396499634,-1.0702183246612549,0.4939561784267426,0.7028285264968872,-0.4967737197875977,0.2945841848850250,0.6339425444602966,-0.4790334701538086,0.3714630007743835,0.7562772035598755,-0.9585380554199219,0.2955405116081238,0.7282719016075134,-0.9617580175399780,0.5706281661987305,1.0727655887603760,-0.1347167044878006,0.1312758326530457,1.0114314556121826,-0.2444483488798141,0.5880702733993530,1.5243171453475952,-0.1184097975492477,0.0293612573295832,1.4289362430572510,-0.5871661305427551,0.5800775289535522,1.8372231721878052,-0.5624820590019226,-0.0135204372927547,1.6944365501403809,-1.4242069721221924,0.5990863442420959,1.9420286417007446,-0.6778818368911743,-0.0495768673717976,1.7690145969390869,-1.6412394046783447,0.5713676214218140,1.9307347536087036,-0.7975800633430481,-0.0214032419025898,1.7637801170349121,-1.7206780910491943,0.5572920441627502,1.8863482475280762,-0.6174935102462769,0.0006201986689121,1.7386749982833862,-1.4808266162872314,0.4356147646903992,1.8651099205017090,0.0702661275863647,0.1565017104148865,1.8238010406494141,-0.0714182034134865,0.4258929789066315,2.5679135322570801,-0.2209955006837845,0.1701973974704742,2.5020751953125000,-0.7027729749679565,0.3910496830940247,3.1730287075042725,0.2755544781684875,0.1501436531543732,3.1502046585083008,0.0811710804700851,0.3962894380092621,3.2824389934539795,0.2909854054450989,0.1433099061250687,3.2550897598266602,0.1400412023067474,0.3231376707553864,3.2806906700134277,-0.3474381268024445,0.1802776753902435,3.3000655174255371,-0.4083756804466248
0.3335545361042023,0.6577066779136658,-1.0991920232772827,0.3917196094989777,0.6094431281089783,-1.0015023946762085,0.4162911474704742,0.6200293898582458,-1.0023295879364014,0.4361617565155029,0.6320322155952454,-1.0021770000457764,0.3290608823299408,0.5959693789482117,-0.9955967664718628,0.3097421526908875,0.5949761867523193,-0.9969013333320618,0.2931632995605469,0.5951876044273376,-0.9978570938110352,0.4894121289253235,0.7043374776840210,-0.4677356779575348,0.2903872132301331,0.6385503411293030,-0.4390084147453308,0.3688034117221832,0.7608134150505066,-0.8919742703437805,0.2937190234661102,0.7323467731475830,-0.8921273350715637,0.5573624372482300,1.0512690544128418,-0.1344128996133804,0.1428892165422440,1.0029646158218384,-0.2116459608078003,0.5792580842971802,1.4553822278976440,-0.1623657941818237,0.0742372497916222,1.3925966024398804,-0.4714031815528870,0.5696065425872803,1.7032759189605713,-0.6744803190231323,0.0351770520210266,1.5922043323516846,-1.1523956060409546,0.5860013961791992,1.7864817380905151,-0.7892447113990784,0.0073046102188528,1.6557863950729370,-1.3289835453033447,0.5668927431106567,1.7634927034378052,-0.8900215029716492,0.0215344782918692,1.6416293382644653,-1.4107720851898193,0.5541344881057739,1.7306311130523682,-0.7237695455551147,0.0408872701227665,1.6182790994644165,-1.2061421871185303,0.4378529191017151,1.8201529979705811,0.0602809302508831,0.1732204705476761,1.7761814594268799,-0.0612399689853191,0.4266563951969147,2.5181283950805664,-0.2435843199491501,0.1819830536842346,2.4223220348358154,-0.7059512734413147,0.3914587497711182,3.1053440570831299,0.0771934092044830,0.1549048274755478,3.0553948879241943,-0.1586395949125290,0.3966582715511322,3.2096428871154785,0.0767245367169380,0.1473075449466705,3.1540882587432861,-0.1232781186699867,0.3266985714435577,3.2022974491119385,-0.4865631461143494,0.1835115253925323,3.1979610919952393,-0.6123092174530029
0.3299050927162170,0.6573832631111145,-0.8918707966804504,0.3885497152805328,0.6104335784912109,-0.7884031534194946,0.4134453833103180,0.6211261153221130,-0.7892330884933472,0.4330494999885559,0.6333135962486267,-0.7890873551368713,0.3239277005195618,0.5972437262535095,-0.7824455499649048,0.3050991594791412,0.5965573787689209,-0.7836102247238159,0.2893975079059601,0.5969113707542419,-0.7845932841300964,0.4874954223632812,0.7079018950462341,-0.2630168497562408,0.2867172956466675,0.6410167813301086,-0.2367160618305206,0.3666033148765564,0.7607350945472717,-0.6905837059020996,0.2915557622909546,0.7321954369544983,-0.6910969614982605,0.5570378899574280,1.0514209270477295,0.0367210023105145,0.1443222165107727,1.0031437873840332,-0.0781759694218636,0.5769997835159302,1.4454964399337769,-0.0438912473618984,0.0711681693792343,1.3975037336349487,-0.4456165432929993,0.5475080609321594,1.6677793264389038,-0.5713752508163452,0.0285102818161249,1.5491067171096802,-1.1742606163024902,0.5564111471176147,1.7505952119827271,-0.6915300488471985,-0.0010997431818396,1.5918768644332886,-1.3845635652542114,0.5343964099884033,1.7237820625305176,-0.7843643426895142,0.0164783559739590,1.5737094879150391,-1.4230277538299561,0.5246242284774780,1.6918355226516724,-0.6178907752037048,0.0363257601857185,1.5591062307357788,-1.2169089317321777,0.4446750581264496,1.8254736661911011,0.0659955888986588,0.1793708056211472,1.7849837541580200,-0.0669444203376770,0.4229061603546143,2.5122601985931396,-0.2425944358110428,0.1846314966678619,2.4318778514862061,-0.8021176457405090,0.3975690007209778,3.0796494483947754,0.1947494596242905,0.1657267212867737,3.0549511909484863,-0.2161000221967697,0.4051292836666107,3.1857411861419678,0.2107953280210495,0.1577306836843491,3.1595110893249512,-0.1744215637445450,0.3395009636878967,3.1698968410491943,-0.3354060053825378,0.1995640695095062,3.1783432960510254,-0.6883915066719055
0.3299050927162170,0.6573832631111145,-0.8918707966804504,0.3885497152805328,0.6104335784912109,-0.7884031534194946,0.4134453833103180,0.6211261153221130,-0.7892330884933472,0.4330494999885559,0.6333135962486267,-0.7890873551368713,0.3239277005195618,0.5972437262535095,-0.7824455499649048,0.3050991594791412,0.5965573787689209,-0.7836102247238159,0.2893975079059601,0.5969113707542419,-0.7845932841300964,0.4874954223632812,0.7079018950462341,-0.2630168497562408,0.2867172956466675,0.6410167813301086,-0.2367160618305206,0.3666033148765564,0.7607350945472717,-0.6905837059020996,0.2915557622909546,0.7321954369544983,-0.6910969614982605,0.5570378899574280,1.0514209270477295,0.0367210023105145,0.1443222165107727,1.0031437873840332,-0.0781759694218636,0.5769997835159302,1.4454964399337769,-0.0438912473618984,0.0711681693792343,1.3975037336349487,-0.4456165432929993,0.5475080609321594,1.6677793264389038,-0.5713752508163452,0.0285102818161249,1.5491067171096802,-1.1742606163024902,0.5564111471176147,1.7505952119827271,-0.6915300488471985,-0.0010997431818396,1.5918768644332886,-1.3845635652542114,0.5343964099884033,1.7237820625305176,-0.7843643426895142,0.0164783559739590,1.5737094879150391,-1.4230277538299561,0.5246242284774780,1.6918355226516724,-0.6178907752037048,0.0363257601857185,1.5591062307357788,-1.2169089317321777,0.4446750581264496,1.8254736661911011,0.0659955888986588,0.1793708056211472,1.7849837541580200,-0.0669444203376770,0.4229061603546143,2.5122601985931396,-0.2425944358110428,0.1846314966678619,2.4318778514862061,-0.8021176457405090,0.3975690007209778,3.0796494483947754,0.1947494596242905,0.1657267212867737,3.0549511909484863,-0.2161000221967697,0.4051292836666107,3.1857411861419678,0.2107953280210495,0.1577306836843491,3.1595110893249512,-0.1744215637445450,0.3395009636878967,3.1698968410491943,-0.3354060053825378,0.1995640695095062,3.1783432960510254,-0.6883915066719055
0.3295653164386749,0.6551662087440491,-0.9466981887817383,0.3870243132114410,0.6102277040481567,-0.8769398927688599,0.4119383394718170,0.6209042668342590,-0.8777942657470703,0.4314611554145813,0.6333850026130676,-0.8775647282600403,0.3233317136764526,0.5970460176467896,-0.8739180564880371,0.3043319880962372,0.5963443517684937,-0.8755348324775696,0.2884544730186462,0.5969779491424561,-0.8766571879386902,0.4852584898471832,0.7099545598030090,-0.3603462278842926,0.2843340039253235,0.6408815979957581,-0.3365958631038666,0.3651939034461975,0.7601736783981323,-0.7607096433639526,0.2895736694335938,0.7319186925888062,-0.7669563293457031,0.5592242479324341,1.0545890331268311,-0.0317089036107063,0.1235007792711258,1.0224796533584595,-0.1381178051233292,0.5816457271575928,1.4840519428253174,-0.0801591575145721,0.0291271414607763,1.4221594333648682,-0.5365520715713501,0.5684887170791626,1.7953544855117798,-0.5921246409416199,-0.0162441693246365,1.6380280256271362,-1.4341851472854614,0.5858818292617798,1.9065617322921753,-0.7363159060478210,-0.0527797043323517,1.7079621553421021,-1.6630277633666992,0.5582767128944397,1.9038281440734863,-0.8468179702758789,-0.0228748507797718,1.7088408470153809,-1.7389328479766846,0.5449837446212769,1.8574243783950806,-0.6466218233108521,-0.0015517859719694,1.6816332340240479,-1.4918807744979858,0.4452095031738281,1.8341097831726074,0.0622943527996540,0.1769556105136871,1.7993543148040771,-0.0633228346705437,0.4188786447048187,2.5255577564239502,-0.2818281054496765,0.1838194578886032,2.4386415481567383,-0.7328174710273743,0.3974371850490570,3.1097667217254639,0.2929726243019104,0.1652926057577133,3.0770640373229980,0.1275365948677063,0.4051779210567474,3.2173864841461182,0.3203265070915222,0.1580928713083267,3.1789510250091553,0.1914108097553253,0.3388392031192780,3.2066378593444824,-0.3162358701229095,0.1989325731992722,3.2134397029876709,-0.3832702040672302
0.3299009799957275,0.6538838744163513,-1.1660264730453491,0.3852967321872711,0.6098327636718750,-1.0687309503555298,0.4095197319984436,0.6205742359161377,-1.0695574283599854,0.4309033453464508,0.6331266164779663,-1.0694013833999634,0.3240055143833160,0.5967000126838684,-1.0502479076385498,0.3045671284198761,0.5960182547569275,-1.0515334606170654,0.2889103889465332,0.5966776609420776,-1.0525104999542236,0.4857302308082581,0.7095187902450562,-0.5208805799484253,0.2843694388866425,0.6422072649002075,-0.4378771185874939,0.3654148578643799,0.7600371837615967,-0.9597277641296387,0.2895856499671936,0.7314334511756897,-0.9442294239997864,0.5590211153030396,1.0746691226959229,-0.1946191489696503,0.1237161159515381,1.0219635963439941,-0.1885931640863419,0.5834048986434937,1.5166356563568115,-0.2723109126091003,0.0194756910204887,1.4218920469284058,-0.5371204614639282,0.5847368836402893,1.8579132556915283,-0.8077988624572754,-0.0214665867388248,1.6782618761062622,-1.3546285629272461,0.6085611581802368,1.9723333120346069,-0.9475054740905762,-0.0566616356372833,1.7660857439041138,-1.5629069805145264,0.5855756998062134,1.9691557884216309,-1.0656782388687134,-0.0272911973297596,1.7708051204681396,-1.6468940973281860,0.5688818693161011,1.9214860200881958,-0.8647707700729370,-0.0062288464978337,1.7379111051559448,-1.4123514890670776,0.4391041696071625,1.8395534753799438,0.0445469394326210,0.1608060747385025,1.8039075136184692,-0.0456856861710548,0.4095695018768311,2.5373649597167969,-0.3110015392303467,0.1685906350612640,2.4560418128967285,-0.6766461730003357,0.3919844329357147,3.1244821548461914,0.2630910277366638,0.1571316123008728,3.0965719223022461,0.1536725312471390,0.4020733833312988,3.2302753925323486,0.2804628014564514,0.1514766365289688,3.1989061832427979,0.2152411043643951,0.3179840147495270,3.2308495044708252,-0.3309249579906464,0.1863853633403778,3.2389407157897949,-0.3299745917320251
0.3299869596958160,0.6537477374076843,-1.1599751710891724,0.3854036927223206,0.6096999645233154,-1.0560042858123779,0.4097039103507996,0.6203672885894775,-1.0568327903747559,0.4311072230339050,0.6326351761817932,-1.0567231178283691,0.3243546485900879,0.5966174006462097,-1.0440775156021118,0.3048545718193054,0.5959336757659912,-1.0452539920806885,0.2892365157604218,0.5966494083404541,-1.0462070703506470,0.4860654771327972,0.7093189954757690,-0.4970547556877136,0.2845735847949982,0.6421090364456177,-0.4403944015502930,0.3655434548854828,0.7596404552459717,-0.9496895670890808,0.2896618843078613,0.7312895655632019,-0.9409912824630737,0.5589386224746704,1.0771874189376831,-0.1784351915121078,0.1238468885421753,1.0235878229141235,-0.1997720599174500,0.5841282010078430,1.5205140113830566,-0.2323009520769119,0.0221290271729231,1.4370721578598022,-0.5909628272056580,0.5864398479461670,1.8547101020812988,-0.7351289987564087,-0.0147748319432139,1.6855589151382446,-1.4202988147735596,0.6113783121109009,1.9666777849197388,-0.8724409937858582,-0.0490554124116898,1.7702869176864624,-1.6329164505004883,0.5868933796882629,1.9615775346755981,-0.9942124485969543,-0.0188023224473000,1.7725142240524292,-1.7114913463592529,0.5699994564056396,1.9152926206588745,-0.7939435839653015,0.0018326600547880,1.7402204275131226,-1.4765366315841675,0.4395160675048828,1.8402960300445557,0.0452806577086449,0.1610922217369080,1.8054801225662231,-0.0463842898607254,0.4098595082759857,2.5412821769714355,-0.3026681542396545,0.1686319410800934,2.4564669132232666,-0.6396324634552002,0.3920701146125793,3.1256191730499268,0.2681276798248291,0.1594095379114151,3.0902101993560791,0.1281465142965317,0.4021472036838531,3.2319092750549316,0.2882471382617950,0.1540447920560837,3.1979970932006836,0.1842918992042542,0.3180468678474426,3.2298817634582520,-0.3312413692474365,0.1874585598707199,3.2234055995941162,-0.3586202859878540
0.3320533633232117,0.6527327895164490,-1.1728863716125488,0.3856343328952789,0.6093422174453735,-1.0649082660675049,0.4097592830657959,0.6194358468055725,-1.0656857490539551,0.4312561154365540,0.6310641765594482,-1.0655548572540283,0.3278108239173889,0.5965077877044678,-1.0575529336929321,0.3087165355682373,0.5957741141319275,-1.0586638450622559,0.2921384274959564,0.5965152382850647,-1.0596058368682861,0.4862144589424133,0.7082387804985046,-0.4986556470394135,0.2860693037509918,0.6418631076812744,-0.4602930545806885,0.3661145865917206,0.7573718428611755,-0.9579407572746277,0.2911575138568878,0.7301321625709534,-0.9545140266418457,0.5591120719909668,1.0772515535354614,-0.1760045289993286,0.1249509900808334,1.0213443040847778,-0.2248878479003906,0.5845475792884827,1.5205432176589966,-0.2272422611713409,0.0224216915667057,1.4303307533264160,-0.5601857900619507,0.5872098207473755,1.8527196645736694,-0.7426702380180359,-0.0146592203527689,1.6856186389923096,-1.2484090328216553,0.6128119230270386,1.9660085439682007,-0.8746787905693054,-0.0489488281309605,1.7710814476013184,-1.4278484582901001,0.5872437357902527,1.9566489458084106,-0.9905673861503601,-0.0187827851623297,1.7785220146179199,-1.5189405679702759,0.5707476139068604,1.9123297929763794,-0.7993041276931763,0.0018229093402624,1.7433429956436157,-1.3040503263473511,0.4376471638679504,1.8354893922805786,0.0449844487011433,0.1601842343807220,1.7954328060150146,-0.0461249724030495,0.4112028479576111,2.5202515125274658,-0.4018158316612244,0.1686528623104095,2.4363586902618408,-0.6504256129264832,0.3914228677749634,3.0902535915374756,-0.0759672224521637,0.1597996652126312,3.0477011203765869,-0.0116928163915873,0.4005127549171448,3.1973633766174316,-0.0797362178564072,0.1539340913295746,3.1590797901153564,0.0298847220838070,0.3172828853130341,3.1979463100433350,-0.7315872907638550,0.1881414502859116,3.1765339374542236,-0.5162855386734009
0.3383612930774689,0.6504924297332764,-1.1665741205215454,0.3884708285331726,0.6082606911659241,-1.0609085559844971,0.4123667180538177,0.6180844902992249,-1.0616850852966309,0.4348085522651672,0.6297769546508789,-1.0615227222442627,0.3336530327796936,0.5957561731338501,-1.0540316104888916,0.3141652047634125,0.5949618220329285,-1.0550420284271240,0.2958990931510925,0.5959919095039368,-1.0559189319610596,0.4928995668888092,0.7081431150436401,-0.5107148289680481,0.2870572805404663,0.6418355107307434,-0.4774948954582214,0.3736577630043030,0.7565577626228333,-0.9574524760246277,0.2955101430416107,0.7299659252166748,-0.9542557001113892,0.5670838356018066,1.0753102302551270,-0.2163637429475784,0.1296138614416122,1.0203422307968140,-0.2782537341117859,0.5876688957214355,1.5087419748306274,-0.2831658720970154,0.0381033383309841,1.4145700931549072,-0.6551755666732788,0.5895957946777344,1.8321228027343750,-0.7579725980758667,0.0137117970734835,1.6437497138977051,-1.4097645282745361,0.6157509088516235,1.9448430538177490,-0.8873879313468933,-0.0184416174888611,1.7225652933120728,-1.6122967004776001,0.5872616171836853,1.9433379173278809,-0.9964622259140015,0.0171681679785252,1.7256752252578735,-1.6799156665802002,0.5707749128341675,1.8961155414581299,-0.8108496665954590,0.0362695269286633,1.6928249597549438,-1.4609597921371460,0.4490516185760498,1.8039052486419678,0.0458226278424263,0.1745621860027313,1.7638367414474487,-0.0469145961105824,0.4402044415473938,2.4731261730194092,-0.2201299369335175,0.1819543540477753,2.3836541175842285,-0.4969803392887115,0.4203916192054749,3.0253415107727051,0.3352521061897278,0.1672998815774918,2.9824552536010742,0.2935040891170502,0.4291583895683289,3.1271846294403076,0.3588409721851349,0.1614465415477753,3.0872311592102051,0.3534824252128601,0.3450795412063599,3.1448006629943848,-0.2333599776029587,0.1931810081005096,3.1321260929107666,-0.1487263590097427
0.3383612930774689,0.6504924297332764,-1.1665741205215454,0.3884708285331726,0.6082606911659241,-1.0609085559844971,0.4123667180538177,0.6180844902992249,-1.0616850852966309,0.4348085522651672,0.6297769546508789,-1.0615227222442627,0.3336530327796936,0.5957561731338501,-1.0540316104888916,0.3141652047634125,0.5949618220329285,-1.0550420284271240,0.2958990931510925,0.5959919095039368,-1.0559189319610596,0.4928995668888092,0.7081431150436401,-0.5107148289680481,0.2870572805404663,0.6418355107307434,-0.4774948954582214,0.3736577630043030,0.7565577626228333,-0.9574524760246277,0.2955101430416107,0.7299659252166748,-0.9542557001113892,0.5670838356018066,1.0753102302551270,-0.2163637429475784,0.1296138614416122,1.0203422307968140,-0.2782537341117859,0.5876688957214355,1.5087419748306274,-0.2831658720970154,0.0381033383309841,1.4145700931549072,-0.6551755666732788,0.5895957946777344,1.8321228027343750,-0.7579725980758667,0.0137117970734835,1.6437497138977051,-1.4097645282745361,0.6157509088516235,1.9448430538177490,-0.8873879313468933,-0.0184416174888611,1.7225652933120728,-1.6122967004776001,0.5872616171836853,1.9433379173278809,-0.9964622259140015,0.0171681679785252,1.7256752252578735,-1.6799156665802002,0.5707749128341675,1.8961155414581299,-0.8108496665954590,0.0362695269286633,1.6928249597549438,-1.4609597921371460,0.4490516185760498,1.8039052486419678,0.0458226278424263,0.1745621860027313,1.7638367414474487,-0.0469145961105824,0.4402044415473938,2.4731261730194092,-0.2201299369335175,0.1819543540477753,2.3836541175842285,-0.4969803392887115,0.4203916192054749,3.0253415107727051,0.3352521061897278,0.1672998815774918,2.9824552536010742,0.2935040891170502,0.4291583895683289,3.1271846294403076,0.3588409721851349,0.1614465415477753,3.0872311592102051,0.3534824252128601,0.3450795412063599,3.1448006629943848,-0.2333599776029587,0.1931810081005096,3.1321260929107666,-0.1487263590097427
0.3410314917564392,0.6495234370231628,-1.0199146270751953,0.3898064494132996,0.6075441837310791,-0.9183495640754700,0.4134883880615234,0.6174059510231018,-0.9190885424613953,0.4356436729431152,0.6296191811561584,-0.9189447164535522,0.3361412882804871,0.5950704216957092,-0.9108196496963501,0.3171135485172272,0.5942612886428833,-0.9120436906814575,0.2987226843833923,0.5955155491828918,-0.9129940867424011,0.4954019486904144,0.7084848880767822,-0.4080035686492920,0.2907043695449829,0.6399828791618347,-0.3737688660621643,0.3742858767509460,0.7552112936973572,-0.8256874084472656,0.2973189353942871,0.7295025587081909,-0.8236079216003418,0.5613847970962524,1.0663419961929321,-0.1189216151833534,0.1579046994447708,1.0032495260238647,-0.1954957544803619,0.5786835551261902,1.4139722585678101,-0.2396953999996185,0.0631032139062881,1.3928683996200562,-0.3681921064853668,0.5402222871780396,1.5231150388717651,-0.6979025602340698,0.0157727058976889,1.5566267967224121,-0.8906720280647278,0.5421966910362244,1.5719935894012451,-0.8086867332458496,-0.0159267317503691,1.6066333055496216,-1.0413354635238647,0.5273014903068542,1.5393594503402710,-0.8810340166091919,0.0151939718052745,1.5971946716308594,-1.1217452287673950,0.5215757489204407,1.5184048414230347,-0.7356331944465637,0.0345749445259571,1.5771075487136841,-0.9402988553047180,0.4476338326931000,1.7926361560821533,0.0551871284842491,0.1801449507474899,1.7528892755508423,-0.0562954954802990,0.4395945966243744,2.4451098442077637,-0.1464298665523529,0.1914351284503937,2.3577258586883545,-0.6704332232475281,0.4186674058437347,2.9758074283599854,0.2931980788707733,0.1673400402069092,2.9411041736602783,-0.1289492249488831,0.4274479448795319,3.0708122253417969,0.3152478337287903,0.1609993577003479,3.0379805564880371,-0.0877435430884361,0.3441590368747711,3.0771472454071045,-0.2612348496913910,0.1931218355894089,3.0741267204284668,-0.5384395122528076
0.3493529558181763,0.6501962542533875,-1.0178455114364624,0.3983283638954163,0.6082819700241089,-0.9151012301445007,0.4214090406894684,0.6183553934097290,-0.9158339500427246,0.4431731104850769,0.6308246254920959,-0.9156665802001953,0.3441223204135895,0.5954959988594055,-0.9166313409805298,0.3243578374385834,0.5945157408714294,-0.9177703857421875,0.3053180873394012,0.5960041880607605,-0.9186434745788574,0.5045928359031677,0.7087140679359436,-0.3928878903388977,0.2977128326892853,0.6406698822975159,-0.3966647982597351,0.3826785683631897,0.7555510997772217,-0.8182943463325500,0.3043300211429596,0.7309798002243042,-0.8283854722976685,0.5538510084152222,1.0587441921234131,-0.0679858773946762,0.1670005619525909,0.9907976388931274,-0.2334646433591843,0.5674489736557007,1.4331548213958740,-0.1191360205411911,0.0747056752443314,1.3591939210891724,-0.5898103117942810,0.5502254962921143,1.6471511125564575,-0.5838353633880615,0.0326985605061054,1.5319749116897583,-1.3253428936004639,0.5600247383117676,1.7277890443801880,-0.6913938522338867,-0.0001597557566129,1.5873625278472900,-1.5239318609237671,0.5404078960418701,1.7094727754592896,-0.7949008345603943,0.0278717130422592,1.5790363550186157,-1.5825849771499634,0.5315431356430054,1.6752790212631226,-0.6341621875762939,0.0480563864111900,1.5595185756683350,-1.3721702098846436,0.4419372975826263,1.7701753377914429,0.0940047651529312,0.1835712641477585,1.7267432212829590,-0.0949372723698616,0.4352120757102966,2.4134330749511719,-0.0704359635710716,0.1912352740764618,2.3284049034118652,-0.7013545036315918,0.4054092764854431,2.9418494701385498,0.4121543467044830,0.1671009361743927,2.8983128070831299,-0.1276477873325348,0.4054315686225891,3.0388333797454834,0.4305032789707184,0.1578797996044159,2.9922256469726562,-0.0871290415525436,0.3470797538757324,3.0372908115386963,-0.1005450263619423,0.1996061801910400,3.0254070758819580,-0.5796995759010315
0.3511058390140533,0.6514164805412292,-0.9127421379089355,0.4003866314888000,0.6098302602767944,-0.8162272572517395,0.4235611557960510,0.6202245950698853,-0.8168666958808899,0.4457021355628967,0.6330206394195557,-0.8166567087173462,0.3451528847217560,0.5964835286140442,-0.8124691843986511,0.3251207768917084,0.5955727696418762,-0.8135860562324524,0.3064461052417755,0.5970538854598999,-0.8143561482429504,0.5060806870460510,0.7111669778823853,-0.3237333893775940,0.2989396452903748,0.6424759030342102,-0.3056820929050446,0.3836198449134827,0.7559260725975037,-0.7233641147613525,0.3052235841751099,0.7316377162933350,-0.7255133390426636,0.5534718036651611,1.0507547855377197,-0.0388896539807320,0.1768513023853302,0.9856665730476379,-0.1385258734226227,0.5655034780502319,1.4164496660232544,-0.1183014065027237,0.0982577875256538,1.3379060029983521,-0.3755592703819275,0.5504244565963745,1.6294250488281250,-0.5887013077735901,0.0554903447628021,1.4654246568679810,-0.9397011995315552,0.5636528730392456,1.7069882154464722,-0.6962427496910095,0.0257290061563253,1.5080343484878540,-1.0919579267501831,0.5428408980369568,1.6892889738082886,-0.7893237471580505,0.0456843487918377,1.4950519800186157,-1.1588076353073120,0.5320972204208374,1.6566793918609619,-0.6352980732917786,0.0646204724907875,1.4797040224075317,-0.9842847585678101,0.4420601427555084,1.7551673650741577,0.0781503394246101,0.1923433691263199,1.7084441184997559,-0.0790426433086395,0.4362429678440094,2.3804891109466553,-0.1382201462984085,0.1976203620433807,2.2792975902557373,-0.6276320219039917,0.4058246016502380,2.9009053707122803,0.1118753924965858,0.1716398000717163,2.8407042026519775,-0.0823519602417946,0.4073724150657654,2.9980113506317139,0.1116318330168724,0.1633109748363495,2.9370110034942627,-0.0407847464084625,0.3466386795043945,2.9841141700744629,-0.3902378082275391,0.1994979232549667,2.9565620422363281,-0.5295311212539673
0.3551412224769592,0.6526263356208801,-0.9265071153640747,0.4063302576541901,0.6117660403251648,-0.8210007548332214,0.4296064972877502,0.6225206851959229,-0.8216754198074341,0.4505916237831116,0.6356287598609924,-0.8214501142501831,0.3476337790489197,0.5980323553085327,-0.8256254196166992,0.3280245065689087,0.5973271131515503,-0.8266733288764954,0.3104152679443359,0.5989454388618469,-0.8274313211441040,0.5082864761352539,0.7135160565376282,-0.2974190711975098,0.3016559481620789,0.6439068317413330,-0.3196725845336914,0.3875537514686584,0.7562908530235291,-0.7278109192848206,0.3098155558109283,0.7319959402084351,-0.7411547899246216,0.5524175763130188,1.0464187860488892,0.0158479940146208,0.1791954934597015,0.9802686572074890,-0.1622490435838699,0.5660930275917053,1.4162214994430542,-0.0632775351405144,0.0974782928824425,1.3074244260787964,-0.5097795724868774,0.5525572299957275,1.6443659067153931,-0.5578379631042480,0.0724305063486099,1.4455991983413696,-1.1960020065307617,0.5693086981773376,1.7261842489242554,-0.6656019091606140,0.0436153709888458,1.4929044246673584,-1.3880074024200439,0.5468353033065796,1.7097913026809692,-0.7644257545471191,0.0734741240739822,1.4837383031845093,-1.4166061878204346,0.5344450473785400,1.6760917901992798,-0.6072809100151062,0.0910540372133255,1.4680765867233276,-1.2298649549484253,0.4420846402645111,1.7281974554061890,0.0963121578097343,0.1934572458267212,1.6864689588546753,-0.0972387343645096,0.4358316361904144,2.3342292308807373,-0.0735419988632202,0.2000393420457840,2.2508358955383301,-0.6629570722579956,0.4084507822990417,2.8524203300476074,0.2976650595664978,0.1799108535051346,2.8187508583068848,-0.2078839540481567,0.4086728096008301,2.9503111839294434,0.3061919808387756,0.1702794730663300,2.9183757305145264,-0.1788102835416794,0.3649068772792816,2.9455032348632812,-0.1801939308643341,0.2221174240112305,2.9354333877563477,-0.6633633375167847
0.3551412224769592,0.6526263356208801,-0.9265071153640747,0.4063302576541901,0.6117660403251648,-0.8210007548332214,0.4296064972877502,0.6225206851959229,-0.8216754198074341,0.4505916237831116,0.6356287598609924,-0.8214501142501831,0.3476337790489197,0.5980323553085327,-0.8256254196166992,0.3280245065689087,0.5973271131515503,-0.8266733288764954,0.3104152679443359,0.5989454388618469,-0.8274313211441040,0.5082864761352539,0.7135160565376282,-0.2974190711975098,0.3016559481620789,0.6439068317413330,-0.3196725845336914,0.3875537514686584,0.7562908530235291,-0.7278109192848206,0.3098155558109283,0.7319959402084351,-0.7411547899246216,0.5524175763130188,1.0464187860488892,0.0158479940146208,0.1791954934597015,0.9802686572074890,-0.1622490435838699,0.5660930275917053,1.4162214994430542,-0.0632775351405144,0.0974782928824425,1.3074244260787964,-0.5097795724868774,0.5525572299957275,1.6443659067153931,-0.5578379631042480,0.0724305063486099,1.4455991983413696,-1.1960020065307617,0.5693086981773376,1.7261842489242554,-0.6656019091606140,0.0436153709888458,1.4929044246673584,-1.3880074024200439,0.5468353033065796,1.7097913026809692,-0.7644257545471191,0.0734741240739822,1.4837383031845093,-1.4166061878204346,0.5344450473785400,1.6760917901992798,-0.6072809100151062,0.0910540372133255,1.4680765867233276,-1.2298649549484253,0.4420846402645111,1.7281974554061890,0.0963121578097343,0.1934572458267212,1.6864689588546753,-0.0972387343645096,0.4358316361904144,2.3342292308807373,-0.0735419988632202,0.2000393420457840,2.2508358955383301,-0.6629570722579956,0.4084507822990417,2.8524203300476074,0.2976650595664978,0.1799108535051346,2.8187508583068848,-0.2078839540481567,0.4086728096008301,2.9503111839294434,0.3061919808387756,0.1702794730663300,2.9183757305145264,-0.1788102835416794,0.3649068772792816,2.9455032348632812,-0.1801939308643341,0.2221174240112305,2.9354333877563477,-0.6633633375167847
0.3595167994499207,0.6578379869461060,-0.8924570083618164,0.4102719724178314,0.6167174577713013,-0.8038733601570129,0.4329924583435059,0.6265228390693665,-0.8046576380729675,0.4532214999198914,0.6383176445960999,-0.8044563531875610,0.3505071103572845,0.6048346161842346,-0.7918623685836792,0.3302457928657532,0.6053565144538879,-0.7928702831268311,0.3127161562442780,0.6081221699714661,-0.7936581373214722,0.5125741362571716,0.7144719958305359,-0.3338086605072021,0.3022114336490631,0.6615876555442810,-0.2976514101028442,0.3945863246917725,0.7599053978919983,-0.7182224988937378,0.3138220608234406,0.7376691699028015,-0.7104054689407349,0.5555830597877502,1.0454986095428467,-0.0375612825155258,0.1864731460809708,0.9794887900352478,-0.1492265611886978,0.5739289522171021,1.3472398519515991,-0.2108412235975266,0.1197815984487534,1.2456470727920532,-0.4733511805534363,0.5540414452552795,1.4333229064941406,-0.6259311437606812,0.1840412914752960,1.1339591741561890,-1.1065703630447388,0.5710610747337341,1.4742950201034546,-0.7220945358276367,0.1858823895454407,1.1039924621582031,-1.2825856208801270,0.5488682985305786,1.4372041225433350,-0.7891563177108765,0.2127086669206619,1.0703022480010986,-1.2968325614929199,0.5357843041419983,1.4249269962310791,-0.6492790579795837,0.2198341786861420,1.0870335102081299,-1.1342425346374512,0.4500404000282288,1.7248747348785400,0.0765714719891548,0.2057182490825653,1.6835325956344604,-0.0772643163800240,0.4425084590911865,2.3071012496948242,-0.0060485554859042,0.2161192893981934,2.2285256385803223,-0.6283589601516724,0.4211300313472748,2.8008930683135986,0.5130068659782410,0.1910991221666336,2.7610714435577393,-0.1669257581233978,0.4242825508117676,2.8952126502990723,0.5405403971672058,0.1806598752737045,2.8552391529083252,-0.1371303647756577,0.3759555220603943,2.8873300552368164,0.1085838228464127,0.2303170263767242,2.8641793727874756,-0.4949356913566589
0.3591692745685577,0.6663104891777039,-0.8464080691337585,0.4099651873111725,0.6259694695472717,-0.7596328258514404,0.4328565597534180,0.6351996064186096,-0.7603927850723267,0.4531603753566742,0.6455358266830444,-0.7601918578147888,0.3505327701568604,0.6147333383560181,-0.7591497898101807,0.3314390480518341,0.6152550578117371,-0.7601931095123291,0.3157795071601868,0.6175748109817505,-0.7609340548515320,0.5123400688171387,0.7173080444335938,-0.3071386218070984,0.3068167865276337,0.6671479344367981,-0.3042409121990204,0.3939073681831360,0.7612285614013672,-0.6721366643905640,0.3175542354583740,0.7435958385467529,-0.6786535978317261,0.5524767637252808,1.0271611213684082,-0.0174363832920790,0.2085982114076614,0.9792434573173523,-0.1666034162044525,0.5736576914787292,1.3639028072357178,-0.1022946238517761,0.1550950109958649,1.2819831371307373,-0.4865863919258118,0.5670310258865356,1.5336534976959229,-0.5223789811134338,0.1658405363559723,1.2942153215408325,-1.1285741329193115,0.5897669196128845,1.5967742204666138,-0.6077021956443787,0.1465414315462112,1.2993644475936890,-1.3001134395599365,0.5695403218269348,1.5684095621109009,-0.6917788982391357,0.1739957332611084,1.2728416919708252,-1.3355407714843750,0.5539236068725586,1.5469309091567993,-0.5618143677711487,0.1893708109855652,1.2751667499542236,-1.1637701988220215,0.4624301791191101,1.7026568651199341,0.0808859169483185,0.2300584018230438,1.6719002723693848,-0.0816278606653214,0.4647928774356842,2.2954151630401611,-0.0537377111613750,0.2399161309003830,2.2218372821807861,-0.6505354642868042,0.4399384558200836,2.8025991916656494,0.2642574906349182,0.2179456055164337,2.7745451927185059,-0.2577088475227356,0.4402205348014832,2.8967690467834473,0.2648787200450897,0.2089220732450485,2.8666577339172363,-0.2315661609172821,0.4056764543056488,2.8923699855804443,-0.0643146038055420,0.2596432566642761,2.8927485942840576,-0.6348636150360107
0.3590002655982971,0.6709581017494202,-0.8663995862007141,0.4103887081146240,0.6301731467247009,-0.7743195295333862,0.4333413541316986,0.6393085718154907,-0.7750827670097351,0.4533404409885406,0.6491948962211609,-0.7748969793319702,0.3505493700504303,0.6204007267951965,-0.7690836787223816,0.3316711783409119,0.6214650869369507,-0.7700781226158142,0.3162441849708557,0.6239147186279297,-0.7708583474159241,0.5122007131576538,0.7208068370819092,-0.3147133588790894,0.3074277341365814,0.6736767888069153,-0.2927222251892090,0.3939214944839478,0.7649679183959961,-0.6914036273956299,0.3175961077213287,0.7498825788497925,-0.6921042203903198,0.5570071935653687,1.0311672687530518,-0.0303079988807440,0.2039312124252319,1.0034050941467285,-0.1531880199909210,0.5911297202110291,1.3711330890655518,-0.0969247668981552,0.1472007483243942,1.3251070976257324,-0.4858739376068115,0.6026161909103394,1.5416867733001709,-0.5096260905265808,0.1360541880130768,1.4089964628219604,-1.1336607933044434,0.6287409663200378,1.6028313636779785,-0.6034294962882996,0.0987522453069687,1.4275304079055786,-1.3096811771392822,0.6054684519767761,1.5719965696334839,-0.6960352659225464,0.1357263028621674,1.4122478961944580,-1.3395631313323975,0.5886482000350952,1.5613375902175903,-0.5535225868225098,0.1605609059333801,1.4124579429626465,-1.1702458858489990,0.4859067797660828,1.7102096080780029,0.0763205066323280,0.2495764046907425,1.6787194013595581,-0.0770855769515038,0.4873949885368347,2.3041534423828125,-0.0607360005378723,0.2799484133720398,2.2326078414916992,-0.5531477332115173,0.4816215038299561,2.8119795322418213,0.4009756147861481,0.2585843205451965,2.7792015075683594,0.0034973013680428,0.4896307885646820,2.9079058170318604,0.4202822744846344,0.2515810132026672,2.8740131855010986,0.0445617921650410,0.4305289685726166,2.8949420452117920,-0.0407226160168648,0.2914162278175354,2.8838231563568115,-0.3839754760265350
0.3589532971382141,0.6817253232002258,-0.7736991047859192,0.4102910459041595,0.6387829184532166,-0.7065135836601257,0.4332702755928040,0.6456966400146484,-0.7073271870613098,0.4533118605613708,0.6544727683067322,-0.7070231437683105,0.3507180511951447,0.6310382485389709,-0.6786356568336487,0.3325209319591522,0.6318101286888123,-0.6796394586563110,0.3175616562366486,0.6334351301193237,-0.6803017854690552,0.5128072500228882,0.7253210544586182,-0.3175042271614075,0.3105188310146332,0.6761638522148132,-0.2091177701950073,0.3937480151653290,0.7754182219505310,-0.6264641284942627,0.3190092742443085,0.7578395605087280,-0.6000590920448303,0.5619979500770569,1.0320458412170410,-0.1529848873615265,0.2192687690258026,1.0031148195266724,0.0131785823032260,0.5903069376945496,1.3256875276565552,-0.5263842344284058,0.1675047427415848,1.2977782487869263,-0.2369772940874100,0.4833867549896240,1.1830452680587769,-1.0187380313873291,0.2329780757427216,1.1156333684921265,-0.7366829514503479,0.4554966986179352,1.1525636911392212,-1.1390477418899536,0.2447212934494019,1.0687105655670166,-0.8606769442558289,0.4541929662227631,1.1074248552322388,-1.1309117078781128,0.2532862424850464,1.0205961465835571,-0.8642264604568481,0.4560834765434265,1.1262086629867554,-1.0230251550674438,0.2514762282371521,0.9613057374954224,-0.7558556795120239,0.4851097166538239,1.7285245656967163,-0.0018371304031461,0.2662220597267151,1.6793980598449707,0.0009191666613333,0.4848936498165131,2.1357309818267822,-0.0204659365117550,0.2667420804500580,1.8327072858810425,-0.5748724937438965,0.4712865948677063,2.6667985916137695,0.3695030212402344,0.2443571090698242,2.5245480537414551,-0.2440016716718674,0.4848238825798035,2.7592971324920654,0.3857271373271942,0.2369182556867599,2.6406059265136719,-0.2194720953702927,0.4101583063602448,2.7622563838958740,-0.0106923896819353,0.2534982562065125,2.6528811454772949,-0.5272437930107117
0.3566829562187195,0.6875106692314148,-0.8140866160392761,0.4097355008125305,0.6427869200706482,-0.7345500588417053,0.4331584870815277,0.6505099534988403,-0.7353106737136841,0.4532904624938965,0.6597688198089600,-0.7350681424140930,0.3499395549297333,0.6374527812004089,-0.7165360450744629,0.3324935436248779,0.6386453509330750,-0.7175389528274536,0.3177813887596130,0.6399119496345520,-0.7182338237762451,0.5088840723037720,0.7308002114295959,-0.3173745274543762,0.3118060827255249,0.6776598691940308,-0.2350620329380035,0.3917017281055450,0.7801552414894104,-0.6519399881362915,0.3190570473670959,0.7638559937477112,-0.6360119581222534,0.5659499764442444,1.0335034132003784,-0.1405922621488571,0.2194200456142426,1.0086066722869873,-0.0489778779447079,0.5983260273933411,1.3408958911895752,-0.3188912272453308,0.1651314198970795,1.3326201438903809,-0.3226017057895660,0.5631357431411743,1.2804243564605713,-0.7086240053176880,0.2012278735637665,1.1457862854003906,-0.9261453747749329,0.5748997926712036,1.2966166734695435,-0.8132634162902832,0.2236871421337128,1.1313204765319824,-1.0831260681152344,0.5554002523422241,1.2771900892257690,-0.8762464523315430,0.2452317923307419,1.1152404546737671,-1.1235195398330688,0.5441054701805115,1.2753448486328125,-0.7418894171714783,0.2312847077846527,0.9933279752731323,-0.9629570841789246,0.4984567165374756,1.7307378053665161,0.0093266274780035,0.2723650336265564,1.6810348033905029,-0.0102305710315704,0.4906415939331055,2.1889245510101318,-0.0765443295240402,0.2702240347862244,2.0166866779327393,-0.3635119497776031,0.4797496199607849,2.7114205360412598,0.3366544544696808,0.2490337193012238,2.5874543190002441,0.2186835557222366,0.4944325387477875,2.8095383644104004,0.3538826107978821,0.2463102340698242,2.7090916633605957,0.2630470693111420,0.4132721424102783,2.8294901847839355,-0.0904855877161026,0.2543663382530212,2.7572419643402100,-0.1310708224773407
0.3566829562187195,0.6875106692314148,-0.8140866160392761,0.4097355008125305,0.6427869200706482,-0.7345500588417053,0.4331584870815277,0.6505099534988403,-0.7353106737136841,0.4532904624938965,0.6597688198089600,-0.7350681424140930,0.3499395549297333,0.6374527812004089,-0.7165360450744629,0.3324935436248779,0.6386453509330750,-0.7175389528274536,0.3177813887596130,0.6399119496345520,-0.7182338237762451,0.5088840723037720,0.7308002114295959,-0.3173745274543762,0.3118060827255249,0.6776598691940308,-0.2350620329380035,0.3917017281055450,0.7801552414894104,-0.6519399881362915,0.3190570473670959,0.7638559937477112,-0.6360119581222534,0.5659499764442444,1.0335034132003784,-0.1405922621488571,0.2194200456142426,1.0086066722869873,-0.0489778779447079,0.5983260273933411,1.3408958911895752,-0.3188912272453308,0.1651314198970795,1.3326201438903809,-0.3226017057895660,0.5631357431411743,1.2804243564605713,-0.7086240053176880,0.2012278735637665,1.1457862854003906,-0.9261453747749329,0.5748997926712036,1.2966166734695435,-0.8132634162902832,0.2236871421337128,1.1313204765319824,-1.0831260681152344,0.5554002523422241,1.2771900892257690,-0.8762464523315430,0.2452317923307419,1.1152404546737671,-1.1235195398330688,0.5441054701805115,1.2753448486328125,-0.7418894171714783,0.2312847077846527,0.9933279752731323,-0.9629570841789246,0.4984567165374756,1.7307378053665161,0.0093266274780035,0.2723650336265564,1.6810348033905029,-0.0102305710315704,0.4906415939331055,2.1889245510101318,-0.0765443295240402,0.2702240347862244,2.0166866779327393,-0.3635119497776031,0.4797496199607849,2.7114205360412598,0.3366544544696808,0.2490337193012238,2.5874543190002441,0.2186835557222366,0.4944325387477875,2.8095383644104004,0.3538826107978821,0.2463102340698242,2.7090916633605957,0.2630470693111420,0.4132721424102783,2.8294901847839355,-0.0904855877161026,0.2543663382530212,2.7572419643402100,-0.1310708224773407
0.3555878400802612,0.6934010982513428,-0.9534015655517578,0.4086356163024902,0.6480448842048645,-0.8886308670043945,0.4326161444187164,0.6552957892417908,-0.8895561099052429,0.4530607163906097,0.6643577218055725,-0.8893072009086609,0.3485422134399414,0.6433875560760498,-0.8607835769653320,0.3317053318023682,0.6445462107658386,-0.8618795275688171,0.3176303505897522,0.6459442973136902,-0.8626475334167480,0.5078973174095154,0.7354296445846558,-0.4977058470249176,0.3117284178733826,0.6830898523330688,-0.3803291022777557,0.3906258940696716,0.7861464619636536,-0.8013589978218079,0.3189800381660461,0.7725223898887634,-0.7740748524665833,0.5751021504402161,1.0465220212936401,-0.2770256102085114,0.2149732559919357,1.0259337425231934,-0.1421560645103455,0.5998051762580872,1.3522766828536987,-0.4387972354888916,0.1551513075828552,1.3588746786117554,-0.3691473603248596,0.5323590636253357,1.4000471830368042,-0.8386651873588562,0.1807609796524048,1.1618670225143433,-0.9391264915466309,0.5215336680412292,1.4346741437911987,-0.9485322237014771,0.1787181645631790,1.2249809503555298,-1.0879129171371460,0.5092639327049255,1.3950846195220947,-0.9941190481185913,0.2172133624553680,1.2345502376556396,-1.1367785930633545,0.5075245499610901,1.3871116638183594,-0.8633087277412415,0.2123834341764450,1.1181623935699463,-0.9783657789230347,0.4959459900856018,1.7592602968215942,0.0104103377088904,0.2682813704013824,1.7189540863037109,-0.0112950475886464,0.4858470559120178,2.2443556785583496,0.0280734300613403,0.2721854746341705,2.0903334617614746,-0.4805000424385071,0.4716376662254333,2.7662580013275146,0.4612008631229401,0.2502359449863434,2.6820335388183594,0.0119879757985473,0.4847353994846344,2.8631780147552490,0.4792699813842773,0.2484880238771439,2.7901437282562256,0.0354521907866001,0.4072566032409668,2.8662512302398682,0.0522615313529968,0.2556569874286652,2.8093805313110352,-0.2389455139636993
0.3501499891281128,0.7045437097549438,-0.9874474406242371,0.4057179391384125,0.6543060541152954,-0.9115263223648071,0.4285525679588318,0.6620911359786987,-0.9123377799987793,0.4498923718929291,0.6735084056854248,-0.9121366739273071,0.3464500904083252,0.6488083600997925,-0.8890573382377625,0.3304525911808014,0.6497504115104675,-0.8901564478874207,0.3166423439979553,0.6508420705795288,-0.8908874392509460,0.5015672445297241,0.7475626468658447,-0.4809760451316833,0.3119200468063354,0.6871720552444458,-0.3849827051162720,0.3864910602569580,0.7938041687011719,-0.8200699687004089,0.3171961009502411,0.7764549851417542,-0.7994648218154907,0.5594350695610046,1.0764816999435425,-0.2382028996944427,0.1993992626667023,1.0233341455459595,-0.1419807225465775,0.5697456598281860,1.3974372148513794,-0.3848183453083038,0.1140347495675087,1.3568941354751587,-0.2983230948448181,0.5372459888458252,1.5475277900695801,-0.8723062276840210,0.1130982637405396,1.3746503591537476,-0.8358961939811707,0.5274626016616821,1.6048183441162109,-0.9978262782096863,0.1056810393929482,1.4203860759735107,-0.9813499450683594,0.5175458788871765,1.5782757997512817,-1.0714203119277954,0.1232014149427414,1.4038097858428955,-1.0492693185806274,0.5089207291603088,1.5567011833190918,-0.9111270904541016,0.1296238005161285,1.3740010261535645,-0.8809386491775513,0.4505405426025391,1.7627735137939453,0.0023070410825312,0.2304233312606812,1.7205674648284912,-0.0031978338956833,0.4276245534420013,2.2986876964569092,-0.1201272979378700,0.2377416342496872,2.2095592021942139,-0.4978218078613281,0.4193038940429688,2.8048524856567383,0.2471354305744171,0.2105760276317596,2.7560219764709473,-0.0115291811525822,0.4360489845275879,2.9011130332946777,0.2552289962768555,0.2072378098964691,2.8570277690887451,0.0198486298322678,0.3373205065727234,2.8800623416900635,-0.2361439168453217,0.2115577757358551,2.8123822212219238,-0.3602778613567352
0.3491412997245789,0.7068163752555847,-0.9910488128662109,0.4038352370262146,0.6571163535118103,-0.9117719531059265,0.4268876016139984,0.6649088263511658,-0.9125618934631348,0.4476827979087830,0.6759316921234131,-0.9123626947402954,0.3454039096832275,0.6535663008689880,-0.8907282948493958,0.3297330439090729,0.6547469496726990,-0.8918067216873169,0.3163947761058807,0.6557804942131042,-0.8925700187683105,0.5006079673767090,0.7503793835639954,-0.4690270423889160,0.3124951124191284,0.6903482675552368,-0.3785405457019806,0.3842091560363770,0.7948003411293030,-0.8184506297111511,0.3171530961990356,0.7771266698837280,-0.7991362214088440,0.5597891211509705,1.0760598182678223,-0.2204778194427490,0.2033216506242752,1.0161006450653076,-0.1473401188850403,0.5700842142105103,1.3966462612152100,-0.4069634377956390,0.1240200996398926,1.3513331413269043,-0.3269470036029816,0.5387322306632996,1.5471521615982056,-0.9553820490837097,0.1241098269820213,1.3924560546875000,-0.8911630511283875,0.5336527824401855,1.6039977073669434,-1.0931799411773682,0.1172843798995018,1.4385058879852295,-1.0332422256469727,0.5218049883842468,1.5772335529327393,-1.1637073755264282,0.1308435052633286,1.4133995771408081,-1.0771698951721191,0.5126664042472839,1.5563195943832397,-0.9948303103446960,0.1386011093854904,1.3918187618255615,-0.9310711622238159,0.4511613249778748,1.7599091529846191,0.0045816744677722,0.2303454428911209,1.7164033651351929,-0.0056040557101369,0.4258027672767639,2.2998876571655273,-0.0915403217077255,0.2358122318983078,2.2143771648406982,-0.5020602941513062,0.4101517796516418,2.8096520900726318,0.4275318682193756,0.2037313878536224,2.7597620487213135,-0.0169687569141388,0.4214790761470795,2.9046082496643066,0.4522560238838196,0.1983795911073685,2.8597788810729980,0.0176111385226250,0.3404517173767090,2.8868188858032227,-0.0209876801818609,0.2097305357456207,2.8325538635253906,-0.3827875256538391
0.3452383279800415,0.7095041275024414,-0.9990835189819336,0.3994792997837067,0.6605771183967590,-0.9068877100944519,0.4228673875331879,0.6677001118659973,-0.9075986742973328,0.4444142282009125,0.6777232885360718,-0.9074109196662903,0.3415779769420624,0.6579681634902954,-0.8932673335075378,0.3268431127071381,0.6594237685203552,-0.8942363858222961,0.3139312863349915,0.6610788106918335,-0.8950117230415344,0.4965885579586029,0.7515692114830017,-0.4359771609306335,0.3107094168663025,0.6969949603080750,-0.3740334510803223,0.3788658082485199,0.7986817955970764,-0.8148857355117798,0.3138172328472137,0.7849631905555725,-0.8038560748100281,0.5615912675857544,1.0815482139587402,-0.1285562068223953,0.1843961328268051,1.0273993015289307,-0.1725647300481796,0.5810452699661255,1.4688627719879150,-0.1446010321378708,0.0957622081041336,1.3719824552536011,-0.4889053702354431,0.5977333784103394,1.7378531694412231,-0.5271302461624146,0.0721850916743279,1.5622254610061646,-1.1975023746490479,0.6226367354393005,1.8279418945312500,-0.6283401250839233,0.0433272570371628,1.6308670043945312,-1.3794982433319092,0.6004990339279175,1.8235524892807007,-0.7330140471458435,0.0765089392662048,1.6333402395248413,-1.4394584894180298,0.5845696926116943,1.7843581438064575,-0.5763040781021118,0.0923905521631241,1.6061530113220215,-1.2439308166503906,0.4661787450313568,1.7598751783370972,0.0248025562614202,0.2319357842206955,1.7200175523757935,-0.0258268453180790,0.4512696266174316,2.3128364086151123,-0.2176446914672852,0.2393608093261719,2.2619040012359619,-0.5673348903656006,0.4361670613288879,2.8144586086273193,0.2667750120162964,0.2311419993638992,2.7962374687194824,0.0255937613546848,0.4431109428405762,2.9113528728485107,0.2851849496364594,0.2255338877439499,2.8954730033874512,0.0702342242002487,0.3776467442512512,2.9017179012298584,-0.2764198482036591,0.2599055171012878,2.8953995704650879,-0.3943164944648743
0.3452383279800415,0.7095041275024414,-0.9990835189819336,0.3994792997837067,0.6605771183967590,-0.9068877100944519,0.4228673875331879,0.6677001118659973,-0.9075986742973328,0.4444142282009125,0.6777232885360718,-0.9074109196662903,0.3415779769420624,0.6579681634902954,-0.8932673335075378,0.3268431127071381,0.6594237685203552,-0.8942363858222961,0.3139312863349915,0.6610788106918335,-0.8950117230415344,0.4965885579586029,0.7515692114830017,-0.4359771609306335,0.3107094168663025,0.6969949603080750,-0.3740334510803223,0.3788658082485199,0.7986817955970764,-0.8148857355117798,0.3138172328472137,0.7849631905555725,-0.8038560748100281,0.5615912675857544,1.0815482139587402,-0.1285562068223953,0.1843961328268051,1.0273993015289307,-0.1725647300481796,0.5810452699661255,1.4688627719879150,-0.1446010321378708,0.0957622081041336,1.3719824552536011,-0.4889053702354431,0.5977333784103394,1.7378531694412231,-0.5271302461624146,0.0721850916743279,1.5622254610061646,-1.1975023746490479,0.6226367354393005,1.8279418945312500,-0.6283401250839233,0.0433272570371628,1.6308670043945312,-1.3794982433319092,0.6004990339279175,1.8235524892807007,-0.7330140471458435,0.0765089392662048,1.6333402395248413,-1.4394584894180298,0.5845696926116943,1.7843581438064575,-0.5763040781021118,0.0923905521631241,1.6061530113220215,-1.2439308166503906,0.4661787450313568,1.7598751783370972,0.0248025562614202,0.2319357842206955,1.7200175523757935,-0.0258268453180790,0.4512696266174316,2.3128364086151123,-0.2176446914672852,0.2393608093261719,2.2619040012359619,-0.5673348903656006,0.4361670613288879,2.8144586086273193,0.2667750120162964,0.2311419993638992,2.7962374687194824,0.0255937613546848,0.4431109428405762,2.9113528728485107,0.2851849496364594,0.2255338877439499,2.8954730033874512,0.0702342242002487,0.3776467442512512,2.9017179012298584,-0.2764198482036591,0.2599055171012878,2.8953995704650879,-0.3943164944648743
0.3422780036926270,0.7168129086494446,-1.0334527492523193,0.3960505425930023,0.6669501066207886,-0.9445112943649292,0.4198120534420013,0.6731806397438049,-0.9452605247497559,0.4410620331764221,0.6816882491111755,-0.9450866580009460,0.3381714522838593,0.6643049716949463,-0.9269741177558899,0.3238650858402252,0.6653900146484375,-0.9279823303222656,0.3119242787361145,0.6664753556251526,-0.9286948442459106,0.4940423369407654,0.7542067170143127,-0.4664322733879089,0.3098847270011902,0.7009079456329346,-0.3859342932701111,0.3743523657321930,0.8055700063705444,-0.8477900624275208,0.3108442723751068,0.7919425368309021,-0.8314755558967590,0.5600388646125793,1.0828509330749512,-0.2076702862977982,0.1888122409582138,1.0268666744232178,-0.1606436371803284,0.5737091898918152,1.4694119691848755,-0.3909803032875061,0.1037474051117897,1.3816337585449219,-0.4419102668762207,0.5743290781974792,1.7083346843719482,-0.9478029012680054,0.0762001872062683,1.5264438390731812,-1.1547985076904297,0.5980302691459656,1.7870370149612427,-1.0885142087936401,0.0488828942179680,1.5717071294784546,-1.3404611349105835,0.5763303041458130,1.7685791254043579,-1.1712372303009033,0.0705556347966194,1.5592136383056641,-1.3582385778427124,0.5595005154609680,1.7381094694137573,-0.9926351308822632,0.0882929712533951,1.5427291393280029,-1.1827391386032104,0.4624882638454437,1.7642170190811157,-0.0036094393581152,0.2298028022050858,1.7229721546173096,0.0026745044160634,0.4541144371032715,2.3378698825836182,-0.3688406646251678,0.2409573495388031,2.2749214172363281,-0.5011196136474609,0.4396589398384094,2.8369619846343994,-0.1234150975942612,0.2307168692350388,2.8111536502838135,0.0233201123774052,0.4498575627803802,2.9304227828979492,-0.1290300190448761,0.2270641624927521,2.9102261066436768,0.0610684975981712,0.3774430155754089,2.9220666885375977,-0.6663354635238647,0.2498397380113602,2.9088234901428223,-0.3802132308483124
0.3331456482410431,0.7238801121711731,-0.8505744934082031,0.3841963410377502,0.6735936403274536,-0.7758520841598511,0.4072864055633545,0.6786560416221619,-0.7765539884567261,0.4293238222599030,0.6866734623908997,-0.7763341069221497,0.3329925537109375,0.6726058721542358,-0.7494539618492126,0.3202863335609436,0.6737698912620544,-0.7504853010177612,0.3090912103652954,0.6747055053710938,-0.7511843442916870,0.4851971566677094,0.7556924819946289,-0.3587211370468140,0.3100337386131287,0.7072675228118896,-0.2386004626750946,0.3644953668117523,0.8120886683464050,-0.6873743534088135,0.3064179718494415,0.7957165241241455,-0.6603508591651917,0.5542289018630981,1.0812119245529175,-0.1503553986549377,0.1939490884542465,1.0162812471389771,-0.0357549823820591,0.5564507246017456,1.4571210145950317,-0.3582645952701569,0.1053225770592690,1.3646618127822876,-0.2708962559700012,0.5603637695312500,1.6779181957244873,-0.9038493037223816,0.0774359405040741,1.4983619451522827,-0.8880151510238647,0.5885941386222839,1.7552216053009033,-1.0393655300140381,0.0536251962184906,1.5332987308502197,-1.0449914932250977,0.5678027272224426,1.7371622323989868,-1.1187149286270142,0.0700490400195122,1.5161137580871582,-1.1102622747421265,0.5489295721054077,1.7075148820877075,-0.9468428492546082,0.0860647708177567,1.5015472173690796,-0.9347301721572876,0.4491059780120850,1.7629983425140381,-0.0020453108008951,0.2215108573436737,1.7200140953063965,0.0011996290413663,0.4224467277526855,2.3372933864593506,-0.2683042883872986,0.2292352914810181,2.2647852897644043,-0.5610295534133911,0.4110944271087646,2.8354990482330322,0.1005548015236855,0.2147505730390549,2.8071742057800293,-0.0644092261791229,0.4237094819545746,2.9288599491119385,0.1091224327683449,0.2108367979526520,2.9043774604797363,-0.0283620599657297,0.3386073708534241,2.9101381301879883,-0.3912685513496399,0.2269078493118286,2.8940184116363525,-0.4477087855339050
0.3303030729293823,0.7255572676658630,-0.8623887896537781,0.3802441060543060,0.6760156154632568,-0.7911832332611084,0.4030370712280273,0.6812611818313599,-0.7917666435241699,0.4255029261112213,0.6896786093711853,-0.7913993000984192,0.3294224143028259,0.6736103296279907,-0.7630954980850220,0.3164823055267334,0.6743148565292358,-0.7642361521720886,0.3049818873405457,0.6749706268310547,-0.7651466131210327,0.4827889502048492,0.7576455473899841,-0.4083920419216156,0.3067439496517181,0.7079336047172546,-0.2608676254749298,0.3605545163154602,0.8141506314277649,-0.7009855508804321,0.3019135892391205,0.7979222536087036,-0.6796432733535767,0.5542182326316833,1.0747107267379761,-0.2069865912199020,0.1948950737714767,1.0066491365432739,-0.0576580576598644,0.5575588941574097,1.4297062158584595,-0.3779359459877014,0.1098317652940750,1.3500468730926514,-0.2793484926223755,0.5637263059616089,1.6758695840835571,-0.8736841082572937,0.0887244716286659,1.4669697284698486,-0.8792999386787415,0.5930539965629578,1.7449296712875366,-1.0030676126480103,0.0701447576284409,1.5060013532638550,-1.0325796604156494,0.5697586536407471,1.7213301658630371,-1.0814641714096069,0.0854073166847229,1.4807425737380981,-1.0972216129302979,0.5505951642990112,1.6955331563949585,-0.9155252575874329,0.0999596565961838,1.4677205085754395,-0.9261481165885925,0.4498690664768219,1.7413202524185181,-0.0051164603792131,0.2245128601789474,1.6989777088165283,0.0044107381254435,0.4239321649074554,2.3156344890594482,-0.1195050105452538,0.2283450812101364,2.2211575508117676,-0.4971141815185547,0.4119603633880615,2.8132498264312744,0.4016793668270111,0.2126483917236328,2.7697980403900146,0.0615483112633228,0.4247252345085144,2.9068334102630615,0.4257766306400299,0.2089345008134842,2.8657214641571045,0.1037376299500465,0.3381898999214172,2.8854925632476807,-0.0571119859814644,0.2252242863178253,2.8629081249237061,-0.3180230855941772
0.3303030729293823,0.7255572676658630,-0.8623887896537781,0.3802441060543060,0.6760156154632568,-0.7911832332611084,0.4030370712280273,0.6812611818313599,-0.7917666435241699,0.4255029261112213,0.6896786093711853,-0.7913993000984192,0.3294224143028259,0.6736103296279907,-0.7630954980850220,0.3164823055267334,0.6743148565292358,-0.7642361521720886,0.3049818873405457,0.6749706268310547,-0.7651466131210327,0.4827889502048492,0.7576455473899841,-0.4083920419216156,0.3067439496517181,0.7079336047172546,-0.2608676254749298,0.3605545163154602,0.8141506314277649,-0.7009855508804321,0.3019135892391205,0.7979222536087036,-0.6796432733535767,0.5542182326316833,1.0747107267379761,-0.2069865912199020,0.1948950737714767,1.0066491365432739,-0.0576580576598644,0.5575588941574097,1.4297062158584595,-0.3779359459877014,0.1098317652940750,1.3500468730926514,-0.2793484926223755,0.5637263059616089,1.6758695840835571,-0.8736841082572937,0.0887244716286659,1.4669697284698486,-0.8792999386787415,0.5930539965629578,1.7449296712875366,-1.0030676126480103,0.0701447576284409,1.5060013532638550,-1.0325796604156494,0.5697586536407471,1.7213301658630371,-1.0814641714096069,0.0854073166847229,1.4807425737380981,-1.0972216129302979,0.5505951642990112,1.6955331563949585,-0.9155252575874329,0.0999596565961838,1.4677205085754395,-0.9261481165885925,0.4498690664768219,1.7413202524185181,-0.0051164603792131,0.2245128601789474,1.6989777088165283,0.0044107381254435,0.4239321649074554,2.3156344890594482,-0.1195050105452538,0.2283450812101364,2.2211575508117676,-0.4971141815185547,0.4119603633880615,2.8132498264312744,0.4016793668270111,0.2126483917236328,2.7697980403900146,0.0615483112633228,0.4247252345085144,2.9068334102630615,0.4257766306400299,0.2089345008134842,2.8657214641571045,0.1037376299500465,0.3381898999214172,2.8854925632476807,-0.0571119859814644,0.2252242863178253,2.8629081249237061,-0.3180230855941772
0.3211539387702942,0.7334905266761780,-0.8230471611022949,0.3681911826133728,0.6821405291557312,-0.7592193484306335,0.3921739459037781,0.6864680647850037,-0.7600112557411194,0.4147442877292633,0.6948119401931763,-0.7597373723983765,0.3186451494693756,0.6820223927497864,-0.7278486490249634,0.3061529994010925,0.6834254860877991,-0.7288601994514465,0.2939028143882751,0.6851047873497009,-0.7295240163803101,0.4704335629940033,0.7622007131576538,-0.3715383410453796,0.2958684563636780,0.7216901183128357,-0.2592854201793671,0.3507109582424164,0.8219107985496521,-0.6824058294296265,0.2929118871688843,0.8090700507164001,-0.6503354310989380,0.5574138760566711,1.0772689580917358,-0.2164908349514008,0.1942721605300903,1.0534459352493286,-0.0652777403593063,0.5845667123794556,1.3644088506698608,-0.4821733832359314,0.0981123819947243,1.3847893476486206,-0.3246574997901917,0.5374121665954590,1.4133944511413574,-0.9100743532180786,0.0991782099008560,1.4426528215408325,-0.8868715167045593,0.5336407423019409,1.4369043111801147,-1.0317301750183105,0.0895427465438843,1.4549515247344971,-1.0369241237640381,0.5170668363571167,1.3968715667724609,-1.0541900396347046,0.1161064133048058,1.4188959598541260,-1.0777573585510254,0.5127400159835815,1.3957496881484985,-0.9287177920341492,0.1279621422290802,1.4172365665435791,-0.9258352518081665,0.4805842041969299,1.7660847902297974,-0.0014005033299327,0.2510176897048950,1.7313992977142334,0.0006405003368855,0.4420518279075623,2.2851557731628418,-0.0205771420150995,0.2515386044979095,2.0799407958984375,-0.5428708195686340,0.4625012874603271,2.7780950069427490,0.3729986846446991,0.2482188194990158,2.6961982250213623,-0.1829392313957214,0.4768001437187195,2.8717408180236816,0.3864114880561829,0.2469581067562103,2.8038439750671387,-0.1587069183588028,0.3852430880069733,2.8511545658111572,-0.0442122481763363,0.2671286463737488,2.7962799072265625,-0.5391811132431030
0.3211539387702942,0.7334905266761780,-0.8230471611022949,0.3681911826133728,0.6821405291557312,-0.7592193484306335,0.3921739459037781,0.6864680647850037,-0.7600112557411194,0.4147442877292633,0.6948119401931763,-0.7597373723983765,0.3186451494693756,0.6820223927497864,-0.7278486490249634,0.3061529994010925,0.6834254860877991,-0.7288601994514465,0.2939028143882751,0.6851047873497009,-0.7295240163803101,0.4704335629940033,0.7622007131576538,-0.3715383410453796,0.2958684563636780,0.7216901183128357,-0.2592854201793671,0.3507109582424164,0.8219107985496521,-0.6824058294296265,0.2929118871688843,0.8090700507164001,-0.6503354310989380,0.5574138760566711,1.0772689580917358,-0.2164908349514008,0.1942721605300903,1.0534459352493286,-0.0652777403593063,0.5845667123794556,1.3644088506698608,-0.4821733832359314,0.0981123819947243,1.3847893476486206,-0.3246574997901917,0.5374121665954590,1.4133944511413574,-0.9100743532180786,0.0991782099008560,1.4426528215408325,-0.8868715167045593,0.5336407423019409,1.4369043111801147,-1.0317301750183105,0.0895427465438843,1.4549515247344971,-1.0369241237640381,0.5170668363571167,1.3968715667724609,-1.0541900396347046,0.1161064133048058,1.4188959598541260,-1.0777573585510254,0.5127400159835815,1.3957496881484985,-0.9287177920341492,0.1279621422290802,1.4172365665435791,-0.9258352518081665,0.4805842041969299,1.7660847902297974,-0.0014005033299327,0.2510176897048950,1.7313992977142334,0.0006405003368855,0.4420518279075623,2.2851557731628418,-0.0205771420150995,0.2515386044979095,2.0799407958984375,-0.5428708195686340,0.4625012874603271,2.7780950069427490,0.3729986846446991,0.2482188194990158,2.6961982250213623,-0.1829392313957214,0.4768001437187195,2.8717408180236816,0.3864114880561829,0.2469581067562103,2.8038439750671387,-0.1587069183588028,0.3852430880069733,2.8511545658111572,-0.0442122481763363,0.2671286463737488,2.7962799072265625,-0.5391811132431030
0.3160614371299744,0.7398063540458679,-0.9763389825820923,0.3657571077346802,0.6855167150497437,-0.9152840375900269,0.3890579342842102,0.6898942589759827,-0.9161440134048462,0.4108890891075134,0.6986000537872314,-0.9158965349197388,0.3124926686286926,0.6842561364173889,-0.8833974599838257,0.2995475530624390,0.6852262616157532,-0.8844434022903442,0.2878085672855377,0.6862026453018188,-0.8851348757743835,0.4670499265193939,0.7668468952178955,-0.5278987288475037,0.2919736504554749,0.7222346663475037,-0.3918481171131134,0.3481299281120300,0.8235858678817749,-0.8241474032402039,0.2880143225193024,0.8098914027214050,-0.7914118170738220,0.5490027070045471,1.0888994932174683,-0.3060578107833862,0.1725644469261169,1.0494338274002075,-0.1296592056751251,0.5715631842613220,1.4056957960128784,-0.4366501867771149,0.0972631052136421,1.3978273868560791,-0.3140394985675812,0.5378541946411133,1.5426746606826782,-0.8988996744155884,0.1014190092682838,1.4505976438522339,-0.8556729555130005,0.5395153760910034,1.5936006307601929,-1.0054837465286255,0.0978834182024002,1.4679142236709595,-0.9988757967948914,0.5220932960510254,1.5597816705703735,-1.0491492748260498,0.1162097603082657,1.4217953681945801,-1.0524117946624756,0.5162160992622375,1.5416753292083740,-0.9188195466995239,0.1272657513618469,1.4187049865722656,-0.8960620760917664,0.4587614536285400,1.7718768119812012,-0.0148590058088303,0.2388953715562820,1.7321101427078247,0.0140614788979292,0.4221409261226654,2.2783579826354980,-0.0474831201136112,0.2370745837688446,2.0568418502807617,-0.3444751203060150,0.4494372308254242,2.7840449810028076,0.3696720898151398,0.2382386624813080,2.6872496604919434,0.1028113141655922,0.4722669720649719,2.8775770664215088,0.3853201866149902,0.2413746118545532,2.7955746650695801,0.1342098563909531,0.3557722270488739,2.8559815883636475,-0.0765107050538063,0.2488172054290771,2.7952010631561279,-0.2666309177875519
0.3141303062438965,0.7426435947418213,-0.9790630340576172,0.3651095032691956,0.6890628933906555,-0.9063861966133118,0.3880889415740967,0.6947146058082581,-0.9071803092956543,0.4098452925682068,0.7041427493095398,-0.9069508314132690,0.3112931549549103,0.6870895624160767,-0.8790448307991028,0.2980770766735077,0.6877714991569519,-0.8800536990165710,0.2865014076232910,0.6881433129310608,-0.8807529211044312,0.4646251201629639,0.7706086635589600,-0.4973711967468262,0.2902989983558655,0.7226808071136475,-0.3722227215766907,0.3471809029579163,0.8255569338798523,-0.8149459958076477,0.2859068512916565,0.8111857175827026,-0.7872103452682495,0.5421762466430664,1.0943534374237061,-0.2784542441368103,0.1545014679431915,1.0473555326461792,-0.1291760057210922,0.5660563707351685,1.4709110260009766,-0.4241154789924622,0.0743065327405930,1.3982595205307007,-0.3055127859115601,0.5404428243637085,1.7535015344619751,-0.8966817855834961,0.0435143634676933,1.5859208106994629,-0.8692601919174194,0.5526704192161560,1.8449109792709351,-1.0251843929290771,0.0218072347342968,1.6484729051589966,-1.0180474519729614,0.5309556722640991,1.8311825990676880,-1.1021168231964111,0.0378701165318489,1.6374248266220093,-1.0622718334197998,0.5193942785263062,1.7960517406463623,-0.9337829351425171,0.0550967082381248,1.6172634363174438,-0.9124153256416321,0.4420792460441589,1.7726937532424927,-0.0138476314023137,0.2117135822772980,1.7336577177047729,0.0130558777600527,0.4157925248146057,2.3102648258209229,-0.1329786628484726,0.2217229604721069,2.1886072158813477,-0.4004310071468353,0.4153598845005035,2.8249232769012451,0.3536562919616699,0.2166774719953537,2.7713212966918945,0.1899842321872711,0.4298507273197174,2.9250493049621582,0.3679888248443604,0.2189825326204300,2.8786451816558838,0.2350416630506516,0.3292687833309174,2.8852796554565430,-0.1341798007488251,0.2194345444440842,2.8578639030456543,-0.2079741954803467
0.3137346208095551,0.7465823292732239,-0.9721180796623230,0.3641808032989502,0.6957848668098450,-0.8976330757141113,0.3873810172080994,0.7010049819946289,-0.8984225392341614,0.4090050160884857,0.7086427211761475,-0.8982186317443848,0.3103703558444977,0.6933177709579468,-0.8727115392684937,0.2967957258224487,0.6940573453903198,-0.8737267255783081,0.2853024601936340,0.6944502592086792,-0.8744775652885437,0.4639015793800354,0.7718227505683899,-0.4819814562797546,0.2881022095680237,0.7271173000335693,-0.3648882508277893,0.3468857705593109,0.8291466832160950,-0.8073542714118958,0.2854568064212799,0.8158197999000549,-0.7819395065307617,0.5425303578376770,1.0935279130935669,-0.2626083195209503,0.1583748608827591,1.0499551296234131,-0.1301418542861938,0.5658079385757446,1.4608516693115234,-0.3732577562332153,0.0938730314373970,1.4225257635116577,-0.3413528800010681,0.5506069660186768,1.6961770057678223,-0.7796925306320190,0.0520761832594872,1.5508493185043335,-0.9173663854598999,0.5719159841537476,1.7716606855392456,-0.8835313916206360,0.0351152047514915,1.5953661203384399,-1.0568273067474365,0.5467513799667358,1.7516199350357056,-0.9641033411026001,0.0522761046886444,1.5764700174331665,-1.1148307323455811,0.5304756164550781,1.7243082523345947,-0.8176572918891907,0.0673270672559738,1.5621501207351685,-0.9623028635978699,0.4522718489170074,1.7725893259048462,-0.0154436212033033,0.2233632802963257,1.7337367534637451,0.0146181527525187,0.4257170557975769,2.3420248031616211,-0.2556507885456085,0.2263343334197998,2.2194695472717285,-0.4567934870719910,0.4211099147796631,2.8423237800598145,-0.0234988220036030,0.2221387177705765,2.7875113487243652,0.0219263173639774,0.4379476904869080,2.9398539066314697,-0.0289998147636652,0.2243040055036545,2.8885693550109863,0.0553236082196236,0.3336313366889954,2.9044272899627686,-0.5190222859382629,0.2233150452375412,2.8864681720733643,-0.3168221414089203
0.3137346208095551,0.7465823292732239,-0.9721180796623230,0.3641808032989502,0.6957848668098450,-0.8976330757141113,0.3873810172080994,0.7010049819946289,-0.8984225392341614,0.4090050160884857,0.7086427211761475,-0.8982186317443848,0.3103703558444977,0.6933177709579468,-0.8727115392684937,0.2967957258224487,0.6940573453903198,-0.8737267255783081,0.2853024601936340,0.6944502592086792,-0.8744775652885437,0.4639015793800354,0.7718227505683899,-0.4819814562797546,0.2881022095680237,0.7271173000335693,-0.3648882508277893,0.3468857705593109,0.8291466832160950,-0.8073542714118958,0.2854568064212799,0.8158197999000549,-0.7819395065307617,0.5425303578376770,1.0935279130935669,-0.2626083195209503,0.1583748608827591,1.0499551296234131,-0.1301418542861938,0.5658079385757446,1.4608516693115234,-0.3732577562332153,0.0938730314373970,1.4225257635116577,-0.3413528800010681,0.5506069660186768,1.6961770057678223,-0.7796925306320190,0.0520761832594872,1.5508493185043335,-0.9173663854598999,0.5719159841537476,1.7716606855392456,-0.8835313916206360,0.0351152047514915,1.5953661203384399,-1.0568273067474365,0.5467513799667358,1.7516199350357056,-0.9641033411026001,0.0522761046886444,1.5764700174331665,-1.1148307323455811,0.5304756164550781,1.7243082523345947,-0.8176572918891907,0.0673270672559738,1.5621501207351685,-0.9623028635978699,0.4522718489170074,1.7725893259048462,-0.0154436212033033,0.2233632802963257,1.7337367534637451,0.0146181527525187,0.4257170557975769,2.3420248031616211,-0.2556507885456085,0.2263343334197998,2.2194695472717285,-0.4567934870719910,0.4211099147796631,2.8423237800598145,-0.0234988220036030,0.2221387177705765,2.7875113487243652,0.0219263173639774,0.4379476904869080,2.9398539066314697,-0.0289998147636652,0.2243040055036545,2.8885693550109863,0.0553236082196236,0.3336313366889954,2.9044272899627686,-0.5190222859382629,0.2233150452375412,2.8864681720733643,-0.3168221414089203
0.3103854656219482,0.7480384707450867,-0.7795606851577759,0.3587481975555420,0.6981419324874878,-0.7206166386604309,0.3828009963035583,0.7030327916145325,-0.7214742898941040,0.4046909809112549,0.7107905745506287,-0.7212282419204712,0.3073973655700684,0.6959026455879211,-0.6862354278564453,0.2946293652057648,0.6964117884635925,-0.6871981024742126,0.2831382751464844,0.6966438889503479,-0.6879070997238159,0.4575048089027405,0.7730262875556946,-0.3734304308891296,0.2865375876426697,0.7302827239036560,-0.2222244441509247,0.3407134413719177,0.8303512334823608,-0.6439610719680786,0.2829047143459320,0.8184996843338013,-0.6075494885444641,0.5367394685745239,1.0929018259048462,-0.2600992619991302,0.1685267686843872,1.0584566593170166,0.0041550109162927,0.5535945892333984,1.3621041774749756,-0.5113861560821533,0.1003693342208862,1.4170413017272949,-0.1475006788969040,0.4600640833377838,1.2977974414825439,-0.9410785436630249,0.1084990948438644,1.4242371320724487,-0.6031473875045776,0.4384040236473083,1.2910155057907104,-1.0624852180480957,0.1129890233278275,1.4324967861175537,-0.7204121351242065,0.4363933205604553,1.2497103214263916,-1.0724844932556152,0.1247272714972496,1.3777483701705933,-0.7598749399185181,0.4361245632171631,1.2617908716201782,-0.9539384841918945,0.1305894702672958,1.3785339593887329,-0.6348905563354492,0.4431729912757874,1.8132808208465576,-0.0364237353205681,0.2239166796207428,1.7676827907562256,0.0353608168661594,0.4172877669334412,1.8287997245788574,-0.1873441040515900,0.2069808542728424,1.4574675559997559,-0.4601193368434906,0.4036143422126770,2.2865664958953857,0.1247774586081505,0.2520145475864410,2.1482436656951904,-0.0700349062681198,0.4196659028530121,2.3828744888305664,0.1317747831344604,0.2679693102836609,2.2697250843048096,-0.0291923768818378,0.3088099956512451,2.3254568576812744,-0.2049278020858765,0.2609038949012756,2.2619123458862305,-0.2926032841205597
0.3049023151397705,0.7531475424766541,-0.7428596019744873,0.3546638786792755,0.7015940546989441,-0.6916728019714355,0.3775724768638611,0.7062394618988037,-0.6925277113914490,0.3981163799762726,0.7137219309806824,-0.6922917366027832,0.3007700741291046,0.6985087990760803,-0.6364651918411255,0.2878102660179138,0.6987174153327942,-0.6374635100364685,0.2768833339214325,0.6982213258743286,-0.6381534337997437,0.4540065228939056,0.7742972970008850,-0.3697316348552704,0.2855068743228912,0.7311601042747498,-0.1264238208532333,0.3399977385997772,0.8324452042579651,-0.6166842579841614,0.2802976965904236,0.8190670013427734,-0.5538407564163208,0.5308960676193237,1.0819827318191528,-0.3372111916542053,0.2197342813014984,1.0547611713409424,0.1638857275247574,0.5191925764083862,1.2875345945358276,-0.8446489572525024,0.1714860796928406,1.2597731351852417,-0.0388672053813934,0.3931694924831390,1.0771993398666382,-1.3147470951080322,0.2224532365798950,0.9884139895439148,-0.5114353299140930,0.3644010424613953,1.0234812498092651,-1.4545118808746338,0.2544033527374268,0.9778777956962585,-0.6185540556907654,0.3720959126949310,0.9879876375198364,-1.4238452911376953,0.2478985786437988,0.8904227018356323,-0.6324380636215210,0.3762122988700867,1.0180004835128784,-1.3117408752441406,0.2524159550666809,0.9005530476570129,-0.5363880395889282,0.4426352977752686,1.8377972841262817,-0.1350353658199310,0.2588274478912354,1.7792900800704956,0.1341573297977448,0.3994646370410919,1.9315788745880127,-0.2308546006679535,0.2197597920894623,1.5044790506362915,-0.4667481780052185,0.4065682291984558,2.4042916297912598,0.0637131482362747,0.2571237087249756,2.1106874942779541,-0.0726122558116913,0.4352156519889832,2.5062832832336426,0.0803340524435043,0.2722111046314240,2.2253067493438721,-0.0314268171787262,0.3166077733039856,2.4331679344177246,-0.2271124571561813,0.2533602714538574,2.1868250370025635,-0.2380505800247192
0.3038031756877899,0.7536553144454956,-0.8540511131286621,0.3503109812736511,0.7027427554130554,-0.7828796505928040,0.3737066388130188,0.7076146006584167,-0.7837734222412109,0.3944287002086639,0.7153718471527100,-0.7835966348648071,0.2994678616523743,0.6996907591819763,-0.7307993173599243,0.2867269515991211,0.7000374197959900,-0.7317923307418823,0.2755339443683624,0.6999320983886719,-0.7324205636978149,0.4487293660640717,0.7747253775596619,-0.3717503249645233,0.2823242545127869,0.7344730496406555,-0.1783528029918671,0.3382401764392853,0.8335607051849365,-0.6871148943901062,0.2792302370071411,0.8208151459693909,-0.6220643520355225,0.5312618017196655,1.0924690961837769,-0.2975785136222839,0.2071747779846191,1.0696228742599487,0.1060440167784691,0.5233900547027588,1.4184731245040894,-0.6790998578071594,0.1404685974121094,1.4081336259841919,-0.0789463669061661,0.4712302088737488,1.6388815641403198,-1.1467399597167969,0.1192721873521805,1.4941779375076294,-0.6162969470024109,0.4815428256988525,1.7169486284255981,-1.3010470867156982,0.1070333123207092,1.5327869653701782,-0.6527894735336304,0.4660381376743317,1.7009099721908569,-1.3549768924713135,0.1100992411375046,1.5082072019577026,-0.8303035497665405,0.4538221955299377,1.6739023923873901,-1.1755990982055664,0.1253375113010406,1.4944999217987061,-0.5806298851966858,0.4430874884128571,1.8456221818923950,-0.1087293773889542,0.2380173504352570,1.7947287559509277,0.1078398674726486,0.4012358784675598,2.3513293266296387,-0.3784887194633484,0.2204392254352570,2.1088445186614990,-0.4463163018226624,0.4078072905540466,2.9005310535430908,-0.0752551779150963,0.2536304891109467,2.7745201587677002,0.0358671769499779,0.4346850514411926,3.0094182491302490,-0.0754015222191811,0.2716833651065826,2.9001066684722900,0.0689830482006073,0.3192459642887115,2.9575943946838379,-0.6246232986450195,0.2318489551544189,2.8627731800079346,-0.2753903269767761
0.3038031756877899,0.7536553144454956,-0.8540511131286621,0.3503109812736511,0.7027427554130554,-0.7828796505928040,0.3737066388130188,0.7076146006584167,-0.7837734222412109,0.3944287002086639,0.7153718471527100,-0.7835966348648071,0.2994678616523743,0.6996907591819763,-0.7307993173599243,0.2867269515991211,0.7000374197959900,-0.7317923307418823,0.2755339443683624,0.6999320983886719,-0.7324205636978149,0.4487293660640717,0.7747253775596619,-0.3717503249645233,0.2823242545127869,0.7344730496406555,-0.1783528029918671,0.3382401764392853,0.8335607051849365,-0.6871148943901062,0.2792302370071411,0.8208151459693909,-0.6220643520355225,0.5312618017196655,1.0924690961837769,-0.2975785136222839,0.2071747779846191,1.0696228742599487,0.1060440167784691,0.5233900547027588,1.4184731245040894,-0.6790998578071594,0.1404685974121094,1.4081336259841919,-0.0789463669061661,0.4712302088737488,1.6388815641403198,-1.1467399597167969,0.1192721873521805,1.4941779375076294,-0.6162969470024109,0.4815428256988525,1.7169486284255981,-1.3010470867156982,0.1070333123207092,1.5327869653701782,-0.6527894735336304,0.4660381376743317,1.7009099721908569,-1.3549768924713135,0.1100992411375046,1.5082072019577026,-0.8303035497665405,0.4538221955299377,1.6739023923873901,-1.1755990982055664,0.1253375113010406,1.4944999217987061,-0.5806298851966858,0.4430874884128571,1.8456221818923950,-0.1087293773889542,0.2380173504352570,1.7947287559509277,0.1078398674726486,0.4012358784675598,2.3513293266296387,-0.3784887194633484,0.2204392254352570,2.1088445186614990,-0.4463163018226624,0.4078072905540466,2.9005310535430908,-0.0752551779150963,0.2536304891109467,2.7745201587677002,0.0358671769499779,0.4346850514411926,3.0094182491302490,-0.0754015222191811,0.2716833651065826,2.9001066684722900,0.0689830482006073,0.3192459642887115,2.9575943946838379,-0.6246232986450195,0.2318489551544189,2.8627731800079346,-0.2753903269767761
0.3023861050605774,0.7551887035369873,-0.7812149524688721,0.3501299023628235,0.7028566002845764,-0.7149902582168579,0.3731648623943329,0.7076356410980225,-0.7157250642776489,0.3933737874031067,0.7154226899147034,-0.7154846787452698,0.2974891066551208,0.7002961635589600,-0.6727059483528137,0.2845607399940491,0.7008057236671448,-0.6737926006317139,0.2729754149913788,0.7009245753288269,-0.6744674444198608,0.4462559819221497,0.7738015055656433,-0.3272640109062195,0.2794919610023499,0.7352340221405029,-0.1442411243915558,0.3379808366298676,0.8343912363052368,-0.6261926293373108,0.2785788476467133,0.8226395845413208,-0.5780434608459473,0.5351638793945312,1.0596907138824463,-0.2022254914045334,0.2095077782869339,1.0672600269317627,0.1100237146019936,0.5577902793884277,1.3473426103591919,-0.6565144658088684,0.1389261484146118,1.4150899648666382,-0.0976563468575478,0.4745153486728668,1.2641469240188599,-1.0936975479125977,0.1068685874342918,1.4865226745605469,-0.6485388278961182,0.4811829030513763,1.2452361583709717,-1.2350696325302124,0.0887459963560104,1.5129268169403076,-0.7565234899520874,0.4689951837062836,1.2125916481018066,-1.3311727046966553,0.0953565686941147,1.4871699810028076,-0.8384227752685547,0.4579448699951172,1.2244976758956909,-1.1373752355575562,0.1115933209657669,1.4773876667022705,-0.6727700829505920,0.4783202707767487,1.8401706218719482,-0.1055137366056442,0.2574630379676819,1.7896385192871094,0.1045789942145348,0.4445911347866058,2.3924517631530762,-0.3116534948348999,0.2500098943710327,2.1851553916931152,-0.5156139135360718,0.4485406875610352,2.9230988025665283,-0.0797469541430473,0.2561669945716858,2.8136701583862305,-0.1296574473381042,0.4715795516967773,3.0212609767913818,-0.0862362682819366,0.2688246071338654,2.9252407550811768,-0.1058923453092575,0.3529220521450043,2.9951081275939941,-0.5888968110084534,0.2344223707914352,2.9134774208068848,-0.4952687621116638
0.3011956810951233,0.7553469538688660,-0.7649751901626587,0.3469525277614594,0.7041427493095398,-0.7128039002418518,0.3701350390911102,0.7083975076675415,-0.7137411832809448,0.3908706009387970,0.7159369587898254,-0.7136943936347961,0.2966278791427612,0.7028029561042786,-0.6613029837608337,0.2836589813232422,0.7039446234703064,-0.6623675227165222,0.2714800536632538,0.7050066590309143,-0.6631935834884644,0.4442240595817566,0.7748647928237915,-0.3433324694633484,0.2738010585308075,0.7398880124092102,-0.1620654910802841,0.3345574736595154,0.8377047181129456,-0.6366325020790100,0.2756613194942474,0.8273105621337891,-0.5791503190994263,0.5083997249603271,1.0845675468444824,-0.3540002107620239,0.2165021449327469,1.0678918361663818,0.1182873472571373,0.4869909286499023,1.2989906072616577,-0.7322913408279419,0.1752400696277618,1.2874945402145386,-0.0634306445717812,0.3809877932071686,1.0929989814758301,-1.0753835439682007,0.2311611920595169,0.9760400652885437,-0.5039860010147095,0.3563361763954163,1.0398548841476440,-1.2020515203475952,0.2658364176750183,0.9739287495613098,-0.6026015281677246,0.3637486100196838,1.0087083578109741,-1.3186959028244019,0.2600851953029633,0.9029403924942017,-0.6216538548469543,0.3662791252136230,1.0346587896347046,-1.0917553901672363,0.2612686753273010,0.9231729507446289,-0.5279639959335327,0.4223047196865082,1.8979593515396118,-0.1421455591917038,0.2554957568645477,1.8420931100845337,0.1411027014255524,0.3129968047142029,1.7052246332168579,-0.2383614480495453,0.2351876795291901,1.3346123695373535,-0.2220329791307449,0.3538368344306946,1.9546020030975342,-0.0726452842354774,0.3028052449226379,1.6025663614273071,0.0766911432147026,0.3972167074680328,2.0246660709381104,0.0152469668537378,0.3222108185291290,1.6786450147628784,0.1097488775849342,0.2552027702331543,1.9298374652862549,-0.1994650214910507,0.3027758300304413,1.5756219625473022,-0.0943858101963997
0.3005109429359436,0.7583023905754089,-0.7712074518203735,0.3462354540824890,0.7072995305061340,-0.7440034151077271,0.3689832985401154,0.7115419507026672,-0.7451114058494568,0.3890258669853210,0.7184864282608032,-0.7449188232421875,0.2956789135932922,0.7049577236175537,-0.6679867506027222,0.2825112044811249,0.7056464552879333,-0.6691291332244873,0.2705062031745911,0.7062391638755798,-0.6700125932693481,0.4419239461421967,0.7751170396804810,-0.4303211271762848,0.2740915119647980,0.7404524683952332,-0.1742531657218933,0.3346880078315735,0.8388211131095886,-0.6596583127975464,0.2748481929302216,0.8277817368507385,-0.5891208052635193,0.5096694827079773,1.0862005949020386,-0.3968933224678040,0.2152990400791168,1.0709075927734375,0.1506160795688629,0.5015472173690796,1.3230551481246948,-0.7503526210784912,0.1696912646293640,1.3415775299072266,0.0237672142684460,0.4052216112613678,1.3356862068176270,-1.2084326744079590,0.2181650698184967,1.0586632490158081,-0.5422022938728333,0.3904666006565094,1.3562113046646118,-1.3550509214401245,0.2381409108638763,1.0646208524703979,-0.6682235598564148,0.3916751742362976,1.3043301105499268,-1.3883527517318726,0.2252345532178879,1.0300956964492798,-0.7161412835121155,0.3898949027061462,1.3105853796005249,-1.2253465652465820,0.2231723070144653,1.0200011730194092,-0.5825192332267761,0.4242452979087830,1.9078944921493530,-0.1652511358261108,0.2551913559436798,1.8449496030807495,0.1642715930938721,0.3282936215400696,1.8859065771102905,-0.1947468817234039,0.2156880348920822,1.5125554800033569,-0.3224624097347260,0.3584345579147339,2.0913403034210205,0.1366881877183914,0.2969925701618195,2.0502934455871582,0.0674887299537659,0.3983992934226990,2.1033155918121338,0.1796846687793732,0.3127592206001282,2.1222259998321533,0.0908385962247849,0.2531951665878296,2.2409210205078125,-0.1175476685166359,0.2639954686164856,2.0804572105407715,-0.1511743813753128
0.3005552291870117,0.7582894563674927,-0.8766041994094849,0.3455432653427124,0.7080698609352112,-0.8219699859619141,0.3686861693859100,0.7121096849441528,-0.8228961825370789,0.3888912200927734,0.7188485860824585,-0.8226886987686157,0.2953079640865326,0.7062194347381592,-0.7753733992576599,0.2824193537235260,0.7071232199668884,-0.7765828371047974,0.2704405784606934,0.7078897953033447,-0.7773867249488831,0.4403001666069031,0.7745074033737183,-0.4462977051734924,0.2743357121944427,0.7429879903793335,-0.2455693781375885,0.3357160091400146,0.8387262821197510,-0.7255255579948425,0.2751734852790833,0.8276123404502869,-0.6766822934150696,0.5190399885177612,1.0892295837402344,-0.3356490135192871,0.2135454118251801,1.0725253820419312,0.0692987516522408,0.5322575569152832,1.3630461692810059,-0.5635259151458740,0.1525472998619080,1.3894697427749634,-0.0791770145297050,0.4886748194694519,1.4597096443176270,-1.0960835218429565,0.1590277254581451,1.3315579891204834,-0.7093732357025146,0.4937487542629242,1.4970947504043579,-1.2471847534179688,0.1530735194683075,1.3329493999481201,-0.8531735539436340,0.4862114787101746,1.4606791734695435,-1.3649488687515259,0.1536252647638321,1.3014490604400635,-0.9250556230545044,0.4803168773651123,1.4514580965042114,-1.1387746334075928,0.1603287756443024,1.2956036329269409,-0.7595091462135315,0.4350271821022034,1.8948388099670410,-0.1517309099435806,0.2510171532630920,1.8384134769439697,0.1506980359554291,0.3700821697711945,2.4238777160644531,-0.3686365485191345,0.2177703827619553,2.2574126720428467,-0.3995974361896515,0.3731785714626312,2.9648888111114502,-0.2180071324110031,0.2481767237186432,2.8877873420715332,0.0293827801942825,0.4064253270626068,3.0625736713409424,-0.2305098325014114,0.2574815154075623,2.9982252120971680,0.0499589517712593,0.2604583799839020,3.0455782413482666,-0.7458196282386780,0.2009987533092499,2.9866399765014648,-0.3277220129966736
0.3007231354713440,0.7597389221191406,-0.8032387495040894,0.3458241522312164,0.7100911736488342,-0.7316959500312805,0.3689431548118591,0.7137572169303894,-0.7325050234794617,0.3892720043659210,0.7202469110488892,-0.7322655320167542,0.2953800559043884,0.7088810801506042,-0.7048426866531372,0.2822847068309784,0.7098781466484070,-0.7060274481773376,0.2699737846851349,0.7109928727149963,-0.7067723274230957,0.4393520355224609,0.7742126584053040,-0.3149555921554565,0.2703540921211243,0.7465106248855591,-0.1890565454959869,0.3377011716365814,0.8407199382781982,-0.6361039876937866,0.2754034698009491,0.8316133022308350,-0.6081519722938538,0.5201708078384399,1.0871407985687256,-0.1208069324493408,0.2044368535280228,1.0713709592819214,0.0685767680406570,0.5419433116912842,1.3487364053726196,-0.3622736036777496,0.1456589102745056,1.3851871490478516,-0.1575861126184464,0.5044108629226685,1.4152959585189819,-0.8693087697029114,0.1642884314060211,1.2705047130584717,-0.7521213889122009,0.5092016458511353,1.4496400356292725,-0.9986473917961121,0.1662173122167587,1.2404990196228027,-0.8934701085090637,0.4988941550254822,1.4107687473297119,-1.0435734987258911,0.1667337715625763,1.2027391195297241,-0.9348260164260864,0.4931942522525787,1.3997683525085449,-0.8967355489730835,0.1714712679386139,1.2120463848114014,-0.7883695363998413,0.4354024529457092,1.8687454462051392,-0.0898928493261337,0.2359295636415482,1.8246970176696777,0.0888544321060181,0.3898028731346130,2.4251780509948730,-0.3989441990852356,0.2091185748577118,2.2850053310394287,-0.4027454853057861,0.3771286010742188,2.9704251289367676,-0.3214210271835327,0.1958862394094467,2.8746290206909180,0.0359893366694450,0.4078809618949890,3.0676834583282471,-0.3416989445686340,0.1999153047800064,2.9766306877136230,0.0648293271660805,0.2680542171001434,3.0566039085388184,-0.8650523424148560,0.1673889458179474,2.9853684902191162,-0.3158123493194580
0.3008466362953186,0.7625313401222229,-0.9309427142143250,0.3460610508918762,0.7120373249053955,-0.8619683384895325,0.3689922690391541,0.7163003683090210,-0.8628700375556946,0.3894354701042175,0.7228974699974060,-0.8626214265823364,0.2954770624637604,0.7095067501068115,-0.8295224905014038,0.2823347449302673,0.7102715373039246,-0.8306425809860229,0.2700079083442688,0.7112879157066345,-0.8313853144645691,0.4396387636661530,0.7770700454711914,-0.4370440542697906,0.2699089646339417,0.7466811537742615,-0.2908909618854523,0.3377956449985504,0.8429480791091919,-0.7617189288139343,0.2745998799800873,0.8340332508087158,-0.7276595234870911,0.5205513238906860,1.0903618335723877,-0.2091536521911621,0.1986605226993561,1.0749465227127075,0.0223367102444172,0.5444996356964111,1.3749179840087891,-0.4100432991981506,0.1390495449304581,1.4005292654037476,-0.0911965668201447,0.5040853619575500,1.4765071868896484,-0.9820745587348938,0.1465046554803848,1.3735289573669434,-0.5880886316299438,0.5056709051132202,1.5165868997573853,-1.1324176788330078,0.1450957953929901,1.3730549812316895,-0.7225810289382935,0.4939166009426117,1.4767279624938965,-1.1883801221847534,0.1458745151758194,1.3323072195053101,-0.7953649759292603,0.4901209771633148,1.4652475118637085,-1.0151329040527344,0.1518827229738235,1.3303135633468628,-0.6344870924949646,0.4357102513313293,1.8681457042694092,-0.0772406309843063,0.2336999475955963,1.8225119113922119,0.0762834995985031,0.3865526318550110,2.3601701259613037,-0.1226308569312096,0.2093416452407837,2.1273808479309082,-0.4441903531551361,0.3786666989326477,2.8981781005859375,0.2678555548191071,0.1960897594690323,2.7627692222595215,-0.0341659560799599,0.4060935974121094,2.9994168281555176,0.2800002396106720,0.2015450894832611,2.8841416835784912,-0.0079557765275240,0.2720641493797302,2.9691908359527588,-0.1989023089408875,0.1701595783233643,2.8636496067047119,-0.4176379144191742
0.3008466362953186,0.7625313401222229,-0.9309427142143250,0.3460610508918762,0.7120373249053955,-0.8619683384895325,0.3689922690391541,0.7163003683090210,-0.8628700375556946,0.3894354701042175,0.7228974699974060,-0.8626214265823364,0.2954770624637604,0.7095067501068115,-0.8295224905014038,0.2823347449302673,0.7102715373039246,-0.8306425809860229,0.2700079083442688,0.7112879157066345,-0.8313853144645691,0.4396387636661530,0.7770700454711914,-0.4370440542697906,0.2699089646339417,0.7466811537742615,-0.2908909618854523,0.3377956449985504,0.8429480791091919,-0.7617189288139343,0.2745998799800873,0.8340332508087158,-0.7276595234870911,0.5205513238906860,1.0903618335723877,-0.2091536521911621,0.1986605226993561,1.0749465227127075,0.0223367102444172,0.5444996356964111,1.3749179840087891,-0.4100432991981506,0.1390495449304581,1.4005292654037476,-0.0911965668201447,0.5040853619575500,1.4765071868896484,-0.9820745587348938,0.1465046554803848,1.3735289573669434,-0.5880886316299438,0.5056709051132202,1.5165868997573853,-1.1324176788330078,0.1450957953929901,1.3730549812316895,-0.7225810289382935,0.4939166009426117,1.4767279624938965,-1.1883801221847534,0.1458745151758194,1.3323072195053101,-0.7953649759292603,0.4901209771633148,1.4652475118637085,-1.0151329040527344,0.1518827229738235,1.3303135633468628,-0.6344870924949646,0.4357102513313293,1.8681457042694092,-0.0772406309843063,0.2336999475955963,1.8225119113922119,0.0762834995985031,0.3865526318550110,2.3601701259613037,-0.1226308569312096,0.2093416452407837,2.1273808479309082,-0.4441903531551361,0.3786666989326477,2.8981781005859375,0.2678555548191071,0.1960897594690323,2.7627692222595215,-0.0341659560799599,0.4060935974121094,2.9994168281555176,0.2800002396106720,0.2015450894832611,2.8841416835784912,-0.0079557765275240,0.2720641493797302,2.9691908359527588,-0.1989023089408875,0.1701595783233643,2.8636496067047119,-0.4176379144191742
0.2977663874626160,0.7624267339706421,-0.9387531280517578,0.3453622758388519,0.7119334936141968,-0.8758816719055176,0.3679489195346832,0.7161881327629089,-0.8768060803413391,0.3879196643829346,0.7228319048881531,-0.8764653205871582,0.2927095592021942,0.7094051241874695,-0.8399969935417175,0.2796427607536316,0.7101704478263855,-0.8411099314689636,0.2675099968910217,0.7111757993698120,-0.8418785929679871,0.4382405281066895,0.7770375609397888,-0.4729498922824860,0.2683673501014709,0.7463369965553284,-0.3134827911853790,0.3365775644779205,0.8436000943183899,-0.7778074145317078,0.2730084657669067,0.8335629105567932,-0.7397505044937134,0.5324257612228394,1.0914819240570068,-0.2188725471496582,0.1985071003437042,1.0792384147644043,-0.0433567762374878,0.5629554986953735,1.3769161701202393,-0.4545443654060364,0.1308476924896240,1.4109473228454590,-0.2838004231452942,0.5137378573417664,1.4549585580825806,-0.9628872871398926,0.1422079652547836,1.3569926023483276,-0.9293366670608521,0.5110316276550293,1.4849542379379272,-1.1012223958969116,0.1414203047752380,1.3704954385757446,-1.0974385738372803,0.5022698640823364,1.4481520652770996,-1.1547505855560303,0.1453779041767120,1.3151725530624390,-1.1395972967147827,0.4992688298225403,1.4408808946609497,-0.9934653043746948,0.1515595614910126,1.3212298154830933,-0.9688948392868042,0.4572360515594482,1.8705785274505615,-0.0518342964351177,0.2448558062314987,1.8238070011138916,0.0509244278073311,0.3987226486206055,2.3164031505584717,-0.0436315909028053,0.2163486778736115,1.9717800617218018,-0.5035765767097473,0.4187920093536377,2.8492634296417236,0.3366640806198120,0.1972618699073792,2.6808779239654541,-0.0317476615309715,0.4445553719997406,2.9554896354675293,0.3480479717254639,0.2039119452238083,2.7995986938476562,-0.0005424770060927,0.3258511424064636,2.9092586040496826,-0.1324605941772461,0.1845078170299530,2.7781107425689697,-0.3858030438423157
0.2980185151100159,0.7633270621299744,-0.9502593874931335,0.3454342484474182,0.7143533825874329,-0.8829813003540039,0.3681620955467224,0.7187051773071289,-0.8839155435562134,0.3881030380725861,0.7259145975112915,-0.8837313652038574,0.2920323610305786,0.7119075059890747,-0.8582633733749390,0.2789211869239807,0.7122526168823242,-0.8593437075614929,0.2665754556655884,0.7129036784172058,-0.8601564168930054,0.4379794597625732,0.7785487771034241,-0.4753417372703552,0.2663674652576447,0.7466276884078979,-0.3729174137115479,0.3366880714893341,0.8463022112846375,-0.7890405058860779,0.2731489837169647,0.8336048722267151,-0.7668859362602234,0.5133465528488159,1.0940492153167725,-0.2655754387378693,0.1436422169208527,1.0690685510635376,-0.1463521718978882,0.5462549924850464,1.3198190927505493,-0.6707998514175415,0.0712931230664253,1.2961399555206299,-0.4349130988121033,0.4792011678218842,1.1037862300872803,-1.2240655422210693,0.2098073214292526,0.9964891672134399,-0.9244669079780579,0.4639782905578613,1.0399686098098755,-1.3662545680999756,0.2697316408157349,0.9894750118255615,-1.0664331912994385,0.4661832451820374,1.0075488090515137,-1.3583936691284180,0.2443678379058838,0.9116297960281372,-1.0593979358673096,0.4619508385658264,1.0367132425308228,-1.2330369949340820,0.2458307296037674,0.9181052446365356,-0.9377772212028503,0.4177690148353577,1.8699848651885986,-0.0164113678038120,0.2120748460292816,1.8226945400238037,0.0154251921921968,0.3917849361896515,1.9557061195373535,0.0721177235245705,0.1819469779729843,1.5159627199172974,-0.6802533864974976,0.3772497773170471,2.2858870029449463,0.5273346900939941,0.2047739028930664,2.0326428413391113,-0.1169791817665100,0.3956962227821350,2.3653872013092041,0.5564132928848267,0.2121502608060837,2.1334462165832520,-0.0604206137359142,0.2890279889106750,2.2625098228454590,0.1789827495813370,0.2086307555437088,2.0658645629882812,-0.3663001656532288
0.2984527945518494,0.7642704248428345,-1.0864063501358032,0.3455507755279541,0.7156670689582825,-1.0102050304412842,0.3682536780834198,0.7203617691993713,-1.0110590457916260,0.3882246017456055,0.7276739478111267,-1.0108855962753296,0.2922241091728210,0.7119137644767761,-0.9883239865303040,0.2789620757102966,0.7122154235839844,-0.9894354939460754,0.2663955390453339,0.7128559350967407,-0.9901817440986633,0.4379919171333313,0.7808321714401245,-0.5608101487159729,0.2644039690494537,0.7464622259140015,-0.4605466723442078,0.3363272547721863,0.8473789095878601,-0.9084259271621704,0.2717652916908264,0.8343778848648071,-0.8878282308578491,0.5140869617462158,1.1065424680709839,-0.3279886245727539,0.1271553486585617,1.0702546834945679,-0.1662630587816238,0.5455044507980347,1.4769246578216553,-0.5430150628089905,0.0644988268613815,1.4220557212829590,-0.3590505421161652,0.5084470510482788,1.7522648572921753,-1.0470730066299438,0.0419711060822010,1.5978833436965942,-0.8966649174690247,0.5243845582008362,1.8432914018630981,-1.1800029277801514,0.0183199532330036,1.6563843488693237,-1.0357948541641235,0.5041331052780151,1.8323309421539307,-1.2780338525772095,0.0266228877007961,1.6462080478668213,-1.1085758209228516,0.4889021813869476,1.7984216213226318,-1.0924898386001587,0.0467242300510406,1.6258122920989990,-0.9417187571525574,0.4194338321685791,1.8651403188705444,-0.0219094641506672,0.2026010304689407,1.8220539093017578,0.0208841357380152,0.3913774192333221,2.4283039569854736,-0.3029218018054962,0.1852721273899078,2.3126864433288574,-0.6192204356193542,0.3769887089729309,2.9541902542114258,-0.0099518690258265,0.1872242391109467,2.8938415050506592,0.0085151288658381,0.3958763182163239,3.0529661178588867,-0.0118016703054309,0.1906674206256866,2.9918754100799561,0.0565731003880501,0.2894217073917389,3.0275638103485107,-0.5446816086769104,0.1765447109937668,3.0055155754089355,-0.3430497646331787
0.2984527945518494,0.7642704248428345,-1.0864063501358032,0.3455507755279541,0.7156670689582825,-1.0102050304412842,0.3682536780834198,0.7203617691993713,-1.0110590457916260,0.3882246017456055,0.7276739478111267,-1.0108855962753296,0.2922241091728210,0.7119137644767761,-0.9883239865303040,0.2789620757102966,0.7122154235839844,-0.9894354939460754,0.2663955390453339,0.7128559350967407,-0.9901817440986633,0.4379919171333313,0.7808321714401245,-0.5608101487159729,0.2644039690494537,0.7464622259140015,-0.4605466723442078,0.3363272547721863,0.8473789095878601,-0.9084259271621704,0.2717652916908264,0.8343778848648071,-0.8878282308578491,0.5140869617462158,1.1065424680709839,-0.3279886245727539,0.1271553486585617,1.0702546834945679,-0.1662630587816238,0.5455044507980347,1.4769246578216553,-0.5430150628089905,0.0644988268613815,1.4220557212829590,-0.3590505421161652,0.5084470510482788,1.7522648572921753,-1.0470730066299438,0.0419711060822010,1.5978833436965942,-0.8966649174690247,0.5243845582008362,1.8432914018630981,-1.1800029277801514,0.0183199532330036,1.6563843488693237,-1.0357948541641235,0.5041331052780151,1.8323309421539307,-1.2780338525772095,0.0266228877007961,1.6462080478668213,-1.1085758209228516,0.4889021813869476,1.7984216213226318,-1.0924898386001587,0.0467242300510406,1.6258122920989990,-0.9417187571525574,0.4194338321685791,1.8651403188705444,-0.0219094641506672,0.2026010304689407,1.8220539093017578,0.0208841357380152,0.3913774192333221,2.4283039569854736,-0.3029218018054962,0.1852721273899078,2.3126864433288574,-0.6192204356193542,0.3769887089729309,2.9541902542114258,-0.0099518690258265,0.1872242391109467,2.8938415050506592,0.0085151288658381,0.3958763182163239,3.0529661178588867,-0.0118016703054309,0.1906674206256866,2.9918754100799561,0.0565731003880501,0.2894217073917389,3.0275638103485107,-0.5446816086769104,0.1765447109937668,3.0055155754089355,-0.3430497646331787
0.2982558310031891,0.7642337679862976,-1.0380666255950928,0.3445900678634644,0.7160902619361877,-0.9618624448776245,0.3668932616710663,0.7209076285362244,-0.9627358317375183,0.3871621489524841,0.7281598448753357,-0.9625514149665833,0.2918467521667480,0.7118756175041199,-0.9373021125793457,0.2781544327735901,0.7121878862380981,-0.9384072422981262,0.2652277350425720,0.7128229737281799,-0.9391738176345825,0.4377528131008148,0.7817789316177368,-0.5251244306564331,0.2619819641113281,0.7463264465332031,-0.4030812680721283,0.3343807756900787,0.8473491072654724,-0.8602069616317749,0.2701169550418854,0.8342970609664917,-0.8359490633010864,0.5174735188484192,1.1080750226974487,-0.2485155761241913,0.1267523914575577,1.0700649023056030,-0.1224495917558670,0.5585047006607056,1.4530906677246094,-0.3509359955787659,0.0715390890836716,1.4446078538894653,-0.3234291970729828,0.5332129597663879,1.6155530214309692,-0.8436533212661743,0.0350147411227226,1.5583046674728394,-0.9352337718009949,0.5454015731811523,1.6697841882705688,-0.9738925695419312,0.0092434221878648,1.5895477533340454,-1.0962356328964233,0.5290769934654236,1.6416047811508179,-1.0613747835159302,0.0174331795424223,1.5687191486358643,-1.1805524826049805,0.5167909860610962,1.6236685514450073,-0.8868056535720825,0.0371093302965164,1.5579010248184204,-0.9893754720687866,0.4318465292453766,1.8614442348480225,-0.0205799601972103,0.2047988474369049,1.8214741945266724,0.0195880755782127,0.4195889532566071,2.4425795078277588,-0.2508257627487183,0.1944605410099030,2.2804577350616455,-0.5304808020591736,0.4016901850700378,2.9765863418579102,0.0297230072319508,0.1917457878589630,2.9026191234588623,0.0012592149432749,0.4155557155609131,3.0817396640777588,0.0498978942632675,0.1968020498752594,3.0185551643371582,0.0519547834992409,0.3209842443466187,3.0312192440032959,-0.4271896779537201,0.1813066750764847,2.9835951328277588,-0.4307621121406555
0.2993116676807404,0.7674358487129211,-1.0406372547149658,0.3454844057559967,0.7177276015281677,-0.9695566892623901,0.3681030571460724,0.7227743268013000,-0.9704958200454712,0.3886960148811340,0.7298992276191711,-0.9702965021133423,0.2918786406517029,0.7128815054893494,-0.9469412565231323,0.2778714299201965,0.7131576538085938,-0.9479867815971375,0.2648156583309174,0.7137865424156189,-0.9487134814262390,0.4378219544887543,0.7824934720993042,-0.5474308133125305,0.2577504217624664,0.7479355931282043,-0.4452689588069916,0.3358400464057922,0.8512003421783447,-0.8734151721000671,0.2700898051261902,0.8398172855377197,-0.8521703481674194,0.5177286267280579,1.1100447177886963,-0.3114247322082520,0.1427929103374481,1.0862007141113281,-0.1878912597894669,0.5689383745193481,1.4420645236968994,-0.3726898133754730,0.0774383991956711,1.4478813409805298,-0.5022187829017639,0.5602481961250305,1.6025668382644653,-0.9315153956413269,0.0649287551641464,1.4863744974136353,-1.1988892555236816,0.5799083709716797,1.6588145494461060,-1.0677487850189209,0.0421791449189186,1.4951262474060059,-1.3655449151992798,0.5540251135826111,1.6279389858245850,-1.1132159233093262,0.0619652383029461,1.4693622589111328,-1.4207451343536377,0.5398679971694946,1.6139026880264282,-0.9562741518020630,0.0793166086077690,1.4702998399734497,-1.2449012994766235,0.4416988790035248,1.8499710559844971,-0.0221011526882648,0.2054454386234283,1.8190948963165283,0.0211778022348881,0.4247195124626160,2.4385371208190918,-0.1846488863229752,0.2094782590866089,2.2759306430816650,-0.5284074544906616,0.4233484864234924,2.9680426120758057,0.0609324946999550,0.1971515268087387,2.9007120132446289,-0.1672682762145996,0.4413297772407532,3.0704007148742676,0.0566203482449055,0.1993230134248734,3.0103213787078857,-0.1496221870183945,0.3476943075656891,3.0409750938415527,-0.4359065592288971,0.1985214352607727,3.0092082023620605,-0.5788798332214355
0.3009873032569885,0.7686393260955811,-1.0778784751892090,0.3461784720420837,0.7192708849906921,-0.9997922182083130,0.3690068423748016,0.7242076396942139,-1.0007107257843018,0.3894016146659851,0.7313487529754639,-1.0005336999893188,0.2919828295707703,0.7141603827476501,-0.9825319051742554,0.2778982520103455,0.7145185470581055,-0.9835671186447144,0.2648269832134247,0.7152697443962097,-0.9843074083328247,0.4377701282501221,0.7831043004989624,-0.5491751432418823,0.2568691968917847,0.7495061755180359,-0.4692066311836243,0.3369016349315643,0.8523348569869995,-0.8999371528625488,0.2702676653862000,0.8413742780685425,-0.8858011364936829,0.5180817246437073,1.1098843812942505,-0.3103144466876984,0.1375530064105988,1.0850745439529419,-0.2103583365678787,0.5726345181465149,1.4349055290222168,-0.4016473889350891,0.0775825232267380,1.4392373561859131,-0.5028903484344482,0.5682958364486694,1.5887206792831421,-0.8959924578666687,0.0724570080637932,1.4880511760711670,-1.2041960954666138,0.5870071649551392,1.6449906826019287,-1.0225255489349365,0.0538631379604340,1.5070406198501587,-1.3798695802688599,0.5628608465194702,1.6154950857162476,-1.0933662652969360,0.0736116841435432,1.4807792901992798,-1.4388630390167236,0.5493444204330444,1.5992350578308105,-0.9323078989982605,0.0895698964595795,1.4765226840972900,-1.2509751319885254,0.4420555233955383,1.8294879198074341,-0.0054500089026988,0.2072037756443024,1.8054314851760864,0.0045798071660101,0.4251515865325928,2.4200303554534912,-0.1266779005527496,0.2209947854280472,2.2820229530334473,-0.5196379423141479,0.4299761652946472,2.9338126182556152,0.2736973166465759,0.2053848505020142,2.8699374198913574,-0.0927731096744537,0.4465123116970062,3.0320348739624023,0.2842710316181183,0.2027189284563065,2.9731576442718506,-0.0714580938220024,0.3671447634696960,3.0050582885742188,-0.2148218154907227,0.2237710058689117,2.9683468341827393,-0.5148950815200806
0.3013210892677307,0.7688063979148865,-0.8266736865043640,0.3464955389499664,0.7197883725166321,-0.7588194012641907,0.3693767488002777,0.7249237895011902,-0.7597609758377075,0.3895195424556732,0.7325031757354736,-0.7595843672752380,0.2920100092887878,0.7143036127090454,-0.7396389245986938,0.2776838243007660,0.7146484851837158,-0.7406837940216064,0.2644093930721283,0.7153564095497131,-0.7415403127670288,0.4382194876670837,0.7877667546272278,-0.3778023123741150,0.2549315690994263,0.7500944137573242,-0.2974296510219574,0.3369195759296417,0.8530321717262268,-0.6787569522857666,0.2699221968650818,0.8416151404380798,-0.6623913049697876,0.5097343325614929,1.1097272634506226,-0.2174955904483795,0.1506616622209549,1.0784013271331787,-0.1174688115715981,0.5479328632354736,1.3573690652847290,-0.4354924559593201,0.0868566036224365,1.3381717205047607,-0.3750676214694977,0.4585888981819153,1.3308612108230591,-0.9135317802429199,0.1411171555519104,1.0754691362380981,-0.8561970591545105,0.4368568360805511,1.3319522142410278,-1.0352684259414673,0.1767381131649017,1.1157989501953125,-0.9860821962356567,0.4305055141448975,1.2924286127090454,-1.0635178089141846,0.1813482791185379,0.9877368807792664,-0.9983927607536316,0.4313278794288635,1.2981815338134766,-0.9361365437507629,0.1794039607048035,1.0141314268112183,-0.8764154314994812,0.4218470454216003,1.8319500684738159,-0.0073980679735541,0.2078385353088379,1.8050254583358765,0.0068002725020051,0.4163378775119781,1.6986333131790161,-0.0421108193695545,0.2047729939222336,1.3426884412765503,-0.4161330163478851,0.4104392528533936,2.0436470508575439,0.2655746340751648,0.2489903420209885,1.7811412811279297,0.0440650135278702,0.4239984452724457,2.1284840106964111,0.2831266820430756,0.2560210824012756,1.8753303289413452,0.0962740927934647,0.3597541749477386,2.0262696743011475,-0.0157643090933561,0.2856909632682800,1.7948502302169800,-0.0706625431776047
0.3021375536918640,0.7689164280891418,-1.0811378955841064,0.3468672633171082,0.7202728390693665,-0.9915437698364258,0.3700678348541260,0.7259493470191956,-0.9924477338790894,0.3897010684013367,0.7334359288215637,-0.9923183321952820,0.2920182347297668,0.7143260836601257,-0.9753143191337585,0.2774730622768402,0.7146417498588562,-0.9762733578681946,0.2641307413578033,0.7153502702713013,-0.9770303964614868,0.4373133778572083,0.7877282500267029,-0.4959099888801575,0.2539126873016357,0.7501918077468872,-0.4248026013374329,0.3381206393241882,0.8531101942062378,-0.8899909853935242,0.2702452540397644,0.8406154513359070,-0.8761487007141113,0.5147965550422668,1.1102551221847534,-0.2363227158784866,0.1405312716960907,1.0793834924697876,-0.1709650456905365,0.5553309917449951,1.4249923229217529,-0.4233912527561188,0.0804895013570786,1.4407703876495361,-0.4964905679225922,0.5378152728080750,1.6272867918014526,-0.9249540567398071,0.0765780061483383,1.5043501853942871,-1.2339661121368408,0.5567958950996399,1.6986789703369141,-1.0533006191253662,0.0605687797069550,1.5382404327392578,-1.4173039197921753,0.5348988771438599,1.6778527498245239,-1.0728950500488281,0.0806251913309097,1.5056658983230591,-1.4787833690643311,0.5189556479454041,1.6535428762435913,-0.9552301168441772,0.0965760722756386,1.4979894161224365,-1.2820196151733398,0.4353592991828918,1.8288753032684326,-0.0111270193010569,0.2089403420686722,1.8045017719268799,0.0104309376329184,0.4312013089656830,2.3293509483337402,-0.2430410087108612,0.2216287553310394,2.2428548336029053,-0.4295988678932190,0.4337579309940338,2.8354263305664062,0.2402309626340866,0.2461521178483963,2.7944548130035400,0.1803528964519501,0.4497118592262268,2.9335601329803467,0.2727603018283844,0.2530249059200287,2.8969769477844238,0.2273370772600174,0.3709889054298401,2.9134736061096191,-0.2668688893318176,0.2756599187850952,2.8887901306152344,-0.1766601651906967
0.3021375536918640,0.7689164280891418,-1.0811378955841064,0.3468672633171082,0.7202728390693665,-0.9915437698364258,0.3700678348541260,0.7259493470191956,-0.9924477338790894,0.3897010684013367,0.7334359288215637,-0.9923183321952820,0.2920182347297668,0.7143260836601257,-0.9753143191337585,0.2774730622768402,0.7146417498588562,-0.9762733578681946,0.2641307413578033,0.7153502702713013,-0.9770303964614868,0.4373133778572083,0.7877282500267029,-0.4959099888801575,0.2539126873016357,0.7501918077468872,-0.4248026013374329,0.3381206393241882,0.8531101942062378,-0.8899909853935242,0.2702452540397644,0.8406154513359070,-0.8761487007141113,0.5147965550422668,1.1102551221847534,-0.2363227158784866,0.1405312716960907,1.0793834924697876,-0.1709650456905365,0.5553309917449951,1.4249923229217529,-0.4233912527561188,0.0804895013570786,1.4407703876495361,-0.4964905679225922,0.5378152728080750,1.6272867918014526,-0.9249540567398071,0.0765780061483383,1.5043501853942871,-1.2339661121368408,0.5567958950996399,1.6986789703369141,-1.0533006191253662,0.0605687797069550,1.5382404327392578,-1.4173039197921753,0.5348988771438599,1.6778527498245239,-1.0728950500488281,0.0806251913309097,1.5056658983230591,-1.4787833690643311,0.5189556479454041,1.6535428762435913,-0.9552301168441772,0.0965760722756386,1.4979894161224365,-1.2820196151733398,0.4353592991828918,1.8288753032684326,-0.0111270193010569,0.2089403420686722,1.8045017719268799,0.0104309376329184,0.4312013089656830,2.3293509483337402,-0.2430410087108612,0.2216287553310394,2.2428548336029053,-0.4295988678932190,0.4337579309940338,2.8354263305664062,0.2402309626340866,0.2461521178483963,2.7944548130035400,0.1803528964519501,0.4497118592262268,2.9335601329803467,0.2727603018283844,0.2530249059200287,2.8969769477844238,0.2273370772600174,0.3709889054298401,2.9134736061096191,-0.2668688893318176,0.2756599187850952,2.8887901306152344,-0.1766601651906967
0.3027043640613556,0.7698683142662048,-0.9357296824455261,0.3470221459865570,0.7225272059440613,-0.8662866353988647,0.3706331253051758,0.7278146743774414,-0.8672774434089661,0.3902980983257294,0.7356061339378357,-0.8672100901603699,0.2920414805412292,0.7161980271339417,-0.8369892239570618,0.2772931754589081,0.7165792584419250,-0.8380168080329895,0.2632051110267639,0.7173868417739868,-0.8388987779617310,0.4387750029563904,0.7937681674957275,-0.4699323773384094,0.2505536079406738,0.7543558478355408,-0.3496654629707336,0.3381826281547546,0.8565331697463989,-0.7855705022811890,0.2702125012874603,0.8412309885025024,-0.7561331987380981,0.5020046830177307,1.1166101694107056,-0.3303766846656799,0.1635226905345917,1.0806535482406616,-0.0831934064626694,0.4977027773857117,1.3428022861480713,-0.6804190278053284,0.1098893284797668,1.2878750562667847,-0.2438028603792191,0.3691033720970154,1.1520030498504639,-1.0534269809722900,0.1884706467390060,1.0052343606948853,-0.5677607059478760,0.3358715474605560,1.1004291772842407,-1.1687211990356445,0.2209543436765671,0.9214890003204346,-0.6624399423599243,0.3405936956405640,1.0665789842605591,-1.1284104585647583,0.2208622395992279,0.9261888265609741,-0.6701217889785767,0.3448528647422791,1.0922291278839111,-1.0520458221435547,0.2192903459072113,0.9319348931312561,-0.5841170549392700,0.4138926565647125,1.8824843168258667,-0.0661308690905571,0.2163941860198975,1.8426827192306519,0.0650405436754227,0.3579621613025665,1.7675999402999878,-0.0439138151705265,0.2212955206632614,1.3953036069869995,-0.3554939031600952,0.3937024772167206,2.0390303134918213,0.2608696222305298,0.3022813796997070,1.7352958917617798,0.1193515881896019,0.4280245304107666,2.1220710277557373,0.2821138799190521,0.3243805766105652,1.8259584903717041,0.1685069203376770,0.3179791271686554,1.9976233243942261,-0.0373529307544231,0.3047017455101013,1.7176663875579834,-0.0354636199772358
0.3056620955467224,0.7737221121788025,-1.1564226150512695,0.3490704596042633,0.7245779037475586,-1.0741217136383057,0.3727950751781464,0.7296906113624573,-1.0750806331634521,0.3910933136940002,0.7375390529632568,-1.0748908519744873,0.2920679152011871,0.7200271487236023,-1.0591279268264771,0.2770459055900574,0.7204077243804932,-1.0602028369903564,0.2629009485244751,0.7208951115608215,-1.0609531402587891,0.4366208612918854,0.7925544381141663,-0.5891700983047485,0.2492562979459763,0.7578244805335999,-0.5212759971618652,0.3427605330944061,0.8578587174415588,-0.9649075269699097,0.2709997594356537,0.8430327177047729,-0.9535242319107056,0.5087733864784241,1.1031194925308228,-0.3184640705585480,0.1618350446224213,1.0948272943496704,-0.2271175831556320,0.5728385448455811,1.3768382072448730,-0.4690140187740326,0.0834845528006554,1.4160908460617065,-0.4627484381198883,0.5698562264442444,1.4427013397216797,-0.9696423411369324,0.0933532565832138,1.4241573810577393,-1.1101371049880981,0.5863297581672668,1.4724080562591553,-1.1018241643905640,0.0833591371774673,1.4233475923538208,-1.2801568508148193,0.5705373287200928,1.4396760463714600,-1.1351013183593750,0.0996119305491447,1.3948385715484619,-1.3421788215637207,0.5583775639533997,1.4322588443756104,-1.0030918121337891,0.1107831597328186,1.3925458192825317,-1.1566922664642334,0.4469675123691559,1.8745969533920288,-0.0178185589611530,0.2219749242067337,1.8390480279922485,0.0169130507856607,0.4441643655300140,2.4291102886199951,-0.0733378976583481,0.2531425058841705,2.3156483173370361,-0.3976787924766541,0.4455302357673645,2.9413077831268311,0.3723443746566772,0.2903325557708740,2.8862681388854980,0.1980982273817062,0.4611687064170837,3.0407824516296387,0.3918012082576752,0.3090852797031403,2.9897806644439697,0.2460404187440872,0.3876382410526276,3.0138819217681885,-0.0980695188045502,0.2861661612987518,2.9765250682830811,-0.1562768667936325
0.3053022027015686,0.7788133621215820,-0.9664300680160522,0.3489591479301453,0.7278937101364136,-0.9044343233108521,0.3718517422676086,0.7342755794525146,-0.9054535031318665,0.3906328082084656,0.7432796359062195,-0.9053952097892761,0.2920399606227875,0.7212836742401123,-0.8757277727127075,0.2768757045269012,0.7214702963829041,-0.8768210411071777,0.2622647881507874,0.7224419116973877,-0.8777270317077637,0.4368202090263367,0.7974374294281006,-0.5328762531280518,0.2493357956409454,0.7584259510040283,-0.4148822426795959,0.3416667580604553,0.8645613193511963,-0.8206523060798645,0.2701473534107208,0.8507877588272095,-0.7935055494308472,0.4952644407749176,1.1150324344635010,-0.3691839873790741,0.1653462201356888,1.0761009454727173,-0.1807393729686737,0.4622546732425690,1.3279634714126587,-0.7189902067184448,0.0884881913661957,1.2572067975997925,-0.4389524459838867,0.3288019299507141,1.1156346797943115,-1.0557022094726562,0.1732896417379379,1.0112476348876953,-0.9603213071823120,0.2915471196174622,1.0620340108871460,-1.1741223335266113,0.1912216544151306,0.9474221467971802,-1.0806077718734741,0.3039739131927490,1.0259363651275635,-1.1558082103729248,0.1954083889722824,0.9511848688125610,-1.0726916790008545,0.3102534711360931,1.0500617027282715,-1.0587230920791626,0.1948439329862595,0.9559754133224487,-0.9733945727348328,0.4091433584690094,1.9029377698898315,-0.0403869487345219,0.2219763249158859,1.8604830503463745,0.0393985360860825,0.3786745965480804,1.6996816396713257,-0.0055066673085093,0.2298450767993927,1.3299992084503174,-0.3523281216621399,0.3697621524333954,1.8392988443374634,0.3289071917533875,0.3054505288600922,1.4860720634460449,0.1823328435420990,0.3931513428688049,1.8988696336746216,0.3460112810134888,0.3247545957565308,1.5528061389923096,0.2227518260478973,0.2962288558483124,1.7787419557571411,-0.0229675713926554,0.3202498555183411,1.4185729026794434,-0.1255126893520355
0.3095752000808716,0.7822940945625305,-1.2753880023956299,0.3517580032348633,0.7312580347061157,-1.1863386631011963,0.3757964968681335,0.7375442385673523,-1.1871303319931030,0.3935048878192902,0.7451429963111877,-1.1869699954986572,0.2940480709075928,0.7237625122070312,-1.1864697933197021,0.2776544988155365,0.7237579226493835,-1.1875722408294678,0.2624143064022064,0.7247102856636047,-1.1883276700973511,0.4367548525333405,0.7971775531768799,-0.6671916246414185,0.2479888200759888,0.7607088088989258,-0.6629802584648132,0.3462447822093964,0.8660638332366943,-1.0692613124847412,0.2717465758323669,0.8513549566268921,-1.0762965679168701,0.5039067268371582,1.1130446195602417,-0.3646826148033142,0.1223530322313309,1.0762809514999390,-0.3884606063365936,0.5312691926956177,1.4523326158523560,-0.5105720758438110,0.0480333901941776,1.4197466373443604,-0.6354533433914185,0.5358851552009583,1.7165404558181763,-0.9940704107284546,0.0495459251105785,1.6682240962982178,-1.2442293167114258,0.5617268681526184,1.8012684583663940,-1.1209228038787842,0.0285920612514019,1.7446948289871216,-1.4133414030075073,0.5397871732711792,1.7936289310455322,-1.1653589010238647,0.0537255927920341,1.7405019998550415,-1.4841033220291138,0.5209527611732483,1.7618881464004517,-1.0368201732635498,0.0702297836542130,1.7113636732101440,-1.2902489900588989,0.4179271161556244,1.8673273324966431,-0.0071457601152360,0.2030858546495438,1.8446135520935059,0.0062020821496844,0.4149514138698578,2.3833854198455811,-0.2419585436582565,0.2268127650022507,2.3324921131134033,-0.3728127777576447,0.4060933589935303,2.9195470809936523,0.1136712655425072,0.2555354833602905,2.8888289928436279,0.2994109690189362,0.4217728674411774,3.0141992568969727,0.1190688163042068,0.2592752575874329,2.9758670330047607,0.3557875752449036,0.3369410336017609,3.0195055007934570,-0.4329942166805267,0.2809163331985474,3.0250484943389893,-0.0740376487374306
0.3095752000808716,0.7822940945625305,-1.2753880023956299,0.3517580032348633,0.7312580347061157,-1.1863386631011963,0.3757964968681335,0.7375442385673523,-1.1871303319931030,0.3935048878192902,0.7451429963111877,-1.1869699954986572,0.2940480709075928,0.7237625122070312,-1.1864697933197021,0.2776544988155365,0.7237579226493835,-1.1875722408294678,0.2624143064022064,0.7247102856636047,-1.1883276700973511,0.4367548525333405,0.7971775531768799,-0.6671916246414185,0.2479888200759888,0.7607088088989258,-0.6629802584648132,0.3462447822093964,0.8660638332366943,-1.0692613124847412,0.2717465758323669,0.8513549566268921,-1.0762965679168701,0.5039067268371582,1.1130446195602417,-0.3646826148033142,0.1223530322313309,1.0762809514999390,-0.3884606063365936,0.5312691926956177,1.4523326158523560,-0.5105720758438110,0.0480333901941776,1.4197466373443604,-0.6354533433914185,0.5358851552009583,1.7165404558181763,-0.9940704107284546,0.0495459251105785,1.6682240962982178,-1.2442293167114258,0.5617268681526184,1.8012684583663940,-1.1209228038787842,0.0285920612514019,1.7446948289871216,-1.4133414030075073,0.5397871732711792,1.7936289310455322,-1.1653589010238647,0.0537255927920341,1.7405019998550415,-1.4841033220291138,0.5209527611732483,1.7618881464004517,-1.0368201732635498,0.0702297836542130,1.7113636732101440,-1.2902489900588989,0.4179271161556244,1.8673273324966431,-0.0071457601152360,0.2030858546495438,1.8446135520935059,0.0062020821496844,0.4149514138698578,2.3833854198455811,-0.2419585436582565,0.2268127650022507,2.3324921131134033,-0.3728127777576447,0.4060933589935303,2.9195470809936523,0.1136712655425072,0.2555354833602905,2.8888289928436279,0.2994109690189362,0.4217728674411774,3.0141992568969727,0.1190688163042068,0.2592752575874329,2.9758670330047607,0.3557875752449036,0.3369410336017609,3.0195055007934570,-0.4329942166805267,0.2809163331985474,3.0250484943389893,-0.0740376487374306
0.3093984425067902,0.7862798571586609,-1.1205445528030396,0.3517338931560516,0.7338980436325073,-1.0517721176147461,0.3752452731132507,0.7408581972122192,-1.0529997348785400,0.3935132622718811,0.7494241595268250,-1.0530802011489868,0.2936025261878967,0.7253696322441101,-1.0343997478485107,0.2774481475353241,0.7247283458709717,-1.0355374813079834,0.2621918022632599,0.7252202630043030,-1.0366451740264893,0.4368670880794525,0.7994625568389893,-0.6439682841300964,0.2480646073818207,0.7615474462509155,-0.5816000699996948,0.3461444377899170,0.8709405064582825,-0.9555737376213074,0.2714084982872009,0.8544521331787109,-0.9432623982429504,0.5022296309471130,1.1252577304840088,-0.3623390197753906,0.1248834878206253,1.0779656171798706,-0.3501300215721130,0.5239499807357788,1.3678586483001709,-0.6580854654312134,0.0491354279220104,1.3263238668441772,-0.5431835651397705,0.4305593967437744,1.2167876958847046,-1.1068394184112549,0.1209840178489685,1.1329753398895264,-1.1078016757965088,0.4030997753143311,1.1673778295516968,-1.2422293424606323,0.1406115591526031,1.0642405748367310,-1.2390739917755127,0.4037669301033020,1.1365574598312378,-1.2432054281234741,0.1322783529758453,1.0029649734497070,-1.2167127132415771,0.4059320390224457,1.1570422649383545,-1.1217138767242432,0.1364341080188751,1.0183359384536743,-1.1096601486206055,0.4004214704036713,1.9161888360977173,-0.0237837303429842,0.2047885358333588,1.8735290765762329,0.0225758068263531,0.3194123804569244,1.8057891130447388,-0.0675725489854813,0.2250730246305466,1.4855027198791504,-0.1622944772243500,0.3457040190696716,1.9348087310791016,0.3808826804161072,0.2711034119129181,1.6372300386428833,0.4561308920383453,0.3815383017063141,1.9939962625503540,0.4136034846305847,0.2840564250946045,1.7079455852508545,0.5178712010383606,0.2591930925846100,1.8452031612396240,0.0478634946048260,0.2819699645042419,1.5457788705825806,0.2573359012603760
0.3107438683509827,0.7897731661796570,-1.2443720102310181,0.3529163002967834,0.7367927432060242,-1.1536080837249756,0.3774402737617493,0.7433241605758667,-1.1545339822769165,0.3945783674716949,0.7504673004150391,-1.1544188261032104,0.2936055660247803,0.7277398705482483,-1.1457273960113525,0.2772264778614044,0.7271562218666077,-1.1467912197113037,0.2615049183368683,0.7277415990829468,-1.1475317478179932,0.4360102117061615,0.7986885309219360,-0.6375876069068909,0.2454747408628464,0.7641736865043640,-0.5982719659805298,0.3478748798370361,0.8738058805465698,-1.0396822690963745,0.2715772986412048,0.8573587536811829,-1.0375212430953979,0.5155271887779236,1.1250411272048950,-0.3536093533039093,0.1080360636115074,1.0913645029067993,-0.3126438260078430,0.5775948166847229,1.4844233989715576,-0.5354910492897034,0.0547908544540405,1.4836509227752686,-0.5880588889122009,0.5854434967041016,1.7352797985076904,-1.0823134183883667,0.0420449078083038,1.6762828826904297,-1.2875205278396606,0.6120366454124451,1.8186177015304565,-1.2254216670989990,0.0174115262925625,1.7384215593338013,-1.4672377109527588,0.5862017273902893,1.8031175136566162,-1.3065941333770752,0.0315516330301762,1.7247984409332275,-1.5492732524871826,0.5679814815521240,1.7733072042465210,-1.1237976551055908,0.0505789145827293,1.7021790742874146,-1.3418562412261963,0.4337081015110016,1.9110010862350464,-0.0105450572445989,0.2026710063219070,1.8667887449264526,0.0096387453377247,0.4263147413730621,2.4819638729095459,-0.2315071821212769,0.2278020381927490,2.4159193038940430,-0.5083543062210083,0.4296403825283051,3.0198047161102295,0.2097179889678955,0.2550160586833954,2.9960770606994629,0.1298565566539764,0.4459227919578552,3.1235029697418213,0.2225761711597443,0.2585994601249695,3.0975553989410400,0.1726361215114594,0.3721344769001007,3.0929429531097412,-0.3226661086082458,0.2731551527976990,3.0944044589996338,-0.3055633902549744
0.3086410164833069,0.7899159789085388,-1.0201916694641113,0.3513438105583191,0.7370241284370422,-0.9504638910293579,0.3745811879634857,0.7439103722572327,-0.9515922665596008,0.3935084939002991,0.7515909075737000,-0.9515084028244019,0.2923250794410706,0.7275527119636536,-0.9320654869079590,0.2760481238365173,0.7268653512001038,-0.9331666827201843,0.2598359286785126,0.7274748682975769,-0.9341000318527222,0.4361500740051270,0.8004968166351318,-0.5468772649765015,0.2447516024112701,0.7642011642456055,-0.4702291488647461,0.3465533852577209,0.8740864992141724,-0.8602198362350464,0.2697865366935730,0.8580588698387146,-0.8454599380493164,0.5081349611282349,1.1334838867187500,-0.3436660170555115,0.1117498651146889,1.0951673984527588,-0.2635411024093628,0.5349365472793579,1.3676507472991943,-0.5800157189369202,0.0788247585296631,1.3624743223190308,-0.4900973439216614,0.4377405643463135,1.2421514987945557,-1.0806249380111694,0.1226532086730003,1.1417154073715210,-0.9066114425659180,0.4127830862998962,1.2027094364166260,-1.2127773761749268,0.1350360065698624,1.0685724020004272,-1.0353820323944092,0.4114362597465515,1.1712862253189087,-1.2223047018051147,0.1283001750707626,1.0336942672729492,-1.0515702962875366,0.4130507409572601,1.1882692575454712,-1.0972697734832764,0.1369410455226898,1.0107852220535278,-0.9296478033065796,0.4161499142646790,1.9371625185012817,-0.0117170847952366,0.2070816457271576,1.8872103691101074,0.0107761258259416,0.3594873547554016,1.8572887182235718,0.0529903843998909,0.2278116941452026,1.4581491947174072,-0.2127370387315750,0.3499848246574402,2.0322613716125488,0.4355668425559998,0.2796911895275116,1.7131756544113159,0.3410394191741943,0.3763753771781921,2.1037068367004395,0.4586308598518372,0.2928686439990997,1.8031698465347290,0.3939596712589264,0.2689116597175598,1.9287813901901245,0.0673264488577843,0.2861053347587585,1.6237012147903442,0.1070381402969360
0.3086410164833069,0.7899159789085388,-1.0201916694641113,0.3513438105583191,0.7370241284370422,-0.9504638910293579,0.3745811879634857,0.7439103722572327,-0.9515922665596008,0.3935084939002991,0.7515909075737000,-0.9515084028244019,0.2923250794410706,0.7275527119636536,-0.9320654869079590,0.2760481238365173,0.7268653512001038,-0.9331666827201843,0.2598359286785126,0.7274748682975769,-0.9341000318527222,0.4361500740051270,0.8004968166351318,-0.5468772649765015,0.2447516024112701,0.7642011642456055,-0.4702291488647461,0.3465533852577209,0.8740864992141724,-0.8602198362350464,0.2697865366935730,0.8580588698387146,-0.8454599380493164,0.5081349611282349,1.1334838867187500,-0.3436660170555115,0.1117498651146889,1.0951673984527588,-0.2635411024093628,0.5349365472793579,1.3676507472991943,-0.5800157189369202,0.0788247585296631,1.3624743223190308,-0.4900973439216614,0.4377405643463135,1.2421514987945557,-1.0806249380111694,0.1226532086730003,1.1417154073715210,-0.9066114425659180,0.4127830862998962,1.2027094364166260,-1.2127773761749268,0.1350360065698624,1.0685724020004272,-1.0353820323944092,0.4114362597465515,1.1712862253189087,-1.2223047018051147,0.1283001750707626,1.0336942672729492,-1.0515702962875366,0.4130507409572601,1.1882692575454712,-1.0972697734832764,0.1369410455226898,1.0107852220535278,-0.9296478033065796,0.4161499142646790,1.9371625185012817,-0.0117170847952366,0.2070816457271576,1.8872103691101074,0.0107761258259416,0.3594873547554016,1.8572887182235718,0.0529903843998909,0.2278116941452026,1.4581491947174072,-0.2127370387315750,0.3499848246574402,2.0322613716125488,0.4355668425559998,0.2796911895275116,1.7131756544113159,0.3410394191741943,0.3763753771781921,2.1037068367004395,0.4586308598518372,0.2928686439990997,1.8031698465347290,0.3939596712589264,0.2689116597175598,1.9287813901901245,0.0673264488577843,0.2861053347587585,1.6237012147903442,0.1070381402969360
0.3012997508049011,0.7922555208206177,-1.2397930622100830,0.3452790379524231,0.7375956177711487,-1.1637500524520874,0.3662120103836060,0.7445726990699768,-1.1646987199783325,0.3876302838325500,0.7521484494209290,-1.1645506620407104,0.2871556878089905,0.7281847000122070,-1.1426990032196045,0.2715416550636292,0.7275047302246094,-1.1438791751861572,0.2556347250938416,0.7280584573745728,-1.1446895599365234,0.4331617355346680,0.8002289533615112,-0.6849678158760071,0.2417628020048141,0.7639402747154236,-0.5965265035629272,0.3376640677452087,0.8762006759643555,-1.0478812456130981,0.2622648477554321,0.8608274459838867,-1.0297544002532959,0.5176326632499695,1.1346584558486938,-0.3835847377777100,0.0988582670688629,1.0912524461746216,-0.3453441262245178,0.5632450580596924,1.4871841669082642,-0.5093839764595032,0.0369442217051983,1.4917414188385010,-0.4453306794166565,0.5537464022636414,1.7223010063171387,-1.0215407609939575,0.0172240491956472,1.6808159351348877,-1.0773414373397827,0.5700942277908325,1.7986875772476196,-1.1586385965347290,-0.0094566065818071,1.7337294816970825,-1.2398173809051514,0.5540531873703003,1.7758089303970337,-1.2731711864471436,-0.0039259111508727,1.7224236726760864,-1.3874396085739136,0.5397995710372925,1.7481766939163208,-1.0711853504180908,0.0170170329511166,1.7030482292175293,-1.1487939357757568,0.4328860342502594,1.9272065162658691,0.0092215593904257,0.1812762320041656,1.8780972957611084,-0.0100278351455927,0.4232605099678040,2.5407099723815918,-0.2159909307956696,0.2117789536714554,2.4588854312896729,-0.4682027399539948,0.4092680513858795,3.0882971286773682,0.1985168009996414,0.2108837068080902,3.0521938800811768,0.1358407437801361,0.4285523891448975,3.1942105293273926,0.2061855345964432,0.2095255106687546,3.1571705341339111,0.1760382205247879,0.3351796269416809,3.1509869098663330,-0.3602637350559235,0.2311070710420609,3.1424522399902344,-0.2625020742416382
0.3012997508049011,0.7922555208206177,-1.2397930622100830,0.3452790379524231,0.7375956177711487,-1.1637500524520874,0.3662120103836060,0.7445726990699768,-1.1646987199783325,0.3876302838325500,0.7521484494209290,-1.1645506620407104,0.2871556878089905,0.7281847000122070,-1.1426990032196045,0.2715416550636292,0.7275047302246094,-1.1438791751861572,0.2556347250938416,0.7280584573745728,-1.1446895599365234,0.4331617355346680,0.8002289533615112,-0.6849678158760071,0.2417628020048141,0.7639402747154236,-0.5965265035629272,0.3376640677452087,0.8762006759643555,-1.0478812456130981,0.2622648477554321,0.8608274459838867,-1.0297544002532959,0.5176326632499695,1.1346584558486938,-0.3835847377777100,0.0988582670688629,1.0912524461746216,-0.3453441262245178,0.5632450580596924,1.4871841669082642,-0.5093839764595032,0.0369442217051983,1.4917414188385010,-0.4453306794166565,0.5537464022636414,1.7223010063171387,-1.0215407609939575,0.0172240491956472,1.6808159351348877,-1.0773414373397827,0.5700942277908325,1.7986875772476196,-1.1586385965347290,-0.0094566065818071,1.7337294816970825,-1.2398173809051514,0.5540531873703003,1.7758089303970337,-1.2731711864471436,-0.0039259111508727,1.7224236726760864,-1.3874396085739136,0.5397995710372925,1.7481766939163208,-1.0711853504180908,0.0170170329511166,1.7030482292175293,-1.1487939357757568,0.4328860342502594,1.9272065162658691,0.0092215593904257,0.1812762320041656,1.8780972957611084,-0.0100278351455927,0.4232605099678040,2.5407099723815918,-0.2159909307956696,0.2117789536714554,2.4588854312896729,-0.4682027399539948,0.4092680513858795,3.0882971286773682,0.1985168009996414,0.2108837068080902,3.0521938800811768,0.1358407437801361,0.4285523891448975,3.1942105293273926,0.2061855345964432,0.2095255106687546,3.1571705341339111,0.1760382205247879,0.3351796269416809,3.1509869098663330,-0.3602637350559235,0.2311070710420609,3.1424522399902344,-0.2625020742416382
0.2999090552330017,0.7925809025764465,-1.2424776554107666,0.3450120091438293,0.7372552752494812,-1.1530379056930542,0.3661474585533142,0.7441871166229248,-1.1539555788040161,0.3870238959789276,0.7518116235733032,-1.1537799835205078,0.2862657904624939,0.7278508543968201,-1.1436460018157959,0.2698022127151489,0.7272616028785706,-1.1447672843933105,0.2539089322090149,0.7278807163238525,-1.1455762386322021,0.4325695633888245,0.8001058697700500,-0.6708372831344604,0.2409285306930542,0.7641163468360901,-0.5930205583572388,0.3376300334930420,0.8766279816627502,-1.0379846096038818,0.2617047429084778,0.8614968657493591,-1.0347559452056885,0.5180026292800903,1.1340450048446655,-0.3239265382289886,0.0988378375768661,1.0926650762557983,-0.3252239525318146,0.5667816400527954,1.4966675043106079,-0.4419023096561432,0.0387510582804680,1.4916319847106934,-0.6432777643203735,0.5555340051651001,1.7512974739074707,-1.0062453746795654,0.0101260561496019,1.6733920574188232,-1.4382005929946899,0.5730866193771362,1.8363958597183228,-1.1489043235778809,-0.0197201743721962,1.7287040948867798,-1.6434328556060791,0.5499828457832336,1.8151283264160156,-1.2642233371734619,-0.0017169693019241,1.7160555124282837,-1.7231454849243164,0.5357069969177246,1.7853519916534424,-1.0587897300720215,0.0199486762285233,1.6983094215393066,-1.4945740699768066,0.4339950680732727,1.9040875434875488,0.0247253086417913,0.1832495927810669,1.8695694208145142,-0.0254856683313847,0.4218054711818695,2.5143816471099854,-0.1950322091579437,0.2070675790309906,2.4387435913085938,-0.6374449729919434,0.4097716212272644,3.0682282447814941,0.3681449294090271,0.2069584131240845,3.0381371974945068,-0.0970678478479385,0.4281926751136780,3.1736865043640137,0.3865400254726410,0.2066614925861359,3.1434254646301270,-0.0637509077787399,0.3450413644313812,3.1455512046813965,-0.1842300891876221,0.2274436652660370,3.1339280605316162,-0.5767440199851990
